line_type,violation_id_raw,violation_type_raw,case_status_raw,project_raw,district_raw,address_raw,parcel_number_raw,assigned_to_raw,opened_date_raw,closed_date_raw,compliance_date_raw,resolved_date_raw,fee_total_raw,violation_code_raw,violation_text_raw,narrative_raw,primary_status_raw,raw_violation_status,chunk_id,source_file
case_header,CODE-2024-00003,Municipal Code Enforcement SEC. 10-27(2),Closed - Resolved In Violation,03/13/2024,RB1 03/23/2024,"4055 N Federal Hwy, Boca Raton, FL 33431 064347080403901 60 $0.00","4055 N Federal Hwy, Boca Raton, FL 33431 064347080403901 60 $0.00",Therese Smyack,01/02/2024,05/14/2024,,,,,,,Closed - Resolved In Violation,,10,c:\Users\edilm\OneDrive\Desktop\Edilma Projects\LandingAI-Hack\coderisk-sf\results_folder\bocaraton\raw_json\boca_JustFOIA_Request_2024-9180-30p.json
case_header,CODE-2024-00004,"Municipal Code Closed - R1D Enforcement Resolved Description: Per online submitter: ""Recreational vehicle stored in driveway."" Submitter: Jeff horton 699 nw 12 terr SeeClickFix created: 01/02/2024 8:37 AM","Municipal Code Closed - R1D Enforcement Resolved Description: Per online submitter: ""Recreational vehicle stored in driveway."" Submitter: Jeff horton 699 nw 12 terr SeeClickFix created: 01/02/2024 8:37 AM","Municipal Code Closed - R1D Enforcement Resolved Description: Per online submitter: ""Recreational vehicle stored in driveway."" Submitter: Jeff horton 699 nw 12 terr SeeClickFix created: 01/02/2024 8:37 AM","Municipal Code Closed - R1D Enforcement Resolved Description: Per online submitter: ""Recreational vehicle stored in driveway."" Submitter: Jeff horton 699 nw 12 terr SeeClickFix created: 01/02/2024 8:37 AM","398 NW 11Th Ave, Boca Raton, FL 33486",064247240500401 20,Deiner Lobo,01/02/2024,01/03/2024,,,,,,,"Municipal Code Closed - R1D Enforcement Resolved Description: Per online submitter: ""Recreational vehicle stored in driveway."" Submitter: Jeff horton 699 nw 12 terr SeeClickFix created: 01/02/2024 8:37 AM",,10,c:\Users\edilm\OneDrive\Desktop\Edilma Projects\LandingAI-Hack\coderisk-sf\results_folder\bocaraton\raw_json\boca_JustFOIA_Request_2024-9180-30p.json
case_header,CODE-2024-00005,Municipal Code Enforcement SEC. 28-1509(A) Description: Insp,Closed - Resolved In Violation 01/02/2024 R1D 01/05/2024 ection revealed: Property in compliance case closed.,Closed - Resolved In Violation 01/02/2024 R1D 01/05/2024 ection revealed: Property in compliance case closed.,Closed - Resolved In Violation 01/02/2024 R1D 01/05/2024 ection revealed: Property in compliance case closed.,"1049 W Palmetto Park Rd, Boca Raton, FL 33486 01/05/2024",064247240400201 40,Omari Best,01/02/2024,01/04/2024,,,,,,,Closed - Resolved In Violation 01/02/2024 R1D 01/05/2024 ection revealed: Property in compliance case closed.,,10,c:\Users\edilm\OneDrive\Desktop\Edilma Projects\LandingAI-Hack\coderisk-sf\results_folder\bocaraton\raw_json\boca_JustFOIA_Request_2024-9180-30p.json
case_header,CODE-2024-00010,"Municipal Code Enforcement Closed - Resolved DDRI 401 NE Mizner Blvd, Boca Raton, FL 33432 064347204000100 20 Description: Per online submitter: ""a few times a week, a delivery truck comes into the south alley of the Mizner Park Apartments Palm Tower building. It seems to be delivering to either Villagio or Loch Bar. They come at 5am (sometimes earlier) and make very loud and aggressive noise. They leave their trucks in reverse with the beeping going on for a very long time, they clink and clank very loudly without any regard for people who are trying to sleep. This has been going on for a long time now and it's gotten too far. many people work nights and are just looking to get a good nights sleep, many of us have small kids and jobs and this is beyond disruptive to our everyday lives."" Submitter: natalie harris 401 NE Mizner Blvd SeeclickFix#15821081 created: 01/03/2024 10:29 AM","Municipal Code Enforcement Closed - Resolved DDRI 401 NE Mizner Blvd, Boca Raton, FL 33432 064347204000100 20 Description: Per online submitter: ""a few times a week, a delivery truck comes into the south alley of the Mizner Park Apartments Palm Tower building. It seems to be delivering to either Villagio or Loch Bar. They come at 5am (sometimes earlier) and make very loud and aggressive noise. They leave their trucks in reverse with the beeping going on for a very long time, they clink and clank very loudly without any regard for people who are trying to sleep. This has been going on for a long time now and it's gotten too far. many people work nights and are just looking to get a good nights sleep, many of us have small kids and jobs and this is beyond disruptive to our everyday lives."" Submitter: natalie harris 401 NE Mizner Blvd SeeclickFix#15821081 created: 01/03/2024 10:29 AM","Municipal Code Enforcement Closed - Resolved DDRI 401 NE Mizner Blvd, Boca Raton, FL 33432 064347204000100 20 Description: Per online submitter: ""a few times a week, a delivery truck comes into the south alley of the Mizner Park Apartments Palm Tower building. It seems to be delivering to either Villagio or Loch Bar. They come at 5am (sometimes earlier) and make very loud and aggressive noise. They leave their trucks in reverse with the beeping going on for a very long time, they clink and clank very loudly without any regard for people who are trying to sleep. This has been going on for a long time now and it's gotten too far. many people work nights and are just looking to get a good nights sleep, many of us have small kids and jobs and this is beyond disruptive to our everyday lives."" Submitter: natalie harris 401 NE Mizner Blvd SeeclickFix#15821081 created: 01/03/2024 10:29 AM","Municipal Code Enforcement Closed - Resolved DDRI 401 NE Mizner Blvd, Boca Raton, FL 33432 064347204000100 20 Description: Per online submitter: ""a few times a week, a delivery truck comes into the south alley of the Mizner Park Apartments Palm Tower building. It seems to be delivering to either Villagio or Loch Bar. They come at 5am (sometimes earlier) and make very loud and aggressive noise. They leave their trucks in reverse with the beeping going on for a very long time, they clink and clank very loudly without any regard for people who are trying to sleep. This has been going on for a long time now and it's gotten too far. many people work nights and are just looking to get a good nights sleep, many of us have small kids and jobs and this is beyond disruptive to our everyday lives."" Submitter: natalie harris 401 NE Mizner Blvd SeeclickFix#15821081 created: 01/03/2024 10:29 AM","Municipal Code Enforcement Closed - Resolved DDRI 401 NE Mizner Blvd, Boca Raton, FL 33432 064347204000100 20 Description: Per online submitter: ""a few times a week, a delivery truck comes into the south alley of the Mizner Park Apartments Palm Tower building. It seems to be delivering to either Villagio or Loch Bar. They come at 5am (sometimes earlier) and make very loud and aggressive noise. They leave their trucks in reverse with the beeping going on for a very long time, they clink and clank very loudly without any regard for people who are trying to sleep. This has been going on for a long time now and it's gotten too far. many people work nights and are just looking to get a good nights sleep, many of us have small kids and jobs and this is beyond disruptive to our everyday lives."" Submitter: natalie harris 401 NE Mizner Blvd SeeclickFix#15821081 created: 01/03/2024 10:29 AM","Municipal Code Enforcement Closed - Resolved DDRI 401 NE Mizner Blvd, Boca Raton, FL 33432 064347204000100 20 Description: Per online submitter: ""a few times a week, a delivery truck comes into the south alley of the Mizner Park Apartments Palm Tower building. It seems to be delivering to either Villagio or Loch Bar. They come at 5am (sometimes earlier) and make very loud and aggressive noise. They leave their trucks in reverse with the beeping going on for a very long time, they clink and clank very loudly without any regard for people who are trying to sleep. This has been going on for a long time now and it's gotten too far. many people work nights and are just looking to get a good nights sleep, many of us have small kids and jobs and this is beyond disruptive to our everyday lives."" Submitter: natalie harris 401 NE Mizner Blvd SeeclickFix#15821081 created: 01/03/2024 10:29 AM",Keith Benoit,01/03/2024,01/12/2024,,,,,,,"Municipal Code Enforcement Closed - Resolved DDRI 401 NE Mizner Blvd, Boca Raton, FL 33432 064347204000100 20 Description: Per online submitter: ""a few times a week, a delivery truck comes into the south alley of the Mizner Park Apartments Palm Tower building. It seems to be delivering to either Villagio or Loch Bar. They come at 5am (sometimes earlier) and make very loud and aggressive noise. They leave their trucks in reverse with the beeping going on for a very long time, they clink and clank very loudly without any regard for people who are trying to sleep. This has been going on for a long time now and it's gotten too far. many people work nights and are just looking to get a good nights sleep, many of us have small kids and jobs and this is beyond disruptive to our everyday lives."" Submitter: natalie harris 401 NE Mizner Blvd SeeclickFix#15821081 created: 01/03/2024 10:29 AM",,10,c:\Users\edilm\OneDrive\Desktop\Edilma Projects\LandingAI-Hack\coderisk-sf\results_folder\bocaraton\raw_json\boca_JustFOIA_Request_2024-9180-30p.json
case_header,CODE-2024-00011,Municipal Code Enforcement Description: Obs,"Closed - Resolved erved a ""Closed"" sign in the swale.","Closed - Resolved erved a ""Closed"" sign in the swale.",B4,"1601 N Federal Hwy, Boca Raton, FL 33432",064347170000051 12,Austin Mann,01/03/2024,03/04/2024,,,,,,,"Closed - Resolved erved a ""Closed"" sign in the swale.",,10,c:\Users\edilm\OneDrive\Desktop\Edilma Projects\LandingAI-Hack\coderisk-sf\results_folder\bocaraton\raw_json\boca_JustFOIA_Request_2024-9180-30p.json
case_header,CODE-2024-00012,Municipal Code Enforcement Description: Pile,Closed - Resolved R1D of wood in swale. Picture taken. Will contact owner.,Closed - Resolved R1D of wood in swale. Picture taken. Will contact owner.,Closed - Resolved R1D of wood in swale. Picture taken. Will contact owner.,"298 NE 5Th St, Boca Raton, FL 33432",064347201802100 10,Steven Singer,01/03/2024,01/10/2024,,,,,,,Closed - Resolved R1D of wood in swale. Picture taken. Will contact owner.,,10,c:\Users\edilm\OneDrive\Desktop\Edilma Projects\LandingAI-Hack\coderisk-sf\results_folder\bocaraton\raw_json\boca_JustFOIA_Request_2024-9180-30p.json
case_header,CODE-2024-00013,Municipal Code Closed - DDRI Enforcement Resolved Description: Routine Patrol: Green utility box located on the South side of 853 S Federal Hwy (Facing SE 9th ST) was tagged with graffiti.,Municipal Code Closed - DDRI Enforcement Resolved Description: Routine Patrol: Green utility box located on the South side of 853 S Federal Hwy (Facing SE 9th ST) was tagged with graffiti.,Municipal Code Closed - DDRI Enforcement Resolved Description: Routine Patrol: Green utility box located on the South side of 853 S Federal Hwy (Facing SE 9th ST) was tagged with graffiti.,Municipal Code Closed - DDRI Enforcement Resolved Description: Routine Patrol: Green utility box located on the South side of 853 S Federal Hwy (Facing SE 9th ST) was tagged with graffiti.,Municipal Code Closed - DDRI Enforcement Resolved Description: Routine Patrol: Green utility box located on the South side of 853 S Federal Hwy (Facing SE 9th ST) was tagged with graffiti.,Municipal Code Closed - DDRI Enforcement Resolved Description: Routine Patrol: Green utility box located on the South side of 853 S Federal Hwy (Facing SE 9th ST) was tagged with graffiti.,Deiner Lobo,01/03/2024,01/03/2024,,,,,,,Municipal Code Closed - DDRI Enforcement Resolved Description: Routine Patrol: Green utility box located on the South side of 853 S Federal Hwy (Facing SE 9th ST) was tagged with graffiti.,,10,c:\Users\edilm\OneDrive\Desktop\Edilma Projects\LandingAI-Hack\coderisk-sf\results_folder\bocaraton\raw_json\boca_JustFOIA_Request_2024-9180-30p.json
case_header,CODE-2024-00014,Municipal Code Enforcement Closed - Resolved DDRI Description: Routine Patrol: Green utility box located on the South East corner of 855 S Federal Hwy (Facing SE 9th ST) was tagged with graffiti.,Municipal Code Enforcement Closed - Resolved DDRI Description: Routine Patrol: Green utility box located on the South East corner of 855 S Federal Hwy (Facing SE 9th ST) was tagged with graffiti.,Municipal Code Enforcement Closed - Resolved DDRI Description: Routine Patrol: Green utility box located on the South East corner of 855 S Federal Hwy (Facing SE 9th ST) was tagged with graffiti.,Municipal Code Enforcement Closed - Resolved DDRI Description: Routine Patrol: Green utility box located on the South East corner of 855 S Federal Hwy (Facing SE 9th ST) was tagged with graffiti.,Municipal Code Enforcement Closed - Resolved DDRI Description: Routine Patrol: Green utility box located on the South East corner of 855 S Federal Hwy (Facing SE 9th ST) was tagged with graffiti.,Municipal Code Enforcement Closed - Resolved DDRI Description: Routine Patrol: Green utility box located on the South East corner of 855 S Federal Hwy (Facing SE 9th ST) was tagged with graffiti.,Deiner Lobo,01/03/2024,01/03/2024,,,,,,,Municipal Code Enforcement Closed - Resolved DDRI Description: Routine Patrol: Green utility box located on the South East corner of 855 S Federal Hwy (Facing SE 9th ST) was tagged with graffiti.,,10,c:\Users\edilm\OneDrive\Desktop\Edilma Projects\LandingAI-Hack\coderisk-sf\results_folder\bocaraton\raw_json\boca_JustFOIA_Request_2024-9180-30p.json
case_header,CODE-2024-00017,Municipal Code Enforcement IPMC 302.7 - ACCESSORY STRUCTURES Description: Fen escape proof fend after initial investi,Closed - Resolved In Violation 01/10/2024 ce height around pool and concern that the nu e as owner's dogs have jumped over the curr gation.,Closed - Resolved In Violation 01/10/2024 ce height around pool and concern that the nu e as owner's dogs have jumped over the curr gation.,"R1D 171 Oregon Ln, Boca 064346323800101 02/15/2024 Raton, FL 33487 20 $0.00 mber of dogs at the residence (5) are not being contained by an ent fence into complainant's. yard. Complainant would like a phone call","R1D 171 Oregon Ln, Boca 064346323800101 02/15/2024 Raton, FL 33487 20 $0.00 mber of dogs at the residence (5) are not being contained by an ent fence into complainant's. yard. Complainant would like a phone call","R1D 171 Oregon Ln, Boca 064346323800101 02/15/2024 Raton, FL 33487 20 $0.00 mber of dogs at the residence (5) are not being contained by an ent fence into complainant's. yard. Complainant would like a phone call",William Buckley,01/04/2024,03/26/2024,,,,,,,Closed - Resolved In Violation 01/10/2024 ce height around pool and concern that the nu e as owner's dogs have jumped over the curr gation.,,10,c:\Users\edilm\OneDrive\Desktop\Edilma Projects\LandingAI-Hack\coderisk-sf\results_folder\bocaraton\raw_json\boca_JustFOIA_Request_2024-9180-30p.json
case_header,CODE-2024-00018,Municipal Code Enforcement,Closed - Resolved,,R1B,"740 NE 36Th St, Boca Raton, FL 33431",06434708090020700,Steven Singer,01/04/2024,02/05/2024,,,,,,,Closed - Resolved,,15,c:\Users\edilm\OneDrive\Desktop\Edilma Projects\LandingAI-Hack\coderisk-sf\results_folder\bocaraton\raw_json\boca_JustFOIA_Request_2024-9180-30p.json
case_header,CODE-2024-00019,Municipal Code,Closed-,,CITY CG,"5900 W Glades Rd, Boca 06424714000070","5900 W Glades Rd, Boca 06424714000070",Juan Hernandez,01/04/2024,05/09/2024,,,,,,,Closed-,,15,c:\Users\edilm\OneDrive\Desktop\Edilma Projects\LandingAI-Hack\coderisk-sf\results_folder\bocaraton\raw_json\boca_JustFOIA_Request_2024-9180-30p.json
case_header,CODE-2024-00020,Municipal Code,Closed -,,B2,"1 S Ocean Blvd, Boca",064347280100011,Deiner Lobo,01/04/2024,01/10/2024,,,,,,,Closed -,,15,c:\Users\edilm\OneDrive\Desktop\Edilma Projects\LandingAI-Hack\coderisk-sf\results_folder\bocaraton\raw_json\boca_JustFOIA_Request_2024-9180-30p.json
case_header,CODE-2024-00021,Municipal Code,Closed -,,R2,"1352 NW 13Th Ct, Boca",064247242700200,Scott Newman,01/04/2024,01/18/2024,,,,,,,Closed -,,15,c:\Users\edilm\OneDrive\Desktop\Edilma Projects\LandingAI-Hack\coderisk-sf\results_folder\bocaraton\raw_json\boca_JustFOIA_Request_2024-9180-30p.json
case_header,CODE-2024-00022,Municipal Code,Closed-,,R-3,"7200 NW 2Nd Ave, CA",,William Buckley,01/04/2024,01/16/2024,,,,,,,Closed-,,15,c:\Users\edilm\OneDrive\Desktop\Edilma Projects\LandingAI-Hack\coderisk-sf\results_folder\bocaraton\raw_json\boca_JustFOIA_Request_2024-9180-30p.json
case_header,CODE-2024-00023,Municipal Code,Closed -,,RB1,"6299 N Federal Hwy, Boca 064347050200801","6299 N Federal Hwy, Boca 064347050200801",Deiner Lobo,01/04/2024,03/02/2024,,,,,,,Closed -,,15,c:\Users\edilm\OneDrive\Desktop\Edilma Projects\LandingAI-Hack\coderisk-sf\results_folder\bocaraton\raw_json\boca_JustFOIA_Request_2024-9180-30p.json
case_header,CODE-2024-00025,Municipal Code,Closed-,,R1D,"129 NW 12Th Ave, Bod",a 064247240200902,Derek Corcoran,01/05/2024,01/09/2024,,,,,,,Closed-,,15,c:\Users\edilm\OneDrive\Desktop\Edilma Projects\LandingAI-Hack\coderisk-sf\results_folder\bocaraton\raw_json\boca_JustFOIA_Request_2024-9180-30p.json
case_header,CODE-2024-00026,Municipal Code,Closed -,,R1D,"829 NW 7Th St, Boca",064347190600800,Derek Corcoran,01/05/2024,03/05/2024,,,,,,,Closed -,,15,c:\Users\edilm\OneDrive\Desktop\Edilma Projects\LandingAI-Hack\coderisk-sf\results_folder\bocaraton\raw_json\boca_JustFOIA_Request_2024-9180-30p.json
case_header,CODE-2024-00027,Municipal Code,Closed -,,R1A/R1B (PUD),"647 Osprey Point Cir, Boca 06434708200002","647 Osprey Point Cir, Boca 06434708200002",Therese Smyack,01/05/2024,02/06/2024,,,,,,,Closed -,,15,c:\Users\edilm\OneDrive\Desktop\Edilma Projects\LandingAI-Hack\coderisk-sf\results_folder\bocaraton\raw_json\boca_JustFOIA_Request_2024-9180-30p.json
case_header,CODE-2024-00029,Municipal Code,Closed -,,DDRI,"353 N Federal Hwy, Boca 064347202700303","353 N Federal Hwy, Boca 064347202700303",No User,01/05/2024,01/11/2024,,,,,,,Closed -,,15,c:\Users\edilm\OneDrive\Desktop\Edilma Projects\LandingAI-Hack\coderisk-sf\results_folder\bocaraton\raw_json\boca_JustFOIA_Request_2024-9180-30p.json
case_header,CODE-2024-00032,Municipal Code Enforcement Closed - Resolved DDRI Description: Routine patrol: street sign (Palmetto Pk Rd Next Signal) located on the East side of 170 NE 2nd Street was tagged with a prohibited sticker.,Municipal Code Enforcement Closed - Resolved DDRI Description: Routine patrol: street sign (Palmetto Pk Rd Next Signal) located on the East side of 170 NE 2nd Street was tagged with a prohibited sticker.,Municipal Code Enforcement Closed - Resolved DDRI Description: Routine patrol: street sign (Palmetto Pk Rd Next Signal) located on the East side of 170 NE 2nd Street was tagged with a prohibited sticker.,Municipal Code Enforcement Closed - Resolved DDRI Description: Routine patrol: street sign (Palmetto Pk Rd Next Signal) located on the East side of 170 NE 2nd Street was tagged with a prohibited sticker.,Municipal Code Enforcement Closed - Resolved DDRI Description: Routine patrol: street sign (Palmetto Pk Rd Next Signal) located on the East side of 170 NE 2nd Street was tagged with a prohibited sticker.,Municipal Code Enforcement Closed - Resolved DDRI Description: Routine patrol: street sign (Palmetto Pk Rd Next Signal) located on the East side of 170 NE 2nd Street was tagged with a prohibited sticker.,Deiner Lobo,01/06/2024,01/06/2024,Municipal Code Enforcement Closed - Resolved DDRI Description: Routine patrol: street sign (Palmetto Pk Rd Next Signal) located on the East side of 170 NE 2nd Street was tagged with a prohibited sticker.,Municipal Code Enforcement Closed - Resolved DDRI Description: Routine patrol: street sign (Palmetto Pk Rd Next Signal) located on the East side of 170 NE 2nd Street was tagged with a prohibited sticker.,Municipal Code Enforcement Closed - Resolved DDRI Description: Routine patrol: street sign (Palmetto Pk Rd Next Signal) located on the East side of 170 NE 2nd Street was tagged with a prohibited sticker.,,,,Municipal Code Enforcement Closed - Resolved DDRI Description: Routine patrol: street sign (Palmetto Pk Rd Next Signal) located on the East side of 170 NE 2nd Street was tagged with a prohibited sticker.,,20,c:\Users\edilm\OneDrive\Desktop\Edilma Projects\LandingAI-Hack\coderisk-sf\results_folder\bocaraton\raw_json\boca_JustFOIA_Request_2024-9180-30p.json
case_header,CODE-2024-00033,Municipal Code Enforcement,Closed - Resolved,,DDRI,,,Deiner Lobo,01/06/2024,01/06/2024,DDRI,,,,,,Closed - Resolved,,20,c:\Users\edilm\OneDrive\Desktop\Edilma Projects\LandingAI-Hack\coderisk-sf\results_folder\bocaraton\raw_json\boca_JustFOIA_Request_2024-9180-30p.json
case_header,CODE-2024-00034,"Municipal Code Closed - R1D 270 NW 36Th St, Boca Enforcement Resolved Raton, FL 33431 Description: Citizen Complaint: Music too loud coming from property disturbing the peace. Complainant: Christine W. 831.224.5213","Municipal Code Closed - R1D 270 NW 36Th St, Boca Enforcement Resolved Raton, FL 33431 Description: Citizen Complaint: Music too loud coming from property disturbing the peace. Complainant: Christine W. 831.224.5213","Municipal Code Closed - R1D 270 NW 36Th St, Boca Enforcement Resolved Raton, FL 33431 Description: Citizen Complaint: Music too loud coming from property disturbing the peace. Complainant: Christine W. 831.224.5213","Municipal Code Closed - R1D 270 NW 36Th St, Boca Enforcement Resolved Raton, FL 33431 Description: Citizen Complaint: Music too loud coming from property disturbing the peace. Complainant: Christine W. 831.224.5213","Municipal Code Closed - R1D 270 NW 36Th St, Boca Enforcement Resolved Raton, FL 33431 Description: Citizen Complaint: Music too loud coming from property disturbing the peace. Complainant: Christine W. 831.224.5213",064347080200001 80,Deiner Lobo,01/06/2024,01/07/2024,"Municipal Code Closed - R1D 270 NW 36Th St, Boca Enforcement Resolved Raton, FL 33431 Description: Citizen Complaint: Music too loud coming from property disturbing the peace. Complainant: Christine W. 831.224.5213","Municipal Code Closed - R1D 270 NW 36Th St, Boca Enforcement Resolved Raton, FL 33431 Description: Citizen Complaint: Music too loud coming from property disturbing the peace. Complainant: Christine W. 831.224.5213",064347080200001 80,,,,"Municipal Code Closed - R1D 270 NW 36Th St, Boca Enforcement Resolved Raton, FL 33431 Description: Citizen Complaint: Music too loud coming from property disturbing the peace. Complainant: Christine W. 831.224.5213",,20,c:\Users\edilm\OneDrive\Desktop\Edilma Projects\LandingAI-Hack\coderisk-sf\results_folder\bocaraton\raw_json\boca_JustFOIA_Request_2024-9180-30p.json
case_header,CODE-2024-00035,Municipal Code Enforcement Description: AirB,Closed - Resolved NB being operated out of the house.,Closed - Resolved NB being operated out of the house.,R1D,"498 NE 30Th St, Boca Raton, FL 33431",064347170600700 10,Austin Mann,01/08/2024,01/08/2024,R1D,"498 NE 30Th St, Boca Raton, FL 33431",064347170600700 10,,,,Closed - Resolved NB being operated out of the house.,,20,c:\Users\edilm\OneDrive\Desktop\Edilma Projects\LandingAI-Hack\coderisk-sf\results_folder\bocaraton\raw_json\boca_JustFOIA_Request_2024-9180-30p.json
case_header,CODE-2024-00038,"Municipal Code Closed - RB1 2399 N Federal Hwy, Boca Enforcement Resolved Raton, FL 33431 Description: Per email from Officer D. Spellman: ""Officer Mann, Please open a code case in response to Mr. Miller's reported concern and provide him any up[dates as may be ne Officer Heller, please monitor this property on the weekends for the reported violation. Regards,"" Complainant: G Miller 200 East palmetto","Municipal Code Closed - RB1 2399 N Federal Hwy, Boca Enforcement Resolved Raton, FL 33431 Description: Per email from Officer D. Spellman: ""Officer Mann, Please open a code case in response to Mr. Miller's reported concern and provide him any up[dates as may be ne Officer Heller, please monitor this property on the weekends for the reported violation. Regards,"" Complainant: G Miller 200 East palmetto","Municipal Code Closed - RB1 2399 N Federal Hwy, Boca Enforcement Resolved Raton, FL 33431 Description: Per email from Officer D. Spellman: ""Officer Mann, Please open a code case in response to Mr. Miller's reported concern and provide him any up[dates as may be ne Officer Heller, please monitor this property on the weekends for the reported violation. Regards,"" Complainant: G Miller 200 East palmetto","Municipal Code Closed - RB1 2399 N Federal Hwy, Boca Enforcement Resolved Raton, FL 33431 Description: Per email from Officer D. Spellman: ""Officer Mann, Please open a code case in response to Mr. Miller's reported concern and provide him any up[dates as may be ne Officer Heller, please monitor this property on the weekends for the reported violation. Regards,"" Complainant: G Miller 200 East palmetto","Municipal Code Closed - RB1 2399 N Federal Hwy, Boca Enforcement Resolved Raton, FL 33431 Description: Per email from Officer D. Spellman: ""Officer Mann, Please open a code case in response to Mr. Miller's reported concern and provide him any up[dates as may be ne Officer Heller, please monitor this property on the weekends for the reported violation. Regards,"" Complainant: G Miller 200 East palmetto",064347171000701 50 cessary.,Austin Mann,01/08/2024,01/22/2024,"Municipal Code Closed - RB1 2399 N Federal Hwy, Boca Enforcement Resolved Raton, FL 33431 Description: Per email from Officer D. Spellman: ""Officer Mann, Please open a code case in response to Mr. Miller's reported concern and provide him any up[dates as may be ne Officer Heller, please monitor this property on the weekends for the reported violation. Regards,"" Complainant: G Miller 200 East palmetto","Municipal Code Closed - RB1 2399 N Federal Hwy, Boca Enforcement Resolved Raton, FL 33431 Description: Per email from Officer D. Spellman: ""Officer Mann, Please open a code case in response to Mr. Miller's reported concern and provide him any up[dates as may be ne Officer Heller, please monitor this property on the weekends for the reported violation. Regards,"" Complainant: G Miller 200 East palmetto",064347171000701 50 cessary.,,,,"Municipal Code Closed - RB1 2399 N Federal Hwy, Boca Enforcement Resolved Raton, FL 33431 Description: Per email from Officer D. Spellman: ""Officer Mann, Please open a code case in response to Mr. Miller's reported concern and provide him any up[dates as may be ne Officer Heller, please monitor this property on the weekends for the reported violation. Regards,"" Complainant: G Miller 200 East palmetto",,20,c:\Users\edilm\OneDrive\Desktop\Edilma Projects\LandingAI-Hack\coderisk-sf\results_folder\bocaraton\raw_json\boca_JustFOIA_Request_2024-9180-30p.json
case_header,CODE-2024-00039,"Municipal Code Closed - R1D 401 NW 13Th Dr, Boca Enforcement Resolved Raton, FL 33486 Description: Cars, RVs, trailers and boats parked in front yard - See ClickFix #15834742","Municipal Code Closed - R1D 401 NW 13Th Dr, Boca Enforcement Resolved Raton, FL 33486 Description: Cars, RVs, trailers and boats parked in front yard - See ClickFix #15834742","Municipal Code Closed - R1D 401 NW 13Th Dr, Boca Enforcement Resolved Raton, FL 33486 Description: Cars, RVs, trailers and boats parked in front yard - See ClickFix #15834742","Municipal Code Closed - R1D 401 NW 13Th Dr, Boca Enforcement Resolved Raton, FL 33486 Description: Cars, RVs, trailers and boats parked in front yard - See ClickFix #15834742","Municipal Code Closed - R1D 401 NW 13Th Dr, Boca Enforcement Resolved Raton, FL 33486 Description: Cars, RVs, trailers and boats parked in front yard - See ClickFix #15834742",064247240200701 40,Derek Corcoran,01/08/2024,01/10/2024,"Municipal Code Closed - R1D 401 NW 13Th Dr, Boca Enforcement Resolved Raton, FL 33486 Description: Cars, RVs, trailers and boats parked in front yard - See ClickFix #15834742","Municipal Code Closed - R1D 401 NW 13Th Dr, Boca Enforcement Resolved Raton, FL 33486 Description: Cars, RVs, trailers and boats parked in front yard - See ClickFix #15834742",064247240200701 40,,,,"Municipal Code Closed - R1D 401 NW 13Th Dr, Boca Enforcement Resolved Raton, FL 33486 Description: Cars, RVs, trailers and boats parked in front yard - See ClickFix #15834742",,20,c:\Users\edilm\OneDrive\Desktop\Edilma Projects\LandingAI-Hack\coderisk-sf\results_folder\bocaraton\raw_json\boca_JustFOIA_Request_2024-9180-30p.json
case_header,CODE-2024-00040,Municipal Code Enforcement Description: Neo,Closed - Resolved n sign in business window - Gallery Mavruk.,Closed - Resolved n sign in business window - Gallery Mavruk.,DDRI,"9 Plaza Real, Boca Raton, FL 33432",06434729650020000,Keith Benoit,01/08/2024,01/30/2024,DDRI,"9 Plaza Real, Boca Raton, FL 33432",06434729650020000,,,,Closed - Resolved n sign in business window - Gallery Mavruk.,,20,c:\Users\edilm\OneDrive\Desktop\Edilma Projects\LandingAI-Hack\coderisk-sf\results_folder\bocaraton\raw_json\boca_JustFOIA_Request_2024-9180-30p.json
case_header,CODE-2024-00041,Municipal Code Enforcement Description: Blad,"Closed - Resolved R1D 1600 NW 5Th St, Boca Raton, FL 33486 k Cherokee Jeep blocking my wheelchair access to sidewalk - SeeClickFix #15836811","Closed - Resolved R1D 1600 NW 5Th St, Boca Raton, FL 33486 k Cherokee Jeep blocking my wheelchair access to sidewalk - SeeClickFix #15836811","Closed - Resolved R1D 1600 NW 5Th St, Boca Raton, FL 33486 k Cherokee Jeep blocking my wheelchair access to sidewalk - SeeClickFix #15836811","Closed - Resolved R1D 1600 NW 5Th St, Boca Raton, FL 33486 k Cherokee Jeep blocking my wheelchair access to sidewalk - SeeClickFix #15836811",06424724030150130,Derek Corcoran,01/08/2024,03/05/2024,"Closed - Resolved R1D 1600 NW 5Th St, Boca Raton, FL 33486 k Cherokee Jeep blocking my wheelchair access to sidewalk - SeeClickFix #15836811","Closed - Resolved R1D 1600 NW 5Th St, Boca Raton, FL 33486 k Cherokee Jeep blocking my wheelchair access to sidewalk - SeeClickFix #15836811",06424724030150130,,,,"Closed - Resolved R1D 1600 NW 5Th St, Boca Raton, FL 33486 k Cherokee Jeep blocking my wheelchair access to sidewalk - SeeClickFix #15836811",,20,c:\Users\edilm\OneDrive\Desktop\Edilma Projects\LandingAI-Hack\coderisk-sf\results_folder\bocaraton\raw_json\boca_JustFOIA_Request_2024-9180-30p.json
case_header,CODE-2024-00042,Municipal Code Enforcement IPMC 304.7 - ROOFS AND DRAINAGE Description: Rou,Closed - Resolved In Violation tine patrol for a roof in,01/08/2024 disrepair,R1D 01/24/2024,"2673 Timbercreek Cir, Boca 064247110200019 Raton, FL 33431 $0.00 90","2673 Timbercreek Cir, Boca 064247110200019 Raton, FL 33431 $0.00 90",Juan Hernandez,01/08/2024,04/22/2024,R1D 01/24/2024,"2673 Timbercreek Cir, Boca 064247110200019 Raton, FL 33431 $0.00 90","2673 Timbercreek Cir, Boca 064247110200019 Raton, FL 33431 $0.00 90",,,,Closed - Resolved In Violation tine patrol for a roof in,,20,c:\Users\edilm\OneDrive\Desktop\Edilma Projects\LandingAI-Hack\coderisk-sf\results_folder\bocaraton\raw_json\boca_JustFOIA_Request_2024-9180-30p.json
case_header,CODE-2024-00044,Municipal Code,Closed -,,R1D,"375 E Boca Raton Rd, Boca 064347202400400","375 E Boca Raton Rd, Boca 064347202400400",Steven Singer,01/08/2024,01/16/2024,R1D,"375 E Boca Raton Rd, Boca 064347202400400","375 E Boca Raton Rd, Boca 064347202400400",,,,Closed -,,25,c:\Users\edilm\OneDrive\Desktop\Edilma Projects\LandingAI-Hack\coderisk-sf\results_folder\bocaraton\raw_json\boca_JustFOIA_Request_2024-9180-30p.json
case_header,CODE-2024-00045,Municipal Code,Closed -,,R5A,"800 S Ocean Blvd, CA,",0643472816000,Scott Newman,01/08/2024,01/30/2024,R5A,"800 S Ocean Blvd, CA,",0643472816000,,,,Closed -,,25,c:\Users\edilm\OneDrive\Desktop\Edilma Projects\LandingAI-Hack\coderisk-sf\results_folder\bocaraton\raw_json\boca_JustFOIA_Request_2024-9180-30p.json
case_header,CODE-2024-00046,Municipal Code,Closed-,,RB1,"6455 N Federal Hwy, Boca 064347050201001","6455 N Federal Hwy, Boca 064347050201001",Omari Best,01/08/2024,01/16/2024,RB1,"6455 N Federal Hwy, Boca 064347050201001","6455 N Federal Hwy, Boca 064347050201001",,,,Closed-,,25,c:\Users\edilm\OneDrive\Desktop\Edilma Projects\LandingAI-Hack\coderisk-sf\results_folder\bocaraton\raw_json\boca_JustFOIA_Request_2024-9180-30p.json
case_header,CODE-2024-00047,Municipal Code,Closed-,,RB1,"6455 N Federal Hwy, Boca 064347050201001","6455 N Federal Hwy, Boca 064347050201001",Therese Smyack,01/09/2024,03/25/2024,RB1,"6455 N Federal Hwy, Boca 064347050201001","6455 N Federal Hwy, Boca 064347050201001",,,,Closed-,,25,c:\Users\edilm\OneDrive\Desktop\Edilma Projects\LandingAI-Hack\coderisk-sf\results_folder\bocaraton\raw_json\boca_JustFOIA_Request_2024-9180-30p.json
case_header,CODE-2024-00048,Municipal Code,Closed -,,RB1,"6501 N Federal Hwy, 1,",064347050201101,Omari Best,01/09/2024,01/10/2024,RB1,"6501 N Federal Hwy, 1,",064347050201101,,,,Closed -,,25,c:\Users\edilm\OneDrive\Desktop\Edilma Projects\LandingAI-Hack\coderisk-sf\results_folder\bocaraton\raw_json\boca_JustFOIA_Request_2024-9180-30p.json
case_header,CODE-2024-00052,Municipal Code,Closed -,,R3C (PUD),"1741 NW 42Nd Dr, Boca",064247121400001,William Buckley,01/09/2024,01/11/2024,R3C (PUD),"1741 NW 42Nd Dr, Boca",064247121400001,,,,Closed -,,25,c:\Users\edilm\OneDrive\Desktop\Edilma Projects\LandingAI-Hack\coderisk-sf\results_folder\bocaraton\raw_json\boca_JustFOIA_Request_2024-9180-30p.json
case_header,CODE-2024-00053,Municipal Code,Closed -,,R1D,"7580 Texas Trl, Boca",064346324002403,William Buckley,01/09/2024,01/10/2024,R1D,"7580 Texas Trl, Boca",064346324002403,,,,Closed -,,25,c:\Users\edilm\OneDrive\Desktop\Edilma Projects\LandingAI-Hack\coderisk-sf\results_folder\bocaraton\raw_json\boca_JustFOIA_Request_2024-9180-30p.json
case_header,CODE-2024-00054,Municipal Code,Closed -,,B4,"865 N Federal Hwy, Boca 064347201500300","865 N Federal Hwy, Boca 064347201500300",Derek Corcoran,01/09/2024,06/27/2024,B4,"865 N Federal Hwy, Boca 064347201500300","865 N Federal Hwy, Boca 064347201500300",,,,Closed -,,25,c:\Users\edilm\OneDrive\Desktop\Edilma Projects\LandingAI-Hack\coderisk-sf\results_folder\bocaraton\raw_json\boca_JustFOIA_Request_2024-9180-30p.json
case_header,CODE-2024-00056,Municipal Code,Closed -,,R1D,"425 NE 34Th St, Boca",064347080405500,Omari Best,01/09/2024,02/05/2024,R1D,"425 NE 34Th St, Boca",064347080405500,,,,Closed -,,25,c:\Users\edilm\OneDrive\Desktop\Edilma Projects\LandingAI-Hack\coderisk-sf\results_folder\bocaraton\raw_json\boca_JustFOIA_Request_2024-9180-30p.json
case_header,CODE-2024-00057,Municipal Code,Closed -,,R1D,"530 NE 37Th St, Boca",064347080405104,Omari Best,01/09/2024,01/23/2024,R1D,"530 NE 37Th St, Boca",064347080405104,,,,Closed -,,25,c:\Users\edilm\OneDrive\Desktop\Edilma Projects\LandingAI-Hack\coderisk-sf\results_folder\bocaraton\raw_json\boca_JustFOIA_Request_2024-9180-30p.json
case_header,CODE-2024-00069,Municipal Code,Closed -,,R1D,"1000 NW 13Th St, CA,",064247241200100,No User,01/11/2024,01/16/2024,,,,,,,Closed -,,38,c:\Users\edilm\OneDrive\Desktop\Edilma Projects\LandingAI-Hack\coderisk-sf\results_folder\bocaraton\raw_json\boca_JustFOIA_Request_2024-9180-30p.json
case_header,CODE-2024-00070,Municipal Code,Closed-,,R1D,"348 NW 21St St, Boca",064347180100101,Austin Mann,01/11/2024,01/18/2024,,,,,,,Closed-,,38,c:\Users\edilm\OneDrive\Desktop\Edilma Projects\LandingAI-Hack\coderisk-sf\results_folder\bocaraton\raw_json\boca_JustFOIA_Request_2024-9180-30p.json
case_header,CODE-2024-00071,Municipal Code,Closed -,,R1D,"455 NE 37Th St, Boca",064347080404601,Austin Mann,01/12/2024,06/28/2024,,,,,,,Closed -,,38,c:\Users\edilm\OneDrive\Desktop\Edilma Projects\LandingAI-Hack\coderisk-sf\results_folder\bocaraton\raw_json\boca_JustFOIA_Request_2024-9180-30p.json
case_header,CODE-2024-00073,Municipal Code,Closed -,,R1D,"1502 NW 5Th St, Boca",064247240301802,Derek Corcoran,01/12/2024,06/27/2024,,,,,,,Closed -,,38,c:\Users\edilm\OneDrive\Desktop\Edilma Projects\LandingAI-Hack\coderisk-sf\results_folder\bocaraton\raw_json\boca_JustFOIA_Request_2024-9180-30p.json
case_header,CODE-2024-00075,Municipal Code,Closed -,,R1D,"344 NE 2Nd St, Boca Raton, 064347202400400","344 NE 2Nd St, Boca Raton, 064347202400400",Steven Singer,01/12/2024,01/22/2024,,,,,,,Closed -,,38,c:\Users\edilm\OneDrive\Desktop\Edilma Projects\LandingAI-Hack\coderisk-sf\results_folder\bocaraton\raw_json\boca_JustFOIA_Request_2024-9180-30p.json
case_header,CODE-2024-00078,Municipal Code,Closed-,,R2,"100 W Hidden Valley Blvd, 064346323700000","100 W Hidden Valley Blvd, 064346323700000",William Buckley,01/12/2024,01/30/2024,,,,,,,Closed-,,38,c:\Users\edilm\OneDrive\Desktop\Edilma Projects\LandingAI-Hack\coderisk-sf\results_folder\bocaraton\raw_json\boca_JustFOIA_Request_2024-9180-30p.json
case_header,CODE-2024-00079,Municipal Code,Closed-,,R1D,"1400 NW 4Th St, Boca",064247240200900,No User,01/12/2024,01/16/2024,,,,,,,Closed-,,38,c:\Users\edilm\OneDrive\Desktop\Edilma Projects\LandingAI-Hack\coderisk-sf\results_folder\bocaraton\raw_json\boca_JustFOIA_Request_2024-9180-30p.json
case_header,CODE-2024-00080,Municipal Code,Closed -,,R1D,"7 St Cloud Ln, Boca Raton, 064247140200401","7 St Cloud Ln, Boca Raton, 064247140200401",Juan Hernandez,01/12/2024,02/02/2024,,,,,,,Closed -,,38,c:\Users\edilm\OneDrive\Desktop\Edilma Projects\LandingAI-Hack\coderisk-sf\results_folder\bocaraton\raw_json\boca_JustFOIA_Request_2024-9180-30p.json
case_header,CODE-2024-00083,Municipal Code,Closed-,,R1D,"2107 NE 4Th Ave, Boca",064347170900301,Deiner Lobo,01/12/2024,01/27/2024,,,,,,,Closed-,,38,c:\Users\edilm\OneDrive\Desktop\Edilma Projects\LandingAI-Hack\coderisk-sf\results_folder\bocaraton\raw_json\boca_JustFOIA_Request_2024-9180-30p.json
case_header,CODE-2024-00084,Municipal Code,Closed -,,DDRI,"337 Plaza Real, Boca",064347204000100,Christopher,01/14/2024,02/29/2024,,,,,,,Closed -,,38,c:\Users\edilm\OneDrive\Desktop\Edilma Projects\LandingAI-Hack\coderisk-sf\results_folder\bocaraton\raw_json\boca_JustFOIA_Request_2024-9180-30p.json
case_header,CODE-2024-00087,"Municipal Code Enforcement Closed - Resolved R1D 1423 SW 13Th St, Boca Raton, FL 33486 Description: Per online submitter: ""Car parking in street blocking roadway Makes it difficult to drive down the st oncoming traffic and you lack visibility coming around the corner When other service vehicles park you can't ge modes playing in the street you cannot see them either."" Submitter: Eric Jensen 1521 SW 13th St Boca Raton FI 33486 SeeClickFix #15874760 created: 01/13/2024 12:23 P.M. PHOTO PROVIDED.","Municipal Code Enforcement Closed - Resolved R1D 1423 SW 13Th St, Boca Raton, FL 33486 Description: Per online submitter: ""Car parking in street blocking roadway Makes it difficult to drive down the st oncoming traffic and you lack visibility coming around the corner When other service vehicles park you can't ge modes playing in the street you cannot see them either."" Submitter: Eric Jensen 1521 SW 13th St Boca Raton FI 33486 SeeClickFix #15874760 created: 01/13/2024 12:23 P.M. PHOTO PROVIDED.","Municipal Code Enforcement Closed - Resolved R1D 1423 SW 13Th St, Boca Raton, FL 33486 Description: Per online submitter: ""Car parking in street blocking roadway Makes it difficult to drive down the st oncoming traffic and you lack visibility coming around the corner When other service vehicles park you can't ge modes playing in the street you cannot see them either."" Submitter: Eric Jensen 1521 SW 13th St Boca Raton FI 33486 SeeClickFix #15874760 created: 01/13/2024 12:23 P.M. PHOTO PROVIDED.","Municipal Code Enforcement Closed - Resolved R1D 1423 SW 13Th St, Boca Raton, FL 33486 Description: Per online submitter: ""Car parking in street blocking roadway Makes it difficult to drive down the st oncoming traffic and you lack visibility coming around the corner When other service vehicles park you can't ge modes playing in the street you cannot see them either."" Submitter: Eric Jensen 1521 SW 13th St Boca Raton FI 33486 SeeClickFix #15874760 created: 01/13/2024 12:23 P.M. PHOTO PROVIDED.","Municipal Code Enforcement Closed - Resolved R1D 1423 SW 13Th St, Boca Raton, FL 33486 Description: Per online submitter: ""Car parking in street blocking roadway Makes it difficult to drive down the st oncoming traffic and you lack visibility coming around the corner When other service vehicles park you can't ge modes playing in the street you cannot see them either."" Submitter: Eric Jensen 1521 SW 13th St Boca Raton FI 33486 SeeClickFix #15874760 created: 01/13/2024 12:23 P.M. PHOTO PROVIDED.",064247252706900 10 reet especially with t thru safely And with,Colleen O'Connell-Rodriguez,01/16/2024,01/22/2024,"Municipal Code Enforcement Closed - Resolved R1D 1423 SW 13Th St, Boca Raton, FL 33486 Description: Per online submitter: ""Car parking in street blocking roadway Makes it difficult to drive down the st oncoming traffic and you lack visibility coming around the corner When other service vehicles park you can't ge modes playing in the street you cannot see them either."" Submitter: Eric Jensen 1521 SW 13th St Boca Raton FI 33486 SeeClickFix #15874760 created: 01/13/2024 12:23 P.M. PHOTO PROVIDED.","Municipal Code Enforcement Closed - Resolved R1D 1423 SW 13Th St, Boca Raton, FL 33486 Description: Per online submitter: ""Car parking in street blocking roadway Makes it difficult to drive down the st oncoming traffic and you lack visibility coming around the corner When other service vehicles park you can't ge modes playing in the street you cannot see them either."" Submitter: Eric Jensen 1521 SW 13th St Boca Raton FI 33486 SeeClickFix #15874760 created: 01/13/2024 12:23 P.M. PHOTO PROVIDED.",064247252706900 10 reet especially with t thru safely And with,,,,"Municipal Code Enforcement Closed - Resolved R1D 1423 SW 13Th St, Boca Raton, FL 33486 Description: Per online submitter: ""Car parking in street blocking roadway Makes it difficult to drive down the st oncoming traffic and you lack visibility coming around the corner When other service vehicles park you can't ge modes playing in the street you cannot see them either."" Submitter: Eric Jensen 1521 SW 13th St Boca Raton FI 33486 SeeClickFix #15874760 created: 01/13/2024 12:23 P.M. PHOTO PROVIDED.",,43,c:\Users\edilm\OneDrive\Desktop\Edilma Projects\LandingAI-Hack\coderisk-sf\results_folder\bocaraton\raw_json\boca_JustFOIA_Request_2024-9180-30p.json
case_header,CODE-2024-00088,"Municipal Code Enforcement Closed - Resolved R1D 4501 NW 26Th Pl, Boca Raton, FL 33434 064247101300003 80 Description: Dogs are let out of the fence and are running around the neighborhood unleased; they are very aggressive, attacking other dogs, including complainant's dog; complainant has video of the aggressive dogs and will send; also, complainant will provide affidavit with the video and a Animal Noise/Loose Animal Affidavit.","Municipal Code Enforcement Closed - Resolved R1D 4501 NW 26Th Pl, Boca Raton, FL 33434 064247101300003 80 Description: Dogs are let out of the fence and are running around the neighborhood unleased; they are very aggressive, attacking other dogs, including complainant's dog; complainant has video of the aggressive dogs and will send; also, complainant will provide affidavit with the video and a Animal Noise/Loose Animal Affidavit.","Municipal Code Enforcement Closed - Resolved R1D 4501 NW 26Th Pl, Boca Raton, FL 33434 064247101300003 80 Description: Dogs are let out of the fence and are running around the neighborhood unleased; they are very aggressive, attacking other dogs, including complainant's dog; complainant has video of the aggressive dogs and will send; also, complainant will provide affidavit with the video and a Animal Noise/Loose Animal Affidavit.","Municipal Code Enforcement Closed - Resolved R1D 4501 NW 26Th Pl, Boca Raton, FL 33434 064247101300003 80 Description: Dogs are let out of the fence and are running around the neighborhood unleased; they are very aggressive, attacking other dogs, including complainant's dog; complainant has video of the aggressive dogs and will send; also, complainant will provide affidavit with the video and a Animal Noise/Loose Animal Affidavit.","Municipal Code Enforcement Closed - Resolved R1D 4501 NW 26Th Pl, Boca Raton, FL 33434 064247101300003 80 Description: Dogs are let out of the fence and are running around the neighborhood unleased; they are very aggressive, attacking other dogs, including complainant's dog; complainant has video of the aggressive dogs and will send; also, complainant will provide affidavit with the video and a Animal Noise/Loose Animal Affidavit.","Municipal Code Enforcement Closed - Resolved R1D 4501 NW 26Th Pl, Boca Raton, FL 33434 064247101300003 80 Description: Dogs are let out of the fence and are running around the neighborhood unleased; they are very aggressive, attacking other dogs, including complainant's dog; complainant has video of the aggressive dogs and will send; also, complainant will provide affidavit with the video and a Animal Noise/Loose Animal Affidavit.",Juan Hernandez,01/16/2024,02/02/2024,"Municipal Code Enforcement Closed - Resolved R1D 4501 NW 26Th Pl, Boca Raton, FL 33434 064247101300003 80 Description: Dogs are let out of the fence and are running around the neighborhood unleased; they are very aggressive, attacking other dogs, including complainant's dog; complainant has video of the aggressive dogs and will send; also, complainant will provide affidavit with the video and a Animal Noise/Loose Animal Affidavit.","Municipal Code Enforcement Closed - Resolved R1D 4501 NW 26Th Pl, Boca Raton, FL 33434 064247101300003 80 Description: Dogs are let out of the fence and are running around the neighborhood unleased; they are very aggressive, attacking other dogs, including complainant's dog; complainant has video of the aggressive dogs and will send; also, complainant will provide affidavit with the video and a Animal Noise/Loose Animal Affidavit.","Municipal Code Enforcement Closed - Resolved R1D 4501 NW 26Th Pl, Boca Raton, FL 33434 064247101300003 80 Description: Dogs are let out of the fence and are running around the neighborhood unleased; they are very aggressive, attacking other dogs, including complainant's dog; complainant has video of the aggressive dogs and will send; also, complainant will provide affidavit with the video and a Animal Noise/Loose Animal Affidavit.",,,,"Municipal Code Enforcement Closed - Resolved R1D 4501 NW 26Th Pl, Boca Raton, FL 33434 064247101300003 80 Description: Dogs are let out of the fence and are running around the neighborhood unleased; they are very aggressive, attacking other dogs, including complainant's dog; complainant has video of the aggressive dogs and will send; also, complainant will provide affidavit with the video and a Animal Noise/Loose Animal Affidavit.",,43,c:\Users\edilm\OneDrive\Desktop\Edilma Projects\LandingAI-Hack\coderisk-sf\results_folder\bocaraton\raw_json\boca_JustFOIA_Request_2024-9180-30p.json
case_header,CODE-2024-00089,Municipal Code Enforcement IPMC 302.1 - SANITATION. ALL EXTERIOR PROPERTY Closed - Resolved In Violation 01/16/2024 01/26/2024 Description: Routine patrol for a white bag with debris for private collection,Municipal Code Enforcement IPMC 302.1 - SANITATION. ALL EXTERIOR PROPERTY Closed - Resolved In Violation 01/16/2024 01/26/2024 Description: Routine patrol for a white bag with debris for private collection,Municipal Code Enforcement IPMC 302.1 - SANITATION. ALL EXTERIOR PROPERTY Closed - Resolved In Violation 01/16/2024 01/26/2024 Description: Routine patrol for a white bag with debris for private collection,Municipal Code Enforcement IPMC 302.1 - SANITATION. ALL EXTERIOR PROPERTY Closed - Resolved In Violation 01/16/2024 01/26/2024 Description: Routine patrol for a white bag with debris for private collection,"1960 N Conference Dr, Boca Raton, FL 33486",064247230300501 00 $0.00,Juan Hernandez,01/16/2024,01/30/2024,Municipal Code Enforcement IPMC 302.1 - SANITATION. ALL EXTERIOR PROPERTY Closed - Resolved In Violation 01/16/2024 01/26/2024 Description: Routine patrol for a white bag with debris for private collection,"1960 N Conference Dr, Boca Raton, FL 33486",064247230300501 00 $0.00,,,,Municipal Code Enforcement IPMC 302.1 - SANITATION. ALL EXTERIOR PROPERTY Closed - Resolved In Violation 01/16/2024 01/26/2024 Description: Routine patrol for a white bag with debris for private collection,,43,c:\Users\edilm\OneDrive\Desktop\Edilma Projects\LandingAI-Hack\coderisk-sf\results_folder\bocaraton\raw_json\boca_JustFOIA_Request_2024-9180-30p.json
case_header,CODE-2024-00091,"Municipal Code Enforcement Closed - Resolved R1D 2958 NW 24Th Ter, Boca Raton, FL 33431 064247110200000 70 Description: Per online submitter: ""The have a rooster in their back yard actively crowing."" Submitter: rob Siler 2923 nw 24th way Boca Raton FI 33431 SeeclickFix #1584297 created: 01/16/2024 9:21 AM","Municipal Code Enforcement Closed - Resolved R1D 2958 NW 24Th Ter, Boca Raton, FL 33431 064247110200000 70 Description: Per online submitter: ""The have a rooster in their back yard actively crowing."" Submitter: rob Siler 2923 nw 24th way Boca Raton FI 33431 SeeclickFix #1584297 created: 01/16/2024 9:21 AM","Municipal Code Enforcement Closed - Resolved R1D 2958 NW 24Th Ter, Boca Raton, FL 33431 064247110200000 70 Description: Per online submitter: ""The have a rooster in their back yard actively crowing."" Submitter: rob Siler 2923 nw 24th way Boca Raton FI 33431 SeeclickFix #1584297 created: 01/16/2024 9:21 AM","Municipal Code Enforcement Closed - Resolved R1D 2958 NW 24Th Ter, Boca Raton, FL 33431 064247110200000 70 Description: Per online submitter: ""The have a rooster in their back yard actively crowing."" Submitter: rob Siler 2923 nw 24th way Boca Raton FI 33431 SeeclickFix #1584297 created: 01/16/2024 9:21 AM","Municipal Code Enforcement Closed - Resolved R1D 2958 NW 24Th Ter, Boca Raton, FL 33431 064247110200000 70 Description: Per online submitter: ""The have a rooster in their back yard actively crowing."" Submitter: rob Siler 2923 nw 24th way Boca Raton FI 33431 SeeclickFix #1584297 created: 01/16/2024 9:21 AM","Municipal Code Enforcement Closed - Resolved R1D 2958 NW 24Th Ter, Boca Raton, FL 33431 064247110200000 70 Description: Per online submitter: ""The have a rooster in their back yard actively crowing."" Submitter: rob Siler 2923 nw 24th way Boca Raton FI 33431 SeeclickFix #1584297 created: 01/16/2024 9:21 AM",Juan Hernandez,01/16/2024,01/31/2024,"Municipal Code Enforcement Closed - Resolved R1D 2958 NW 24Th Ter, Boca Raton, FL 33431 064247110200000 70 Description: Per online submitter: ""The have a rooster in their back yard actively crowing."" Submitter: rob Siler 2923 nw 24th way Boca Raton FI 33431 SeeclickFix #1584297 created: 01/16/2024 9:21 AM","Municipal Code Enforcement Closed - Resolved R1D 2958 NW 24Th Ter, Boca Raton, FL 33431 064247110200000 70 Description: Per online submitter: ""The have a rooster in their back yard actively crowing."" Submitter: rob Siler 2923 nw 24th way Boca Raton FI 33431 SeeclickFix #1584297 created: 01/16/2024 9:21 AM","Municipal Code Enforcement Closed - Resolved R1D 2958 NW 24Th Ter, Boca Raton, FL 33431 064247110200000 70 Description: Per online submitter: ""The have a rooster in their back yard actively crowing."" Submitter: rob Siler 2923 nw 24th way Boca Raton FI 33431 SeeclickFix #1584297 created: 01/16/2024 9:21 AM",,,,"Municipal Code Enforcement Closed - Resolved R1D 2958 NW 24Th Ter, Boca Raton, FL 33431 064247110200000 70 Description: Per online submitter: ""The have a rooster in their back yard actively crowing."" Submitter: rob Siler 2923 nw 24th way Boca Raton FI 33431 SeeclickFix #1584297 created: 01/16/2024 9:21 AM",,43,c:\Users\edilm\OneDrive\Desktop\Edilma Projects\LandingAI-Hack\coderisk-sf\results_folder\bocaraton\raw_json\boca_JustFOIA_Request_2024-9180-30p.json
case_header,CODE-2024-00092,Municipal Code Enforcement Description: Height of hedge is over what code allows and owner talks about cutting down complainant's coconut tree.,Municipal Code Enforcement Description: Height of hedge is over what code allows and owner talks about cutting down complainant's coconut tree.,Municipal Code Enforcement Description: Height of hedge is over what code allows and owner talks about cutting down complainant's coconut tree.,Municipal Code Enforcement Description: Height of hedge is over what code allows and owner talks about cutting down complainant's coconut tree.,Municipal Code Enforcement Description: Height of hedge is over what code allows and owner talks about cutting down complainant's coconut tree.,Municipal Code Enforcement Description: Height of hedge is over what code allows and owner talks about cutting down complainant's coconut tree.,Steven Singer,01/16/2024,02/22/2024,Municipal Code Enforcement Description: Height of hedge is over what code allows and owner talks about cutting down complainant's coconut tree.,Municipal Code Enforcement Description: Height of hedge is over what code allows and owner talks about cutting down complainant's coconut tree.,Municipal Code Enforcement Description: Height of hedge is over what code allows and owner talks about cutting down complainant's coconut tree.,,,,Municipal Code Enforcement Description: Height of hedge is over what code allows and owner talks about cutting down complainant's coconut tree.,,43,c:\Users\edilm\OneDrive\Desktop\Edilma Projects\LandingAI-Hack\coderisk-sf\results_folder\bocaraton\raw_json\boca_JustFOIA_Request_2024-9180-30p.json
case_header,CODE-2024-00093,Municipal Code Enforcement Closed - Resolved Description: Observed a black and white feather banner sign th,Municipal Code Enforcement Closed - Resolved Description: Observed a black and white feather banner sign th,Municipal Code Enforcement Closed - Resolved Description: Observed a black and white feather banner sign th,"RB1 at reads ""Psychic"" i","2831 N Federal Hwy, 5, Boca Raton, FL 33431 h the city swale.",064347170600200 10,Austin Mann,01/16/2024,01/22/2024,"RB1 at reads ""Psychic"" i","2831 N Federal Hwy, 5, Boca Raton, FL 33431 h the city swale.",064347170600200 10,,,,Municipal Code Enforcement Closed - Resolved Description: Observed a black and white feather banner sign th,,43,c:\Users\edilm\OneDrive\Desktop\Edilma Projects\LandingAI-Hack\coderisk-sf\results_folder\bocaraton\raw_json\boca_JustFOIA_Request_2024-9180-30p.json
case_header,CODE-2024-00094,Municipal Code Closed - R1D Enforcement Resolved Description: Vegetation growing over sidewalk. Will contact owner.,Municipal Code Closed - R1D Enforcement Resolved Description: Vegetation growing over sidewalk. Will contact owner.,Municipal Code Closed - R1D Enforcement Resolved Description: Vegetation growing over sidewalk. Will contact owner.,Municipal Code Closed - R1D Enforcement Resolved Description: Vegetation growing over sidewalk. Will contact owner.,"1545 NE 4Th Ave, Boca Raton, FL 33432 064347202300401 50","1545 NE 4Th Ave, Boca Raton, FL 33432 064347202300401 50",Steven Singer,01/16/2024,01/22/2024,Municipal Code Closed - R1D Enforcement Resolved Description: Vegetation growing over sidewalk. Will contact owner.,"1545 NE 4Th Ave, Boca Raton, FL 33432 064347202300401 50","1545 NE 4Th Ave, Boca Raton, FL 33432 064347202300401 50",,,,Municipal Code Closed - R1D Enforcement Resolved Description: Vegetation growing over sidewalk. Will contact owner.,,43,c:\Users\edilm\OneDrive\Desktop\Edilma Projects\LandingAI-Hack\coderisk-sf\results_folder\bocaraton\raw_json\boca_JustFOIA_Request_2024-9180-30p.json
case_header,CODE-2024-00095,Municipal Code Enforcement SEC. 28-1507(2),Closed - Resolved In Violation,01/22/2024,R1D 01/23/2024,"470 NE 25Th Ter, Boca Raton, FL 33431",064347170400400 60 $0.00,Austin Mann,01/16/2024,02/07/2024,R1D 01/23/2024,"470 NE 25Th Ter, Boca Raton, FL 33431",064347170400400 60 $0.00,,,,Closed - Resolved In Violation,,43,c:\Users\edilm\OneDrive\Desktop\Edilma Projects\LandingAI-Hack\coderisk-sf\results_folder\bocaraton\raw_json\boca_JustFOIA_Request_2024-9180-30p.json
case_header,CODE-2024-00096,Municipal Code Enforcement,Closed - Resolved,,R1D,"1945 N Conference Dr, Boca Raton, FL 33486",064247230300200 60,Juan Hernandez,01/17/2024,02/06/2024,,,,,,,Closed - Resolved,,49,c:\Users\edilm\OneDrive\Desktop\Edilma Projects\LandingAI-Hack\coderisk-sf\results_folder\bocaraton\raw_json\boca_JustFOIA_Request_2024-9180-30p.json
case_header,CODE-2024-00097,Municipal Code,Closed -,,R1A,"1000 Spanish River Rd, 2F, 064347295900200","1000 Spanish River Rd, 2F, 064347295900200",Scott Newman,01/17/2024,01/23/2024,,,,,,,Closed -,,49,c:\Users\edilm\OneDrive\Desktop\Edilma Projects\LandingAI-Hack\coderisk-sf\results_folder\bocaraton\raw_json\boca_JustFOIA_Request_2024-9180-30p.json
case_header,CODE-2024-00099,Municipal Code,Closed-,,RE1,"2554 Coco Plum Blvd, 603, 064247031700060","2554 Coco Plum Blvd, 603, 064247031700060",William Buckley,01/17/2024,06/28/2024,,,,,,,Closed-,,49,c:\Users\edilm\OneDrive\Desktop\Edilma Projects\LandingAI-Hack\coderisk-sf\results_folder\bocaraton\raw_json\boca_JustFOIA_Request_2024-9180-30p.json
case_header,CODE-2024-00100,Municipal Code,Closed -,,R3C,"1299 S Ocean Blvd, CA",064347323300400,Deiner Lobo,01/17/2024,01/18/2024,,,,,,,Closed -,,49,c:\Users\edilm\OneDrive\Desktop\Edilma Projects\LandingAI-Hack\coderisk-sf\results_folder\bocaraton\raw_json\boca_JustFOIA_Request_2024-9180-30p.json
case_header,CODE-2024-00101,Municipal Code,Closed-,,DDRI,"197 S Federal Hwy, Boca 064347290600100","197 S Federal Hwy, Boca 064347290600100",Keith Benoit,01/18/2024,03/12/2024,,,,,,,Closed-,,49,c:\Users\edilm\OneDrive\Desktop\Edilma Projects\LandingAI-Hack\coderisk-sf\results_folder\bocaraton\raw_json\boca_JustFOIA_Request_2024-9180-30p.json
case_header,CODE-2024-00103,Municipal Code,Closed-,,DDRI,"600 E Palmetto Park Rd, 064347280304200","600 E Palmetto Park Rd, 064347280304200",Keith Benoit,01/18/2024,02/02/2024,,,,,,,Closed-,,49,c:\Users\edilm\OneDrive\Desktop\Edilma Projects\LandingAI-Hack\coderisk-sf\results_folder\bocaraton\raw_json\boca_JustFOIA_Request_2024-9180-30p.json
case_header,CODE-2024-00104,Municipal Code,Closed -,,PT,"5555 N Dixie Hwy, Boc",064347050100401,Therese Smyack,01/18/2024,01/24/2024,,,,,,,Closed -,,49,c:\Users\edilm\OneDrive\Desktop\Edilma Projects\LandingAI-Hack\coderisk-sf\results_folder\bocaraton\raw_json\boca_JustFOIA_Request_2024-9180-30p.json
case_header,CODE-2024-00105,Municipal Code,Closed -,,R1D,"640 NW 15Th Ave, Boca 064247240301802","640 NW 15Th Ave, Boca 064247240301802",Derek Corcoran,01/18/2024,02/02/2024,,,,,,,Closed -,,49,c:\Users\edilm\OneDrive\Desktop\Edilma Projects\LandingAI-Hack\coderisk-sf\results_folder\bocaraton\raw_json\boca_JustFOIA_Request_2024-9180-30p.json
case_header,CODE-2024-00106,Municipal Code,Closed -,,PT,"5701 N Dixie Hwy, Boca",064347050100300,Therese Smyack,01/18/2024,03/05/2024,,,,,,,Closed -,,49,c:\Users\edilm\OneDrive\Desktop\Edilma Projects\LandingAI-Hack\coderisk-sf\results_folder\bocaraton\raw_json\boca_JustFOIA_Request_2024-9180-30p.json
case_header,CODE-2024-00107,Municipal Code,Closed-,,RB1,"6830 N Federal Hwy, Boca 064346321201500","6830 N Federal Hwy, Boca 064346321201500",Therese Smyack,01/18/2024,01/23/2024,,,,,,,Closed-,,49,c:\Users\edilm\OneDrive\Desktop\Edilma Projects\LandingAI-Hack\coderisk-sf\results_folder\bocaraton\raw_json\boca_JustFOIA_Request_2024-9180-30p.json
case_header,CODE-2024-00108,Municipal Code Closed - Enforcement Resolved Description: Snipe sign advertising for sports immortal.,Municipal Code Closed - Enforcement Resolved Description: Snipe sign advertising for sports immortal.,Municipal Code Closed - Enforcement Resolved Description: Snipe sign advertising for sports immortal.,RB1,"6830 N Federal Hwy, Boca Raton, FL 33487",064346321201500 40,Therese Smyack,01/18/2024,01/23/2024,,,,,,,Municipal Code Closed - Enforcement Resolved Description: Snipe sign advertising for sports immortal.,,54,c:\Users\edilm\OneDrive\Desktop\Edilma Projects\LandingAI-Hack\coderisk-sf\results_folder\bocaraton\raw_json\boca_JustFOIA_Request_2024-9180-30p.json
case_header,CODE-2024-00110,Municipal Code Enforcement Description: Sign,Closed - Resolved on fence advertising boat storage.,Closed - Resolved on fence advertising boat storage.,B4,"7200 N Dixie Hwy, Boca Raton, FL 33487",064346321200500 40,Therese Smyack,01/18/2024,01/22/2024,,,,,,,Closed - Resolved on fence advertising boat storage.,,54,c:\Users\edilm\OneDrive\Desktop\Edilma Projects\LandingAI-Hack\coderisk-sf\results_folder\bocaraton\raw_json\boca_JustFOIA_Request_2024-9180-30p.json
case_header,CODE-2024-00111,Municipal Code Enforcement,Closed - Resolved,,PT,,064247360102900 10,Colleen O'Connell-Rodriguez,01/18/2024,06/14/2024,,,,,,,Closed - Resolved,,54,c:\Users\edilm\OneDrive\Desktop\Edilma Projects\LandingAI-Hack\coderisk-sf\results_folder\bocaraton\raw_json\boca_JustFOIA_Request_2024-9180-30p.json
case_header,CODE-2024-00112,"Municipal Code Enforcement Closed - Resolved MC 701 NW 13Th St, Boca Raton, FL 33486 064347193000100 00 Description: Per online submitter: ""There is excessive noise coming from this construction site next to my bedroom window. I work from home and I am unable to concentrate. Everyday I finish my shift with a severe headache from this noise. It is unbearable. Please help!!!"" Submitter: Yulema Saiz 825 NW 13th Street Boca Raton FL 33486 SeeclickFix #15899440 created: 01/18/2024 11:51 AM","Municipal Code Enforcement Closed - Resolved MC 701 NW 13Th St, Boca Raton, FL 33486 064347193000100 00 Description: Per online submitter: ""There is excessive noise coming from this construction site next to my bedroom window. I work from home and I am unable to concentrate. Everyday I finish my shift with a severe headache from this noise. It is unbearable. Please help!!!"" Submitter: Yulema Saiz 825 NW 13th Street Boca Raton FL 33486 SeeclickFix #15899440 created: 01/18/2024 11:51 AM","Municipal Code Enforcement Closed - Resolved MC 701 NW 13Th St, Boca Raton, FL 33486 064347193000100 00 Description: Per online submitter: ""There is excessive noise coming from this construction site next to my bedroom window. I work from home and I am unable to concentrate. Everyday I finish my shift with a severe headache from this noise. It is unbearable. Please help!!!"" Submitter: Yulema Saiz 825 NW 13th Street Boca Raton FL 33486 SeeclickFix #15899440 created: 01/18/2024 11:51 AM","Municipal Code Enforcement Closed - Resolved MC 701 NW 13Th St, Boca Raton, FL 33486 064347193000100 00 Description: Per online submitter: ""There is excessive noise coming from this construction site next to my bedroom window. I work from home and I am unable to concentrate. Everyday I finish my shift with a severe headache from this noise. It is unbearable. Please help!!!"" Submitter: Yulema Saiz 825 NW 13th Street Boca Raton FL 33486 SeeclickFix #15899440 created: 01/18/2024 11:51 AM","Municipal Code Enforcement Closed - Resolved MC 701 NW 13Th St, Boca Raton, FL 33486 064347193000100 00 Description: Per online submitter: ""There is excessive noise coming from this construction site next to my bedroom window. I work from home and I am unable to concentrate. Everyday I finish my shift with a severe headache from this noise. It is unbearable. Please help!!!"" Submitter: Yulema Saiz 825 NW 13th Street Boca Raton FL 33486 SeeclickFix #15899440 created: 01/18/2024 11:51 AM","Municipal Code Enforcement Closed - Resolved MC 701 NW 13Th St, Boca Raton, FL 33486 064347193000100 00 Description: Per online submitter: ""There is excessive noise coming from this construction site next to my bedroom window. I work from home and I am unable to concentrate. Everyday I finish my shift with a severe headache from this noise. It is unbearable. Please help!!!"" Submitter: Yulema Saiz 825 NW 13th Street Boca Raton FL 33486 SeeclickFix #15899440 created: 01/18/2024 11:51 AM",Derek Corcoran,01/18/2024,06/27/2024,,,,,,,"Municipal Code Enforcement Closed - Resolved MC 701 NW 13Th St, Boca Raton, FL 33486 064347193000100 00 Description: Per online submitter: ""There is excessive noise coming from this construction site next to my bedroom window. I work from home and I am unable to concentrate. Everyday I finish my shift with a severe headache from this noise. It is unbearable. Please help!!!"" Submitter: Yulema Saiz 825 NW 13th Street Boca Raton FL 33486 SeeclickFix #15899440 created: 01/18/2024 11:51 AM",,54,c:\Users\edilm\OneDrive\Desktop\Edilma Projects\LandingAI-Hack\coderisk-sf\results_folder\bocaraton\raw_json\boca_JustFOIA_Request_2024-9180-30p.json
case_header,CODE-2024-00112,"Municipal Code Enforcement Closed - Resolved MC 701 NW 13Th St, Boca Raton, FL 33486 064347193000100 00 Description: Per online submitter: ""There is excessive noise coming from this construction site next to my bedroom window. I work from home and I am unable to concentrate. Everyday I finish my shift with a severe headache from this noise. It is unbearable. Please help!!!"" Submitter: Yulema Saiz 825 NW 13th Street Boca Raton FL 33486 SeeclickFix #15899440 created: 01/18/2024 11:51 AM","Municipal Code Enforcement Closed - Resolved MC 701 NW 13Th St, Boca Raton, FL 33486 064347193000100 00 Description: Per online submitter: ""There is excessive noise coming from this construction site next to my bedroom window. I work from home and I am unable to concentrate. Everyday I finish my shift with a severe headache from this noise. It is unbearable. Please help!!!"" Submitter: Yulema Saiz 825 NW 13th Street Boca Raton FL 33486 SeeclickFix #15899440 created: 01/18/2024 11:51 AM","Municipal Code Enforcement Closed - Resolved MC 701 NW 13Th St, Boca Raton, FL 33486 064347193000100 00 Description: Per online submitter: ""There is excessive noise coming from this construction site next to my bedroom window. I work from home and I am unable to concentrate. Everyday I finish my shift with a severe headache from this noise. It is unbearable. Please help!!!"" Submitter: Yulema Saiz 825 NW 13th Street Boca Raton FL 33486 SeeclickFix #15899440 created: 01/18/2024 11:51 AM","Municipal Code Enforcement Closed - Resolved MC 701 NW 13Th St, Boca Raton, FL 33486 064347193000100 00 Description: Per online submitter: ""There is excessive noise coming from this construction site next to my bedroom window. I work from home and I am unable to concentrate. Everyday I finish my shift with a severe headache from this noise. It is unbearable. Please help!!!"" Submitter: Yulema Saiz 825 NW 13th Street Boca Raton FL 33486 SeeclickFix #15899440 created: 01/18/2024 11:51 AM","Municipal Code Enforcement Closed - Resolved MC 701 NW 13Th St, Boca Raton, FL 33486 064347193000100 00 Description: Per online submitter: ""There is excessive noise coming from this construction site next to my bedroom window. I work from home and I am unable to concentrate. Everyday I finish my shift with a severe headache from this noise. It is unbearable. Please help!!!"" Submitter: Yulema Saiz 825 NW 13th Street Boca Raton FL 33486 SeeclickFix #15899440 created: 01/18/2024 11:51 AM","Municipal Code Enforcement Closed - Resolved MC 701 NW 13Th St, Boca Raton, FL 33486 064347193000100 00 Description: Per online submitter: ""There is excessive noise coming from this construction site next to my bedroom window. I work from home and I am unable to concentrate. Everyday I finish my shift with a severe headache from this noise. It is unbearable. Please help!!!"" Submitter: Yulema Saiz 825 NW 13th Street Boca Raton FL 33486 SeeclickFix #15899440 created: 01/18/2024 11:51 AM",Derek Corcoran,01/18/2024,,,,,,,,"Municipal Code Enforcement Closed - Resolved MC 701 NW 13Th St, Boca Raton, FL 33486 064347193000100 00 Description: Per online submitter: ""There is excessive noise coming from this construction site next to my bedroom window. I work from home and I am unable to concentrate. Everyday I finish my shift with a severe headache from this noise. It is unbearable. Please help!!!"" Submitter: Yulema Saiz 825 NW 13th Street Boca Raton FL 33486 SeeclickFix #15899440 created: 01/18/2024 11:51 AM",,54,c:\Users\edilm\OneDrive\Desktop\Edilma Projects\LandingAI-Hack\coderisk-sf\results_folder\bocaraton\raw_json\boca_JustFOIA_Request_2024-9180-30p.json
case_header,CODE-2024-00114,Municipal Code Enforcement,Closed - Resolved,,B4,"1600 N Federal Hwy, Boca Raton, FL 33432",064347170000050 80,Steven Singer,01/18/2024,01/22/2024,,,,,,,Closed - Resolved,,54,c:\Users\edilm\OneDrive\Desktop\Edilma Projects\LandingAI-Hack\coderisk-sf\results_folder\bocaraton\raw_json\boca_JustFOIA_Request_2024-9180-30p.json
case_header,CODE-2024-00115,Municipal Code Enforcement,Closed - Resolved,,PT,"5555 N Dixie Hwy, Boca Raton, FL 33487",064347050100401 31,Therese Smyack,01/18/2024,01/22/2024,,,,,,,Closed - Resolved,,54,c:\Users\edilm\OneDrive\Desktop\Edilma Projects\LandingAI-Hack\coderisk-sf\results_folder\bocaraton\raw_json\boca_JustFOIA_Request_2024-9180-30p.json
case_header,CODE-2024-00117,Municipal Code Enforcement Description: Targ,Closed - Resolved et Inspection: Banner sign on fence.,Closed - Resolved et Inspection: Banner sign on fence.,B4,"7000 N Dixie Hwy, Boca Raton, FL 33487",064346321200600 20,Therese Smyack,01/18/2024,01/23/2024,,,,,,,Closed - Resolved et Inspection: Banner sign on fence.,,54,c:\Users\edilm\OneDrive\Desktop\Edilma Projects\LandingAI-Hack\coderisk-sf\results_folder\bocaraton\raw_json\boca_JustFOIA_Request_2024-9180-30p.json
case_header,CODE-2024-00118,Municipal Code Enforcement SEC. 10-27(2),Closed - Resolved In Violation,01/18/2024,PT 01/30/2024,"5901 N Dixie Hwy, Boca Raton, FL 33487 064347050000010 10 $0.00","5901 N Dixie Hwy, Boca Raton, FL 33487 064347050000010 10 $0.00",Therese Smyack,01/18/2024,05/15/2024,,,,,,,Closed - Resolved In Violation,,54,c:\Users\edilm\OneDrive\Desktop\Edilma Projects\LandingAI-Hack\coderisk-sf\results_folder\bocaraton\raw_json\boca_JustFOIA_Request_2024-9180-30p.json
case_header,CODE-2024-00119,Municipal Code Closed - DDRI Enforcement Resolved Description: Routine Patrol: Stop sign located at the corner of S Dixie Hwy and SE 8th ST (West Bound) was tagged with a prohibited sticker. See picture attached to case file.,Municipal Code Closed - DDRI Enforcement Resolved Description: Routine Patrol: Stop sign located at the corner of S Dixie Hwy and SE 8th ST (West Bound) was tagged with a prohibited sticker. See picture attached to case file.,Municipal Code Closed - DDRI Enforcement Resolved Description: Routine Patrol: Stop sign located at the corner of S Dixie Hwy and SE 8th ST (West Bound) was tagged with a prohibited sticker. See picture attached to case file.,Municipal Code Closed - DDRI Enforcement Resolved Description: Routine Patrol: Stop sign located at the corner of S Dixie Hwy and SE 8th ST (West Bound) was tagged with a prohibited sticker. See picture attached to case file.,Municipal Code Closed - DDRI Enforcement Resolved Description: Routine Patrol: Stop sign located at the corner of S Dixie Hwy and SE 8th ST (West Bound) was tagged with a prohibited sticker. See picture attached to case file.,Municipal Code Closed - DDRI Enforcement Resolved Description: Routine Patrol: Stop sign located at the corner of S Dixie Hwy and SE 8th ST (West Bound) was tagged with a prohibited sticker. See picture attached to case file.,Deiner Lobo,01/18/2024,01/18/2024,,,,,,,Municipal Code Closed - DDRI Enforcement Resolved Description: Routine Patrol: Stop sign located at the corner of S Dixie Hwy and SE 8th ST (West Bound) was tagged with a prohibited sticker. See picture attached to case file.,,54,c:\Users\edilm\OneDrive\Desktop\Edilma Projects\LandingAI-Hack\coderisk-sf\results_folder\bocaraton\raw_json\boca_JustFOIA_Request_2024-9180-30p.json
case_header,CODE-2024-00120 CODE-2024-00121,"Municipal Code Closed - Enforcement Resolved Description: Routine Patrol: Vehicle was parked and obstructing Municipal Code Closed - Enforcement Resolved Description: No Business tax, no sign permit","Municipal Code Closed - Enforcement Resolved Description: Routine Patrol: Vehicle was parked and obstructing Municipal Code Closed - Enforcement Resolved Description: No Business tax, no sign permit","Municipal Code Closed - Enforcement Resolved Description: Routine Patrol: Vehicle was parked and obstructing Municipal Code Closed - Enforcement Resolved Description: No Business tax, no sign permit","DDRI 75 SE 3Rd St, Boca Raton, FL 33432 the Handicap Access Aisle. B4 1951 N Federal Hwy, Boca Raton, FL 33432","DDRI 75 SE 3Rd St, Boca Raton, FL 33432 the Handicap Access Aisle. B4 1951 N Federal Hwy, Boca Raton, FL 33432",064347291400100 40 064347170900600 90,Deiner Lobo Christopher Sutherland,01/18/2024,01/18/2024,,,,,,,"Municipal Code Closed - Enforcement Resolved Description: Routine Patrol: Vehicle was parked and obstructing Municipal Code Closed - Enforcement Resolved Description: No Business tax, no sign permit",,54,c:\Users\edilm\OneDrive\Desktop\Edilma Projects\LandingAI-Hack\coderisk-sf\results_folder\bocaraton\raw_json\boca_JustFOIA_Request_2024-9180-30p.json
case_header,CODE-2024-00120 CODE-2024-00121,"Municipal Code Closed - Enforcement Resolved Description: Routine Patrol: Vehicle was parked and obstructing Municipal Code Closed - Enforcement Resolved Description: No Business tax, no sign permit","Municipal Code Closed - Enforcement Resolved Description: Routine Patrol: Vehicle was parked and obstructing Municipal Code Closed - Enforcement Resolved Description: No Business tax, no sign permit","Municipal Code Closed - Enforcement Resolved Description: Routine Patrol: Vehicle was parked and obstructing Municipal Code Closed - Enforcement Resolved Description: No Business tax, no sign permit","DDRI 75 SE 3Rd St, Boca Raton, FL 33432 the Handicap Access Aisle. B4 1951 N Federal Hwy, Boca Raton, FL 33432","DDRI 75 SE 3Rd St, Boca Raton, FL 33432 the Handicap Access Aisle. B4 1951 N Federal Hwy, Boca Raton, FL 33432",064347291400100 40 064347170900600 90,Deiner Lobo Christopher Sutherland,01/18/2024,01/19/2024,,,,,,,"Municipal Code Closed - Enforcement Resolved Description: Routine Patrol: Vehicle was parked and obstructing Municipal Code Closed - Enforcement Resolved Description: No Business tax, no sign permit",,54,c:\Users\edilm\OneDrive\Desktop\Edilma Projects\LandingAI-Hack\coderisk-sf\results_folder\bocaraton\raw_json\boca_JustFOIA_Request_2024-9180-30p.json
case_header,CODE-2024-00122,Municipal Code,Closed -,,R1D,"455 NE 34Th St, Boca",064347080405502,Austin Mann,01/19/2024,02/27/2024,,,,,,,Closed -,,58,c:\Users\edilm\OneDrive\Desktop\Edilma Projects\LandingAI-Hack\coderisk-sf\results_folder\bocaraton\raw_json\boca_JustFOIA_Request_2024-9180-30p.json
case_header,CODE-2024-00124,Municipal Code,Closed -,,R1B,"3800 N Federal Hwy, Boca",064347080800300,Steven Singer,01/19/2024,08/26/2024,,,,,,,Closed -,,58,c:\Users\edilm\OneDrive\Desktop\Edilma Projects\LandingAI-Hack\coderisk-sf\results_folder\bocaraton\raw_json\boca_JustFOIA_Request_2024-9180-30p.json
case_header,CODE-2024-00125,Municipal Code,Closed -,,R1D,"771 E Boca Raton Rd, Boca 064347200900701","771 E Boca Raton Rd, Boca 064347200900701",Steven Singer,01/19/2024,06/10/2024,,,,,,,Closed -,,58,c:\Users\edilm\OneDrive\Desktop\Edilma Projects\LandingAI-Hack\coderisk-sf\results_folder\bocaraton\raw_json\boca_JustFOIA_Request_2024-9180-30p.json
case_header,CODE-2024-00128,Municipal Code,Closed -,,R1D,"700 Apple Tree Ln, Boca",064347301301501,Colleen,01/19/2024,01/22/2024,,,,,,,Closed -,,58,c:\Users\edilm\OneDrive\Desktop\Edilma Projects\LandingAI-Hack\coderisk-sf\results_folder\bocaraton\raw_json\boca_JustFOIA_Request_2024-9180-30p.json
case_header,CODE-2024-00130,Municipal Code,Closed -,,R1D,"3501 NW 3Rd Ave, Boca",064347070202402,Deiner Lobo,01/19/2024,01/25/2024,,,,,,,Closed -,,58,c:\Users\edilm\OneDrive\Desktop\Edilma Projects\LandingAI-Hack\coderisk-sf\results_folder\bocaraton\raw_json\boca_JustFOIA_Request_2024-9180-30p.json
case_header,CODE-2024-00131,Municipal Code,Closed -,,R1C,"1201 NW 4Th Ave, Boca",064347172801000,Christopher,01/20/2024,01/24/2024,,,,,,,Closed -,,58,c:\Users\edilm\OneDrive\Desktop\Edilma Projects\LandingAI-Hack\coderisk-sf\results_folder\bocaraton\raw_json\boca_JustFOIA_Request_2024-9180-30p.json
case_header,CODE-2024-00132,Municipal Code,Closed -,,RB1,2006 NW Executive Center,064247141100200,No User,01/20/2024,01/23/2024,,,,,,,Closed -,,58,c:\Users\edilm\OneDrive\Desktop\Edilma Projects\LandingAI-Hack\coderisk-sf\results_folder\bocaraton\raw_json\boca_JustFOIA_Request_2024-9180-30p.json
case_header,CODE-2024-00134,Municipal Code,Closed -,,R1D,"699 Apple Tree Ln, Boca",064347301301503,Colleen,01/21/2024,01/25/2024,,,,,,,Closed -,,58,c:\Users\edilm\OneDrive\Desktop\Edilma Projects\LandingAI-Hack\coderisk-sf\results_folder\bocaraton\raw_json\boca_JustFOIA_Request_2024-9180-30p.json
case_header,CODE-2024-00135,Municipal Code,Closed -,,R-3,"7200 NW 2Nd Ave, 0370,",064346322000003,Omari Best,01/21/2024,01/22/2024,,,,,,,Closed -,,58,c:\Users\edilm\OneDrive\Desktop\Edilma Projects\LandingAI-Hack\coderisk-sf\results_folder\bocaraton\raw_json\boca_JustFOIA_Request_2024-9180-30p.json
case_header,CODE-2024-00136,Municipal Code,Closed -,,R1G,"171 NE 11Th St, Boca",064347201400102,Derek Corcoran,01/22/2024,02/02/2024,,,,,,,Closed -,,58,c:\Users\edilm\OneDrive\Desktop\Edilma Projects\LandingAI-Hack\coderisk-sf\results_folder\bocaraton\raw_json\boca_JustFOIA_Request_2024-9180-30p.json
case_header,CODE-2024-00137,Municipal Code,Closed -,,R1G,"175 NE 11Th St, Boca",064347201400101,Derek Corcoran,01/22/2024,02/02/2024,,,,,,,Closed -,,63,c:\Users\edilm\OneDrive\Desktop\Edilma Projects\LandingAI-Hack\coderisk-sf\results_folder\bocaraton\raw_json\boca_JustFOIA_Request_2024-9180-30p.json
case_header,CODE-2024-00138,Municipal Code,Closed-,,R1G,"132 NE 11Th St, Boca",064347201400300,Derek Corcoran,01/22/2024,02/02/2024,,,,,,,Closed-,,63,c:\Users\edilm\OneDrive\Desktop\Edilma Projects\LandingAI-Hack\coderisk-sf\results_folder\bocaraton\raw_json\boca_JustFOIA_Request_2024-9180-30p.json
case_header,CODE-2024-00141,Municipal Code,Closed -,,R1G,"164 NE 12Th St, Boca",064347201400100,Derek Corcoran,01/22/2024,03/05/2024,,,,,,,Closed -,,63,c:\Users\edilm\OneDrive\Desktop\Edilma Projects\LandingAI-Hack\coderisk-sf\results_folder\bocaraton\raw_json\boca_JustFOIA_Request_2024-9180-30p.json
case_header,CODE-2024-00142,Municipal Code,Closed -,,R1B,"7669 NE Spanish Trail Ct, 064346280400064","7669 NE Spanish Trail Ct, 064346280400064",Therese Smyack,01/22/2024,01/24/2024,,,,,,,Closed -,,63,c:\Users\edilm\OneDrive\Desktop\Edilma Projects\LandingAI-Hack\coderisk-sf\results_folder\bocaraton\raw_json\boca_JustFOIA_Request_2024-9180-30p.json
case_header,CODE-2024-00143,Municipal Code,Closed-,,R1D,"5700 NW 22Nd Ave, Boca 064247020200201","5700 NW 22Nd Ave, Boca 064247020200201",William Buckley,01/22/2024,02/13/2024,,,,,,,Closed-,,63,c:\Users\edilm\OneDrive\Desktop\Edilma Projects\LandingAI-Hack\coderisk-sf\results_folder\bocaraton\raw_json\boca_JustFOIA_Request_2024-9180-30p.json
case_header,CODE-2024-00145,Municipal Code,Closed-,,R1D,"286 NE 24Th Ct, Boca",064347170401100,Austin Mann,01/22/2024,02/01/2024,,,,,,,Closed-,,63,c:\Users\edilm\OneDrive\Desktop\Edilma Projects\LandingAI-Hack\coderisk-sf\results_folder\bocaraton\raw_json\boca_JustFOIA_Request_2024-9180-30p.json
case_header,CODE-2024-00146,Municipal Code,Closed -,,DDRI,"20 N Federal Hwy, Boca 064347290100202","20 N Federal Hwy, Boca 064347290100202",Keith Benoit,01/22/2024,01/25/2024,,,,,,,Closed -,,63,c:\Users\edilm\OneDrive\Desktop\Edilma Projects\LandingAI-Hack\coderisk-sf\results_folder\bocaraton\raw_json\boca_JustFOIA_Request_2024-9180-30p.json
case_header,CODE-2024-00147,Municipal Code,Closed -,,R2,"2801 NE 2Nd Ave, Boca",064347170701300,Austin Mann,01/22/2024,02/01/2024,,,,,,,Closed -,,63,c:\Users\edilm\OneDrive\Desktop\Edilma Projects\LandingAI-Hack\coderisk-sf\results_folder\bocaraton\raw_json\boca_JustFOIA_Request_2024-9180-30p.json
case_header,CODE-2024-00149,Municipal Code,Closed -,,DDRI,10 E Palmetto Park Rd,064347290200101,Keith Benoit,01/22/2024,04/24/2024,,,,,,,Closed -,,63,c:\Users\edilm\OneDrive\Desktop\Edilma Projects\LandingAI-Hack\coderisk-sf\results_folder\bocaraton\raw_json\boca_JustFOIA_Request_2024-9180-30p.json
case_header,CODE-2024-00150,Municipal Code,Closed -,,R1D,"2098 N Conference Dr,",064247230200500,Juan Hernandez,01/22/2024,01/31/2024,,,,,,,Closed -,,68,c:\Users\edilm\OneDrive\Desktop\Edilma Projects\LandingAI-Hack\coderisk-sf\results_folder\bocaraton\raw_json\boca_JustFOIA_Request_2024-9180-30p.json
case_header,CODE-2024-00151,Municipal Code,Closed -,,R1D,"640 NW 15Th Ave, Boca 064247240301802","640 NW 15Th Ave, Boca 064247240301802",Derek Corcoran,01/22/2024,03/05/2024,,,,,,,Closed -,,68,c:\Users\edilm\OneDrive\Desktop\Edilma Projects\LandingAI-Hack\coderisk-sf\results_folder\bocaraton\raw_json\boca_JustFOIA_Request_2024-9180-30p.json
case_header,CODE-2024-00152,Municipal Code,Closed -,,R1D,"1346 NW 4Th St, Boca",064247240200900,Omari Best,01/22/2024,01/23/2024,,,,,,,Closed -,,68,c:\Users\edilm\OneDrive\Desktop\Edilma Projects\LandingAI-Hack\coderisk-sf\results_folder\bocaraton\raw_json\boca_JustFOIA_Request_2024-9180-30p.json
case_header,CODE-2024-00153,Municipal Code,Closed -,,R1D,"669 NW 15Th Ave, Boca 064247240301200","669 NW 15Th Ave, Boca 064247240301200",Omari Best,01/22/2024,01/24/2024,,,,,,,Closed -,,68,c:\Users\edilm\OneDrive\Desktop\Edilma Projects\LandingAI-Hack\coderisk-sf\results_folder\bocaraton\raw_json\boca_JustFOIA_Request_2024-9180-30p.json
case_header,CODE-2024-00154,Municipal Code,Closed -,,R1D,"661 Apple Tree Ln, Boca 064347301300101","661 Apple Tree Ln, Boca 064347301300101",Colleen,01/22/2024,01/23/2024,,,,,,,Closed -,,68,c:\Users\edilm\OneDrive\Desktop\Edilma Projects\LandingAI-Hack\coderisk-sf\results_folder\bocaraton\raw_json\boca_JustFOIA_Request_2024-9180-30p.json
case_header,CODE-2024-00155,Municipal Code,Closed -,,B4,"1666 N Federal Hwy, Boca 06434717000050","1666 N Federal Hwy, Boca 06434717000050",Omari Best,01/22/2024,01/23/2024,,,,,,,Closed -,,68,c:\Users\edilm\OneDrive\Desktop\Edilma Projects\LandingAI-Hack\coderisk-sf\results_folder\bocaraton\raw_json\boca_JustFOIA_Request_2024-9180-30p.json
case_header,CODE-2024-00156,Municipal Code,Closed-,,PL,"5400 N Dixie Hwy, CA,",064347050000052,Therese Smyack,01/22/2024,01/22/2024,,,,,,,Closed-,,68,c:\Users\edilm\OneDrive\Desktop\Edilma Projects\LandingAI-Hack\coderisk-sf\results_folder\bocaraton\raw_json\boca_JustFOIA_Request_2024-9180-30p.json
case_header,CODE-2024-00158,Municipal Code,Closed -,,R1D,"4540 N Dixie Hwy, Boca",064347080401500,Therese Smyack,01/22/2024,01/22/2024,,,,,,,Closed -,,68,c:\Users\edilm\OneDrive\Desktop\Edilma Projects\LandingAI-Hack\coderisk-sf\results_folder\bocaraton\raw_json\boca_JustFOIA_Request_2024-9180-30p.json
case_header,CODE-2024-00159,Municipal Code,Closed -,,R4,"919 Sweetwater Ln, Boca 06434716140000","919 Sweetwater Ln, Boca 06434716140000",Steven Singer,01/23/2024,02/14/2024,,,,,,,Closed -,,68,c:\Users\edilm\OneDrive\Desktop\Edilma Projects\LandingAI-Hack\coderisk-sf\results_folder\bocaraton\raw_json\boca_JustFOIA_Request_2024-9180-30p.json
case_header,CODE-2024-00160,Municipal Code Enforcement,Closed - Resolved,,R1G,,064347201400101 20,Derek Corcoran,01/23/2024,02/02/2024,,,,,,,Closed - Resolved,,73,c:\Users\edilm\OneDrive\Desktop\Edilma Projects\LandingAI-Hack\coderisk-sf\results_folder\bocaraton\raw_json\boca_JustFOIA_Request_2024-9180-30p.json
case_header,CODE-2024-00162,Municipal Code,Closed-,,R1A,"1060 Cocoanut Rd, Boca",064347290500300,Colleen,01/23/2024,01/29/2024,,,,,,,Closed-,,73,c:\Users\edilm\OneDrive\Desktop\Edilma Projects\LandingAI-Hack\coderisk-sf\results_folder\bocaraton\raw_json\boca_JustFOIA_Request_2024-9180-30p.json
case_header,CODE-2024-00163,Municipal Code,Closed-,,R2,"100 W Hidden Valley Blvd,",064346323700000,William Buckley,01/23/2024,06/25/2024,,,,,,,Closed-,,73,c:\Users\edilm\OneDrive\Desktop\Edilma Projects\LandingAI-Hack\coderisk-sf\results_folder\bocaraton\raw_json\boca_JustFOIA_Request_2024-9180-30p.json
case_header,CODE-2024-00165,Municipal Code,Closed -,,R1B,"751 NE 39Th St, Boca",064347081200210,Steven Singer,01/23/2024,02/05/2024,,,,,,,Closed -,,73,c:\Users\edilm\OneDrive\Desktop\Edilma Projects\LandingAI-Hack\coderisk-sf\results_folder\bocaraton\raw_json\boca_JustFOIA_Request_2024-9180-30p.json
case_header,CODE-2024-00166,Municipal Code,Closed -,,R4,"1000 Spanish River Rd,",064347295900100,Omari Best,01/23/2024,01/24/2024,,,,,,,Closed -,,73,c:\Users\edilm\OneDrive\Desktop\Edilma Projects\LandingAI-Hack\coderisk-sf\results_folder\bocaraton\raw_json\boca_JustFOIA_Request_2024-9180-30p.json
case_header,CODE-2024-00168,Municipal Code,Closed -,,DDRI,"45 S Federal Hwy, Boca",064347291100100,Omari Best,01/23/2024,03/20/2024,,,,,,,Closed -,,73,c:\Users\edilm\OneDrive\Desktop\Edilma Projects\LandingAI-Hack\coderisk-sf\results_folder\bocaraton\raw_json\boca_JustFOIA_Request_2024-9180-30p.json
case_header,CODE-2024-00171,Municipal Code,Closed -,,DDRI,"171 W Camino Real, Boca",064347300300900,Keith Benoit,01/24/2024,01/26/2024,,,,,,,Closed -,,73,c:\Users\edilm\OneDrive\Desktop\Edilma Projects\LandingAI-Hack\coderisk-sf\results_folder\bocaraton\raw_json\boca_JustFOIA_Request_2024-9180-30p.json
case_header,CODE-2024-00172,Municipal Code,Closed -,,R1D,"298 NE 8Th St, Boca Raton,",064347201801700,Steven Singer,01/24/2024,02/14/2024,,,,,,,Closed -,,73,c:\Users\edilm\OneDrive\Desktop\Edilma Projects\LandingAI-Hack\coderisk-sf\results_folder\bocaraton\raw_json\boca_JustFOIA_Request_2024-9180-30p.json
case_header,CODE-2024-00173,Municipal Code,Closed -,,R1B,"6500 NE 7Th Ave, Boca",064347040400300,Therese Smyack,01/24/2024,01/30/2024,,,,,,,Closed -,,73,c:\Users\edilm\OneDrive\Desktop\Edilma Projects\LandingAI-Hack\coderisk-sf\results_folder\bocaraton\raw_json\boca_JustFOIA_Request_2024-9180-30p.json
case_header,CODE-2024-00174,Municipal Code,Closed -,,RB1,"2301 N Federal Hwy, Boca",064347171000701,Austin Mann,01/24/2024,01/26/2024,,,,,,,Closed -,,73,c:\Users\edilm\OneDrive\Desktop\Edilma Projects\LandingAI-Hack\coderisk-sf\results_folder\bocaraton\raw_json\boca_JustFOIA_Request_2024-9180-30p.json
case_header,CODE-2024-00175,Municipal Code,Closed -,,R1E,"201 Ipswich St, Boca",064347050200603,Therese Smyack,01/24/2024,02/08/2024,,,,,,,Closed -,,73,c:\Users\edilm\OneDrive\Desktop\Edilma Projects\LandingAI-Hack\coderisk-sf\results_folder\bocaraton\raw_json\boca_JustFOIA_Request_2024-9180-30p.json
case_header,CODE-2024-00176,Municipal Code,Closed-,,R1E,,064347050201200,Therese Smyack,01/24/2024,02/06/2024,,,,,,,Closed-,,73,c:\Users\edilm\OneDrive\Desktop\Edilma Projects\LandingAI-Hack\coderisk-sf\results_folder\bocaraton\raw_json\boca_JustFOIA_Request_2024-9180-30p.json
case_header,CODE-2024-00178,Municipal Code Enforcement,Closed - Resolved,,R1B,"772 Glouchester St, Boca Raton, FL 33487","772 Glouchester St, Boca Raton, FL 33487",Therese Smyack,01/24/2024,01/30/2024,R1B,"772 Glouchester St, Boca Raton, FL 33487","772 Glouchester St, Boca Raton, FL 33487",,,,Closed - Resolved,,78,c:\Users\edilm\OneDrive\Desktop\Edilma Projects\LandingAI-Hack\coderisk-sf\results_folder\bocaraton\raw_json\boca_JustFOIA_Request_2024-9180-30p.json
case_header,CODE-2024-00179,Municipal Code,Closed -,,DDRI,,,Deiner Lobo,01/24/2024,01/24/2024,DDRI,,,,,,Closed -,,78,c:\Users\edilm\OneDrive\Desktop\Edilma Projects\LandingAI-Hack\coderisk-sf\results_folder\bocaraton\raw_json\boca_JustFOIA_Request_2024-9180-30p.json
case_header,CODE-2024-00180,Municipal Code Enforcement,Closed - Resolved,,DDRI,,,Deiner Lobo,01/24/2024,01/24/2024,DDRI,,,,,,Closed - Resolved,,78,c:\Users\edilm\OneDrive\Desktop\Edilma Projects\LandingAI-Hack\coderisk-sf\results_folder\bocaraton\raw_json\boca_JustFOIA_Request_2024-9180-30p.json
case_header,CODE-2024-00181,Municipal Code,Closed -,,DDRI,,,Deiner Lobo,01/24/2024,01/24/2024,DDRI,,,,,,Closed -,,78,c:\Users\edilm\OneDrive\Desktop\Edilma Projects\LandingAI-Hack\coderisk-sf\results_folder\bocaraton\raw_json\boca_JustFOIA_Request_2024-9180-30p.json
case_header,CODE-2024-00182,Municipal Code,Closed -,,R1D,"1492 SW 13Th Dr, Boca","1492 SW 13Th Dr, Boca",Colleen,01/24/2024,02/11/2024,R1D,"1492 SW 13Th Dr, Boca","1492 SW 13Th Dr, Boca",,,,Closed -,,78,c:\Users\edilm\OneDrive\Desktop\Edilma Projects\LandingAI-Hack\coderisk-sf\results_folder\bocaraton\raw_json\boca_JustFOIA_Request_2024-9180-30p.json
case_header,CODE-2024-00183,Municipal Code,Closed -,,DDRI,,,Deiner Lobo,01/24/2024,01/24/2024,DDRI,,,,,,Closed -,,78,c:\Users\edilm\OneDrive\Desktop\Edilma Projects\LandingAI-Hack\coderisk-sf\results_folder\bocaraton\raw_json\boca_JustFOIA_Request_2024-9180-30p.json
case_header,CODE-2024-00184,Municipal Code,Closed -,,DDRI,"855 S Federal Hwy, Boca","855 S Federal Hwy, Boca",Keith Benoit,01/24/2024,02/06/2024,DDRI,"855 S Federal Hwy, Boca","855 S Federal Hwy, Boca",,,,Closed -,,78,c:\Users\edilm\OneDrive\Desktop\Edilma Projects\LandingAI-Hack\coderisk-sf\results_folder\bocaraton\raw_json\boca_JustFOIA_Request_2024-9180-30p.json
case_header,CODE-2024-00185,Municipal Code,Closed -,,DDRI,,,Deiner Lobo,01/24/2024,01/24/2024,DDRI,,,,,,Closed -,,78,c:\Users\edilm\OneDrive\Desktop\Edilma Projects\LandingAI-Hack\coderisk-sf\results_folder\bocaraton\raw_json\boca_JustFOIA_Request_2024-9180-30p.json
case_header,CODE-2024-00186,Municipal Code Enforcement,Closed - Resolved,,RB1,"6501 N Federal Hwy, 1, Boca Raton, FL 33487","6501 N Federal Hwy, 1, Boca Raton, FL 33487",Therese Smyack,01/24/2024,02/26/2024,RB1,"6501 N Federal Hwy, 1, Boca Raton, FL 33487","6501 N Federal Hwy, 1, Boca Raton, FL 33487",,,,Closed - Resolved,,78,c:\Users\edilm\OneDrive\Desktop\Edilma Projects\LandingAI-Hack\coderisk-sf\results_folder\bocaraton\raw_json\boca_JustFOIA_Request_2024-9180-30p.json
case_header,CODE-2024-00196,Municipal Code Enforcement IPMC 302.1 - SANITATION. ALL EXTERIOR,Closed - Resolved Resolved,02/12/2024,RB1 02/20/2024,"561 NE 47Th St, Boca Raton, FL 33431 03/21/2024",064347082300056 10 $0.00,Austin Mann,01/25/2024,03/21/2024,,,,,,,Closed - Resolved Resolved,,95,c:\Users\edilm\OneDrive\Desktop\Edilma Projects\LandingAI-Hack\coderisk-sf\results_folder\bocaraton\raw_json\boca_JustFOIA_Request_2024-9180-30p.json
case_header,CODE-2024-00197,Municipal Code,Closed -,,R1D,"640 NW 15Th Ave, Boca 064247240301802","640 NW 15Th Ave, Boca 064247240301802",Deiner Lobo,01/25/2024,01/31/2024,,,,,,,Closed -,,95,c:\Users\edilm\OneDrive\Desktop\Edilma Projects\LandingAI-Hack\coderisk-sf\results_folder\bocaraton\raw_json\boca_JustFOIA_Request_2024-9180-30p.json
case_header,CODE-2024-00198,Municipal Code,Closed -,,R1D,"1537 NW 8Th St, Boca",064247240702001,Derek Corcoran,01/25/2024,02/02/2024,,,,,,,Closed -,,95,c:\Users\edilm\OneDrive\Desktop\Edilma Projects\LandingAI-Hack\coderisk-sf\results_folder\bocaraton\raw_json\boca_JustFOIA_Request_2024-9180-30p.json
case_header,CODE-2024-00199,Municipal Code,Closed -,,R1D,"669 NW 15Th Ave, Boca 064247240301200","669 NW 15Th Ave, Boca 064247240301200",Derek Corcoran,01/25/2024,03/05/2024,,,,,,,Closed -,,95,c:\Users\edilm\OneDrive\Desktop\Edilma Projects\LandingAI-Hack\coderisk-sf\results_folder\bocaraton\raw_json\boca_JustFOIA_Request_2024-9180-30p.json
case_header,CODE-2024-00200,Municipal Code,Closed -,,R1A,"1000 Spanish River Rd, 2F, 064347295900200","1000 Spanish River Rd, 2F, 064347295900200",Omari Best,01/25/2024,02/05/2024,,,,,,,Closed -,,95,c:\Users\edilm\OneDrive\Desktop\Edilma Projects\LandingAI-Hack\coderisk-sf\results_folder\bocaraton\raw_json\boca_JustFOIA_Request_2024-9180-30p.json
case_header,CODE-2024-00201,Municipal Code,Closed -,,R1B,"3699 NE 6Th Dr, Boca",064347080600101,Steven Singer,01/25/2024,02/08/2024,,,,,,,Closed -,,95,c:\Users\edilm\OneDrive\Desktop\Edilma Projects\LandingAI-Hack\coderisk-sf\results_folder\bocaraton\raw_json\boca_JustFOIA_Request_2024-9180-30p.json
case_header,CODE-2024-00202,Municipal Code,Closed -,,R3C,"1799 NW 2Nd Ave, Boda",064347172801601,Austin Mann,01/25/2024,03/11/2024,,,,,,,Closed -,,95,c:\Users\edilm\OneDrive\Desktop\Edilma Projects\LandingAI-Hack\coderisk-sf\results_folder\bocaraton\raw_json\boca_JustFOIA_Request_2024-9180-30p.json
case_header,CODE-2024-00203,Municipal Code,Closed -,,R1E,"325 Jeffery St, Boca Raton, 064347050200503","325 Jeffery St, Boca Raton, 064347050200503",Therese Smyack,01/25/2024,02/27/2024,,,,,,,Closed -,,95,c:\Users\edilm\OneDrive\Desktop\Edilma Projects\LandingAI-Hack\coderisk-sf\results_folder\bocaraton\raw_json\boca_JustFOIA_Request_2024-9180-30p.json
case_header,CODE-2024-00204,Municipal Code Enforcement IPMC 302.1 - SANITATION. ALL EXTERIOR PROPERTY,Closed - Resolved In Violation,01/25/2024,R1E 02/01/2024,"5890 Nottingham Rd, Boca Raton, FL 33487 064347050200400 11 $0.00","5890 Nottingham Rd, Boca Raton, FL 33487 064347050200400 11 $0.00",Therese Smyack,01/25/2024,02/01/2024,,,,,,,Closed - Resolved In Violation,,100,c:\Users\edilm\OneDrive\Desktop\Edilma Projects\LandingAI-Hack\coderisk-sf\results_folder\bocaraton\raw_json\boca_JustFOIA_Request_2024-9180-30p.json
case_header,CODE-2024-00205,Municipal Code Enforcement,Closed - Resolved,,R1E,"300 Kingsbridge St, Bo Raton, FL 33487",ca 064347050200300 10,Therese Smyack,01/25/2024,01/30/2024,,,,,,,Closed - Resolved,,100,c:\Users\edilm\OneDrive\Desktop\Edilma Projects\LandingAI-Hack\coderisk-sf\results_folder\bocaraton\raw_json\boca_JustFOIA_Request_2024-9180-30p.json
case_header,CODE-2024-00206,Municipal Code Enforcement SEC. 19-80 (7),Closed - Resolved Resolved,01/25/2024,R1C 02/12/2024,"810 NE 70Th St, Boca Raton, FL 33487 06/11/2024",064346320400501 20 $0.00,Therese Smyack,01/25/2024,06/11/2024,,,,,,,Closed - Resolved Resolved,,100,c:\Users\edilm\OneDrive\Desktop\Edilma Projects\LandingAI-Hack\coderisk-sf\results_folder\bocaraton\raw_json\boca_JustFOIA_Request_2024-9180-30p.json
case_header,CODE-2024-00207,Municipal Code,Closed -,,B-1,"717 E Palmetto Park Rd, 064347200900300","717 E Palmetto Park Rd, 064347200900300",Christopher,01/25/2024,02/23/2024,,,,,,,Closed -,,100,c:\Users\edilm\OneDrive\Desktop\Edilma Projects\LandingAI-Hack\coderisk-sf\results_folder\bocaraton\raw_json\boca_JustFOIA_Request_2024-9180-30p.json
case_header,CODE-2024-00208,Municipal Code Enforcement,Closed - Resolved,,DDRI,"100 Plaza Real, G, Boca Raton, FL 33432",064347291400100 21,Christopher Sutherland,01/25/2024,04/13/2024,,,,,,,Closed - Resolved,,100,c:\Users\edilm\OneDrive\Desktop\Edilma Projects\LandingAI-Hack\coderisk-sf\results_folder\bocaraton\raw_json\boca_JustFOIA_Request_2024-9180-30p.json
case_header,CODE-2024-00209,Municipal Code Enforcement,Closed - Resolved,,R1D,"942 SW 9Th Ter, Boca Raton, FL 33486",064247250202200 50,Colleen O'Connell-Rodriguez,01/26/2024,01/31/2024,,,,,,,Closed - Resolved,,100,c:\Users\edilm\OneDrive\Desktop\Edilma Projects\LandingAI-Hack\coderisk-sf\results_folder\bocaraton\raw_json\boca_JustFOIA_Request_2024-9180-30p.json
case_header,CODE-2024-00210,"Municipal Code Closed - DDRI 11 Plaza Real, Boca Raton, 064347296500200 Enforcement Resolved FL 33432 00 Description: Per online submitter: ""Alarm sounding for over 24 hours at the back of The Mark Apartment building by parking entrance. SE Royal Palm & SE 1st Ave."" Submitter: Monique Rambo 99 SE Mizner moniquerambo@gmail.com (215)268-2608 SeeClickFix Concern #15944251 created: 01/26/2024 6:59 AM","Municipal Code Closed - DDRI 11 Plaza Real, Boca Raton, 064347296500200 Enforcement Resolved FL 33432 00 Description: Per online submitter: ""Alarm sounding for over 24 hours at the back of The Mark Apartment building by parking entrance. SE Royal Palm & SE 1st Ave."" Submitter: Monique Rambo 99 SE Mizner moniquerambo@gmail.com (215)268-2608 SeeClickFix Concern #15944251 created: 01/26/2024 6:59 AM","Municipal Code Closed - DDRI 11 Plaza Real, Boca Raton, 064347296500200 Enforcement Resolved FL 33432 00 Description: Per online submitter: ""Alarm sounding for over 24 hours at the back of The Mark Apartment building by parking entrance. SE Royal Palm & SE 1st Ave."" Submitter: Monique Rambo 99 SE Mizner moniquerambo@gmail.com (215)268-2608 SeeClickFix Concern #15944251 created: 01/26/2024 6:59 AM","Municipal Code Closed - DDRI 11 Plaza Real, Boca Raton, 064347296500200 Enforcement Resolved FL 33432 00 Description: Per online submitter: ""Alarm sounding for over 24 hours at the back of The Mark Apartment building by parking entrance. SE Royal Palm & SE 1st Ave."" Submitter: Monique Rambo 99 SE Mizner moniquerambo@gmail.com (215)268-2608 SeeClickFix Concern #15944251 created: 01/26/2024 6:59 AM","Municipal Code Closed - DDRI 11 Plaza Real, Boca Raton, 064347296500200 Enforcement Resolved FL 33432 00 Description: Per online submitter: ""Alarm sounding for over 24 hours at the back of The Mark Apartment building by parking entrance. SE Royal Palm & SE 1st Ave."" Submitter: Monique Rambo 99 SE Mizner moniquerambo@gmail.com (215)268-2608 SeeClickFix Concern #15944251 created: 01/26/2024 6:59 AM","Municipal Code Closed - DDRI 11 Plaza Real, Boca Raton, 064347296500200 Enforcement Resolved FL 33432 00 Description: Per online submitter: ""Alarm sounding for over 24 hours at the back of The Mark Apartment building by parking entrance. SE Royal Palm & SE 1st Ave."" Submitter: Monique Rambo 99 SE Mizner moniquerambo@gmail.com (215)268-2608 SeeClickFix Concern #15944251 created: 01/26/2024 6:59 AM",Keith Benoit,01/26/2024,02/23/2024,,,,,,,"Municipal Code Closed - DDRI 11 Plaza Real, Boca Raton, 064347296500200 Enforcement Resolved FL 33432 00 Description: Per online submitter: ""Alarm sounding for over 24 hours at the back of The Mark Apartment building by parking entrance. SE Royal Palm & SE 1st Ave."" Submitter: Monique Rambo 99 SE Mizner moniquerambo@gmail.com (215)268-2608 SeeClickFix Concern #15944251 created: 01/26/2024 6:59 AM",,100,c:\Users\edilm\OneDrive\Desktop\Edilma Projects\LandingAI-Hack\coderisk-sf\results_folder\bocaraton\raw_json\boca_JustFOIA_Request_2024-9180-30p.json
case_header,CODE-2024-00211,Municipal Code Enforcement SEC. 28-1507(2),Closed - Resolved In Violation,02/02/2024,R1D 02/09/2024,"165 NW 9Th St, Boca Raton, FL 33432",064347190800801 40 $0.00,Derek Corcoran,01/26/2024,03/28/2024,,,,,,,Closed - Resolved In Violation,,100,c:\Users\edilm\OneDrive\Desktop\Edilma Projects\LandingAI-Hack\coderisk-sf\results_folder\bocaraton\raw_json\boca_JustFOIA_Request_2024-9180-30p.json
case_header,CODE-2024-00213,Municipal Code Enforcement,Closed - Resolved,,R1D,"2166 Bethel Blvd, Boca Raton, FL 33486",064247230201000 61,Juan Hernandez,01/26/2024,03/01/2024,R1D,"2166 Bethel Blvd, Boca Raton, FL 33486",064247230201000 61,,,,Closed - Resolved,,105,c:\Users\edilm\OneDrive\Desktop\Edilma Projects\LandingAI-Hack\coderisk-sf\results_folder\bocaraton\raw_json\boca_JustFOIA_Request_2024-9180-30p.json
case_header,CODE-2024-00214,Municipal Code,Closed -,,B4,"1655 N Federal Hwy, Boca 06434717000050","1655 N Federal Hwy, Boca 06434717000050",Austin Mann,01/26/2024,08/13/2024,B4,"1655 N Federal Hwy, Boca 06434717000050","1655 N Federal Hwy, Boca 06434717000050",,,,Closed -,,105,c:\Users\edilm\OneDrive\Desktop\Edilma Projects\LandingAI-Hack\coderisk-sf\results_folder\bocaraton\raw_json\boca_JustFOIA_Request_2024-9180-30p.json
case_header,CODE-2024-00215,Municipal Code,Closed -,,LIRP,"1499 W Yamato Rd, Boca 064247011700000","1499 W Yamato Rd, Boca 064247011700000",William Buckley,01/26/2024,02/08/2024,LIRP,"1499 W Yamato Rd, Boca 064247011700000","1499 W Yamato Rd, Boca 064247011700000",,,,Closed -,,105,c:\Users\edilm\OneDrive\Desktop\Edilma Projects\LandingAI-Hack\coderisk-sf\results_folder\bocaraton\raw_json\boca_JustFOIA_Request_2024-9180-30p.json
case_header,CODE-2024-00217,Municipal Code,Closed -,,DDRI,"99 SE Mizner Blvd, 116",064347295600000,Christopher,01/26/2024,02/09/2024,DDRI,"99 SE Mizner Blvd, 116",064347295600000,,,,Closed -,,105,c:\Users\edilm\OneDrive\Desktop\Edilma Projects\LandingAI-Hack\coderisk-sf\results_folder\bocaraton\raw_json\boca_JustFOIA_Request_2024-9180-30p.json
case_header,CODE-2024-00218,Municipal Code,Closed -,,DDRI,"201 SE 1St Ave, Boca",064347290600900,Christopher,01/26/2024,02/09/2024,DDRI,"201 SE 1St Ave, Boca",064347290600900,,,,Closed -,,105,c:\Users\edilm\OneDrive\Desktop\Edilma Projects\LandingAI-Hack\coderisk-sf\results_folder\bocaraton\raw_json\boca_JustFOIA_Request_2024-9180-30p.json
case_header,CODE-2024-00220,Municipal Code,Closed-,,R1D,"98 NE Spanish Trl, Boca 064347200900300","98 NE Spanish Trl, Boca 064347200900300",Scott Newman,01/27/2024,02/11/2024,R1D,"98 NE Spanish Trl, Boca 064347200900300","98 NE Spanish Trl, Boca 064347200900300",,,,Closed-,,105,c:\Users\edilm\OneDrive\Desktop\Edilma Projects\LandingAI-Hack\coderisk-sf\results_folder\bocaraton\raw_json\boca_JustFOIA_Request_2024-9180-30p.json
case_header,CODE-2024-00221,Municipal Code,Closed-,,R1D,"619 SW 3Rd St, Boca",064347300900501,Scott Newman,01/27/2024,02/06/2024,R1D,"619 SW 3Rd St, Boca",064347300900501,,,,Closed-,,105,c:\Users\edilm\OneDrive\Desktop\Edilma Projects\LandingAI-Hack\coderisk-sf\results_folder\bocaraton\raw_json\boca_JustFOIA_Request_2024-9180-30p.json
case_header,CODE-2024-00222,Municipal Code,Closed-,,R2,"2674 NE 5Th Ave, Boc",064347170400101,Scott Newman,01/27/2024,04/03/2024,R2,"2674 NE 5Th Ave, Boc",064347170400101,,,,Closed-,,105,c:\Users\edilm\OneDrive\Desktop\Edilma Projects\LandingAI-Hack\coderisk-sf\results_folder\bocaraton\raw_json\boca_JustFOIA_Request_2024-9180-30p.json
case_header,CODE-2024-00223,Municipal Code,Closed-,,R1D,"907 E Boca Raton Rd, Boca 064347200800800","907 E Boca Raton Rd, Boca 064347200800800",Christopher,01/27/2024,01/28/2024,R1D,"907 E Boca Raton Rd, Boca 064347200800800","907 E Boca Raton Rd, Boca 064347200800800",,,,Closed-,,105,c:\Users\edilm\OneDrive\Desktop\Edilma Projects\LandingAI-Hack\coderisk-sf\results_folder\bocaraton\raw_json\boca_JustFOIA_Request_2024-9180-30p.json
case_header,CODE-2024-00224,Municipal Code,Closed -,,PL,"400 N Ocean Blvd, Bod",a 064347210000200,Scott Newman,01/27/2024,01/28/2024,PL,"400 N Ocean Blvd, Bod",a 064347210000200,,,,Closed -,,105,c:\Users\edilm\OneDrive\Desktop\Edilma Projects\LandingAI-Hack\coderisk-sf\results_folder\bocaraton\raw_json\boca_JustFOIA_Request_2024-9180-30p.json
case_header,CODE-2024-00225,Municipal Code,Closed -,,DDRI,"400 N Federal Hwy, Bo",ca 064347204000100,Deiner Lobo,01/28/2024,02/08/2024,DDRI,"400 N Federal Hwy, Bo",ca 064347204000100,,,,Closed -,,105,c:\Users\edilm\OneDrive\Desktop\Edilma Projects\LandingAI-Hack\coderisk-sf\results_folder\bocaraton\raw_json\boca_JustFOIA_Request_2024-9180-30p.json
case_header,CODE-2024-00229,Municipal Code,Closed -,,DDRI,"101 E Palmetto Park Rd,","101 E Palmetto Park Rd,",Keith Benoit,01/29/2024,02/02/2024,DDRI,"101 E Palmetto Park Rd,","101 E Palmetto Park Rd,",,,,Closed -,,110,c:\Users\edilm\OneDrive\Desktop\Edilma Projects\LandingAI-Hack\coderisk-sf\results_folder\bocaraton\raw_json\boca_JustFOIA_Request_2024-9180-30p.json
case_header,CODE-2024-00230,Municipal Code Enforcement,Closed - Resolved,,R1D,"4761 NW 27Th Ave, Boca Raton, FL 33434","4761 NW 27Th Ave, Boca Raton, FL 33434",Juan Hernandez,01/29/2024,02/02/2024,R1D,"4761 NW 27Th Ave, Boca Raton, FL 33434","4761 NW 27Th Ave, Boca Raton, FL 33434",,,,Closed - Resolved,,110,c:\Users\edilm\OneDrive\Desktop\Edilma Projects\LandingAI-Hack\coderisk-sf\results_folder\bocaraton\raw_json\boca_JustFOIA_Request_2024-9180-30p.json
case_header,CODE-2024-00231,Municipal Code,Closed -,,R3 (PUD),"482 SW 9Th St, Boca","482 SW 9Th St, Boca",Colleen,01/29/2024,02/02/2024,R3 (PUD),"482 SW 9Th St, Boca","482 SW 9Th St, Boca",,,,Closed -,,110,c:\Users\edilm\OneDrive\Desktop\Edilma Projects\LandingAI-Hack\coderisk-sf\results_folder\bocaraton\raw_json\boca_JustFOIA_Request_2024-9180-30p.json
case_header,CODE-2024-00232,Municipal Code,Closed -,,R1D,"1342 NW 7Th St, Boca","1342 NW 7Th St, Boca",Scott Newman,01/29/2024,04/03/2024,R1D,"1342 NW 7Th St, Boca","1342 NW 7Th St, Boca",,,,Closed -,,110,c:\Users\edilm\OneDrive\Desktop\Edilma Projects\LandingAI-Hack\coderisk-sf\results_folder\bocaraton\raw_json\boca_JustFOIA_Request_2024-9180-30p.json
case_header,gray rectangle,"Description: Per online submitter: ""commercial vehicle stored in front of house overnight. Cars parked in front yard often."" Submitter: mike Johnston 1600 nw 5th street SeeClickfix Concern #15952489 created: 01/27/2024 1:22 PM","Description: Per online submitter: ""commercial vehicle stored in front of house overnight. Cars parked in front yard often."" Submitter: mike Johnston 1600 nw 5th street SeeClickfix Concern #15952489 created: 01/27/2024 1:22 PM","Description: Per online submitter: ""commercial vehicle stored in front of house overnight. Cars parked in front yard often."" Submitter: mike Johnston 1600 nw 5th street SeeClickfix Concern #15952489 created: 01/27/2024 1:22 PM","Description: Per online submitter: ""commercial vehicle stored in front of house overnight. Cars parked in front yard often."" Submitter: mike Johnston 1600 nw 5th street SeeClickfix Concern #15952489 created: 01/27/2024 1:22 PM","Description: Per online submitter: ""commercial vehicle stored in front of house overnight. Cars parked in front yard often."" Submitter: mike Johnston 1600 nw 5th street SeeClickfix Concern #15952489 created: 01/27/2024 1:22 PM","Description: Per online submitter: ""commercial vehicle stored in front of house overnight. Cars parked in front yard often."" Submitter: mike Johnston 1600 nw 5th street SeeClickfix Concern #15952489 created: 01/27/2024 1:22 PM","Description: Per online submitter: ""commercial vehicle stored in front of house overnight. Cars parked in front yard often."" Submitter: mike Johnston 1600 nw 5th street SeeClickfix Concern #15952489 created: 01/27/2024 1:22 PM",,,"Description: Per online submitter: ""commercial vehicle stored in front of house overnight. Cars parked in front yard often."" Submitter: mike Johnston 1600 nw 5th street SeeClickfix Concern #15952489 created: 01/27/2024 1:22 PM","Description: Per online submitter: ""commercial vehicle stored in front of house overnight. Cars parked in front yard often."" Submitter: mike Johnston 1600 nw 5th street SeeClickfix Concern #15952489 created: 01/27/2024 1:22 PM","Description: Per online submitter: ""commercial vehicle stored in front of house overnight. Cars parked in front yard often."" Submitter: mike Johnston 1600 nw 5th street SeeClickfix Concern #15952489 created: 01/27/2024 1:22 PM",,,,"Description: Per online submitter: ""commercial vehicle stored in front of house overnight. Cars parked in front yard often."" Submitter: mike Johnston 1600 nw 5th street SeeClickfix Concern #15952489 created: 01/27/2024 1:22 PM",,110,c:\Users\edilm\OneDrive\Desktop\Edilma Projects\LandingAI-Hack\coderisk-sf\results_folder\bocaraton\raw_json\boca_JustFOIA_Request_2024-9180-30p.json
case_header,gray rectangle,"Description: Per online submitter: ""commercial vehicle stored in front of house overnight. Cars parked in front yard often."" Submitter: mike Johnston 1600 nw 5th street SeeClickfix Concern #15952489 created: 01/27/2024 1:22 PM","Description: Per online submitter: ""commercial vehicle stored in front of house overnight. Cars parked in front yard often."" Submitter: mike Johnston 1600 nw 5th street SeeClickfix Concern #15952489 created: 01/27/2024 1:22 PM","Description: Per online submitter: ""commercial vehicle stored in front of house overnight. Cars parked in front yard often."" Submitter: mike Johnston 1600 nw 5th street SeeClickfix Concern #15952489 created: 01/27/2024 1:22 PM","Description: Per online submitter: ""commercial vehicle stored in front of house overnight. Cars parked in front yard often."" Submitter: mike Johnston 1600 nw 5th street SeeClickfix Concern #15952489 created: 01/27/2024 1:22 PM","Description: Per online submitter: ""commercial vehicle stored in front of house overnight. Cars parked in front yard often."" Submitter: mike Johnston 1600 nw 5th street SeeClickfix Concern #15952489 created: 01/27/2024 1:22 PM","Description: Per online submitter: ""commercial vehicle stored in front of house overnight. Cars parked in front yard often."" Submitter: mike Johnston 1600 nw 5th street SeeClickfix Concern #15952489 created: 01/27/2024 1:22 PM","Description: Per online submitter: ""commercial vehicle stored in front of house overnight. Cars parked in front yard often."" Submitter: mike Johnston 1600 nw 5th street SeeClickfix Concern #15952489 created: 01/27/2024 1:22 PM",,,"Description: Per online submitter: ""commercial vehicle stored in front of house overnight. Cars parked in front yard often."" Submitter: mike Johnston 1600 nw 5th street SeeClickfix Concern #15952489 created: 01/27/2024 1:22 PM","Description: Per online submitter: ""commercial vehicle stored in front of house overnight. Cars parked in front yard often."" Submitter: mike Johnston 1600 nw 5th street SeeClickfix Concern #15952489 created: 01/27/2024 1:22 PM","Description: Per online submitter: ""commercial vehicle stored in front of house overnight. Cars parked in front yard often."" Submitter: mike Johnston 1600 nw 5th street SeeClickfix Concern #15952489 created: 01/27/2024 1:22 PM",,,,"Description: Per online submitter: ""commercial vehicle stored in front of house overnight. Cars parked in front yard often."" Submitter: mike Johnston 1600 nw 5th street SeeClickfix Concern #15952489 created: 01/27/2024 1:22 PM",,110,c:\Users\edilm\OneDrive\Desktop\Edilma Projects\LandingAI-Hack\coderisk-sf\results_folder\bocaraton\raw_json\boca_JustFOIA_Request_2024-9180-30p.json
case_header,CODE-2024-00233,Municipal Code,Closed -,,RB1,"7720 N Federal Hwy, Boca","7720 N Federal Hwy, Boca",Therese Smyack,01/29/2024,04/22/2024,RB1,"7720 N Federal Hwy, Boca","7720 N Federal Hwy, Boca",,,,Closed -,,110,c:\Users\edilm\OneDrive\Desktop\Edilma Projects\LandingAI-Hack\coderisk-sf\results_folder\bocaraton\raw_json\boca_JustFOIA_Request_2024-9180-30p.json
case_header,CODE-2024-00237,Municipal Code,Closed -,,R1D,"1229 NW 4Th St, Boca","1229 NW 4Th St, Boca",Scott Newman,01/29/2024,02/06/2024,R1D,"1229 NW 4Th St, Boca","1229 NW 4Th St, Boca",,,,Closed -,,110,c:\Users\edilm\OneDrive\Desktop\Edilma Projects\LandingAI-Hack\coderisk-sf\results_folder\bocaraton\raw_json\boca_JustFOIA_Request_2024-9180-30p.json
case_header,CODE-2024-00238,Municipal Code,Closed -,,R1D,"2300 NE 2Nd Ave, Boca","2300 NE 2Nd Ave, Boca",Austin Mann,01/29/2024,01/29/2024,R1D,"2300 NE 2Nd Ave, Boca","2300 NE 2Nd Ave, Boca",,,,Closed -,,110,c:\Users\edilm\OneDrive\Desktop\Edilma Projects\LandingAI-Hack\coderisk-sf\results_folder\bocaraton\raw_json\boca_JustFOIA_Request_2024-9180-30p.json
case_header,CODE-2024-00241,Municipal Code,Closed-,,R1D,"2398 NE 2Nd Ave, Boca","2398 NE 2Nd Ave, Boca",Austin Mann,01/29/2024,02/13/2024,R1D,"2398 NE 2Nd Ave, Boca","2398 NE 2Nd Ave, Boca",,,,Closed-,,110,c:\Users\edilm\OneDrive\Desktop\Edilma Projects\LandingAI-Hack\coderisk-sf\results_folder\bocaraton\raw_json\boca_JustFOIA_Request_2024-9180-30p.json
case_header,CODE-2024-00243,Municipal Code,Closed -,,R1A,"800 De Soto Rd, Boca","800 De Soto Rd, Boca",No User,01/29/2024,02/05/2024,R1A,"800 De Soto Rd, Boca","800 De Soto Rd, Boca",,,,Closed -,,110,c:\Users\edilm\OneDrive\Desktop\Edilma Projects\LandingAI-Hack\coderisk-sf\results_folder\bocaraton\raw_json\boca_JustFOIA_Request_2024-9180-30p.json
case_header,CODE-2024-00245,Municipal Code Enforcement,Closed - Resolved,,R1A,"1175 Cocoanut Rd, Boca Raton, FL 33432",064347290500800 41,Colleen O'Connell-Rodrig,01/29/2024,02/20/2024,R1A,"1175 Cocoanut Rd, Boca Raton, FL 33432",064347290500800 41,,,,Closed - Resolved,,115,c:\Users\edilm\OneDrive\Desktop\Edilma Projects\LandingAI-Hack\coderisk-sf\results_folder\bocaraton\raw_json\boca_JustFOIA_Request_2024-9180-30p.json
case_header,CODE-2024-00246,Municipal Code Enforcement Description: Light,Closed - Resolved s flickering at the shopping center entranceway.,Closed - Resolved s flickering at the shopping center entranceway.,B2,"4131 N Federal Hwy, Bod Raton, FL 33431",a 064347081700100 00,Deiner Lobo,01/29/2024,02/15/2024,B2,"4131 N Federal Hwy, Bod Raton, FL 33431",a 064347081700100 00,,,,Closed - Resolved s flickering at the shopping center entranceway.,,115,c:\Users\edilm\OneDrive\Desktop\Edilma Projects\LandingAI-Hack\coderisk-sf\results_folder\bocaraton\raw_json\boca_JustFOIA_Request_2024-9180-30p.json
case_header,CODE-2024-00247,Municipal Code,Closed -,,B2,"330 NE 42Nd St, Boca",064347080403103,Therese Smyack,01/29/2024,02/29/2024,B2,"330 NE 42Nd St, Boca",064347080403103,,,,Closed -,,115,c:\Users\edilm\OneDrive\Desktop\Edilma Projects\LandingAI-Hack\coderisk-sf\results_folder\bocaraton\raw_json\boca_JustFOIA_Request_2024-9180-30p.json
case_header,CODE-2024-00248,Municipal Code Enforcement SEC. 24-30(A),Closed - Resolved In Violation,01/31/2024,R3C 02/28/2024,"1299 S Ocean Blvd, CA, Boca Raton, FL 33432",064347323300400 00,Colleen O'Connell-Rodriguez,01/30/2024,07/10/2024,R3C 02/28/2024,"1299 S Ocean Blvd, CA, Boca Raton, FL 33432",064347323300400 00,,,,Closed - Resolved In Violation,,115,c:\Users\edilm\OneDrive\Desktop\Edilma Projects\LandingAI-Hack\coderisk-sf\results_folder\bocaraton\raw_json\boca_JustFOIA_Request_2024-9180-30p.json
case_header,CODE-2024-00249,Municipal Code,Closed,,R1D,"65 NW 12Th Ave, Boca",064247240200903,Derek Corcoran,01/30/2024,04/08/2024,R1D,"65 NW 12Th Ave, Boca",064247240200903,,,,Closed,,115,c:\Users\edilm\OneDrive\Desktop\Edilma Projects\LandingAI-Hack\coderisk-sf\results_folder\bocaraton\raw_json\boca_JustFOIA_Request_2024-9180-30p.json
case_header,CODE-2024-00253,Municipal Code Enforcement Description: Ira G,Closed - Resolved R1D pss from 2698 nw 38 st complains of a commercial vehicle,Closed - Resolved R1D pss from 2698 nw 38 st complains of a commercial vehicle,Closed - Resolved R1D pss from 2698 nw 38 st complains of a commercial vehicle,"2698 NW 39Th St, Boca Raton, FL 33434",064247100501700 90,Juan Hernandez,01/30/2024,02/14/2024,Closed - Resolved R1D pss from 2698 nw 38 st complains of a commercial vehicle,"2698 NW 39Th St, Boca Raton, FL 33434",064247100501700 90,,,,Closed - Resolved R1D pss from 2698 nw 38 st complains of a commercial vehicle,,115,c:\Users\edilm\OneDrive\Desktop\Edilma Projects\LandingAI-Hack\coderisk-sf\results_folder\bocaraton\raw_json\boca_JustFOIA_Request_2024-9180-30p.json
case_header,CODE-2024-00254,Municipal Code Enforcement Description: Ref o,Closed - Resolved n swale not secured,,R1D,"151 SW 7Th Ave, Boca Raton, FL 33486",064347301001400 31,Scott Newman,01/30/2024,01/30/2024,R1D,"151 SW 7Th Ave, Boca Raton, FL 33486",064347301001400 31,,,,Closed - Resolved n swale not secured,,115,c:\Users\edilm\OneDrive\Desktop\Edilma Projects\LandingAI-Hack\coderisk-sf\results_folder\bocaraton\raw_json\boca_JustFOIA_Request_2024-9180-30p.json
case_header,CODE-2024-00255,Municipal Code Closed - Enforcement Resolved Description: Construction work on seawall. Tugboat and/or barge to navigate his boat into the open water.,Municipal Code Closed - Enforcement Resolved Description: Construction work on seawall. Tugboat and/or barge to navigate his boat into the open water.,Municipal Code Closed - Enforcement Resolved Description: Construction work on seawall. Tugboat and/or barge to navigate his boat into the open water.,R1B are being left in co,"798 Havana Dr, Boca Raton, FL 33487 064347040501202 00 mplainant's area of the seawall and he is unable","798 Havana Dr, Boca Raton, FL 33487 064347040501202 00 mplainant's area of the seawall and he is unable",Therese Smyack,01/31/2024,03/11/2024,R1B are being left in co,"798 Havana Dr, Boca Raton, FL 33487 064347040501202 00 mplainant's area of the seawall and he is unable","798 Havana Dr, Boca Raton, FL 33487 064347040501202 00 mplainant's area of the seawall and he is unable",,,,Municipal Code Closed - Enforcement Resolved Description: Construction work on seawall. Tugboat and/or barge to navigate his boat into the open water.,,115,c:\Users\edilm\OneDrive\Desktop\Edilma Projects\LandingAI-Hack\coderisk-sf\results_folder\bocaraton\raw_json\boca_JustFOIA_Request_2024-9180-30p.json
case_header,CODE-2024-00257,Municipal Code Enforcement,Closed - Resolved,,R1D,"3550 NW 5Th Ave, Boca Raton, FL 33431",064347070000051 70,Austin Mann,01/31/2024,02/07/2024,,,,,,,Closed - Resolved,,120,c:\Users\edilm\OneDrive\Desktop\Edilma Projects\LandingAI-Hack\coderisk-sf\results_folder\bocaraton\raw_json\boca_JustFOIA_Request_2024-9180-30p.json
case_header,CODE-2024-00259,Municipal Code,Closed -,,R1D,"4540 N Dixie Hwy, Boca",064347080401500,Therese Smyack,01/31/2024,01/31/2024,,,,,,,Closed -,,120,c:\Users\edilm\OneDrive\Desktop\Edilma Projects\LandingAI-Hack\coderisk-sf\results_folder\bocaraton\raw_json\boca_JustFOIA_Request_2024-9180-30p.json
case_header,CODE-2024-00261,Municipal Code,Closed-,,RB1,"488 Jeffery St, Boca Raton, 064347050200400","488 Jeffery St, Boca Raton, 064347050200400",Therese Smyack,01/31/2024,02/01/2024,,,,,,,Closed-,,120,c:\Users\edilm\OneDrive\Desktop\Edilma Projects\LandingAI-Hack\coderisk-sf\results_folder\bocaraton\raw_json\boca_JustFOIA_Request_2024-9180-30p.json
case_header,CODE-2024-00262,Municipal Code,Closed -,,R1D,"555 NW 4Th Ave, 5240,",064347191700052,Derek Corcoran,02/01/2024,06/28/2024,,,,,,,Closed -,,120,c:\Users\edilm\OneDrive\Desktop\Edilma Projects\LandingAI-Hack\coderisk-sf\results_folder\bocaraton\raw_json\boca_JustFOIA_Request_2024-9180-30p.json
case_header,CODE-2024-00263,Municipal Code,Closed -,,RB1,"7400 N Federal Hwy, Bod",a 064346321700000,Therese Smyack,02/01/2024,02/06/2024,,,,,,,Closed -,,120,c:\Users\edilm\OneDrive\Desktop\Edilma Projects\LandingAI-Hack\coderisk-sf\results_folder\bocaraton\raw_json\boca_JustFOIA_Request_2024-9180-30p.json
case_header,CODE-2024-00264,Municipal Code,Closed -,,R1A,"789 SE 31St St, Boca",064347320200900,Colleen,02/01/2024,02/08/2024,,,,,,,Closed -,,120,c:\Users\edilm\OneDrive\Desktop\Edilma Projects\LandingAI-Hack\coderisk-sf\results_folder\bocaraton\raw_json\boca_JustFOIA_Request_2024-9180-30p.json
case_header,CODE-2024-00265,Municipal Code,Closed-,,R3C,"1745 NW 4Th Ave, Boca",064347180500101,Austin Mann,02/01/2024,02/16/2024,,,,,,,Closed-,,120,c:\Users\edilm\OneDrive\Desktop\Edilma Projects\LandingAI-Hack\coderisk-sf\results_folder\bocaraton\raw_json\boca_JustFOIA_Request_2024-9180-30p.json
case_header,CODE-2024-00266,Municipal Code,Closed-,,R-3,"1800 NW 4Th Ave, Boca",,Austin Mann,02/01/2024,02/08/2024,,,,,,,Closed-,,120,c:\Users\edilm\OneDrive\Desktop\Edilma Projects\LandingAI-Hack\coderisk-sf\results_folder\bocaraton\raw_json\boca_JustFOIA_Request_2024-9180-30p.json
case_header,CODE-2024-00267,Municipal Code,Closed-,,R1A,"1401 SW 21St St, Boca",064247360256203,Deiner Lobo,02/01/2024,03/11/2024,,,,,,,Closed-,,120,c:\Users\edilm\OneDrive\Desktop\Edilma Projects\LandingAI-Hack\coderisk-sf\results_folder\bocaraton\raw_json\boca_JustFOIA_Request_2024-9180-30p.json
case_header,CODE-2024-00268,Municipal Code,Closed -,,R-3,"340 NW 19Th St, Boca",,Austin Mann,02/01/2024,02/16/2024,,,,,,,Closed -,,120,c:\Users\edilm\OneDrive\Desktop\Edilma Projects\LandingAI-Hack\coderisk-sf\results_folder\bocaraton\raw_json\boca_JustFOIA_Request_2024-9180-30p.json
case_header,CODE-2024-00269,Municipal Code,Closed-,,R1B,"190 NE 5Th Ave, Boca",064347200300000,Deiner Lobo,02/01/2024,02/07/2024,,,,,,,Closed-,,120,c:\Users\edilm\OneDrive\Desktop\Edilma Projects\LandingAI-Hack\coderisk-sf\results_folder\bocaraton\raw_json\boca_JustFOIA_Request_2024-9180-30p.json
case_header,CODE-2024-00271,Municipal Code,Closed-,,R1E,"101 Ipswich St, Boca",064347050200600,Therese Smyack,02/01/2024,02/27/2024,,,,,,,Closed-,,120,c:\Users\edilm\OneDrive\Desktop\Edilma Projects\LandingAI-Hack\coderisk-sf\results_folder\bocaraton\raw_json\boca_JustFOIA_Request_2024-9180-30p.json
case_header,CODE-2024-00272,Municipal Code,Closed -,,B2,"1700 N Dixie Hwy, Boca",064347170000070,Austin Mann,02/02/2024,02/02/2024,,,,,,,Closed -,,120,c:\Users\edilm\OneDrive\Desktop\Edilma Projects\LandingAI-Hack\coderisk-sf\results_folder\bocaraton\raw_json\boca_JustFOIA_Request_2024-9180-30p.json
case_header,CODE-2024-00274,Municipal Code Closed - Enforcement Resolved Description: Major interior work without permits per Bria Johnson.,Municipal Code Closed - Enforcement Resolved Description: Major interior work without permits per Bria Johnson.,Municipal Code Closed - Enforcement Resolved Description: Major interior work without permits per Bria Johnson.,R-3,"6850 NW 2Nd Ave, 30, Boca Raton, FL 33487",06434632250000300,William Buckley,02/02/2024,02/08/2024,,,,,,,Municipal Code Closed - Enforcement Resolved Description: Major interior work without permits per Bria Johnson.,,125,c:\Users\edilm\OneDrive\Desktop\Edilma Projects\LandingAI-Hack\coderisk-sf\results_folder\bocaraton\raw_json\boca_JustFOIA_Request_2024-9180-30p.json
case_header,CODE-2024-00275,Municipal Code Enforcement,Closed - Resolved,,R1D,"3939 NW 5Th Ave, Boc Raton, FL 33431",06434707020270202,Austin Mann,02/02/2024,02/05/2024,,,,,,,Closed - Resolved,,125,c:\Users\edilm\OneDrive\Desktop\Edilma Projects\LandingAI-Hack\coderisk-sf\results_folder\bocaraton\raw_json\boca_JustFOIA_Request_2024-9180-30p.json
case_header,CODE-2024-00276,Municipal Code Enforcement SEC. 28-1507(2),Closed - Resolved In Violation,02/02/2024,R1D 02/09/2024,"1966 Sharon St, Boca Raton, FL 33486",064247230401202 60 $0.00,Juan Hernandez,02/02/2024,02/26/2024,,,,,,,Closed - Resolved In Violation,,125,c:\Users\edilm\OneDrive\Desktop\Edilma Projects\LandingAI-Hack\coderisk-sf\results_folder\bocaraton\raw_json\boca_JustFOIA_Request_2024-9180-30p.json
case_header,CODE-2024-00277,Municipal Code Enforcement SEC. 28-1507(2),Closed - Resolved In Violation,02/02/2024,R1D 03/04/2024,"1911 N Conference Dr, Boca Raton, FL 33486",064247230300200 90 $0.00,Juan Hernandez,02/02/2024,03/14/2024,,,,,,,Closed - Resolved In Violation,,125,c:\Users\edilm\OneDrive\Desktop\Edilma Projects\LandingAI-Hack\coderisk-sf\results_folder\bocaraton\raw_json\boca_JustFOIA_Request_2024-9180-30p.json
case_header,CODE-2024-00278,Municipal Code Enforcement,Closed - Resolved,,R1D,"2107 NE 4Th Ave, Boca Raton, FL 33431",064347170900301 30,Deiner Lobo,02/02/2024,02/29/2024,,,,,,,Closed - Resolved,,125,c:\Users\edilm\OneDrive\Desktop\Edilma Projects\LandingAI-Hack\coderisk-sf\results_folder\bocaraton\raw_json\boca_JustFOIA_Request_2024-9180-30p.json
case_header,CODE-2024-00279,Municipal Code Enforcement Description: Resp,Closed - Resolved onding to police call for loud music and concert.,Closed - Resolved onding to police call for loud music and concert.,R1D,"726 E Boca Raton Rd, Boca Raton, FL 33432 064347200900300 40","726 E Boca Raton Rd, Boca Raton, FL 33432 064347200900300 40",Christopher Sutherland,02/02/2024,02/29/2024,,,,,,,Closed - Resolved onding to police call for loud music and concert.,,125,c:\Users\edilm\OneDrive\Desktop\Edilma Projects\LandingAI-Hack\coderisk-sf\results_folder\bocaraton\raw_json\boca_JustFOIA_Request_2024-9180-30p.json
case_header,CODE-2024-00280,Municipal Code Enforcement Description: Polic,Closed - Resolved DDRI Referral: loud music coming from Max Grille. (404 Plaza Real Boca Raton),Closed - Resolved DDRI Referral: loud music coming from Max Grille. (404 Plaza Real Boca Raton),Closed - Resolved DDRI Referral: loud music coming from Max Grille. (404 Plaza Real Boca Raton),Closed - Resolved DDRI Referral: loud music coming from Max Grille. (404 Plaza Real Boca Raton),,Christopher Sutherland,02/03/2024,02/23/2024,,,,,,,Closed - Resolved DDRI Referral: loud music coming from Max Grille. (404 Plaza Real Boca Raton),,125,c:\Users\edilm\OneDrive\Desktop\Edilma Projects\LandingAI-Hack\coderisk-sf\results_folder\bocaraton\raw_json\boca_JustFOIA_Request_2024-9180-30p.json
case_header,CODE-2024-00282,Municipal Code Enforcement,Closed - Resolved,,R1D,"712 E Boca Raton Rd, Raton, FL 33432",Boca 064347200900300 50,Ingrid Lee,02/03/2024,02/03/2024,,,,,,,Closed - Resolved,,125,c:\Users\edilm\OneDrive\Desktop\Edilma Projects\LandingAI-Hack\coderisk-sf\results_folder\bocaraton\raw_json\boca_JustFOIA_Request_2024-9180-30p.json
case_header,CODE-2024-00284,Municipal Code,Closed-,,RB1,"3360 N Federal Hwy, B",oca 064347080409801,Deiner Lobo,02/03/2024,07/14/2024,,,,,,,Closed-,,125,c:\Users\edilm\OneDrive\Desktop\Edilma Projects\LandingAI-Hack\coderisk-sf\results_folder\bocaraton\raw_json\boca_JustFOIA_Request_2024-9180-30p.json
case_header,CODE-2024-00285,Municipal Code,Closed -,,DDRI,"194 SE 1St Ave, Boca",064347291400100,Deiner Lobo,02/03/2024,07/17/2024,,,,,,,Closed -,,125,c:\Users\edilm\OneDrive\Desktop\Edilma Projects\LandingAI-Hack\coderisk-sf\results_folder\bocaraton\raw_json\boca_JustFOIA_Request_2024-9180-30p.json
case_header,CODE-2024-00286,Municipal Code Enforcement Description: Boca,Closed - Resolved PD Referred compla,int: Bonfire by the life guar,PL tower.,"400 N Ocean Blvd, Boc Raton, FL 33432",a 064347210000200 40,Deiner Lobo,02/03/2024,02/03/2024,,,,,,,Closed - Resolved PD Referred compla,,125,c:\Users\edilm\OneDrive\Desktop\Edilma Projects\LandingAI-Hack\coderisk-sf\results_folder\bocaraton\raw_json\boca_JustFOIA_Request_2024-9180-30p.json
case_header,CODE-2024-00292,Municipal Code Enforcement,Closed - Resolved,,R1D,"1571 SW 13Th Dr, Boca Raton, FL 33486",064247252707100 90,Colleen O'Connell-Rodriguez,02/05/2024,02/12/2024,,,,,,,Closed - Resolved,,136,c:\Users\edilm\OneDrive\Desktop\Edilma Projects\LandingAI-Hack\coderisk-sf\results_folder\bocaraton\raw_json\boca_JustFOIA_Request_2024-9180-30p.json
case_header,CODE-2024-00293,Municipal Code,Closed -,,R1D,"441 NE Spanish Ct, Boca",064347201100601,No User,02/05/2024,02/07/2024,,,,,,,Closed -,,136,c:\Users\edilm\OneDrive\Desktop\Edilma Projects\LandingAI-Hack\coderisk-sf\results_folder\bocaraton\raw_json\boca_JustFOIA_Request_2024-9180-30p.json
case_header,CODE-2024-00294,Municipal Code,Closed -,,R1D,"266 NE Spanish Ct, Boca",064347201001602,Steven Singer,02/05/2024,02/07/2024,,,,,,,Closed -,,136,c:\Users\edilm\OneDrive\Desktop\Edilma Projects\LandingAI-Hack\coderisk-sf\results_folder\bocaraton\raw_json\boca_JustFOIA_Request_2024-9180-30p.json
case_header,CODE-2024-00295,Municipal Code,Closed -,,R1D,"701 NE 2Nd St, Boca Raton, 064347200901602","701 NE 2Nd St, Boca Raton, 064347200901602",Steven Singer,02/05/2024,02/07/2024,,,,,,,Closed -,,136,c:\Users\edilm\OneDrive\Desktop\Edilma Projects\LandingAI-Hack\coderisk-sf\results_folder\bocaraton\raw_json\boca_JustFOIA_Request_2024-9180-30p.json
case_header,CODE-2024-00297,Municipal Code,Closed -,,R1D (PUD),"5665 NW 39Th Ave, Boc",a 064247040300001,William Buckley,02/05/2024,05/10/2024,,,,,,,Closed -,,136,c:\Users\edilm\OneDrive\Desktop\Edilma Projects\LandingAI-Hack\coderisk-sf\results_folder\bocaraton\raw_json\boca_JustFOIA_Request_2024-9180-30p.json
case_header,CODE-2024-00298,"Description: HOA planted olive trees and the roots have grown and caused damage in complainant's driveway and sidewalk. She would like a call (561 702-9040) before inspection. Municipal Code Closed - B-1 831 E Palmetto Park Rd, 064347200800200 Steven Singer","Description: HOA planted olive trees and the roots have grown and caused damage in complainant's driveway and sidewalk. She would like a call (561 702-9040) before inspection. Municipal Code Closed - B-1 831 E Palmetto Park Rd, 064347200800200 Steven Singer","Description: HOA planted olive trees and the roots have grown and caused damage in complainant's driveway and sidewalk. She would like a call (561 702-9040) before inspection. Municipal Code Closed - B-1 831 E Palmetto Park Rd, 064347200800200 Steven Singer","Description: HOA planted olive trees and the roots have grown and caused damage in complainant's driveway and sidewalk. She would like a call (561 702-9040) before inspection. Municipal Code Closed - B-1 831 E Palmetto Park Rd, 064347200800200 Steven Singer","Description: HOA planted olive trees and the roots have grown and caused damage in complainant's driveway and sidewalk. She would like a call (561 702-9040) before inspection. Municipal Code Closed - B-1 831 E Palmetto Park Rd, 064347200800200 Steven Singer","Description: HOA planted olive trees and the roots have grown and caused damage in complainant's driveway and sidewalk. She would like a call (561 702-9040) before inspection. Municipal Code Closed - B-1 831 E Palmetto Park Rd, 064347200800200 Steven Singer","Description: HOA planted olive trees and the roots have grown and caused damage in complainant's driveway and sidewalk. She would like a call (561 702-9040) before inspection. Municipal Code Closed - B-1 831 E Palmetto Park Rd, 064347200800200 Steven Singer",(gray box),(gray box),,,,,,,"Description: HOA planted olive trees and the roots have grown and caused damage in complainant's driveway and sidewalk. She would like a call (561 702-9040) before inspection. Municipal Code Closed - B-1 831 E Palmetto Park Rd, 064347200800200 Steven Singer",,136,c:\Users\edilm\OneDrive\Desktop\Edilma Projects\LandingAI-Hack\coderisk-sf\results_folder\bocaraton\raw_json\boca_JustFOIA_Request_2024-9180-30p.json
case_header,CODE-2024-00298,"Description: HOA planted olive trees and the roots have grown and caused damage in complainant's driveway and sidewalk. She would like a call (561 702-9040) before inspection. Municipal Code Closed - B-1 831 E Palmetto Park Rd, 064347200800200 Steven Singer","Description: HOA planted olive trees and the roots have grown and caused damage in complainant's driveway and sidewalk. She would like a call (561 702-9040) before inspection. Municipal Code Closed - B-1 831 E Palmetto Park Rd, 064347200800200 Steven Singer","Description: HOA planted olive trees and the roots have grown and caused damage in complainant's driveway and sidewalk. She would like a call (561 702-9040) before inspection. Municipal Code Closed - B-1 831 E Palmetto Park Rd, 064347200800200 Steven Singer","Description: HOA planted olive trees and the roots have grown and caused damage in complainant's driveway and sidewalk. She would like a call (561 702-9040) before inspection. Municipal Code Closed - B-1 831 E Palmetto Park Rd, 064347200800200 Steven Singer","Description: HOA planted olive trees and the roots have grown and caused damage in complainant's driveway and sidewalk. She would like a call (561 702-9040) before inspection. Municipal Code Closed - B-1 831 E Palmetto Park Rd, 064347200800200 Steven Singer","Description: HOA planted olive trees and the roots have grown and caused damage in complainant's driveway and sidewalk. She would like a call (561 702-9040) before inspection. Municipal Code Closed - B-1 831 E Palmetto Park Rd, 064347200800200 Steven Singer","Description: HOA planted olive trees and the roots have grown and caused damage in complainant's driveway and sidewalk. She would like a call (561 702-9040) before inspection. Municipal Code Closed - B-1 831 E Palmetto Park Rd, 064347200800200 Steven Singer",02/05/2024,03/06/2024,,,,,,,"Description: HOA planted olive trees and the roots have grown and caused damage in complainant's driveway and sidewalk. She would like a call (561 702-9040) before inspection. Municipal Code Closed - B-1 831 E Palmetto Park Rd, 064347200800200 Steven Singer",,136,c:\Users\edilm\OneDrive\Desktop\Edilma Projects\LandingAI-Hack\coderisk-sf\results_folder\bocaraton\raw_json\boca_JustFOIA_Request_2024-9180-30p.json
case_header,CODE-2024-00299,"Submitter: Monique Rambo moniquerambo@gmail.com (215)268-2608 99 SE Mizner Blvd. SeeclickFix Concern #15996652 created: 02/04/2024 8:44 AM Municipal Code Closed - R1C 831 NE 72Nd St, Boca","Submitter: Monique Rambo moniquerambo@gmail.com (215)268-2608 99 SE Mizner Blvd. SeeclickFix Concern #15996652 created: 02/04/2024 8:44 AM Municipal Code Closed - R1C 831 NE 72Nd St, Boca","Submitter: Monique Rambo moniquerambo@gmail.com (215)268-2608 99 SE Mizner Blvd. SeeclickFix Concern #15996652 created: 02/04/2024 8:44 AM Municipal Code Closed - R1C 831 NE 72Nd St, Boca","Submitter: Monique Rambo moniquerambo@gmail.com (215)268-2608 99 SE Mizner Blvd. SeeclickFix Concern #15996652 created: 02/04/2024 8:44 AM Municipal Code Closed - R1C 831 NE 72Nd St, Boca","Submitter: Monique Rambo moniquerambo@gmail.com (215)268-2608 99 SE Mizner Blvd. SeeclickFix Concern #15996652 created: 02/04/2024 8:44 AM Municipal Code Closed - R1C 831 NE 72Nd St, Boca",,,,,,,,,,,"Submitter: Monique Rambo moniquerambo@gmail.com (215)268-2608 99 SE Mizner Blvd. SeeclickFix Concern #15996652 created: 02/04/2024 8:44 AM Municipal Code Closed - R1C 831 NE 72Nd St, Boca",,136,c:\Users\edilm\OneDrive\Desktop\Edilma Projects\LandingAI-Hack\coderisk-sf\results_folder\bocaraton\raw_json\boca_JustFOIA_Request_2024-9180-30p.json
case_header,CODE-2024-00299,"Submitter: Monique Rambo moniquerambo@gmail.com (215)268-2608 99 SE Mizner Blvd. SeeclickFix Concern #15996652 created: 02/04/2024 8:44 AM Municipal Code Closed - R1C 831 NE 72Nd St, Boca","Submitter: Monique Rambo moniquerambo@gmail.com (215)268-2608 99 SE Mizner Blvd. SeeclickFix Concern #15996652 created: 02/04/2024 8:44 AM Municipal Code Closed - R1C 831 NE 72Nd St, Boca","Submitter: Monique Rambo moniquerambo@gmail.com (215)268-2608 99 SE Mizner Blvd. SeeclickFix Concern #15996652 created: 02/04/2024 8:44 AM Municipal Code Closed - R1C 831 NE 72Nd St, Boca","Submitter: Monique Rambo moniquerambo@gmail.com (215)268-2608 99 SE Mizner Blvd. SeeclickFix Concern #15996652 created: 02/04/2024 8:44 AM Municipal Code Closed - R1C 831 NE 72Nd St, Boca","Submitter: Monique Rambo moniquerambo@gmail.com (215)268-2608 99 SE Mizner Blvd. SeeclickFix Concern #15996652 created: 02/04/2024 8:44 AM Municipal Code Closed - R1C 831 NE 72Nd St, Boca",064346330100200,Therese Smyack,02/05/2024,04/02/2024,,,,,,,"Submitter: Monique Rambo moniquerambo@gmail.com (215)268-2608 99 SE Mizner Blvd. SeeclickFix Concern #15996652 created: 02/04/2024 8:44 AM Municipal Code Closed - R1C 831 NE 72Nd St, Boca",,136,c:\Users\edilm\OneDrive\Desktop\Edilma Projects\LandingAI-Hack\coderisk-sf\results_folder\bocaraton\raw_json\boca_JustFOIA_Request_2024-9180-30p.json
case_header,CODE-2024-00302,Municipal Code,Closed -,,R1C,"785 NE 71St St, Boca",064346320100300,Therese Smyack,02/05/2024,02/21/2024,,,,,,,Closed -,,136,c:\Users\edilm\OneDrive\Desktop\Edilma Projects\LandingAI-Hack\coderisk-sf\results_folder\bocaraton\raw_json\boca_JustFOIA_Request_2024-9180-30p.json
case_header,CODE-2024-00303,Municipal Code,Closed -,,PT,"100 NE 15Th Ter, Boca",064347201200200,No User,02/05/2024,02/27/2024,,,,,,,Closed -,,136,c:\Users\edilm\OneDrive\Desktop\Edilma Projects\LandingAI-Hack\coderisk-sf\results_folder\bocaraton\raw_json\boca_JustFOIA_Request_2024-9180-30p.json
case_header,CODE-2024-00304,Municipal Code,Closed -,,MC,"5800 NW 2Nd Ave, Boca",064347050300100,Omari Best,02/05/2024,02/06/2024,,,,,,,Closed -,,136,c:\Users\edilm\OneDrive\Desktop\Edilma Projects\LandingAI-Hack\coderisk-sf\results_folder\bocaraton\raw_json\boca_JustFOIA_Request_2024-9180-30p.json
case_header,CODE-2024-00306,Municipal Code,Closed -,,R1D,"1537 NW 8Th St, Boca",064247240702001,Derek Corcoran,02/06/2024,03/05/2024,,,,,,,Closed -,,136,c:\Users\edilm\OneDrive\Desktop\Edilma Projects\LandingAI-Hack\coderisk-sf\results_folder\bocaraton\raw_json\boca_JustFOIA_Request_2024-9180-30p.json
case_header,CODE-2024-00310,Municipal Code,Closed -,,R1D,"2548 NW 37Th St, Boca 064247100101","2548 NW 37Th St, Boca 064247100101",Juan Hernandez,02/06/2024,02/14/2024,R1D,"2548 NW 37Th St, Boca 064247100101","2548 NW 37Th St, Boca 064247100101",,,,Closed -,,141,c:\Users\edilm\OneDrive\Desktop\Edilma Projects\LandingAI-Hack\coderisk-sf\results_folder\bocaraton\raw_json\boca_JustFOIA_Request_2024-9180-30p.json
case_header,CODE-2024-00311,Municipal Code,Closed-,,DDRI,"136 E Boca Raton Rd, Boca 064347202800003","136 E Boca Raton Rd, Boca 064347202800003",No User,02/06/2024,02/23/2024,DDRI,"136 E Boca Raton Rd, Boca 064347202800003","136 E Boca Raton Rd, Boca 064347202800003",,,,Closed-,,141,c:\Users\edilm\OneDrive\Desktop\Edilma Projects\LandingAI-Hack\coderisk-sf\results_folder\bocaraton\raw_json\boca_JustFOIA_Request_2024-9180-30p.json
case_header,CODE-2024-00312,Municipal Code,Closed -,,R1D,"2500 Timbercreek Cir, Boca 06424711020022","2500 Timbercreek Cir, Boca 06424711020022",Juan Hernandez,02/06/2024,02/26/2024,R1D,"2500 Timbercreek Cir, Boca 06424711020022","2500 Timbercreek Cir, Boca 06424711020022",,,,Closed -,,141,c:\Users\edilm\OneDrive\Desktop\Edilma Projects\LandingAI-Hack\coderisk-sf\results_folder\bocaraton\raw_json\boca_JustFOIA_Request_2024-9180-30p.json
case_header,CODE-2024-00314,Municipal Code,Closed -,,R1D,"201 NE 4Th Ave, Boca",064347203500100,Steven Singer,02/06/2024,02/16/2024,R1D,"201 NE 4Th Ave, Boca",064347203500100,,,,Closed -,,141,c:\Users\edilm\OneDrive\Desktop\Edilma Projects\LandingAI-Hack\coderisk-sf\results_folder\bocaraton\raw_json\boca_JustFOIA_Request_2024-9180-30p.json
case_header,CODE-2024-00316,Municipal Code,Closed-,,DDRI,"281 N Federal Hwy, 1,",064347202700303,Scott Newman,02/06/2024,02/06/2024,DDRI,"281 N Federal Hwy, 1,",064347202700303,,,,Closed-,,141,c:\Users\edilm\OneDrive\Desktop\Edilma Projects\LandingAI-Hack\coderisk-sf\results_folder\bocaraton\raw_json\boca_JustFOIA_Request_2024-9180-30p.json
case_header,CODE-2024-00317,Municipal Code,Closed -,,RB1,"6198 N Federal Hwy, Boca 064347050201800","6198 N Federal Hwy, Boca 064347050201800",No User,02/07/2024,02/26/2024,RB1,"6198 N Federal Hwy, Boca 064347050201800","6198 N Federal Hwy, Boca 064347050201800",,,,Closed -,,141,c:\Users\edilm\OneDrive\Desktop\Edilma Projects\LandingAI-Hack\coderisk-sf\results_folder\bocaraton\raw_json\boca_JustFOIA_Request_2024-9180-30p.json
case_header,CODE-2024-00326,Municipal Code Enforcement Description: per caller EUROPEAN AUTO REPAIR CENTER is operating without a motor vehicle repair license. Also stats new AC units added buy cutting into the walls. Caller Gary Bemiss at 10793 N BRANCH RD.,Municipal Code Enforcement Description: per caller EUROPEAN AUTO REPAIR CENTER is operating without a motor vehicle repair license. Also stats new AC units added buy cutting into the walls. Caller Gary Bemiss at 10793 N BRANCH RD.,Municipal Code Enforcement Description: per caller EUROPEAN AUTO REPAIR CENTER is operating without a motor vehicle repair license. Also stats new AC units added buy cutting into the walls. Caller Gary Bemiss at 10793 N BRANCH RD.,Municipal Code Enforcement Description: per caller EUROPEAN AUTO REPAIR CENTER is operating without a motor vehicle repair license. Also stats new AC units added buy cutting into the walls. Caller Gary Bemiss at 10793 N BRANCH RD.,Municipal Code Enforcement Description: per caller EUROPEAN AUTO REPAIR CENTER is operating without a motor vehicle repair license. Also stats new AC units added buy cutting into the walls. Caller Gary Bemiss at 10793 N BRANCH RD.,Municipal Code Enforcement Description: per caller EUROPEAN AUTO REPAIR CENTER is operating without a motor vehicle repair license. Also stats new AC units added buy cutting into the walls. Caller Gary Bemiss at 10793 N BRANCH RD.,Keith Benoit,02/07/2024,03/08/2024,Municipal Code Enforcement Description: per caller EUROPEAN AUTO REPAIR CENTER is operating without a motor vehicle repair license. Also stats new AC units added buy cutting into the walls. Caller Gary Bemiss at 10793 N BRANCH RD.,Municipal Code Enforcement Description: per caller EUROPEAN AUTO REPAIR CENTER is operating without a motor vehicle repair license. Also stats new AC units added buy cutting into the walls. Caller Gary Bemiss at 10793 N BRANCH RD.,Municipal Code Enforcement Description: per caller EUROPEAN AUTO REPAIR CENTER is operating without a motor vehicle repair license. Also stats new AC units added buy cutting into the walls. Caller Gary Bemiss at 10793 N BRANCH RD.,,,,Municipal Code Enforcement Description: per caller EUROPEAN AUTO REPAIR CENTER is operating without a motor vehicle repair license. Also stats new AC units added buy cutting into the walls. Caller Gary Bemiss at 10793 N BRANCH RD.,,152,c:\Users\edilm\OneDrive\Desktop\Edilma Projects\LandingAI-Hack\coderisk-sf\results_folder\bocaraton\raw_json\boca_JustFOIA_Request_2024-9180-30p.json
case_header,CODE-2024-00327,Municipal Code Enforcement SEC. 24-6,Closed - Resolved In Violation,02/07/2024,M2 02/14/2024,"154 NW 20Th St, Boca 064347172901800 Raton, FL 33432 42 02/12/2024 $0.00","154 NW 20Th St, Boca 064347172901800 Raton, FL 33432 42 02/12/2024 $0.00",Omari Best,02/07/2024,02/12/2024,M2 02/14/2024,"154 NW 20Th St, Boca 064347172901800 Raton, FL 33432 42 02/12/2024 $0.00","154 NW 20Th St, Boca 064347172901800 Raton, FL 33432 42 02/12/2024 $0.00",,,,Closed - Resolved In Violation,,152,c:\Users\edilm\OneDrive\Desktop\Edilma Projects\LandingAI-Hack\coderisk-sf\results_folder\bocaraton\raw_json\boca_JustFOIA_Request_2024-9180-30p.json
case_header,CODE-2024-00328,Municipal Code,Closed -,,M2,"1990 NW 1St Ave, Boca",064347171100500,Omari Best,02/07/2024,05/15/2024,M2,"1990 NW 1St Ave, Boca",064347171100500,,,,Closed -,,152,c:\Users\edilm\OneDrive\Desktop\Edilma Projects\LandingAI-Hack\coderisk-sf\results_folder\bocaraton\raw_json\boca_JustFOIA_Request_2024-9180-30p.json
case_header,CODE-2024-00329,Municipal Code,Closed -,,R2,"2800 NE 5Th Ave, Boca",064347170701400,Omari Best,02/07/2024,02/12/2024,R2,"2800 NE 5Th Ave, Boca",064347170701400,,,,Closed -,,152,c:\Users\edilm\OneDrive\Desktop\Edilma Projects\LandingAI-Hack\coderisk-sf\results_folder\bocaraton\raw_json\boca_JustFOIA_Request_2024-9180-30p.json
case_header,CODE-2024-00330,Municipal Code,Closed -,,DDRI,"1 S Federal Hwy, Boca",064347291100100,Deiner Lobo,02/07/2024,02/07/2024,DDRI,"1 S Federal Hwy, Boca",064347291100100,,,,Closed -,,152,c:\Users\edilm\OneDrive\Desktop\Edilma Projects\LandingAI-Hack\coderisk-sf\results_folder\bocaraton\raw_json\boca_JustFOIA_Request_2024-9180-30p.json
case_header,CODE-2024-00331,Municipal Code Enforcement,Closed - Resolved,,DDRI,,,Deiner Lobo,02/07/2024,02/07/2024,DDRI,,,,,,Closed - Resolved,,152,c:\Users\edilm\OneDrive\Desktop\Edilma Projects\LandingAI-Hack\coderisk-sf\results_folder\bocaraton\raw_json\boca_JustFOIA_Request_2024-9180-30p.json
case_header,CODE-2024-00331,Description: Routine Patrol: Bottom of the traffic light pole located at the North West corner of the intersection (SE 2nd ST and NE Mizner Blvd) was tagged with prohibited advertising sticker.,Description: Routine Patrol: Bottom of the traffic light pole located at the North West corner of the intersection (SE 2nd ST and NE Mizner Blvd) was tagged with prohibited advertising sticker.,Description: Routine Patrol: Bottom of the traffic light pole located at the North West corner of the intersection (SE 2nd ST and NE Mizner Blvd) was tagged with prohibited advertising sticker.,Description: Routine Patrol: Bottom of the traffic light pole located at the North West corner of the intersection (SE 2nd ST and NE Mizner Blvd) was tagged with prohibited advertising sticker.,Description: Routine Patrol: Bottom of the traffic light pole located at the North West corner of the intersection (SE 2nd ST and NE Mizner Blvd) was tagged with prohibited advertising sticker.,Description: Routine Patrol: Bottom of the traffic light pole located at the North West corner of the intersection (SE 2nd ST and NE Mizner Blvd) was tagged with prohibited advertising sticker.,,,,Description: Routine Patrol: Bottom of the traffic light pole located at the North West corner of the intersection (SE 2nd ST and NE Mizner Blvd) was tagged with prohibited advertising sticker.,Description: Routine Patrol: Bottom of the traffic light pole located at the North West corner of the intersection (SE 2nd ST and NE Mizner Blvd) was tagged with prohibited advertising sticker.,Description: Routine Patrol: Bottom of the traffic light pole located at the North West corner of the intersection (SE 2nd ST and NE Mizner Blvd) was tagged with prohibited advertising sticker.,,,,Description: Routine Patrol: Bottom of the traffic light pole located at the North West corner of the intersection (SE 2nd ST and NE Mizner Blvd) was tagged with prohibited advertising sticker.,,152,c:\Users\edilm\OneDrive\Desktop\Edilma Projects\LandingAI-Hack\coderisk-sf\results_folder\bocaraton\raw_json\boca_JustFOIA_Request_2024-9180-30p.json
case_header,CODE-2024-00332,Municipal Code,Closed -,,DDRI,"72 N Federal Hwy, Boса",064347202700100,Deiner Lobo,02/07/2024,02/07/2024,DDRI,"72 N Federal Hwy, Boса",064347202700100,,,,Closed -,,152,c:\Users\edilm\OneDrive\Desktop\Edilma Projects\LandingAI-Hack\coderisk-sf\results_folder\bocaraton\raw_json\boca_JustFOIA_Request_2024-9180-30p.json
case_header,CODE-2024-00333,Municipal Code,Closed -,,RB1,"2831 N Federal Hwy, 5,",064347170600200,Austin Mann,02/08/2024,02/12/2024,RB1,"2831 N Federal Hwy, 5,",064347170600200,,,,Closed -,,152,c:\Users\edilm\OneDrive\Desktop\Edilma Projects\LandingAI-Hack\coderisk-sf\results_folder\bocaraton\raw_json\boca_JustFOIA_Request_2024-9180-30p.json
case_header,CODE-2024-00334,Municipal Code Enforcement,Closed - Resolved,,R3 (PUD),"711 NE Harbour Ter, 4060, 064347171700040 Boca Raton, FL 33431 60","711 NE Harbour Ter, 4060, 064347171700040 Boca Raton, FL 33431 60",Steven Singer,02/08/2024,03/05/2024,R3 (PUD),"711 NE Harbour Ter, 4060, 064347171700040 Boca Raton, FL 33431 60","711 NE Harbour Ter, 4060, 064347171700040 Boca Raton, FL 33431 60",,,,Closed - Resolved,,152,c:\Users\edilm\OneDrive\Desktop\Edilma Projects\LandingAI-Hack\coderisk-sf\results_folder\bocaraton\raw_json\boca_JustFOIA_Request_2024-9180-30p.json
case_header,CODE-2024-00336,Municipal Code,Closed -,,R1D,"1318 NW 4Th St, Boca","1318 NW 4Th St, Boca",Derek Corcoran,02/08/2024,03/05/2024,R1D,"1318 NW 4Th St, Boca","1318 NW 4Th St, Boca",,,,Closed -,,157,c:\Users\edilm\OneDrive\Desktop\Edilma Projects\LandingAI-Hack\coderisk-sf\results_folder\bocaraton\raw_json\boca_JustFOIA_Request_2024-9180-30p.json
case_header,CODE-2024-00337,Municipal Code,Closed -,,R1D,"1365 NW 4Th St, Boca","1365 NW 4Th St, Boca",Derek Corcoran,02/08/2024,06/27/2024,R1D,"1365 NW 4Th St, Boca","1365 NW 4Th St, Boca",,,,Closed -,,157,c:\Users\edilm\OneDrive\Desktop\Edilma Projects\LandingAI-Hack\coderisk-sf\results_folder\bocaraton\raw_json\boca_JustFOIA_Request_2024-9180-30p.json
case_header,CODE-2024-00338,Municipal Code,Closed -,,R1D,"1373 NW 4Th St, Boca","1373 NW 4Th St, Boca",Derek Corcoran,02/08/2024,06/28/2024,R1D,"1373 NW 4Th St, Boca","1373 NW 4Th St, Boca",,,,Closed -,,157,c:\Users\edilm\OneDrive\Desktop\Edilma Projects\LandingAI-Hack\coderisk-sf\results_folder\bocaraton\raw_json\boca_JustFOIA_Request_2024-9180-30p.json
case_header,CODE-2024-00339,Municipal Code,Closed -,,R1D,"4832 NW 25Th Way, Boda","4832 NW 25Th Way, Boda",Juan Hernandez,02/08/2024,03/04/2024,R1D,"4832 NW 25Th Way, Boda","4832 NW 25Th Way, Boda",,,,Closed -,,157,c:\Users\edilm\OneDrive\Desktop\Edilma Projects\LandingAI-Hack\coderisk-sf\results_folder\bocaraton\raw_json\boca_JustFOIA_Request_2024-9180-30p.json
case_header,CODE-2024-00340,Municipal Code,Closed -,,R1D,"1284 NW 4Th St, Boca","1284 NW 4Th St, Boca",Derek Corcoran,02/08/2024,03/05/2024,R1D,"1284 NW 4Th St, Boca","1284 NW 4Th St, Boca",,,,Closed -,,157,c:\Users\edilm\OneDrive\Desktop\Edilma Projects\LandingAI-Hack\coderisk-sf\results_folder\bocaraton\raw_json\boca_JustFOIA_Request_2024-9180-30p.json
case_header,CODE-2024-00341,Municipal Code,Closed -,,B-1,"765 Jeffery St, Boca Raton,","765 Jeffery St, Boca Raton,",Therese Smyack,02/08/2024,08/13/2024,B-1,"765 Jeffery St, Boca Raton,","765 Jeffery St, Boca Raton,",,,,Closed -,,157,c:\Users\edilm\OneDrive\Desktop\Edilma Projects\LandingAI-Hack\coderisk-sf\results_folder\bocaraton\raw_json\boca_JustFOIA_Request_2024-9180-30p.json
case_header,CODE-2024-00342,Municipal Code,Closed -,,R2,"680 Ipswich St, Boca","680 Ipswich St, Boca",Therese Smyack,02/08/2024,08/03/2024,R2,"680 Ipswich St, Boca","680 Ipswich St, Boca",,,,Closed -,,157,c:\Users\edilm\OneDrive\Desktop\Edilma Projects\LandingAI-Hack\coderisk-sf\results_folder\bocaraton\raw_json\boca_JustFOIA_Request_2024-9180-30p.json
case_header,CODE-2024-00347,Municipal Code Enforcement Description: Parkin,Closed - Resolved g on Grass,,R1D,"636 NW 12Th Ter, Boca Raton, FL 33486",064247240200303 80,Christopher Sutherland,02/08/2024,02/29/2024,R1D,"636 NW 12Th Ter, Boca Raton, FL 33486",064247240200303 80,,,,Closed - Resolved g on Grass,,162,c:\Users\edilm\OneDrive\Desktop\Edilma Projects\LandingAI-Hack\coderisk-sf\results_folder\bocaraton\raw_json\boca_JustFOIA_Request_2024-9180-30p.json
case_header,CODE-2024-00348,Municipal Code Enforcement Description: Inspe,Closed - Resolved t for Code Violation: Parking on the grass.,Closed - Resolved t for Code Violation: Parking on the grass.,R1D,"633 NW 12Th Ter, Boca Raton, FL 33486",064247240200400 80,Christopher Sutherland,02/08/2024,02/23/2024,R1D,"633 NW 12Th Ter, Boca Raton, FL 33486",064247240200400 80,,,,Closed - Resolved t for Code Violation: Parking on the grass.,,162,c:\Users\edilm\OneDrive\Desktop\Edilma Projects\LandingAI-Hack\coderisk-sf\results_folder\bocaraton\raw_json\boca_JustFOIA_Request_2024-9180-30p.json
case_header,CODE-2024-00349,Municipal Code Enforcement Description: Inspe,Closed - Resolved t for Violation: Commercial vehicle and parking,Closed - Resolved t for Violation: Commercial vehicle and parking,R1D on grass,"599 NW 13Th Dr, Boca Raton, FL 33486",064247240200702 50,Christopher Sutherland,02/08/2024,03/16/2024,R1D on grass,"599 NW 13Th Dr, Boca Raton, FL 33486",064247240200702 50,,,,Closed - Resolved t for Violation: Commercial vehicle and parking,,162,c:\Users\edilm\OneDrive\Desktop\Edilma Projects\LandingAI-Hack\coderisk-sf\results_folder\bocaraton\raw_json\boca_JustFOIA_Request_2024-9180-30p.json
case_header,CODE-2024-00350,Municipal Code Enforcement Description: Inspe,Closed - Resolved t for Violation: parking on grass,Closed - Resolved t for Violation: parking on grass,R1D,"651 NW 14Th Ave, Boca Raton, FL 33486",064247240301800 20,Christopher Sutherland,02/08/2024,03/02/2024,R1D,"651 NW 14Th Ave, Boca Raton, FL 33486",064247240301800 20,,,,Closed - Resolved t for Violation: parking on grass,,162,c:\Users\edilm\OneDrive\Desktop\Edilma Projects\LandingAI-Hack\coderisk-sf\results_folder\bocaraton\raw_json\boca_JustFOIA_Request_2024-9180-30p.json
case_header,CODE-2024-00351,Municipal Code Enforcement Description: Inspe,Closed - Resolved t for Violation: Commercial vehicle,Closed - Resolved t for Violation: Commercial vehicle,R1D,"528 NW 15Th Ct, Boca Raton, FL 33486",064247240301201 00,Christopher Sutherland,02/08/2024,03/01/2024,R1D,"528 NW 15Th Ct, Boca Raton, FL 33486",064247240301201 00,,,,Closed - Resolved t for Violation: Commercial vehicle,,162,c:\Users\edilm\OneDrive\Desktop\Edilma Projects\LandingAI-Hack\coderisk-sf\results_folder\bocaraton\raw_json\boca_JustFOIA_Request_2024-9180-30p.json
case_header,CODE-2024-00353,Municipal Code Enforcement Description: Inspe,Closed - Resolved t for Violation: Commercial vehicle,Closed - Resolved t for Violation: Commercial vehicle,R1D,"640 NW 16Th Ave, Boca Raton, FL 33486",064247240301301 40,Christopher Sutherland,02/08/2024,02/29/2024,R1D,"640 NW 16Th Ave, Boca Raton, FL 33486",064247240301301 40,,,,Closed - Resolved t for Violation: Commercial vehicle,,162,c:\Users\edilm\OneDrive\Desktop\Edilma Projects\LandingAI-Hack\coderisk-sf\results_folder\bocaraton\raw_json\boca_JustFOIA_Request_2024-9180-30p.json
case_header,CODE-2024-00354,Municipal Code Enforcement Description: Inspe,Closed - Resolved t for Violation: Parking on grass,Closed - Resolved t for Violation: Parking on grass,R1D,"669 NW 16Th Ct, Boca Raton, FL 33486",064247240301500 12,Christopher Sutherland,02/08/2024,02/29/2024,R1D,"669 NW 16Th Ct, Boca Raton, FL 33486",064247240301500 12,,,,Closed - Resolved t for Violation: Parking on grass,,162,c:\Users\edilm\OneDrive\Desktop\Edilma Projects\LandingAI-Hack\coderisk-sf\results_folder\bocaraton\raw_json\boca_JustFOIA_Request_2024-9180-30p.json
case_header,CODE-2024-00355,Municipal Code Enforcement Description: Inspe,Closed - Resolved t for Violation: Parking on ROW,Closed - Resolved t for Violation: Parking on ROW,R1D,"1661 NW 7Th St, Boca Raton, FL 33486",064247240301701 00,Christopher Sutherland,02/08/2024,03/02/2024,R1D,"1661 NW 7Th St, Boca Raton, FL 33486",064247240301701 00,,,,Closed - Resolved t for Violation: Parking on ROW,,162,c:\Users\edilm\OneDrive\Desktop\Edilma Projects\LandingAI-Hack\coderisk-sf\results_folder\bocaraton\raw_json\boca_JustFOIA_Request_2024-9180-30p.json
case_header,CODE-2024-00356,Municipal Code Enforcement Description: Inspe,Closed - Resolved t for Violation: Parking on grass,Closed - Resolved t for Violation: Parking on grass,R1D,"1630 NW 9Th St, Boca Raton, FL 33486",064247240702000 60,Christopher Sutherland,02/08/2024,03/07/2024,R1D,"1630 NW 9Th St, Boca Raton, FL 33486",064247240702000 60,,,,Closed - Resolved t for Violation: Parking on grass,,162,c:\Users\edilm\OneDrive\Desktop\Edilma Projects\LandingAI-Hack\coderisk-sf\results_folder\bocaraton\raw_json\boca_JustFOIA_Request_2024-9180-30p.json
case_header,CODE-2024-00357,Municipal Code Enforcement Description: Inspe,Closed - Resolved t for Violation: Parking on grass,Closed - Resolved t for Violation: Parking on grass,R1D,"1541 NW 9Th St, Boca Raton, FL 33486",064247240702101 20,Christopher Sutherland,02/08/2024,02/23/2024,R1D,"1541 NW 9Th St, Boca Raton, FL 33486",064247240702101 20,,,,Closed - Resolved t for Violation: Parking on grass,,162,c:\Users\edilm\OneDrive\Desktop\Edilma Projects\LandingAI-Hack\coderisk-sf\results_folder\bocaraton\raw_json\boca_JustFOIA_Request_2024-9180-30p.json
case_header,CODE-2024-00358,Municipal Code Enforcement Description: Inspe,Closed - Resolved t for Violation: comm,ercial vehicle,R1D,"1561 NW 9Th St, Boca Raton, FL 33486",064247240702101 30,Christopher Sutherland,02/08/2024,03/02/2024,R1D,"1561 NW 9Th St, Boca Raton, FL 33486",064247240702101 30,,,,Closed - Resolved t for Violation: comm,,162,c:\Users\edilm\OneDrive\Desktop\Edilma Projects\LandingAI-Hack\coderisk-sf\results_folder\bocaraton\raw_json\boca_JustFOIA_Request_2024-9180-30p.json
case_header,CODE-2024-00359,Municipal Code Enforcement Description: Inspe,Closed - Resolved for Violation: parking on grass,Closed - Resolved for Violation: parking on grass,R1D,"1698 NW 10Th St, Boca Raton, FL 33486",064247240702002 80,Christopher Sutherland,02/08/2024,02/23/2024,R1D,"1698 NW 10Th St, Boca Raton, FL 33486",064247240702002 80,,,,Closed - Resolved for Violation: parking on grass,,162,c:\Users\edilm\OneDrive\Desktop\Edilma Projects\LandingAI-Hack\coderisk-sf\results_folder\bocaraton\raw_json\boca_JustFOIA_Request_2024-9180-30p.json
case_header,CODE-2024-00360,Municipal Code Enforcement Description: Insped,Closed - Resolved t for Violation: comm,ercial trailer,R1D,"1001 NW 16Th Ter, Boca Raton, FL 33486",064247240702302 40,Christopher Sutherland,02/08/2024,02/23/2024,R1D,"1001 NW 16Th Ter, Boca Raton, FL 33486",064247240702302 40,,,,Closed - Resolved t for Violation: comm,,162,c:\Users\edilm\OneDrive\Desktop\Edilma Projects\LandingAI-Hack\coderisk-sf\results_folder\bocaraton\raw_json\boca_JustFOIA_Request_2024-9180-30p.json
case_header,CODE-2024-00361,Municipal Code Enforcement Description: Insped,Closed - Resolved t for Violation: comm,ercial vehicle,R1C,"1341 NW 13Th Ct, Boca Raton, FL 33486",064247242700200 10,Christopher Sutherland,02/09/2024,03/01/2024,R1C,"1341 NW 13Th Ct, Boca Raton, FL 33486",064247242700200 10,,,,Closed - Resolved t for Violation: comm,,162,c:\Users\edilm\OneDrive\Desktop\Edilma Projects\LandingAI-Hack\coderisk-sf\results_folder\bocaraton\raw_json\boca_JustFOIA_Request_2024-9180-30p.json
