line_type,violation_id_raw,violation_type_raw,case_status_raw,project_raw,district_raw,address_raw,parcel_number_raw,assigned_to_raw,opened_date_raw,closed_date_raw,compliance_date_raw,resolved_date_raw,fee_total_raw,violation_code_raw,violation_text_raw,narrative_raw,primary_status_raw,raw_violation_status,chunk_id,source_file
violation_item,,,,,,,,,,,,,,Description:,"Per online submitter: ""Graffiti on east facing dumpster enclosure originally reported in early December has been enhanced Faces a residential neighborhood."" Submitter: Brian Stenberg 1026 SW 5th St, boca raton fl 33486 b.stenberg@greenfieldgrp.com SeeclickFix#15811539 created: 01/01/2024 11:22AM",,,,5,c:\Users\edilm\OneDrive\Desktop\Edilma Projects\LandingAI-Hack\coderisk-sf\results_folder\bocaraton\raw_json\boca_JustFOIA_Request_2024-9180-30p.json
case_header,CODE-2024-00003,Municipal Code Enforcement SEC. 10-27(2),Closed - Resolved In Violation,03/13/2024,RB1 03/23/2024,"4055 N Federal Hwy, Boca Raton, FL 33431 064347080403901 60 $0.00","4055 N Federal Hwy, Boca Raton, FL 33431 064347080403901 60 $0.00",Therese Smyack,01/02/2024,05/14/2024,,,,,,,Closed - Resolved In Violation,,10,c:\Users\edilm\OneDrive\Desktop\Edilma Projects\LandingAI-Hack\coderisk-sf\results_folder\bocaraton\raw_json\boca_JustFOIA_Request_2024-9180-30p.json
narrative,CODE-2024-00003,,,,,"4055 N Federal Hwy, Boca Raton, FL 33431 064347080403901 60 $0.00","4055 N Federal Hwy, Boca Raton, FL 33431 064347080403901 60 $0.00",Therese Smyack,01/02/2024,05/14/2024,,,,,,DEAD PALM TREE ON THE SPANISH RIVER SIDE OF PARCEL,Closed - Resolved In Violation,,10,c:\Users\edilm\OneDrive\Desktop\Edilma Projects\LandingAI-Hack\coderisk-sf\results_folder\bocaraton\raw_json\boca_JustFOIA_Request_2024-9180-30p.json
case_header,CODE-2024-00004,"Municipal Code Closed - R1D Enforcement Resolved Description: Per online submitter: ""Recreational vehicle stored in driveway."" Submitter: Jeff horton 699 nw 12 terr SeeClickFix created: 01/02/2024 8:37 AM","Municipal Code Closed - R1D Enforcement Resolved Description: Per online submitter: ""Recreational vehicle stored in driveway."" Submitter: Jeff horton 699 nw 12 terr SeeClickFix created: 01/02/2024 8:37 AM","Municipal Code Closed - R1D Enforcement Resolved Description: Per online submitter: ""Recreational vehicle stored in driveway."" Submitter: Jeff horton 699 nw 12 terr SeeClickFix created: 01/02/2024 8:37 AM","Municipal Code Closed - R1D Enforcement Resolved Description: Per online submitter: ""Recreational vehicle stored in driveway."" Submitter: Jeff horton 699 nw 12 terr SeeClickFix created: 01/02/2024 8:37 AM","398 NW 11Th Ave, Boca Raton, FL 33486",064247240500401 20,Deiner Lobo,01/02/2024,01/03/2024,,,,,,,"Municipal Code Closed - R1D Enforcement Resolved Description: Per online submitter: ""Recreational vehicle stored in driveway."" Submitter: Jeff horton 699 nw 12 terr SeeClickFix created: 01/02/2024 8:37 AM",,10,c:\Users\edilm\OneDrive\Desktop\Edilma Projects\LandingAI-Hack\coderisk-sf\results_folder\bocaraton\raw_json\boca_JustFOIA_Request_2024-9180-30p.json
case_header,CODE-2024-00005,Municipal Code Enforcement SEC. 28-1509(A) Description: Insp,Closed - Resolved In Violation 01/02/2024 R1D 01/05/2024 ection revealed: Property in compliance case closed.,Closed - Resolved In Violation 01/02/2024 R1D 01/05/2024 ection revealed: Property in compliance case closed.,Closed - Resolved In Violation 01/02/2024 R1D 01/05/2024 ection revealed: Property in compliance case closed.,"1049 W Palmetto Park Rd, Boca Raton, FL 33486 01/05/2024",064247240400201 40,Omari Best,01/02/2024,01/04/2024,,,,,,,Closed - Resolved In Violation 01/02/2024 R1D 01/05/2024 ection revealed: Property in compliance case closed.,,10,c:\Users\edilm\OneDrive\Desktop\Edilma Projects\LandingAI-Hack\coderisk-sf\results_folder\bocaraton\raw_json\boca_JustFOIA_Request_2024-9180-30p.json
case_header,CODE-2024-00010,"Municipal Code Enforcement Closed - Resolved DDRI 401 NE Mizner Blvd, Boca Raton, FL 33432 064347204000100 20 Description: Per online submitter: ""a few times a week, a delivery truck comes into the south alley of the Mizner Park Apartments Palm Tower building. It seems to be delivering to either Villagio or Loch Bar. They come at 5am (sometimes earlier) and make very loud and aggressive noise. They leave their trucks in reverse with the beeping going on for a very long time, they clink and clank very loudly without any regard for people who are trying to sleep. This has been going on for a long time now and it's gotten too far. many people work nights and are just looking to get a good nights sleep, many of us have small kids and jobs and this is beyond disruptive to our everyday lives."" Submitter: natalie harris 401 NE Mizner Blvd SeeclickFix#15821081 created: 01/03/2024 10:29 AM","Municipal Code Enforcement Closed - Resolved DDRI 401 NE Mizner Blvd, Boca Raton, FL 33432 064347204000100 20 Description: Per online submitter: ""a few times a week, a delivery truck comes into the south alley of the Mizner Park Apartments Palm Tower building. It seems to be delivering to either Villagio or Loch Bar. They come at 5am (sometimes earlier) and make very loud and aggressive noise. They leave their trucks in reverse with the beeping going on for a very long time, they clink and clank very loudly without any regard for people who are trying to sleep. This has been going on for a long time now and it's gotten too far. many people work nights and are just looking to get a good nights sleep, many of us have small kids and jobs and this is beyond disruptive to our everyday lives."" Submitter: natalie harris 401 NE Mizner Blvd SeeclickFix#15821081 created: 01/03/2024 10:29 AM","Municipal Code Enforcement Closed - Resolved DDRI 401 NE Mizner Blvd, Boca Raton, FL 33432 064347204000100 20 Description: Per online submitter: ""a few times a week, a delivery truck comes into the south alley of the Mizner Park Apartments Palm Tower building. It seems to be delivering to either Villagio or Loch Bar. They come at 5am (sometimes earlier) and make very loud and aggressive noise. They leave their trucks in reverse with the beeping going on for a very long time, they clink and clank very loudly without any regard for people who are trying to sleep. This has been going on for a long time now and it's gotten too far. many people work nights and are just looking to get a good nights sleep, many of us have small kids and jobs and this is beyond disruptive to our everyday lives."" Submitter: natalie harris 401 NE Mizner Blvd SeeclickFix#15821081 created: 01/03/2024 10:29 AM","Municipal Code Enforcement Closed - Resolved DDRI 401 NE Mizner Blvd, Boca Raton, FL 33432 064347204000100 20 Description: Per online submitter: ""a few times a week, a delivery truck comes into the south alley of the Mizner Park Apartments Palm Tower building. It seems to be delivering to either Villagio or Loch Bar. They come at 5am (sometimes earlier) and make very loud and aggressive noise. They leave their trucks in reverse with the beeping going on for a very long time, they clink and clank very loudly without any regard for people who are trying to sleep. This has been going on for a long time now and it's gotten too far. many people work nights and are just looking to get a good nights sleep, many of us have small kids and jobs and this is beyond disruptive to our everyday lives."" Submitter: natalie harris 401 NE Mizner Blvd SeeclickFix#15821081 created: 01/03/2024 10:29 AM","Municipal Code Enforcement Closed - Resolved DDRI 401 NE Mizner Blvd, Boca Raton, FL 33432 064347204000100 20 Description: Per online submitter: ""a few times a week, a delivery truck comes into the south alley of the Mizner Park Apartments Palm Tower building. It seems to be delivering to either Villagio or Loch Bar. They come at 5am (sometimes earlier) and make very loud and aggressive noise. They leave their trucks in reverse with the beeping going on for a very long time, they clink and clank very loudly without any regard for people who are trying to sleep. This has been going on for a long time now and it's gotten too far. many people work nights and are just looking to get a good nights sleep, many of us have small kids and jobs and this is beyond disruptive to our everyday lives."" Submitter: natalie harris 401 NE Mizner Blvd SeeclickFix#15821081 created: 01/03/2024 10:29 AM","Municipal Code Enforcement Closed - Resolved DDRI 401 NE Mizner Blvd, Boca Raton, FL 33432 064347204000100 20 Description: Per online submitter: ""a few times a week, a delivery truck comes into the south alley of the Mizner Park Apartments Palm Tower building. It seems to be delivering to either Villagio or Loch Bar. They come at 5am (sometimes earlier) and make very loud and aggressive noise. They leave their trucks in reverse with the beeping going on for a very long time, they clink and clank very loudly without any regard for people who are trying to sleep. This has been going on for a long time now and it's gotten too far. many people work nights and are just looking to get a good nights sleep, many of us have small kids and jobs and this is beyond disruptive to our everyday lives."" Submitter: natalie harris 401 NE Mizner Blvd SeeclickFix#15821081 created: 01/03/2024 10:29 AM",Keith Benoit,01/03/2024,01/12/2024,,,,,,,"Municipal Code Enforcement Closed - Resolved DDRI 401 NE Mizner Blvd, Boca Raton, FL 33432 064347204000100 20 Description: Per online submitter: ""a few times a week, a delivery truck comes into the south alley of the Mizner Park Apartments Palm Tower building. It seems to be delivering to either Villagio or Loch Bar. They come at 5am (sometimes earlier) and make very loud and aggressive noise. They leave their trucks in reverse with the beeping going on for a very long time, they clink and clank very loudly without any regard for people who are trying to sleep. This has been going on for a long time now and it's gotten too far. many people work nights and are just looking to get a good nights sleep, many of us have small kids and jobs and this is beyond disruptive to our everyday lives."" Submitter: natalie harris 401 NE Mizner Blvd SeeclickFix#15821081 created: 01/03/2024 10:29 AM",,10,c:\Users\edilm\OneDrive\Desktop\Edilma Projects\LandingAI-Hack\coderisk-sf\results_folder\bocaraton\raw_json\boca_JustFOIA_Request_2024-9180-30p.json
case_header,CODE-2024-00011,Municipal Code Enforcement Description: Obs,"Closed - Resolved erved a ""Closed"" sign in the swale.","Closed - Resolved erved a ""Closed"" sign in the swale.",B4,"1601 N Federal Hwy, Boca Raton, FL 33432",064347170000051 12,Austin Mann,01/03/2024,03/04/2024,,,,,,,"Closed - Resolved erved a ""Closed"" sign in the swale.",,10,c:\Users\edilm\OneDrive\Desktop\Edilma Projects\LandingAI-Hack\coderisk-sf\results_folder\bocaraton\raw_json\boca_JustFOIA_Request_2024-9180-30p.json
case_header,CODE-2024-00012,Municipal Code Enforcement Description: Pile,Closed - Resolved R1D of wood in swale. Picture taken. Will contact owner.,Closed - Resolved R1D of wood in swale. Picture taken. Will contact owner.,Closed - Resolved R1D of wood in swale. Picture taken. Will contact owner.,"298 NE 5Th St, Boca Raton, FL 33432",064347201802100 10,Steven Singer,01/03/2024,01/10/2024,,,,,,,Closed - Resolved R1D of wood in swale. Picture taken. Will contact owner.,,10,c:\Users\edilm\OneDrive\Desktop\Edilma Projects\LandingAI-Hack\coderisk-sf\results_folder\bocaraton\raw_json\boca_JustFOIA_Request_2024-9180-30p.json
case_header,CODE-2024-00013,Municipal Code Closed - DDRI Enforcement Resolved Description: Routine Patrol: Green utility box located on the South side of 853 S Federal Hwy (Facing SE 9th ST) was tagged with graffiti.,Municipal Code Closed - DDRI Enforcement Resolved Description: Routine Patrol: Green utility box located on the South side of 853 S Federal Hwy (Facing SE 9th ST) was tagged with graffiti.,Municipal Code Closed - DDRI Enforcement Resolved Description: Routine Patrol: Green utility box located on the South side of 853 S Federal Hwy (Facing SE 9th ST) was tagged with graffiti.,Municipal Code Closed - DDRI Enforcement Resolved Description: Routine Patrol: Green utility box located on the South side of 853 S Federal Hwy (Facing SE 9th ST) was tagged with graffiti.,Municipal Code Closed - DDRI Enforcement Resolved Description: Routine Patrol: Green utility box located on the South side of 853 S Federal Hwy (Facing SE 9th ST) was tagged with graffiti.,Municipal Code Closed - DDRI Enforcement Resolved Description: Routine Patrol: Green utility box located on the South side of 853 S Federal Hwy (Facing SE 9th ST) was tagged with graffiti.,Deiner Lobo,01/03/2024,01/03/2024,,,,,,,Municipal Code Closed - DDRI Enforcement Resolved Description: Routine Patrol: Green utility box located on the South side of 853 S Federal Hwy (Facing SE 9th ST) was tagged with graffiti.,,10,c:\Users\edilm\OneDrive\Desktop\Edilma Projects\LandingAI-Hack\coderisk-sf\results_folder\bocaraton\raw_json\boca_JustFOIA_Request_2024-9180-30p.json
case_header,CODE-2024-00014,Municipal Code Enforcement Closed - Resolved DDRI Description: Routine Patrol: Green utility box located on the South East corner of 855 S Federal Hwy (Facing SE 9th ST) was tagged with graffiti.,Municipal Code Enforcement Closed - Resolved DDRI Description: Routine Patrol: Green utility box located on the South East corner of 855 S Federal Hwy (Facing SE 9th ST) was tagged with graffiti.,Municipal Code Enforcement Closed - Resolved DDRI Description: Routine Patrol: Green utility box located on the South East corner of 855 S Federal Hwy (Facing SE 9th ST) was tagged with graffiti.,Municipal Code Enforcement Closed - Resolved DDRI Description: Routine Patrol: Green utility box located on the South East corner of 855 S Federal Hwy (Facing SE 9th ST) was tagged with graffiti.,Municipal Code Enforcement Closed - Resolved DDRI Description: Routine Patrol: Green utility box located on the South East corner of 855 S Federal Hwy (Facing SE 9th ST) was tagged with graffiti.,Municipal Code Enforcement Closed - Resolved DDRI Description: Routine Patrol: Green utility box located on the South East corner of 855 S Federal Hwy (Facing SE 9th ST) was tagged with graffiti.,Deiner Lobo,01/03/2024,01/03/2024,,,,,,,Municipal Code Enforcement Closed - Resolved DDRI Description: Routine Patrol: Green utility box located on the South East corner of 855 S Federal Hwy (Facing SE 9th ST) was tagged with graffiti.,,10,c:\Users\edilm\OneDrive\Desktop\Edilma Projects\LandingAI-Hack\coderisk-sf\results_folder\bocaraton\raw_json\boca_JustFOIA_Request_2024-9180-30p.json
case_header,CODE-2024-00017,Municipal Code Enforcement IPMC 302.7 - ACCESSORY STRUCTURES Description: Fen escape proof fend after initial investi,Closed - Resolved In Violation 01/10/2024 ce height around pool and concern that the nu e as owner's dogs have jumped over the curr gation.,Closed - Resolved In Violation 01/10/2024 ce height around pool and concern that the nu e as owner's dogs have jumped over the curr gation.,"R1D 171 Oregon Ln, Boca 064346323800101 02/15/2024 Raton, FL 33487 20 $0.00 mber of dogs at the residence (5) are not being contained by an ent fence into complainant's. yard. Complainant would like a phone call","R1D 171 Oregon Ln, Boca 064346323800101 02/15/2024 Raton, FL 33487 20 $0.00 mber of dogs at the residence (5) are not being contained by an ent fence into complainant's. yard. Complainant would like a phone call","R1D 171 Oregon Ln, Boca 064346323800101 02/15/2024 Raton, FL 33487 20 $0.00 mber of dogs at the residence (5) are not being contained by an ent fence into complainant's. yard. Complainant would like a phone call",William Buckley,01/04/2024,03/26/2024,,,,,,,Closed - Resolved In Violation 01/10/2024 ce height around pool and concern that the nu e as owner's dogs have jumped over the curr gation.,,10,c:\Users\edilm\OneDrive\Desktop\Edilma Projects\LandingAI-Hack\coderisk-sf\results_folder\bocaraton\raw_json\boca_JustFOIA_Request_2024-9180-30p.json
case_header,CODE-2024-00018,Municipal Code Enforcement,Closed - Resolved,,R1B,"740 NE 36Th St, Boca Raton, FL 33431",06434708090020700,Steven Singer,01/04/2024,02/05/2024,,,,,,,Closed - Resolved,,15,c:\Users\edilm\OneDrive\Desktop\Edilma Projects\LandingAI-Hack\coderisk-sf\results_folder\bocaraton\raw_json\boca_JustFOIA_Request_2024-9180-30p.json
violation_item,CODE-2024-00018,,,,,"740 NE 36Th St, Boca Raton, FL 33431",06434708090020700,Steven Singer,01/04/2024,02/05/2024,,,,IPMC 302.1,-,,Closed - Resolved,In Violation,15,c:\Users\edilm\OneDrive\Desktop\Edilma Projects\LandingAI-Hack\coderisk-sf\results_folder\bocaraton\raw_json\boca_JustFOIA_Request_2024-9180-30p.json
violation_item,CODE-2024-00018,,,,,"740 NE 36Th St, Boca Raton, FL 33431",06434708090020700,Steven Singer,01/04/2024,02/05/2024,,,,,SANITATION. ALL,,Closed - Resolved,,15,c:\Users\edilm\OneDrive\Desktop\Edilma Projects\LandingAI-Hack\coderisk-sf\results_folder\bocaraton\raw_json\boca_JustFOIA_Request_2024-9180-30p.json
violation_item,CODE-2024-00018,,,,,"740 NE 36Th St, Boca Raton, FL 33431",06434708090020700,Steven Singer,01/04/2024,02/05/2024,,,,,EXTERIOR,,Closed - Resolved,,15,c:\Users\edilm\OneDrive\Desktop\Edilma Projects\LandingAI-Hack\coderisk-sf\results_folder\bocaraton\raw_json\boca_JustFOIA_Request_2024-9180-30p.json
violation_item,CODE-2024-00018,,,,,"740 NE 36Th St, Boca Raton, FL 33431",06434708090020700,Steven Singer,01/04/2024,02/05/2024,,,,,PROPERTY,,Closed - Resolved,,15,c:\Users\edilm\OneDrive\Desktop\Edilma Projects\LandingAI-Hack\coderisk-sf\results_folder\bocaraton\raw_json\boca_JustFOIA_Request_2024-9180-30p.json
narrative,CODE-2024-00018,,,,,"740 NE 36Th St, Boca Raton, FL 33431",06434708090020700,Steven Singer,01/04/2024,02/05/2024,,,,,,Portable basket is laying on its side in the swale area.,Closed - Resolved,,15,c:\Users\edilm\OneDrive\Desktop\Edilma Projects\LandingAI-Hack\coderisk-sf\results_folder\bocaraton\raw_json\boca_JustFOIA_Request_2024-9180-30p.json
case_header,CODE-2024-00019,Municipal Code,Closed-,,CITY CG,"5900 W Glades Rd, Boca 06424714000070","5900 W Glades Rd, Boca 06424714000070",Juan Hernandez,01/04/2024,05/09/2024,,,,,,,Closed-,,15,c:\Users\edilm\OneDrive\Desktop\Edilma Projects\LandingAI-Hack\coderisk-sf\results_folder\bocaraton\raw_json\boca_JustFOIA_Request_2024-9180-30p.json
violation_item,CODE-2024-00019,,,,,"5900 W Glades Rd, Boca 06424714000070","5900 W Glades Rd, Boca 06424714000070",Juan Hernandez,01/04/2024,05/09/2024,,,,Description:,Open Lien - reference HTE Code Case 21-1886.,,Closed-,Description: Open Lien - reference HTE Code Case 21-1886.,15,c:\Users\edilm\OneDrive\Desktop\Edilma Projects\LandingAI-Hack\coderisk-sf\results_folder\bocaraton\raw_json\boca_JustFOIA_Request_2024-9180-30p.json
case_header,CODE-2024-00020,Municipal Code,Closed -,,B2,"1 S Ocean Blvd, Boca",064347280100011,Deiner Lobo,01/04/2024,01/10/2024,,,,,,,Closed -,,15,c:\Users\edilm\OneDrive\Desktop\Edilma Projects\LandingAI-Hack\coderisk-sf\results_folder\bocaraton\raw_json\boca_JustFOIA_Request_2024-9180-30p.json
violation_item,CODE-2024-00020,,,,,"1 S Ocean Blvd, Boca",064347280100011,Deiner Lobo,01/04/2024,01/10/2024,,,,Description:,DUPLICATE CASE. PLEASE REFER TO CODE-2023-03480.,,Closed -,Description: DUPLICATE CASE. PLEASE REFER TO CODE-2023-03480.,15,c:\Users\edilm\OneDrive\Desktop\Edilma Projects\LandingAI-Hack\coderisk-sf\results_folder\bocaraton\raw_json\boca_JustFOIA_Request_2024-9180-30p.json
case_header,CODE-2024-00021,Municipal Code,Closed -,,R2,"1352 NW 13Th Ct, Boca",064247242700200,Scott Newman,01/04/2024,01/18/2024,,,,,,,Closed -,,15,c:\Users\edilm\OneDrive\Desktop\Edilma Projects\LandingAI-Hack\coderisk-sf\results_folder\bocaraton\raw_json\boca_JustFOIA_Request_2024-9180-30p.json
violation_item,CODE-2024-00021,,,,,"1352 NW 13Th Ct, Boca",064247242700200,Scott Newman,01/04/2024,01/18/2024,,,,Description:,Abandoned vehicle located on the corner of NW 13th Court & NW 13th Way.,,Closed -,Description: Abandoned vehicle located on the corner of NW 13th Court & NW 13th Way.,15,c:\Users\edilm\OneDrive\Desktop\Edilma Projects\LandingAI-Hack\coderisk-sf\results_folder\bocaraton\raw_json\boca_JustFOIA_Request_2024-9180-30p.json
case_header,CODE-2024-00022,Municipal Code,Closed-,,R-3,"7200 NW 2Nd Ave, CA",,William Buckley,01/04/2024,01/16/2024,,,,,,,Closed-,,15,c:\Users\edilm\OneDrive\Desktop\Edilma Projects\LandingAI-Hack\coderisk-sf\results_folder\bocaraton\raw_json\boca_JustFOIA_Request_2024-9180-30p.json
narrative,CODE-2024-00022,,,,,"7200 NW 2Nd Ave, CA",,William Buckley,01/04/2024,01/16/2024,,,,,,Mattress from Sunflower Condo Assoc was thrown over into Complainant's yard.,Closed-,,15,c:\Users\edilm\OneDrive\Desktop\Edilma Projects\LandingAI-Hack\coderisk-sf\results_folder\bocaraton\raw_json\boca_JustFOIA_Request_2024-9180-30p.json
case_header,CODE-2024-00023,Municipal Code,Closed -,,RB1,"6299 N Federal Hwy, Boca 064347050200801","6299 N Federal Hwy, Boca 064347050200801",Deiner Lobo,01/04/2024,03/02/2024,,,,,,,Closed -,,15,c:\Users\edilm\OneDrive\Desktop\Edilma Projects\LandingAI-Hack\coderisk-sf\results_folder\bocaraton\raw_json\boca_JustFOIA_Request_2024-9180-30p.json
violation_item,CODE-2024-00023,,,,,"6299 N Federal Hwy, Boca 064347050200801","6299 N Federal Hwy, Boca 064347050200801",Deiner Lobo,01/04/2024,03/02/2024,,,,SEC. 10,-55,,Closed -,Resolved,15,c:\Users\edilm\OneDrive\Desktop\Edilma Projects\LandingAI-Hack\coderisk-sf\results_folder\bocaraton\raw_json\boca_JustFOIA_Request_2024-9180-30p.json
violation_item,CODE-2024-00023,,,,,"6299 N Federal Hwy, Boca 064347050200801","6299 N Federal Hwy, Boca 064347050200801",Deiner Lobo,01/04/2024,03/02/2024,,,,SEC. 4,-6(D),,Closed -,Resolved,15,c:\Users\edilm\OneDrive\Desktop\Edilma Projects\LandingAI-Hack\coderisk-sf\results_folder\bocaraton\raw_json\boca_JustFOIA_Request_2024-9180-30p.json
violation_item,CODE-2024-00023,,,,,"6299 N Federal Hwy, Boca 064347050200801","6299 N Federal Hwy, Boca 064347050200801",Deiner Lobo,01/04/2024,03/02/2024,,,,,ALCOHOLIC,,Closed -,,15,c:\Users\edilm\OneDrive\Desktop\Edilma Projects\LandingAI-Hack\coderisk-sf\results_folder\bocaraton\raw_json\boca_JustFOIA_Request_2024-9180-30p.json
violation_item,CODE-2024-00023,,,,,"6299 N Federal Hwy, Boca 064347050200801","6299 N Federal Hwy, Boca 064347050200801",Deiner Lobo,01/04/2024,03/02/2024,,,,,BEVERAGES,,Closed -,,15,c:\Users\edilm\OneDrive\Desktop\Edilma Projects\LandingAI-Hack\coderisk-sf\results_folder\bocaraton\raw_json\boca_JustFOIA_Request_2024-9180-30p.json
violation_item,CODE-2024-00023,,,,,"6299 N Federal Hwy, Boca 064347050200801","6299 N Federal Hwy, Boca 064347050200801",Deiner Lobo,01/04/2024,03/02/2024,,,,,UNDERAGE,,Closed -,,15,c:\Users\edilm\OneDrive\Desktop\Edilma Projects\LandingAI-Hack\coderisk-sf\results_folder\bocaraton\raw_json\boca_JustFOIA_Request_2024-9180-30p.json
violation_item,CODE-2024-00023,,,,,"6299 N Federal Hwy, Boca 064347050200801","6299 N Federal Hwy, Boca 064347050200801",Deiner Lobo,01/04/2024,03/02/2024,,,,SEC. 8,-56(C)(5),,Closed -,Resolved,15,c:\Users\edilm\OneDrive\Desktop\Edilma Projects\LandingAI-Hack\coderisk-sf\results_folder\bocaraton\raw_json\boca_JustFOIA_Request_2024-9180-30p.json
narrative,CODE-2024-00023,,,,,"6299 N Federal Hwy, Boca 064347050200801","6299 N Federal Hwy, Boca 064347050200801",Deiner Lobo,01/04/2024,03/02/2024,,,,,,Inspect for: excessive noise from building and underage after hours.,Closed -,,15,c:\Users\edilm\OneDrive\Desktop\Edilma Projects\LandingAI-Hack\coderisk-sf\results_folder\bocaraton\raw_json\boca_JustFOIA_Request_2024-9180-30p.json
case_header,CODE-2024-00025,Municipal Code,Closed-,,R1D,"129 NW 12Th Ave, Bod",a 064247240200902,Derek Corcoran,01/05/2024,01/09/2024,,,,,,,Closed-,,15,c:\Users\edilm\OneDrive\Desktop\Edilma Projects\LandingAI-Hack\coderisk-sf\results_folder\bocaraton\raw_json\boca_JustFOIA_Request_2024-9180-30p.json
narrative,CODE-2024-00025,,,,,"129 NW 12Th Ave, Bod",a 064247240200902,Derek Corcoran,01/05/2024,01/09/2024,,,,,,"Various construction vehicles (trailers, bobcat and trucks) parked in median (not on swale) for months.",Closed-,,15,c:\Users\edilm\OneDrive\Desktop\Edilma Projects\LandingAI-Hack\coderisk-sf\results_folder\bocaraton\raw_json\boca_JustFOIA_Request_2024-9180-30p.json
case_header,CODE-2024-00026,Municipal Code,Closed -,,R1D,"829 NW 7Th St, Boca",064347190600800,Derek Corcoran,01/05/2024,03/05/2024,,,,,,,Closed -,,15,c:\Users\edilm\OneDrive\Desktop\Edilma Projects\LandingAI-Hack\coderisk-sf\results_folder\bocaraton\raw_json\boca_JustFOIA_Request_2024-9180-30p.json
violation_item,CODE-2024-00026,,,,,"829 NW 7Th St, Boca",064347190600800,Derek Corcoran,01/05/2024,03/05/2024,,,,SEC. 28,-1507(2),,Closed -,In Violation,15,c:\Users\edilm\OneDrive\Desktop\Edilma Projects\LandingAI-Hack\coderisk-sf\results_folder\bocaraton\raw_json\boca_JustFOIA_Request_2024-9180-30p.json
violation_item,CODE-2024-00026,,,,,"829 NW 7Th St, Boca",064347190600800,Derek Corcoran,01/05/2024,03/05/2024,,,,Description:,Per Online Submitter: Resident is storing their work truck at the house in the driveway. SeeClickFix# 15832060 created,,Closed -,Description: Per Online Submitter: Resident is storing their work truck at the house in the driveway. SeeClickFix# 15832060 created,15,c:\Users\edilm\OneDrive\Desktop\Edilma Projects\LandingAI-Hack\coderisk-sf\results_folder\bocaraton\raw_json\boca_JustFOIA_Request_2024-9180-30p.json
violation_item,CODE-2024-00026,,,,,"829 NW 7Th St, Boca",064347190600800,Derek Corcoran,01/05/2024,03/05/2024,,,,on,"1/5/24 @ 8:59am by Dan Pasquariello, 834 NW 7th St.",,Closed -,"on 1/5/24 @ 8:59am by Dan Pasquariello, 834 NW 7th St.",15,c:\Users\edilm\OneDrive\Desktop\Edilma Projects\LandingAI-Hack\coderisk-sf\results_folder\bocaraton\raw_json\boca_JustFOIA_Request_2024-9180-30p.json
case_header,CODE-2024-00027,Municipal Code,Closed -,,R1A/R1B (PUD),"647 Osprey Point Cir, Boca 06434708200002","647 Osprey Point Cir, Boca 06434708200002",Therese Smyack,01/05/2024,02/06/2024,,,,,,,Closed -,,15,c:\Users\edilm\OneDrive\Desktop\Edilma Projects\LandingAI-Hack\coderisk-sf\results_folder\bocaraton\raw_json\boca_JustFOIA_Request_2024-9180-30p.json
narrative,CODE-2024-00027,,,,,"647 Osprey Point Cir, Boca 06434708200002","647 Osprey Point Cir, Boca 06434708200002",Therese Smyack,01/05/2024,02/06/2024,,,,,,Complainant stated that the owner is playing 'fetch' with the dog on the main street without a leash. There are other,Closed -,,15,c:\Users\edilm\OneDrive\Desktop\Edilma Projects\LandingAI-Hack\coderisk-sf\results_folder\bocaraton\raw_json\boca_JustFOIA_Request_2024-9180-30p.json
case_header,CODE-2024-00029,Municipal Code,Closed -,,DDRI,"353 N Federal Hwy, Boca 064347202700303","353 N Federal Hwy, Boca 064347202700303",No User,01/05/2024,01/11/2024,,,,,,,Closed -,,15,c:\Users\edilm\OneDrive\Desktop\Edilma Projects\LandingAI-Hack\coderisk-sf\results_folder\bocaraton\raw_json\boca_JustFOIA_Request_2024-9180-30p.json
violation_item,,,,,,,,,,,,,,Description:,Complainant Steve Raymond (516-330-3217) from 435 NE 4 St called regarding overgrown grass on property.,,,Description: Complainant Steve Raymond (516-330-3217) from 435 NE 4 St called regarding overgrown grass on property.,20,c:\Users\edilm\OneDrive\Desktop\Edilma Projects\LandingAI-Hack\coderisk-sf\results_folder\bocaraton\raw_json\boca_JustFOIA_Request_2024-9180-30p.json
case_header,CODE-2024-00032,Municipal Code Enforcement Closed - Resolved DDRI Description: Routine patrol: street sign (Palmetto Pk Rd Next Signal) located on the East side of 170 NE 2nd Street was tagged with a prohibited sticker.,Municipal Code Enforcement Closed - Resolved DDRI Description: Routine patrol: street sign (Palmetto Pk Rd Next Signal) located on the East side of 170 NE 2nd Street was tagged with a prohibited sticker.,Municipal Code Enforcement Closed - Resolved DDRI Description: Routine patrol: street sign (Palmetto Pk Rd Next Signal) located on the East side of 170 NE 2nd Street was tagged with a prohibited sticker.,Municipal Code Enforcement Closed - Resolved DDRI Description: Routine patrol: street sign (Palmetto Pk Rd Next Signal) located on the East side of 170 NE 2nd Street was tagged with a prohibited sticker.,Municipal Code Enforcement Closed - Resolved DDRI Description: Routine patrol: street sign (Palmetto Pk Rd Next Signal) located on the East side of 170 NE 2nd Street was tagged with a prohibited sticker.,Municipal Code Enforcement Closed - Resolved DDRI Description: Routine patrol: street sign (Palmetto Pk Rd Next Signal) located on the East side of 170 NE 2nd Street was tagged with a prohibited sticker.,Deiner Lobo,01/06/2024,01/06/2024,Municipal Code Enforcement Closed - Resolved DDRI Description: Routine patrol: street sign (Palmetto Pk Rd Next Signal) located on the East side of 170 NE 2nd Street was tagged with a prohibited sticker.,Municipal Code Enforcement Closed - Resolved DDRI Description: Routine patrol: street sign (Palmetto Pk Rd Next Signal) located on the East side of 170 NE 2nd Street was tagged with a prohibited sticker.,Municipal Code Enforcement Closed - Resolved DDRI Description: Routine patrol: street sign (Palmetto Pk Rd Next Signal) located on the East side of 170 NE 2nd Street was tagged with a prohibited sticker.,,,,Municipal Code Enforcement Closed - Resolved DDRI Description: Routine patrol: street sign (Palmetto Pk Rd Next Signal) located on the East side of 170 NE 2nd Street was tagged with a prohibited sticker.,,20,c:\Users\edilm\OneDrive\Desktop\Edilma Projects\LandingAI-Hack\coderisk-sf\results_folder\bocaraton\raw_json\boca_JustFOIA_Request_2024-9180-30p.json
case_header,CODE-2024-00033,Municipal Code Enforcement,Closed - Resolved,,DDRI,,,Deiner Lobo,01/06/2024,01/06/2024,DDRI,,,,,,Closed - Resolved,,20,c:\Users\edilm\OneDrive\Desktop\Edilma Projects\LandingAI-Hack\coderisk-sf\results_folder\bocaraton\raw_json\boca_JustFOIA_Request_2024-9180-30p.json
violation_item,CODE-2024-00033,,,,,,,Deiner Lobo,01/06/2024,01/06/2024,DDRI,,,Description:,Routine patrol: Utility box located on the NE corner of 302 Plaza Real was tagged with a prohibited sticker.,,Closed - Resolved,Description: Routine patrol: Utility box located on the NE corner of 302 Plaza Real was tagged with a prohibited sticker.,20,c:\Users\edilm\OneDrive\Desktop\Edilma Projects\LandingAI-Hack\coderisk-sf\results_folder\bocaraton\raw_json\boca_JustFOIA_Request_2024-9180-30p.json
case_header,CODE-2024-00034,"Municipal Code Closed - R1D 270 NW 36Th St, Boca Enforcement Resolved Raton, FL 33431 Description: Citizen Complaint: Music too loud coming from property disturbing the peace. Complainant: Christine W. 831.224.5213","Municipal Code Closed - R1D 270 NW 36Th St, Boca Enforcement Resolved Raton, FL 33431 Description: Citizen Complaint: Music too loud coming from property disturbing the peace. Complainant: Christine W. 831.224.5213","Municipal Code Closed - R1D 270 NW 36Th St, Boca Enforcement Resolved Raton, FL 33431 Description: Citizen Complaint: Music too loud coming from property disturbing the peace. Complainant: Christine W. 831.224.5213","Municipal Code Closed - R1D 270 NW 36Th St, Boca Enforcement Resolved Raton, FL 33431 Description: Citizen Complaint: Music too loud coming from property disturbing the peace. Complainant: Christine W. 831.224.5213","Municipal Code Closed - R1D 270 NW 36Th St, Boca Enforcement Resolved Raton, FL 33431 Description: Citizen Complaint: Music too loud coming from property disturbing the peace. Complainant: Christine W. 831.224.5213",064347080200001 80,Deiner Lobo,01/06/2024,01/07/2024,"Municipal Code Closed - R1D 270 NW 36Th St, Boca Enforcement Resolved Raton, FL 33431 Description: Citizen Complaint: Music too loud coming from property disturbing the peace. Complainant: Christine W. 831.224.5213","Municipal Code Closed - R1D 270 NW 36Th St, Boca Enforcement Resolved Raton, FL 33431 Description: Citizen Complaint: Music too loud coming from property disturbing the peace. Complainant: Christine W. 831.224.5213",064347080200001 80,,,,"Municipal Code Closed - R1D 270 NW 36Th St, Boca Enforcement Resolved Raton, FL 33431 Description: Citizen Complaint: Music too loud coming from property disturbing the peace. Complainant: Christine W. 831.224.5213",,20,c:\Users\edilm\OneDrive\Desktop\Edilma Projects\LandingAI-Hack\coderisk-sf\results_folder\bocaraton\raw_json\boca_JustFOIA_Request_2024-9180-30p.json
case_header,CODE-2024-00035,Municipal Code Enforcement Description: AirB,Closed - Resolved NB being operated out of the house.,Closed - Resolved NB being operated out of the house.,R1D,"498 NE 30Th St, Boca Raton, FL 33431",064347170600700 10,Austin Mann,01/08/2024,01/08/2024,R1D,"498 NE 30Th St, Boca Raton, FL 33431",064347170600700 10,,,,Closed - Resolved NB being operated out of the house.,,20,c:\Users\edilm\OneDrive\Desktop\Edilma Projects\LandingAI-Hack\coderisk-sf\results_folder\bocaraton\raw_json\boca_JustFOIA_Request_2024-9180-30p.json
case_header,CODE-2024-00038,"Municipal Code Closed - RB1 2399 N Federal Hwy, Boca Enforcement Resolved Raton, FL 33431 Description: Per email from Officer D. Spellman: ""Officer Mann, Please open a code case in response to Mr. Miller's reported concern and provide him any up[dates as may be ne Officer Heller, please monitor this property on the weekends for the reported violation. Regards,"" Complainant: G Miller 200 East palmetto","Municipal Code Closed - RB1 2399 N Federal Hwy, Boca Enforcement Resolved Raton, FL 33431 Description: Per email from Officer D. Spellman: ""Officer Mann, Please open a code case in response to Mr. Miller's reported concern and provide him any up[dates as may be ne Officer Heller, please monitor this property on the weekends for the reported violation. Regards,"" Complainant: G Miller 200 East palmetto","Municipal Code Closed - RB1 2399 N Federal Hwy, Boca Enforcement Resolved Raton, FL 33431 Description: Per email from Officer D. Spellman: ""Officer Mann, Please open a code case in response to Mr. Miller's reported concern and provide him any up[dates as may be ne Officer Heller, please monitor this property on the weekends for the reported violation. Regards,"" Complainant: G Miller 200 East palmetto","Municipal Code Closed - RB1 2399 N Federal Hwy, Boca Enforcement Resolved Raton, FL 33431 Description: Per email from Officer D. Spellman: ""Officer Mann, Please open a code case in response to Mr. Miller's reported concern and provide him any up[dates as may be ne Officer Heller, please monitor this property on the weekends for the reported violation. Regards,"" Complainant: G Miller 200 East palmetto","Municipal Code Closed - RB1 2399 N Federal Hwy, Boca Enforcement Resolved Raton, FL 33431 Description: Per email from Officer D. Spellman: ""Officer Mann, Please open a code case in response to Mr. Miller's reported concern and provide him any up[dates as may be ne Officer Heller, please monitor this property on the weekends for the reported violation. Regards,"" Complainant: G Miller 200 East palmetto",064347171000701 50 cessary.,Austin Mann,01/08/2024,01/22/2024,"Municipal Code Closed - RB1 2399 N Federal Hwy, Boca Enforcement Resolved Raton, FL 33431 Description: Per email from Officer D. Spellman: ""Officer Mann, Please open a code case in response to Mr. Miller's reported concern and provide him any up[dates as may be ne Officer Heller, please monitor this property on the weekends for the reported violation. Regards,"" Complainant: G Miller 200 East palmetto","Municipal Code Closed - RB1 2399 N Federal Hwy, Boca Enforcement Resolved Raton, FL 33431 Description: Per email from Officer D. Spellman: ""Officer Mann, Please open a code case in response to Mr. Miller's reported concern and provide him any up[dates as may be ne Officer Heller, please monitor this property on the weekends for the reported violation. Regards,"" Complainant: G Miller 200 East palmetto",064347171000701 50 cessary.,,,,"Municipal Code Closed - RB1 2399 N Federal Hwy, Boca Enforcement Resolved Raton, FL 33431 Description: Per email from Officer D. Spellman: ""Officer Mann, Please open a code case in response to Mr. Miller's reported concern and provide him any up[dates as may be ne Officer Heller, please monitor this property on the weekends for the reported violation. Regards,"" Complainant: G Miller 200 East palmetto",,20,c:\Users\edilm\OneDrive\Desktop\Edilma Projects\LandingAI-Hack\coderisk-sf\results_folder\bocaraton\raw_json\boca_JustFOIA_Request_2024-9180-30p.json
case_header,CODE-2024-00039,"Municipal Code Closed - R1D 401 NW 13Th Dr, Boca Enforcement Resolved Raton, FL 33486 Description: Cars, RVs, trailers and boats parked in front yard - See ClickFix #15834742","Municipal Code Closed - R1D 401 NW 13Th Dr, Boca Enforcement Resolved Raton, FL 33486 Description: Cars, RVs, trailers and boats parked in front yard - See ClickFix #15834742","Municipal Code Closed - R1D 401 NW 13Th Dr, Boca Enforcement Resolved Raton, FL 33486 Description: Cars, RVs, trailers and boats parked in front yard - See ClickFix #15834742","Municipal Code Closed - R1D 401 NW 13Th Dr, Boca Enforcement Resolved Raton, FL 33486 Description: Cars, RVs, trailers and boats parked in front yard - See ClickFix #15834742","Municipal Code Closed - R1D 401 NW 13Th Dr, Boca Enforcement Resolved Raton, FL 33486 Description: Cars, RVs, trailers and boats parked in front yard - See ClickFix #15834742",064247240200701 40,Derek Corcoran,01/08/2024,01/10/2024,"Municipal Code Closed - R1D 401 NW 13Th Dr, Boca Enforcement Resolved Raton, FL 33486 Description: Cars, RVs, trailers and boats parked in front yard - See ClickFix #15834742","Municipal Code Closed - R1D 401 NW 13Th Dr, Boca Enforcement Resolved Raton, FL 33486 Description: Cars, RVs, trailers and boats parked in front yard - See ClickFix #15834742",064247240200701 40,,,,"Municipal Code Closed - R1D 401 NW 13Th Dr, Boca Enforcement Resolved Raton, FL 33486 Description: Cars, RVs, trailers and boats parked in front yard - See ClickFix #15834742",,20,c:\Users\edilm\OneDrive\Desktop\Edilma Projects\LandingAI-Hack\coderisk-sf\results_folder\bocaraton\raw_json\boca_JustFOIA_Request_2024-9180-30p.json
case_header,CODE-2024-00040,Municipal Code Enforcement Description: Neo,Closed - Resolved n sign in business window - Gallery Mavruk.,Closed - Resolved n sign in business window - Gallery Mavruk.,DDRI,"9 Plaza Real, Boca Raton, FL 33432",06434729650020000,Keith Benoit,01/08/2024,01/30/2024,DDRI,"9 Plaza Real, Boca Raton, FL 33432",06434729650020000,,,,Closed - Resolved n sign in business window - Gallery Mavruk.,,20,c:\Users\edilm\OneDrive\Desktop\Edilma Projects\LandingAI-Hack\coderisk-sf\results_folder\bocaraton\raw_json\boca_JustFOIA_Request_2024-9180-30p.json
case_header,CODE-2024-00041,Municipal Code Enforcement Description: Blad,"Closed - Resolved R1D 1600 NW 5Th St, Boca Raton, FL 33486 k Cherokee Jeep blocking my wheelchair access to sidewalk - SeeClickFix #15836811","Closed - Resolved R1D 1600 NW 5Th St, Boca Raton, FL 33486 k Cherokee Jeep blocking my wheelchair access to sidewalk - SeeClickFix #15836811","Closed - Resolved R1D 1600 NW 5Th St, Boca Raton, FL 33486 k Cherokee Jeep blocking my wheelchair access to sidewalk - SeeClickFix #15836811","Closed - Resolved R1D 1600 NW 5Th St, Boca Raton, FL 33486 k Cherokee Jeep blocking my wheelchair access to sidewalk - SeeClickFix #15836811",06424724030150130,Derek Corcoran,01/08/2024,03/05/2024,"Closed - Resolved R1D 1600 NW 5Th St, Boca Raton, FL 33486 k Cherokee Jeep blocking my wheelchair access to sidewalk - SeeClickFix #15836811","Closed - Resolved R1D 1600 NW 5Th St, Boca Raton, FL 33486 k Cherokee Jeep blocking my wheelchair access to sidewalk - SeeClickFix #15836811",06424724030150130,,,,"Closed - Resolved R1D 1600 NW 5Th St, Boca Raton, FL 33486 k Cherokee Jeep blocking my wheelchair access to sidewalk - SeeClickFix #15836811",,20,c:\Users\edilm\OneDrive\Desktop\Edilma Projects\LandingAI-Hack\coderisk-sf\results_folder\bocaraton\raw_json\boca_JustFOIA_Request_2024-9180-30p.json
case_header,CODE-2024-00042,Municipal Code Enforcement IPMC 304.7 - ROOFS AND DRAINAGE Description: Rou,Closed - Resolved In Violation tine patrol for a roof in,01/08/2024 disrepair,R1D 01/24/2024,"2673 Timbercreek Cir, Boca 064247110200019 Raton, FL 33431 $0.00 90","2673 Timbercreek Cir, Boca 064247110200019 Raton, FL 33431 $0.00 90",Juan Hernandez,01/08/2024,04/22/2024,R1D 01/24/2024,"2673 Timbercreek Cir, Boca 064247110200019 Raton, FL 33431 $0.00 90","2673 Timbercreek Cir, Boca 064247110200019 Raton, FL 33431 $0.00 90",,,,Closed - Resolved In Violation tine patrol for a roof in,,20,c:\Users\edilm\OneDrive\Desktop\Edilma Projects\LandingAI-Hack\coderisk-sf\results_folder\bocaraton\raw_json\boca_JustFOIA_Request_2024-9180-30p.json
violation_item,,,,,,,,,,,,,,Description:,Portion of chain link fence on the NE 11 St side of new SFR being built has fallen over. Picture Taken. Will contact owner.,,,Description: Portion of chain link fence on the NE 11 St side of new SFR being built has fallen over. Picture Taken. Will contact owner.,25,c:\Users\edilm\OneDrive\Desktop\Edilma Projects\LandingAI-Hack\coderisk-sf\results_folder\bocaraton\raw_json\boca_JustFOIA_Request_2024-9180-30p.json
case_header,CODE-2024-00044,Municipal Code,Closed -,,R1D,"375 E Boca Raton Rd, Boca 064347202400400","375 E Boca Raton Rd, Boca 064347202400400",Steven Singer,01/08/2024,01/16/2024,R1D,"375 E Boca Raton Rd, Boca 064347202400400","375 E Boca Raton Rd, Boca 064347202400400",,,,Closed -,,25,c:\Users\edilm\OneDrive\Desktop\Edilma Projects\LandingAI-Hack\coderisk-sf\results_folder\bocaraton\raw_json\boca_JustFOIA_Request_2024-9180-30p.json
narrative,CODE-2024-00044,,,,,"375 E Boca Raton Rd, Boca 064347202400400","375 E Boca Raton Rd, Boca 064347202400400",Steven Singer,01/08/2024,01/16/2024,R1D,"375 E Boca Raton Rd, Boca 064347202400400","375 E Boca Raton Rd, Boca 064347202400400",,,Tree branch growing over and into roadway. Picture taken. Will contact owner.,Closed -,,25,c:\Users\edilm\OneDrive\Desktop\Edilma Projects\LandingAI-Hack\coderisk-sf\results_folder\bocaraton\raw_json\boca_JustFOIA_Request_2024-9180-30p.json
case_header,CODE-2024-00045,Municipal Code,Closed -,,R5A,"800 S Ocean Blvd, CA,",0643472816000,Scott Newman,01/08/2024,01/30/2024,R5A,"800 S Ocean Blvd, CA,",0643472816000,,,,Closed -,,25,c:\Users\edilm\OneDrive\Desktop\Edilma Projects\LandingAI-Hack\coderisk-sf\results_folder\bocaraton\raw_json\boca_JustFOIA_Request_2024-9180-30p.json
narrative,CODE-2024-00045,,,,,"800 S Ocean Blvd, CA,",0643472816000,Scott Newman,01/08/2024,01/30/2024,R5A,"800 S Ocean Blvd, CA,",0643472816000,,,Work without permit - temporary security guard room in the garage has no ventilation,Closed -,,25,c:\Users\edilm\OneDrive\Desktop\Edilma Projects\LandingAI-Hack\coderisk-sf\results_folder\bocaraton\raw_json\boca_JustFOIA_Request_2024-9180-30p.json
case_header,CODE-2024-00046,Municipal Code,Closed-,,RB1,"6455 N Federal Hwy, Boca 064347050201001","6455 N Federal Hwy, Boca 064347050201001",Omari Best,01/08/2024,01/16/2024,RB1,"6455 N Federal Hwy, Boca 064347050201001","6455 N Federal Hwy, Boca 064347050201001",,,,Closed-,,25,c:\Users\edilm\OneDrive\Desktop\Edilma Projects\LandingAI-Hack\coderisk-sf\results_folder\bocaraton\raw_json\boca_JustFOIA_Request_2024-9180-30p.json
narrative,CODE-2024-00046,,,,,"6455 N Federal Hwy, Boca 064347050201001","6455 N Federal Hwy, Boca 064347050201001",Omari Best,01/08/2024,01/16/2024,RB1,"6455 N Federal Hwy, Boca 064347050201001","6455 N Federal Hwy, Boca 064347050201001",,,Inspection revealed: Property in compliance case closed.,Closed-,,25,c:\Users\edilm\OneDrive\Desktop\Edilma Projects\LandingAI-Hack\coderisk-sf\results_folder\bocaraton\raw_json\boca_JustFOIA_Request_2024-9180-30p.json
case_header,CODE-2024-00047,Municipal Code,Closed-,,RB1,"6455 N Federal Hwy, Boca 064347050201001","6455 N Federal Hwy, Boca 064347050201001",Therese Smyack,01/09/2024,03/25/2024,RB1,"6455 N Federal Hwy, Boca 064347050201001","6455 N Federal Hwy, Boca 064347050201001",,,,Closed-,,25,c:\Users\edilm\OneDrive\Desktop\Edilma Projects\LandingAI-Hack\coderisk-sf\results_folder\bocaraton\raw_json\boca_JustFOIA_Request_2024-9180-30p.json
narrative,CODE-2024-00047,,,,,"6455 N Federal Hwy, Boca 064347050201001","6455 N Federal Hwy, Boca 064347050201001",Therese Smyack,01/09/2024,03/25/2024,RB1,"6455 N Federal Hwy, Boca 064347050201001","6455 N Federal Hwy, Boca 064347050201001",,,Feather type sign observed adjacent swale. Photo's captured.,Closed-,,25,c:\Users\edilm\OneDrive\Desktop\Edilma Projects\LandingAI-Hack\coderisk-sf\results_folder\bocaraton\raw_json\boca_JustFOIA_Request_2024-9180-30p.json
case_header,CODE-2024-00048,Municipal Code,Closed -,,RB1,"6501 N Federal Hwy, 1,",064347050201101,Omari Best,01/09/2024,01/10/2024,RB1,"6501 N Federal Hwy, 1,",064347050201101,,,,Closed -,,25,c:\Users\edilm\OneDrive\Desktop\Edilma Projects\LandingAI-Hack\coderisk-sf\results_folder\bocaraton\raw_json\boca_JustFOIA_Request_2024-9180-30p.json
violation_item,CODE-2024-00048,,,,,"6501 N Federal Hwy, 1,",064347050201101,Omari Best,01/09/2024,01/10/2024,RB1,"6501 N Federal Hwy, 1,",064347050201101,SEC. 2,-130 - SEC.,,Closed -,In Violation,25,c:\Users\edilm\OneDrive\Desktop\Edilma Projects\LandingAI-Hack\coderisk-sf\results_folder\bocaraton\raw_json\boca_JustFOIA_Request_2024-9180-30p.json
violation_item,CODE-2024-00048,,,,,"6501 N Federal Hwy, 1,",064347050201101,Omari Best,01/09/2024,01/10/2024,RB1,"6501 N Federal Hwy, 1,",064347050201101,302.2.1(L),,,Closed -,,25,c:\Users\edilm\OneDrive\Desktop\Edilma Projects\LandingAI-Hack\coderisk-sf\results_folder\bocaraton\raw_json\boca_JustFOIA_Request_2024-9180-30p.json
violation_item,CODE-2024-00048,,,,,"6501 N Federal Hwy, 1,",064347050201101,Omari Best,01/09/2024,01/10/2024,RB1,"6501 N Federal Hwy, 1,",064347050201101,,LANDSCAPING,,Closed -,,25,c:\Users\edilm\OneDrive\Desktop\Edilma Projects\LandingAI-Hack\coderisk-sf\results_folder\bocaraton\raw_json\boca_JustFOIA_Request_2024-9180-30p.json
violation_item,CODE-2024-00048,,,,,"6501 N Federal Hwy, 1,",064347050201101,Omari Best,01/09/2024,01/10/2024,RB1,"6501 N Federal Hwy, 1,",064347050201101,,MAINTENAN,,Closed -,,25,c:\Users\edilm\OneDrive\Desktop\Edilma Projects\LandingAI-Hack\coderisk-sf\results_folder\bocaraton\raw_json\boca_JustFOIA_Request_2024-9180-30p.json
narrative,CODE-2024-00048,,,,,"6501 N Federal Hwy, 1,",064347050201101,Omari Best,01/09/2024,01/10/2024,RB1,"6501 N Federal Hwy, 1,",064347050201101,,,Inspection revealed: Palm tree is not dead. case closed.,Closed -,,25,c:\Users\edilm\OneDrive\Desktop\Edilma Projects\LandingAI-Hack\coderisk-sf\results_folder\bocaraton\raw_json\boca_JustFOIA_Request_2024-9180-30p.json
case_header,CODE-2024-00052,Municipal Code,Closed -,,R3C (PUD),"1741 NW 42Nd Dr, Boca",064247121400001,William Buckley,01/09/2024,01/11/2024,R3C (PUD),"1741 NW 42Nd Dr, Boca",064247121400001,,,,Closed -,,25,c:\Users\edilm\OneDrive\Desktop\Edilma Projects\LandingAI-Hack\coderisk-sf\results_folder\bocaraton\raw_json\boca_JustFOIA_Request_2024-9180-30p.json
violation_item,CODE-2024-00052,,,,,"1741 NW 42Nd Dr, Boca",064247121400001,William Buckley,01/09/2024,01/11/2024,R3C (PUD),"1741 NW 42Nd Dr, Boca",064247121400001,Description:,"Mobile car wash unit is operating before 7:00 mostly on weekdays and during the day, the noise generated by the",,Closed -,"Description: Mobile car wash unit is operating before 7:00 mostly on weekdays and during the day, the noise generated by the",25,c:\Users\edilm\OneDrive\Desktop\Edilma Projects\LandingAI-Hack\coderisk-sf\results_folder\bocaraton\raw_json\boca_JustFOIA_Request_2024-9180-30p.json
violation_item,CODE-2024-00052,,,,,"1741 NW 42Nd Dr, Boca",064247121400001,William Buckley,01/09/2024,01/11/2024,R3C (PUD),"1741 NW 42Nd Dr, Boca",064247121400001,equipment,"was measured to be above 80dB. Complainant can be contacted to get a time when the unit is there. Also, it needs to be",,Closed -,"equipment was measured to be above 80dB. Complainant can be contacted to get a time when the unit is there. Also, it needs to be",25,c:\Users\edilm\OneDrive\Desktop\Edilma Projects\LandingAI-Hack\coderisk-sf\results_folder\bocaraton\raw_json\boca_JustFOIA_Request_2024-9180-30p.json
violation_item,CODE-2024-00052,,,,,"1741 NW 42Nd Dr, Boca",064247121400001,William Buckley,01/09/2024,01/11/2024,R3C (PUD),"1741 NW 42Nd Dr, Boca",064247121400001,,COMPLAINANT THEY ARE OPERATING A MOBIL CAR WASH DURING BUSINESS HRS NOT AFTER MOBIL DOESNOT NEED A,,Closed -,COMPLAINANT THEY ARE OPERATING A MOBIL CAR WASH DURING BUSINESS HRS NOT AFTER MOBIL DOESNOT NEED A,25,c:\Users\edilm\OneDrive\Desktop\Edilma Projects\LandingAI-Hack\coderisk-sf\results_folder\bocaraton\raw_json\boca_JustFOIA_Request_2024-9180-30p.json
violation_item,CODE-2024-00052,,,,,"1741 NW 42Nd Dr, Boca",064247121400001,William Buckley,01/09/2024,01/11/2024,R3C (PUD),"1741 NW 42Nd Dr, Boca",064247121400001,,BTR CLOSE CASE.WB,,Closed -,BTR CLOSE CASE.WB,25,c:\Users\edilm\OneDrive\Desktop\Edilma Projects\LandingAI-Hack\coderisk-sf\results_folder\bocaraton\raw_json\boca_JustFOIA_Request_2024-9180-30p.json
case_header,CODE-2024-00053,Municipal Code,Closed -,,R1D,"7580 Texas Trl, Boca",064346324002403,William Buckley,01/09/2024,01/10/2024,R1D,"7580 Texas Trl, Boca",064346324002403,,,,Closed -,,25,c:\Users\edilm\OneDrive\Desktop\Edilma Projects\LandingAI-Hack\coderisk-sf\results_folder\bocaraton\raw_json\boca_JustFOIA_Request_2024-9180-30p.json
narrative,CODE-2024-00053,,,,,"7580 Texas Trl, Boca",064346324002403,William Buckley,01/09/2024,01/10/2024,R1D,"7580 Texas Trl, Boca",064346324002403,,,Trash bags were put out for pick-up and garbage from inside the bags is blowing around the neighborhood.,Closed -,,25,c:\Users\edilm\OneDrive\Desktop\Edilma Projects\LandingAI-Hack\coderisk-sf\results_folder\bocaraton\raw_json\boca_JustFOIA_Request_2024-9180-30p.json
case_header,CODE-2024-00054,Municipal Code,Closed -,,B4,"865 N Federal Hwy, Boca 064347201500300","865 N Federal Hwy, Boca 064347201500300",Derek Corcoran,01/09/2024,06/27/2024,B4,"865 N Federal Hwy, Boca 064347201500300","865 N Federal Hwy, Boca 064347201500300",,,,Closed -,,25,c:\Users\edilm\OneDrive\Desktop\Edilma Projects\LandingAI-Hack\coderisk-sf\results_folder\bocaraton\raw_json\boca_JustFOIA_Request_2024-9180-30p.json
violation_item,CODE-2024-00054,,,,,"865 N Federal Hwy, Boca 064347201500300","865 N Federal Hwy, Boca 064347201500300",Derek Corcoran,01/09/2024,06/27/2024,B4,"865 N Federal Hwy, Boca 064347201500300","865 N Federal Hwy, Boca 064347201500300",SEC. 24,-6,,Closed -,In Violation,25,c:\Users\edilm\OneDrive\Desktop\Edilma Projects\LandingAI-Hack\coderisk-sf\results_folder\bocaraton\raw_json\boca_JustFOIA_Request_2024-9180-30p.json
narrative,CODE-2024-00054,,,,,"865 N Federal Hwy, Boca 064347201500300","865 N Federal Hwy, Boca 064347201500300",Derek Corcoran,01/09/2024,06/27/2024,B4,"865 N Federal Hwy, Boca 064347201500300","865 N Federal Hwy, Boca 064347201500300",,,Prohibited banner,Closed -,,25,c:\Users\edilm\OneDrive\Desktop\Edilma Projects\LandingAI-Hack\coderisk-sf\results_folder\bocaraton\raw_json\boca_JustFOIA_Request_2024-9180-30p.json
case_header,CODE-2024-00056,Municipal Code,Closed -,,R1D,"425 NE 34Th St, Boca",064347080405500,Omari Best,01/09/2024,02/05/2024,R1D,"425 NE 34Th St, Boca",064347080405500,,,,Closed -,,25,c:\Users\edilm\OneDrive\Desktop\Edilma Projects\LandingAI-Hack\coderisk-sf\results_folder\bocaraton\raw_json\boca_JustFOIA_Request_2024-9180-30p.json
violation_item,CODE-2024-00056,,,,,"425 NE 34Th St, Boca",064347080405500,Omari Best,01/09/2024,02/05/2024,R1D,"425 NE 34Th St, Boca",064347080405500,SEC. 28,-1509(C),,Closed -,In Violation,25,c:\Users\edilm\OneDrive\Desktop\Edilma Projects\LandingAI-Hack\coderisk-sf\results_folder\bocaraton\raw_json\boca_JustFOIA_Request_2024-9180-30p.json
narrative,CODE-2024-00056,,,,,"425 NE 34Th St, Boca",064347080405500,Omari Best,01/09/2024,02/05/2024,R1D,"425 NE 34Th St, Boca",064347080405500,,,Inspection revealed: Property in compliance.,Closed -,,25,c:\Users\edilm\OneDrive\Desktop\Edilma Projects\LandingAI-Hack\coderisk-sf\results_folder\bocaraton\raw_json\boca_JustFOIA_Request_2024-9180-30p.json
case_header,CODE-2024-00057,Municipal Code,Closed -,,R1D,"530 NE 37Th St, Boca",064347080405104,Omari Best,01/09/2024,01/23/2024,R1D,"530 NE 37Th St, Boca",064347080405104,,,,Closed -,,25,c:\Users\edilm\OneDrive\Desktop\Edilma Projects\LandingAI-Hack\coderisk-sf\results_folder\bocaraton\raw_json\boca_JustFOIA_Request_2024-9180-30p.json
violation_item,CODE-2024-00057,,,,,"530 NE 37Th St, Boca",064347080405104,Omari Best,01/09/2024,01/23/2024,R1D,"530 NE 37Th St, Boca",064347080405104,SEC. 28,-1509(C),,Closed -,In Violation,25,c:\Users\edilm\OneDrive\Desktop\Edilma Projects\LandingAI-Hack\coderisk-sf\results_folder\bocaraton\raw_json\boca_JustFOIA_Request_2024-9180-30p.json
narrative,CODE-2024-00057,,,,,"530 NE 37Th St, Boca",064347080405104,Omari Best,01/09/2024,01/23/2024,R1D,"530 NE 37Th St, Boca",064347080405104,,,Inspection revealed: Property in compliance case closed.,Closed -,,25,c:\Users\edilm\OneDrive\Desktop\Edilma Projects\LandingAI-Hack\coderisk-sf\results_folder\bocaraton\raw_json\boca_JustFOIA_Request_2024-9180-30p.json
narrative,,,,,,,,,,,,,,,,"Complainant reports new monument being built at entrance to Lands End subdivision, adjacent to 701 St. Albans Drive, is very close to street. Check to see if it meets code and setback requirements. Pictures provided (in Files).",,,31,c:\Users\edilm\OneDrive\Desktop\Edilma Projects\LandingAI-Hack\coderisk-sf\results_folder\bocaraton\raw_json\boca_JustFOIA_Request_2024-9180-30p.json
violation_item,,,,,,,,,,,,,,,CODE-2024-00061,,,,31,c:\Users\edilm\OneDrive\Desktop\Edilma Projects\LandingAI-Hack\coderisk-sf\results_folder\bocaraton\raw_json\boca_JustFOIA_Request_2024-9180-30p.json
violation_item,,,,,,,,,,,,,,,CODE-2024-00062,,,,31,c:\Users\edilm\OneDrive\Desktop\Edilma Projects\LandingAI-Hack\coderisk-sf\results_folder\bocaraton\raw_json\boca_JustFOIA_Request_2024-9180-30p.json
violation_item,,,,,,,,,,,,,,,CODE-2024-00064,,,,31,c:\Users\edilm\OneDrive\Desktop\Edilma Projects\LandingAI-Hack\coderisk-sf\results_folder\bocaraton\raw_json\boca_JustFOIA_Request_2024-9180-30p.json
violation_item,,,,,,,,,,,,,,,CODE-2024-00066,,,,31,c:\Users\edilm\OneDrive\Desktop\Edilma Projects\LandingAI-Hack\coderisk-sf\results_folder\bocaraton\raw_json\boca_JustFOIA_Request_2024-9180-30p.json
case_header,CODE-2024-00069,Municipal Code,Closed -,,R1D,"1000 NW 13Th St, CA,",064247241200100,No User,01/11/2024,01/16/2024,,,,,,,Closed -,,38,c:\Users\edilm\OneDrive\Desktop\Edilma Projects\LandingAI-Hack\coderisk-sf\results_folder\bocaraton\raw_json\boca_JustFOIA_Request_2024-9180-30p.json
violation_item,CODE-2024-00069,,,,,"1000 NW 13Th St, CA,",064247241200100,No User,01/11/2024,01/16/2024,,,,SEC. 10,-117,,Closed -,In Violation,38,c:\Users\edilm\OneDrive\Desktop\Edilma Projects\LandingAI-Hack\coderisk-sf\results_folder\bocaraton\raw_json\boca_JustFOIA_Request_2024-9180-30p.json
narrative,CODE-2024-00069,,,,,"1000 NW 13Th St, CA,",064247241200100,No User,01/11/2024,01/16/2024,,,,,,Inoperable moped observed in right of way.,Closed -,,38,c:\Users\edilm\OneDrive\Desktop\Edilma Projects\LandingAI-Hack\coderisk-sf\results_folder\bocaraton\raw_json\boca_JustFOIA_Request_2024-9180-30p.json
case_header,CODE-2024-00070,Municipal Code,Closed-,,R1D,"348 NW 21St St, Boca",064347180100101,Austin Mann,01/11/2024,01/18/2024,,,,,,,Closed-,,38,c:\Users\edilm\OneDrive\Desktop\Edilma Projects\LandingAI-Hack\coderisk-sf\results_folder\bocaraton\raw_json\boca_JustFOIA_Request_2024-9180-30p.json
narrative,CODE-2024-00070,,,,,"348 NW 21St St, Boca",064347180100101,Austin Mann,01/11/2024,01/18/2024,,,,,,Routine patrol: I observed a Mazda Miata parked on the lawn/large pile of dirt. I spoke with two residents. They,Closed-,,38,c:\Users\edilm\OneDrive\Desktop\Edilma Projects\LandingAI-Hack\coderisk-sf\results_folder\bocaraton\raw_json\boca_JustFOIA_Request_2024-9180-30p.json
case_header,CODE-2024-00071,Municipal Code,Closed -,,R1D,"455 NE 37Th St, Boca",064347080404601,Austin Mann,01/12/2024,06/28/2024,,,,,,,Closed -,,38,c:\Users\edilm\OneDrive\Desktop\Edilma Projects\LandingAI-Hack\coderisk-sf\results_folder\bocaraton\raw_json\boca_JustFOIA_Request_2024-9180-30p.json
violation_item,CODE-2024-00071,,,,,"455 NE 37Th St, Boca",064347080404601,Austin Mann,01/12/2024,06/28/2024,,,,SEC. 28,-339(A),,Closed -,Resolved,38,c:\Users\edilm\OneDrive\Desktop\Edilma Projects\LandingAI-Hack\coderisk-sf\results_folder\bocaraton\raw_json\boca_JustFOIA_Request_2024-9180-30p.json
violation_item,CODE-2024-00071,,,,,"455 NE 37Th St, Boca",064347080404601,Austin Mann,01/12/2024,06/28/2024,,,,Description:,Per caller this property is being sub-rented on a monthly basis to multiple people constantly by the renter. Possibly more than 3 unrelated. Please call George Southards at (561)707-9802 at 470 NE 37th St.,,Closed -,Description: Per caller this property is being sub-rented on a monthly basis to multiple people constantly by the renter. Possibly more than 3 unrelated. Please call George Southards at (561)707-9802 at 470 NE 37th St.,38,c:\Users\edilm\OneDrive\Desktop\Edilma Projects\LandingAI-Hack\coderisk-sf\results_folder\bocaraton\raw_json\boca_JustFOIA_Request_2024-9180-30p.json
violation_item,CODE-2024-00071,,,,,"455 NE 37Th St, Boca",064347080404601,Austin Mann,01/12/2024,06/28/2024,,,,Description:,Per caller this property is being sub-rented on a monthly basis to multiple people constantly by the renter. Possibly more than 3 unrelated. Please call George Southards at (561)707-9802 at 470 NE 37th St.,,Closed -,Description: Per caller this property is being sub-rented on a monthly basis to multiple people constantly by the renter. Possibly more than 3 unrelated. Please call George Southards at (561)707-9802 at 470 NE 37th St.,38,c:\Users\edilm\OneDrive\Desktop\Edilma Projects\LandingAI-Hack\coderisk-sf\results_folder\bocaraton\raw_json\boca_JustFOIA_Request_2024-9180-30p.json
case_header,CODE-2024-00073,Municipal Code,Closed -,,R1D,"1502 NW 5Th St, Boca",064247240301802,Derek Corcoran,01/12/2024,06/27/2024,,,,,,,Closed -,,38,c:\Users\edilm\OneDrive\Desktop\Edilma Projects\LandingAI-Hack\coderisk-sf\results_folder\bocaraton\raw_json\boca_JustFOIA_Request_2024-9180-30p.json
violation_item,CODE-2024-00073,,,,,"1502 NW 5Th St, Boca",064247240301802,Derek Corcoran,01/12/2024,06/27/2024,,,,SEC. 14,-11,,Closed -,In Violation,38,c:\Users\edilm\OneDrive\Desktop\Edilma Projects\LandingAI-Hack\coderisk-sf\results_folder\bocaraton\raw_json\boca_JustFOIA_Request_2024-9180-30p.json
narrative,CODE-2024-00073,,,,,"1502 NW 5Th St, Boca",064247240301802,Derek Corcoran,01/12/2024,06/27/2024,,,,,,"Per online submitter: ""A pile of trash has been in the swale since Thursday when bulk pickup is next Tuesday. This is a regular occurrence with this house.""",Closed -,,38,c:\Users\edilm\OneDrive\Desktop\Edilma Projects\LandingAI-Hack\coderisk-sf\results_folder\bocaraton\raw_json\boca_JustFOIA_Request_2024-9180-30p.json
violation_item,CODE-2024-00073,,,,,"1502 NW 5Th St, Boca",064247240301802,Derek Corcoran,01/12/2024,06/27/2024,,,,Submitter:,mike Johnston 1600 nw 5th st,,Closed -,Submitter: mike Johnston 1600 nw 5th st,38,c:\Users\edilm\OneDrive\Desktop\Edilma Projects\LandingAI-Hack\coderisk-sf\results_folder\bocaraton\raw_json\boca_JustFOIA_Request_2024-9180-30p.json
violation_item,CODE-2024-00073,,,,,"1502 NW 5Th St, Boca",064247240301802,Derek Corcoran,01/12/2024,06/27/2024,,,,SeeClickFix,#15868972 created: 01/12/2024 8:41 AM,,Closed -,SeeClickFix #15868972 created: 01/12/2024 8:41 AM,38,c:\Users\edilm\OneDrive\Desktop\Edilma Projects\LandingAI-Hack\coderisk-sf\results_folder\bocaraton\raw_json\boca_JustFOIA_Request_2024-9180-30p.json
case_header,CODE-2024-00075,Municipal Code,Closed -,,R1D,"344 NE 2Nd St, Boca Raton, 064347202400400","344 NE 2Nd St, Boca Raton, 064347202400400",Steven Singer,01/12/2024,01/22/2024,,,,,,,Closed -,,38,c:\Users\edilm\OneDrive\Desktop\Edilma Projects\LandingAI-Hack\coderisk-sf\results_folder\bocaraton\raw_json\boca_JustFOIA_Request_2024-9180-30p.json
narrative,CODE-2024-00075,,,,,"344 NE 2Nd St, Boca Raton, 064347202400400","344 NE 2Nd St, Boca Raton, 064347202400400",Steven Singer,01/12/2024,01/22/2024,,,,,,Overgrown weeds/grass on vacant lot. Picture taken. Will contact owner.,Closed -,,38,c:\Users\edilm\OneDrive\Desktop\Edilma Projects\LandingAI-Hack\coderisk-sf\results_folder\bocaraton\raw_json\boca_JustFOIA_Request_2024-9180-30p.json
case_header,CODE-2024-00078,Municipal Code,Closed-,,R2,"100 W Hidden Valley Blvd, 064346323700000","100 W Hidden Valley Blvd, 064346323700000",William Buckley,01/12/2024,01/30/2024,,,,,,,Closed-,,38,c:\Users\edilm\OneDrive\Desktop\Edilma Projects\LandingAI-Hack\coderisk-sf\results_folder\bocaraton\raw_json\boca_JustFOIA_Request_2024-9180-30p.json
narrative,CODE-2024-00078,,,,,"100 W Hidden Valley Blvd, 064346323700000","100 W Hidden Valley Blvd, 064346323700000",William Buckley,01/12/2024,01/30/2024,,,,,,Complainant reports construction noise repeatedly during quiet hours. Case opened per Officer D. Spellman. Also refer,Closed-,,38,c:\Users\edilm\OneDrive\Desktop\Edilma Projects\LandingAI-Hack\coderisk-sf\results_folder\bocaraton\raw_json\boca_JustFOIA_Request_2024-9180-30p.json
violation_item,CODE-2024-00078,,,,,"100 W Hidden Valley Blvd, 064346323700000","100 W Hidden Valley Blvd, 064346323700000",William Buckley,01/12/2024,01/30/2024,,,,to,CODE-2023-02060.,,Closed-,to CODE-2023-02060.,38,c:\Users\edilm\OneDrive\Desktop\Edilma Projects\LandingAI-Hack\coderisk-sf\results_folder\bocaraton\raw_json\boca_JustFOIA_Request_2024-9180-30p.json
case_header,CODE-2024-00079,Municipal Code,Closed-,,R1D,"1400 NW 4Th St, Boca",064247240200900,No User,01/12/2024,01/16/2024,,,,,,,Closed-,,38,c:\Users\edilm\OneDrive\Desktop\Edilma Projects\LandingAI-Hack\coderisk-sf\results_folder\bocaraton\raw_json\boca_JustFOIA_Request_2024-9180-30p.json
narrative,CODE-2024-00079,,,,,"1400 NW 4Th St, Boca",064247240200900,No User,01/12/2024,01/16/2024,,,,,,"Per online submitter: ""this porto potty has been unlocked in front of this house for months. This is a drowning hazard for",Closed-,,38,c:\Users\edilm\OneDrive\Desktop\Edilma Projects\LandingAI-Hack\coderisk-sf\results_folder\bocaraton\raw_json\boca_JustFOIA_Request_2024-9180-30p.json
violation_item,CODE-2024-00079,,,,,"1400 NW 4Th St, Boca",064247240200900,No User,01/12/2024,01/16/2024,,,,small,"children."" Submitter: Mike Johnston 1600 NW 5th St. SeeClickFix #15865337 created: 01/11/2024 1:18 PM",,Closed-,"small children."" Submitter: Mike Johnston 1600 NW 5th St. SeeClickFix #15865337 created: 01/11/2024 1:18 PM",38,c:\Users\edilm\OneDrive\Desktop\Edilma Projects\LandingAI-Hack\coderisk-sf\results_folder\bocaraton\raw_json\boca_JustFOIA_Request_2024-9180-30p.json
case_header,CODE-2024-00080,Municipal Code,Closed -,,R1D,"7 St Cloud Ln, Boca Raton, 064247140200401","7 St Cloud Ln, Boca Raton, 064247140200401",Juan Hernandez,01/12/2024,02/02/2024,,,,,,,Closed -,,38,c:\Users\edilm\OneDrive\Desktop\Edilma Projects\LandingAI-Hack\coderisk-sf\results_folder\bocaraton\raw_json\boca_JustFOIA_Request_2024-9180-30p.json
violation_item,CODE-2024-00080,,,,,"7 St Cloud Ln, Boca Raton, 064247140200401","7 St Cloud Ln, Boca Raton, 064247140200401",Juan Hernandez,01/12/2024,02/02/2024,,,,IPMC 304.1.1.8,-,,Closed -,In Violation,38,c:\Users\edilm\OneDrive\Desktop\Edilma Projects\LandingAI-Hack\coderisk-sf\results_folder\bocaraton\raw_json\boca_JustFOIA_Request_2024-9180-30p.json
violation_item,CODE-2024-00080,,,,,"7 St Cloud Ln, Boca Raton, 064247140200401","7 St Cloud Ln, Boca Raton, 064247140200401",Juan Hernandez,01/12/2024,02/02/2024,,,,,ROOFING,,Closed -,,38,c:\Users\edilm\OneDrive\Desktop\Edilma Projects\LandingAI-Hack\coderisk-sf\results_folder\bocaraton\raw_json\boca_JustFOIA_Request_2024-9180-30p.json
violation_item,CODE-2024-00080,,,,,"7 St Cloud Ln, Boca Raton, 064247140200401","7 St Cloud Ln, Boca Raton, 064247140200401",Juan Hernandez,01/12/2024,02/02/2024,,,,,COMPONENTS,,Closed -,,38,c:\Users\edilm\OneDrive\Desktop\Edilma Projects\LandingAI-Hack\coderisk-sf\results_folder\bocaraton\raw_json\boca_JustFOIA_Request_2024-9180-30p.json
narrative,CODE-2024-00080,,,,,"7 St Cloud Ln, Boca Raton, 064247140200401","7 St Cloud Ln, Boca Raton, 064247140200401",Juan Hernandez,01/12/2024,02/02/2024,,,,,,Routine patrol for a roof in disrepair,Closed -,,38,c:\Users\edilm\OneDrive\Desktop\Edilma Projects\LandingAI-Hack\coderisk-sf\results_folder\bocaraton\raw_json\boca_JustFOIA_Request_2024-9180-30p.json
case_header,CODE-2024-00083,Municipal Code,Closed-,,R1D,"2107 NE 4Th Ave, Boca",064347170900301,Deiner Lobo,01/12/2024,01/27/2024,,,,,,,Closed-,,38,c:\Users\edilm\OneDrive\Desktop\Edilma Projects\LandingAI-Hack\coderisk-sf\results_folder\bocaraton\raw_json\boca_JustFOIA_Request_2024-9180-30p.json
narrative,CODE-2024-00083,,,,,"2107 NE 4Th Ave, Boca",064347170900301,Deiner Lobo,01/12/2024,01/27/2024,,,,,,Citizen Complaint: Vehicles parked on the paved right of way and sidewalk. Visibility obstruction when pulling out of his,Closed-,,38,c:\Users\edilm\OneDrive\Desktop\Edilma Projects\LandingAI-Hack\coderisk-sf\results_folder\bocaraton\raw_json\boca_JustFOIA_Request_2024-9180-30p.json
case_header,CODE-2024-00084,Municipal Code,Closed -,,DDRI,"337 Plaza Real, Boca",064347204000100,Christopher,01/14/2024,02/29/2024,,,,,,,Closed -,,38,c:\Users\edilm\OneDrive\Desktop\Edilma Projects\LandingAI-Hack\coderisk-sf\results_folder\bocaraton\raw_json\boca_JustFOIA_Request_2024-9180-30p.json
violation_item,CODE-2024-00084,,,,,"337 Plaza Real, Boca",064347204000100,Christopher,01/14/2024,02/29/2024,,,,Enforcement,"Resolved Raton, FL 33432 10 Description: Routine Patrol: Possible active business displaying unpermitted banner and no BTR.",,Closed -,"Enforcement Resolved Raton, FL 33432 10 Description: Routine Patrol: Possible active business displaying unpermitted banner and no BTR.",38,c:\Users\edilm\OneDrive\Desktop\Edilma Projects\LandingAI-Hack\coderisk-sf\results_folder\bocaraton\raw_json\boca_JustFOIA_Request_2024-9180-30p.json
violation_item,CODE-2024-00084,,,,,"337 Plaza Real, Boca",064347204000100,Christopher,01/14/2024,02/29/2024,,,,Enforcement,"Resolved Raton, FL 33432 10 Description: Routine Patrol: Possible active business displaying unpermitted banner and no BTR.",,Closed -,"Enforcement Resolved Raton, FL 33432 10 Description: Routine Patrol: Possible active business displaying unpermitted banner and no BTR.",38,c:\Users\edilm\OneDrive\Desktop\Edilma Projects\LandingAI-Hack\coderisk-sf\results_folder\bocaraton\raw_json\boca_JustFOIA_Request_2024-9180-30p.json
case_header,CODE-2024-00087,"Municipal Code Enforcement Closed - Resolved R1D 1423 SW 13Th St, Boca Raton, FL 33486 Description: Per online submitter: ""Car parking in street blocking roadway Makes it difficult to drive down the st oncoming traffic and you lack visibility coming around the corner When other service vehicles park you can't ge modes playing in the street you cannot see them either."" Submitter: Eric Jensen 1521 SW 13th St Boca Raton FI 33486 SeeClickFix #15874760 created: 01/13/2024 12:23 P.M. PHOTO PROVIDED.","Municipal Code Enforcement Closed - Resolved R1D 1423 SW 13Th St, Boca Raton, FL 33486 Description: Per online submitter: ""Car parking in street blocking roadway Makes it difficult to drive down the st oncoming traffic and you lack visibility coming around the corner When other service vehicles park you can't ge modes playing in the street you cannot see them either."" Submitter: Eric Jensen 1521 SW 13th St Boca Raton FI 33486 SeeClickFix #15874760 created: 01/13/2024 12:23 P.M. PHOTO PROVIDED.","Municipal Code Enforcement Closed - Resolved R1D 1423 SW 13Th St, Boca Raton, FL 33486 Description: Per online submitter: ""Car parking in street blocking roadway Makes it difficult to drive down the st oncoming traffic and you lack visibility coming around the corner When other service vehicles park you can't ge modes playing in the street you cannot see them either."" Submitter: Eric Jensen 1521 SW 13th St Boca Raton FI 33486 SeeClickFix #15874760 created: 01/13/2024 12:23 P.M. PHOTO PROVIDED.","Municipal Code Enforcement Closed - Resolved R1D 1423 SW 13Th St, Boca Raton, FL 33486 Description: Per online submitter: ""Car parking in street blocking roadway Makes it difficult to drive down the st oncoming traffic and you lack visibility coming around the corner When other service vehicles park you can't ge modes playing in the street you cannot see them either."" Submitter: Eric Jensen 1521 SW 13th St Boca Raton FI 33486 SeeClickFix #15874760 created: 01/13/2024 12:23 P.M. PHOTO PROVIDED.","Municipal Code Enforcement Closed - Resolved R1D 1423 SW 13Th St, Boca Raton, FL 33486 Description: Per online submitter: ""Car parking in street blocking roadway Makes it difficult to drive down the st oncoming traffic and you lack visibility coming around the corner When other service vehicles park you can't ge modes playing in the street you cannot see them either."" Submitter: Eric Jensen 1521 SW 13th St Boca Raton FI 33486 SeeClickFix #15874760 created: 01/13/2024 12:23 P.M. PHOTO PROVIDED.",064247252706900 10 reet especially with t thru safely And with,Colleen O'Connell-Rodriguez,01/16/2024,01/22/2024,"Municipal Code Enforcement Closed - Resolved R1D 1423 SW 13Th St, Boca Raton, FL 33486 Description: Per online submitter: ""Car parking in street blocking roadway Makes it difficult to drive down the st oncoming traffic and you lack visibility coming around the corner When other service vehicles park you can't ge modes playing in the street you cannot see them either."" Submitter: Eric Jensen 1521 SW 13th St Boca Raton FI 33486 SeeClickFix #15874760 created: 01/13/2024 12:23 P.M. PHOTO PROVIDED.","Municipal Code Enforcement Closed - Resolved R1D 1423 SW 13Th St, Boca Raton, FL 33486 Description: Per online submitter: ""Car parking in street blocking roadway Makes it difficult to drive down the st oncoming traffic and you lack visibility coming around the corner When other service vehicles park you can't ge modes playing in the street you cannot see them either."" Submitter: Eric Jensen 1521 SW 13th St Boca Raton FI 33486 SeeClickFix #15874760 created: 01/13/2024 12:23 P.M. PHOTO PROVIDED.",064247252706900 10 reet especially with t thru safely And with,,,,"Municipal Code Enforcement Closed - Resolved R1D 1423 SW 13Th St, Boca Raton, FL 33486 Description: Per online submitter: ""Car parking in street blocking roadway Makes it difficult to drive down the st oncoming traffic and you lack visibility coming around the corner When other service vehicles park you can't ge modes playing in the street you cannot see them either."" Submitter: Eric Jensen 1521 SW 13th St Boca Raton FI 33486 SeeClickFix #15874760 created: 01/13/2024 12:23 P.M. PHOTO PROVIDED.",,43,c:\Users\edilm\OneDrive\Desktop\Edilma Projects\LandingAI-Hack\coderisk-sf\results_folder\bocaraton\raw_json\boca_JustFOIA_Request_2024-9180-30p.json
case_header,CODE-2024-00088,"Municipal Code Enforcement Closed - Resolved R1D 4501 NW 26Th Pl, Boca Raton, FL 33434 064247101300003 80 Description: Dogs are let out of the fence and are running around the neighborhood unleased; they are very aggressive, attacking other dogs, including complainant's dog; complainant has video of the aggressive dogs and will send; also, complainant will provide affidavit with the video and a Animal Noise/Loose Animal Affidavit.","Municipal Code Enforcement Closed - Resolved R1D 4501 NW 26Th Pl, Boca Raton, FL 33434 064247101300003 80 Description: Dogs are let out of the fence and are running around the neighborhood unleased; they are very aggressive, attacking other dogs, including complainant's dog; complainant has video of the aggressive dogs and will send; also, complainant will provide affidavit with the video and a Animal Noise/Loose Animal Affidavit.","Municipal Code Enforcement Closed - Resolved R1D 4501 NW 26Th Pl, Boca Raton, FL 33434 064247101300003 80 Description: Dogs are let out of the fence and are running around the neighborhood unleased; they are very aggressive, attacking other dogs, including complainant's dog; complainant has video of the aggressive dogs and will send; also, complainant will provide affidavit with the video and a Animal Noise/Loose Animal Affidavit.","Municipal Code Enforcement Closed - Resolved R1D 4501 NW 26Th Pl, Boca Raton, FL 33434 064247101300003 80 Description: Dogs are let out of the fence and are running around the neighborhood unleased; they are very aggressive, attacking other dogs, including complainant's dog; complainant has video of the aggressive dogs and will send; also, complainant will provide affidavit with the video and a Animal Noise/Loose Animal Affidavit.","Municipal Code Enforcement Closed - Resolved R1D 4501 NW 26Th Pl, Boca Raton, FL 33434 064247101300003 80 Description: Dogs are let out of the fence and are running around the neighborhood unleased; they are very aggressive, attacking other dogs, including complainant's dog; complainant has video of the aggressive dogs and will send; also, complainant will provide affidavit with the video and a Animal Noise/Loose Animal Affidavit.","Municipal Code Enforcement Closed - Resolved R1D 4501 NW 26Th Pl, Boca Raton, FL 33434 064247101300003 80 Description: Dogs are let out of the fence and are running around the neighborhood unleased; they are very aggressive, attacking other dogs, including complainant's dog; complainant has video of the aggressive dogs and will send; also, complainant will provide affidavit with the video and a Animal Noise/Loose Animal Affidavit.",Juan Hernandez,01/16/2024,02/02/2024,"Municipal Code Enforcement Closed - Resolved R1D 4501 NW 26Th Pl, Boca Raton, FL 33434 064247101300003 80 Description: Dogs are let out of the fence and are running around the neighborhood unleased; they are very aggressive, attacking other dogs, including complainant's dog; complainant has video of the aggressive dogs and will send; also, complainant will provide affidavit with the video and a Animal Noise/Loose Animal Affidavit.","Municipal Code Enforcement Closed - Resolved R1D 4501 NW 26Th Pl, Boca Raton, FL 33434 064247101300003 80 Description: Dogs are let out of the fence and are running around the neighborhood unleased; they are very aggressive, attacking other dogs, including complainant's dog; complainant has video of the aggressive dogs and will send; also, complainant will provide affidavit with the video and a Animal Noise/Loose Animal Affidavit.","Municipal Code Enforcement Closed - Resolved R1D 4501 NW 26Th Pl, Boca Raton, FL 33434 064247101300003 80 Description: Dogs are let out of the fence and are running around the neighborhood unleased; they are very aggressive, attacking other dogs, including complainant's dog; complainant has video of the aggressive dogs and will send; also, complainant will provide affidavit with the video and a Animal Noise/Loose Animal Affidavit.",,,,"Municipal Code Enforcement Closed - Resolved R1D 4501 NW 26Th Pl, Boca Raton, FL 33434 064247101300003 80 Description: Dogs are let out of the fence and are running around the neighborhood unleased; they are very aggressive, attacking other dogs, including complainant's dog; complainant has video of the aggressive dogs and will send; also, complainant will provide affidavit with the video and a Animal Noise/Loose Animal Affidavit.",,43,c:\Users\edilm\OneDrive\Desktop\Edilma Projects\LandingAI-Hack\coderisk-sf\results_folder\bocaraton\raw_json\boca_JustFOIA_Request_2024-9180-30p.json
case_header,CODE-2024-00089,Municipal Code Enforcement IPMC 302.1 - SANITATION. ALL EXTERIOR PROPERTY Closed - Resolved In Violation 01/16/2024 01/26/2024 Description: Routine patrol for a white bag with debris for private collection,Municipal Code Enforcement IPMC 302.1 - SANITATION. ALL EXTERIOR PROPERTY Closed - Resolved In Violation 01/16/2024 01/26/2024 Description: Routine patrol for a white bag with debris for private collection,Municipal Code Enforcement IPMC 302.1 - SANITATION. ALL EXTERIOR PROPERTY Closed - Resolved In Violation 01/16/2024 01/26/2024 Description: Routine patrol for a white bag with debris for private collection,Municipal Code Enforcement IPMC 302.1 - SANITATION. ALL EXTERIOR PROPERTY Closed - Resolved In Violation 01/16/2024 01/26/2024 Description: Routine patrol for a white bag with debris for private collection,"1960 N Conference Dr, Boca Raton, FL 33486",064247230300501 00 $0.00,Juan Hernandez,01/16/2024,01/30/2024,Municipal Code Enforcement IPMC 302.1 - SANITATION. ALL EXTERIOR PROPERTY Closed - Resolved In Violation 01/16/2024 01/26/2024 Description: Routine patrol for a white bag with debris for private collection,"1960 N Conference Dr, Boca Raton, FL 33486",064247230300501 00 $0.00,,,,Municipal Code Enforcement IPMC 302.1 - SANITATION. ALL EXTERIOR PROPERTY Closed - Resolved In Violation 01/16/2024 01/26/2024 Description: Routine patrol for a white bag with debris for private collection,,43,c:\Users\edilm\OneDrive\Desktop\Edilma Projects\LandingAI-Hack\coderisk-sf\results_folder\bocaraton\raw_json\boca_JustFOIA_Request_2024-9180-30p.json
case_header,CODE-2024-00091,"Municipal Code Enforcement Closed - Resolved R1D 2958 NW 24Th Ter, Boca Raton, FL 33431 064247110200000 70 Description: Per online submitter: ""The have a rooster in their back yard actively crowing."" Submitter: rob Siler 2923 nw 24th way Boca Raton FI 33431 SeeclickFix #1584297 created: 01/16/2024 9:21 AM","Municipal Code Enforcement Closed - Resolved R1D 2958 NW 24Th Ter, Boca Raton, FL 33431 064247110200000 70 Description: Per online submitter: ""The have a rooster in their back yard actively crowing."" Submitter: rob Siler 2923 nw 24th way Boca Raton FI 33431 SeeclickFix #1584297 created: 01/16/2024 9:21 AM","Municipal Code Enforcement Closed - Resolved R1D 2958 NW 24Th Ter, Boca Raton, FL 33431 064247110200000 70 Description: Per online submitter: ""The have a rooster in their back yard actively crowing."" Submitter: rob Siler 2923 nw 24th way Boca Raton FI 33431 SeeclickFix #1584297 created: 01/16/2024 9:21 AM","Municipal Code Enforcement Closed - Resolved R1D 2958 NW 24Th Ter, Boca Raton, FL 33431 064247110200000 70 Description: Per online submitter: ""The have a rooster in their back yard actively crowing."" Submitter: rob Siler 2923 nw 24th way Boca Raton FI 33431 SeeclickFix #1584297 created: 01/16/2024 9:21 AM","Municipal Code Enforcement Closed - Resolved R1D 2958 NW 24Th Ter, Boca Raton, FL 33431 064247110200000 70 Description: Per online submitter: ""The have a rooster in their back yard actively crowing."" Submitter: rob Siler 2923 nw 24th way Boca Raton FI 33431 SeeclickFix #1584297 created: 01/16/2024 9:21 AM","Municipal Code Enforcement Closed - Resolved R1D 2958 NW 24Th Ter, Boca Raton, FL 33431 064247110200000 70 Description: Per online submitter: ""The have a rooster in their back yard actively crowing."" Submitter: rob Siler 2923 nw 24th way Boca Raton FI 33431 SeeclickFix #1584297 created: 01/16/2024 9:21 AM",Juan Hernandez,01/16/2024,01/31/2024,"Municipal Code Enforcement Closed - Resolved R1D 2958 NW 24Th Ter, Boca Raton, FL 33431 064247110200000 70 Description: Per online submitter: ""The have a rooster in their back yard actively crowing."" Submitter: rob Siler 2923 nw 24th way Boca Raton FI 33431 SeeclickFix #1584297 created: 01/16/2024 9:21 AM","Municipal Code Enforcement Closed - Resolved R1D 2958 NW 24Th Ter, Boca Raton, FL 33431 064247110200000 70 Description: Per online submitter: ""The have a rooster in their back yard actively crowing."" Submitter: rob Siler 2923 nw 24th way Boca Raton FI 33431 SeeclickFix #1584297 created: 01/16/2024 9:21 AM","Municipal Code Enforcement Closed - Resolved R1D 2958 NW 24Th Ter, Boca Raton, FL 33431 064247110200000 70 Description: Per online submitter: ""The have a rooster in their back yard actively crowing."" Submitter: rob Siler 2923 nw 24th way Boca Raton FI 33431 SeeclickFix #1584297 created: 01/16/2024 9:21 AM",,,,"Municipal Code Enforcement Closed - Resolved R1D 2958 NW 24Th Ter, Boca Raton, FL 33431 064247110200000 70 Description: Per online submitter: ""The have a rooster in their back yard actively crowing."" Submitter: rob Siler 2923 nw 24th way Boca Raton FI 33431 SeeclickFix #1584297 created: 01/16/2024 9:21 AM",,43,c:\Users\edilm\OneDrive\Desktop\Edilma Projects\LandingAI-Hack\coderisk-sf\results_folder\bocaraton\raw_json\boca_JustFOIA_Request_2024-9180-30p.json
case_header,CODE-2024-00092,Municipal Code Enforcement Description: Height of hedge is over what code allows and owner talks about cutting down complainant's coconut tree.,Municipal Code Enforcement Description: Height of hedge is over what code allows and owner talks about cutting down complainant's coconut tree.,Municipal Code Enforcement Description: Height of hedge is over what code allows and owner talks about cutting down complainant's coconut tree.,Municipal Code Enforcement Description: Height of hedge is over what code allows and owner talks about cutting down complainant's coconut tree.,Municipal Code Enforcement Description: Height of hedge is over what code allows and owner talks about cutting down complainant's coconut tree.,Municipal Code Enforcement Description: Height of hedge is over what code allows and owner talks about cutting down complainant's coconut tree.,Steven Singer,01/16/2024,02/22/2024,Municipal Code Enforcement Description: Height of hedge is over what code allows and owner talks about cutting down complainant's coconut tree.,Municipal Code Enforcement Description: Height of hedge is over what code allows and owner talks about cutting down complainant's coconut tree.,Municipal Code Enforcement Description: Height of hedge is over what code allows and owner talks about cutting down complainant's coconut tree.,,,,Municipal Code Enforcement Description: Height of hedge is over what code allows and owner talks about cutting down complainant's coconut tree.,,43,c:\Users\edilm\OneDrive\Desktop\Edilma Projects\LandingAI-Hack\coderisk-sf\results_folder\bocaraton\raw_json\boca_JustFOIA_Request_2024-9180-30p.json
case_header,CODE-2024-00093,Municipal Code Enforcement Closed - Resolved Description: Observed a black and white feather banner sign th,Municipal Code Enforcement Closed - Resolved Description: Observed a black and white feather banner sign th,Municipal Code Enforcement Closed - Resolved Description: Observed a black and white feather banner sign th,"RB1 at reads ""Psychic"" i","2831 N Federal Hwy, 5, Boca Raton, FL 33431 h the city swale.",064347170600200 10,Austin Mann,01/16/2024,01/22/2024,"RB1 at reads ""Psychic"" i","2831 N Federal Hwy, 5, Boca Raton, FL 33431 h the city swale.",064347170600200 10,,,,Municipal Code Enforcement Closed - Resolved Description: Observed a black and white feather banner sign th,,43,c:\Users\edilm\OneDrive\Desktop\Edilma Projects\LandingAI-Hack\coderisk-sf\results_folder\bocaraton\raw_json\boca_JustFOIA_Request_2024-9180-30p.json
case_header,CODE-2024-00094,Municipal Code Closed - R1D Enforcement Resolved Description: Vegetation growing over sidewalk. Will contact owner.,Municipal Code Closed - R1D Enforcement Resolved Description: Vegetation growing over sidewalk. Will contact owner.,Municipal Code Closed - R1D Enforcement Resolved Description: Vegetation growing over sidewalk. Will contact owner.,Municipal Code Closed - R1D Enforcement Resolved Description: Vegetation growing over sidewalk. Will contact owner.,"1545 NE 4Th Ave, Boca Raton, FL 33432 064347202300401 50","1545 NE 4Th Ave, Boca Raton, FL 33432 064347202300401 50",Steven Singer,01/16/2024,01/22/2024,Municipal Code Closed - R1D Enforcement Resolved Description: Vegetation growing over sidewalk. Will contact owner.,"1545 NE 4Th Ave, Boca Raton, FL 33432 064347202300401 50","1545 NE 4Th Ave, Boca Raton, FL 33432 064347202300401 50",,,,Municipal Code Closed - R1D Enforcement Resolved Description: Vegetation growing over sidewalk. Will contact owner.,,43,c:\Users\edilm\OneDrive\Desktop\Edilma Projects\LandingAI-Hack\coderisk-sf\results_folder\bocaraton\raw_json\boca_JustFOIA_Request_2024-9180-30p.json
case_header,CODE-2024-00095,Municipal Code Enforcement SEC. 28-1507(2),Closed - Resolved In Violation,01/22/2024,R1D 01/23/2024,"470 NE 25Th Ter, Boca Raton, FL 33431",064347170400400 60 $0.00,Austin Mann,01/16/2024,02/07/2024,R1D 01/23/2024,"470 NE 25Th Ter, Boca Raton, FL 33431",064347170400400 60 $0.00,,,,Closed - Resolved In Violation,,43,c:\Users\edilm\OneDrive\Desktop\Edilma Projects\LandingAI-Hack\coderisk-sf\results_folder\bocaraton\raw_json\boca_JustFOIA_Request_2024-9180-30p.json
case_header,CODE-2024-00096,Municipal Code Enforcement,Closed - Resolved,,R1D,"1945 N Conference Dr, Boca Raton, FL 33486",064247230300200 60,Juan Hernandez,01/17/2024,02/06/2024,,,,,,,Closed - Resolved,,49,c:\Users\edilm\OneDrive\Desktop\Edilma Projects\LandingAI-Hack\coderisk-sf\results_folder\bocaraton\raw_json\boca_JustFOIA_Request_2024-9180-30p.json
violation_item,CODE-2024-00096,,,,,"1945 N Conference Dr, Boca Raton, FL 33486",064247230300200 60,Juan Hernandez,01/17/2024,02/06/2024,,,,IPMC 303.1,-,,Closed - Resolved,In Violation,49,c:\Users\edilm\OneDrive\Desktop\Edilma Projects\LandingAI-Hack\coderisk-sf\results_folder\bocaraton\raw_json\boca_JustFOIA_Request_2024-9180-30p.json
violation_item,CODE-2024-00096,,,,,"1945 N Conference Dr, Boca Raton, FL 33486",064247230300200 60,Juan Hernandez,01/17/2024,02/06/2024,,,,,SWIMMING POOL,,Closed - Resolved,,49,c:\Users\edilm\OneDrive\Desktop\Edilma Projects\LandingAI-Hack\coderisk-sf\results_folder\bocaraton\raw_json\boca_JustFOIA_Request_2024-9180-30p.json
violation_item,CODE-2024-00096,,,,,"1945 N Conference Dr, Boca Raton, FL 33486",064247230300200 60,Juan Hernandez,01/17/2024,02/06/2024,,,,IPMC 303.2,-,,Closed - Resolved,In Violation,49,c:\Users\edilm\OneDrive\Desktop\Edilma Projects\LandingAI-Hack\coderisk-sf\results_folder\bocaraton\raw_json\boca_JustFOIA_Request_2024-9180-30p.json
violation_item,CODE-2024-00096,,,,,"1945 N Conference Dr, Boca Raton, FL 33486",064247230300200 60,Juan Hernandez,01/17/2024,02/06/2024,,,,,ENCLOSURES -,,Closed - Resolved,,49,c:\Users\edilm\OneDrive\Desktop\Edilma Projects\LandingAI-Hack\coderisk-sf\results_folder\bocaraton\raw_json\boca_JustFOIA_Request_2024-9180-30p.json
violation_item,CODE-2024-00096,,,,,"1945 N Conference Dr, Boca Raton, FL 33486",064247230300200 60,Juan Hernandez,01/17/2024,02/06/2024,,,,,SWIMMING POOLS,,Closed - Resolved,,49,c:\Users\edilm\OneDrive\Desktop\Edilma Projects\LandingAI-Hack\coderisk-sf\results_folder\bocaraton\raw_json\boca_JustFOIA_Request_2024-9180-30p.json
narrative,CODE-2024-00096,,,,,"1945 N Conference Dr, Boca Raton, FL 33486",064247230300200 60,Juan Hernandez,01/17/2024,02/06/2024,,,,,,While on routine patrol I observed a pool with no enclosure as required by code.,Closed - Resolved,,49,c:\Users\edilm\OneDrive\Desktop\Edilma Projects\LandingAI-Hack\coderisk-sf\results_folder\bocaraton\raw_json\boca_JustFOIA_Request_2024-9180-30p.json
case_header,CODE-2024-00097,Municipal Code,Closed -,,R1A,"1000 Spanish River Rd, 2F, 064347295900200","1000 Spanish River Rd, 2F, 064347295900200",Scott Newman,01/17/2024,01/23/2024,,,,,,,Closed -,,49,c:\Users\edilm\OneDrive\Desktop\Edilma Projects\LandingAI-Hack\coderisk-sf\results_folder\bocaraton\raw_json\boca_JustFOIA_Request_2024-9180-30p.json
violation_item,CODE-2024-00097,,,,,"1000 Spanish River Rd, 2F, 064347295900200","1000 Spanish River Rd, 2F, 064347295900200",Scott Newman,01/17/2024,01/23/2024,,,,SEC. 10,-55,,Closed -,In Violation,49,c:\Users\edilm\OneDrive\Desktop\Edilma Projects\LandingAI-Hack\coderisk-sf\results_folder\bocaraton\raw_json\boca_JustFOIA_Request_2024-9180-30p.json
narrative,CODE-2024-00097,,,,,"1000 Spanish River Rd, 2F, 064347295900200","1000 Spanish River Rd, 2F, 064347295900200",Scott Newman,01/17/2024,01/23/2024,,,,,,Inspection revealed: Property in compliance.,Closed -,,49,c:\Users\edilm\OneDrive\Desktop\Edilma Projects\LandingAI-Hack\coderisk-sf\results_folder\bocaraton\raw_json\boca_JustFOIA_Request_2024-9180-30p.json
case_header,CODE-2024-00099,Municipal Code,Closed-,,RE1,"2554 Coco Plum Blvd, 603, 064247031700060","2554 Coco Plum Blvd, 603, 064247031700060",William Buckley,01/17/2024,06/28/2024,,,,,,,Closed-,,49,c:\Users\edilm\OneDrive\Desktop\Edilma Projects\LandingAI-Hack\coderisk-sf\results_folder\bocaraton\raw_json\boca_JustFOIA_Request_2024-9180-30p.json
violation_item,CODE-2024-00099,,,,,"2554 Coco Plum Blvd, 603, 064247031700060","2554 Coco Plum Blvd, 603, 064247031700060",William Buckley,01/17/2024,06/28/2024,,,,SEC. 19,-6-SEC.,,Closed-,In Violation,49,c:\Users\edilm\OneDrive\Desktop\Edilma Projects\LandingAI-Hack\coderisk-sf\results_folder\bocaraton\raw_json\boca_JustFOIA_Request_2024-9180-30p.json
violation_item,CODE-2024-00099,,,,,"2554 Coco Plum Blvd, 603, 064247031700060","2554 Coco Plum Blvd, 603, 064247031700060",William Buckley,01/17/2024,06/28/2024,,,,105.1,RESIDENTIAL,,Closed-,,49,c:\Users\edilm\OneDrive\Desktop\Edilma Projects\LandingAI-Hack\coderisk-sf\results_folder\bocaraton\raw_json\boca_JustFOIA_Request_2024-9180-30p.json
violation_item,CODE-2024-00099,,,,,"2554 Coco Plum Blvd, 603, 064247031700060","2554 Coco Plum Blvd, 603, 064247031700060",William Buckley,01/17/2024,06/28/2024,,,,,CONSTRUCTION,,Closed-,,49,c:\Users\edilm\OneDrive\Desktop\Edilma Projects\LandingAI-Hack\coderisk-sf\results_folder\bocaraton\raw_json\boca_JustFOIA_Request_2024-9180-30p.json
narrative,CODE-2024-00099,,,,,"2554 Coco Plum Blvd, 603, 064247031700060","2554 Coco Plum Blvd, 603, 064247031700060",William Buckley,01/17/2024,06/28/2024,,,,,,work without permit leading to damage to condo down stairs,Closed-,,49,c:\Users\edilm\OneDrive\Desktop\Edilma Projects\LandingAI-Hack\coderisk-sf\results_folder\bocaraton\raw_json\boca_JustFOIA_Request_2024-9180-30p.json
case_header,CODE-2024-00100,Municipal Code,Closed -,,R3C,"1299 S Ocean Blvd, CA",064347323300400,Deiner Lobo,01/17/2024,01/18/2024,,,,,,,Closed -,,49,c:\Users\edilm\OneDrive\Desktop\Edilma Projects\LandingAI-Hack\coderisk-sf\results_folder\bocaraton\raw_json\boca_JustFOIA_Request_2024-9180-30p.json
narrative,CODE-2024-00100,,,,,"1299 S Ocean Blvd, CA",064347323300400,Deiner Lobo,01/17/2024,01/18/2024,,,,,,Citizen Complaint: Building L has not electricity and would like to get an update.,Closed -,,49,c:\Users\edilm\OneDrive\Desktop\Edilma Projects\LandingAI-Hack\coderisk-sf\results_folder\bocaraton\raw_json\boca_JustFOIA_Request_2024-9180-30p.json
violation_item,CODE-2024-00100,,,,,"1299 S Ocean Blvd, CA",064347323300400,Deiner Lobo,01/17/2024,01/18/2024,,,,Complainant:,Joe Asin - 561-789-3977 - 1299 S Ocean Blvd (L),,Closed -,Complainant: Joe Asin - 561-789-3977 - 1299 S Ocean Blvd (L),49,c:\Users\edilm\OneDrive\Desktop\Edilma Projects\LandingAI-Hack\coderisk-sf\results_folder\bocaraton\raw_json\boca_JustFOIA_Request_2024-9180-30p.json
case_header,CODE-2024-00101,Municipal Code,Closed-,,DDRI,"197 S Federal Hwy, Boca 064347290600100","197 S Federal Hwy, Boca 064347290600100",Keith Benoit,01/18/2024,03/12/2024,,,,,,,Closed-,,49,c:\Users\edilm\OneDrive\Desktop\Edilma Projects\LandingAI-Hack\coderisk-sf\results_folder\bocaraton\raw_json\boca_JustFOIA_Request_2024-9180-30p.json
violation_item,CODE-2024-00101,,,,,"197 S Federal Hwy, Boca 064347290600100","197 S Federal Hwy, Boca 064347290600100",Keith Benoit,01/18/2024,03/12/2024,,,,Description:,"Email received from Greg Miller (tcit1970@gmail.com) ""In addition the dead palm tree at Citibank on Federal highway which I really reported and you indicated there was an open tag on it I realized I had also reported that one about 6 months ago so",,Closed-,"Description: Email received from Greg Miller (tcit1970@gmail.com) ""In addition the dead palm tree at Citibank on Federal highway which I really reported and you indicated there was an open tag on it I realized I had also reported that one about 6 months ago so",49,c:\Users\edilm\OneDrive\Desktop\Edilma Projects\LandingAI-Hack\coderisk-sf\results_folder\bocaraton\raw_json\boca_JustFOIA_Request_2024-9180-30p.json
violation_item,CODE-2024-00101,,,,,"197 S Federal Hwy, Boca 064347290600100","197 S Federal Hwy, Boca 064347290600100",Keith Benoit,01/18/2024,03/12/2024,,,,Description:,"Email received from Greg Miller (tcit1970@gmail.com) ""In addition the dead palm tree at Citibank on Federal highway which I really reported and you indicated there was an open tag on it I realized I had also reported that one about 6 months ago so",,Closed-,"Description: Email received from Greg Miller (tcit1970@gmail.com) ""In addition the dead palm tree at Citibank on Federal highway which I really reported and you indicated there was an open tag on it I realized I had also reported that one about 6 months ago so",49,c:\Users\edilm\OneDrive\Desktop\Edilma Projects\LandingAI-Hack\coderisk-sf\results_folder\bocaraton\raw_json\boca_JustFOIA_Request_2024-9180-30p.json
case_header,CODE-2024-00103,Municipal Code,Closed-,,DDRI,"600 E Palmetto Park Rd, 064347280304200","600 E Palmetto Park Rd, 064347280304200",Keith Benoit,01/18/2024,02/02/2024,,,,,,,Closed-,,49,c:\Users\edilm\OneDrive\Desktop\Edilma Projects\LandingAI-Hack\coderisk-sf\results_folder\bocaraton\raw_json\boca_JustFOIA_Request_2024-9180-30p.json
narrative,CODE-2024-00103,,,,,"600 E Palmetto Park Rd, 064347280304200","600 E Palmetto Park Rd, 064347280304200",Keith Benoit,01/18/2024,02/02/2024,,,,,,Jet Ski rental business being conducted at city boat ramp.,Closed-,,49,c:\Users\edilm\OneDrive\Desktop\Edilma Projects\LandingAI-Hack\coderisk-sf\results_folder\bocaraton\raw_json\boca_JustFOIA_Request_2024-9180-30p.json
case_header,CODE-2024-00104,Municipal Code,Closed -,,PT,"5555 N Dixie Hwy, Boc",064347050100401,Therese Smyack,01/18/2024,01/24/2024,,,,,,,Closed -,,49,c:\Users\edilm\OneDrive\Desktop\Edilma Projects\LandingAI-Hack\coderisk-sf\results_folder\bocaraton\raw_json\boca_JustFOIA_Request_2024-9180-30p.json
narrative,CODE-2024-00104,,,,,"5555 N Dixie Hwy, Boc",064347050100401,Therese Smyack,01/18/2024,01/24/2024,,,,,,Target inspection. Vegetation excessive and litter / debris scattered about parcel.,Closed -,,49,c:\Users\edilm\OneDrive\Desktop\Edilma Projects\LandingAI-Hack\coderisk-sf\results_folder\bocaraton\raw_json\boca_JustFOIA_Request_2024-9180-30p.json
case_header,CODE-2024-00105,Municipal Code,Closed -,,R1D,"640 NW 15Th Ave, Boca 064247240301802","640 NW 15Th Ave, Boca 064247240301802",Derek Corcoran,01/18/2024,02/02/2024,,,,,,,Closed -,,49,c:\Users\edilm\OneDrive\Desktop\Edilma Projects\LandingAI-Hack\coderisk-sf\results_folder\bocaraton\raw_json\boca_JustFOIA_Request_2024-9180-30p.json
narrative,CODE-2024-00105,,,,,"640 NW 15Th Ave, Boca 064247240301802","640 NW 15Th Ave, Boca 064247240301802",Derek Corcoran,01/18/2024,02/02/2024,,,,,,"Per online submitter: ""The grass at this house is overgrowing into the street. The yard is not maintained at all.""",Closed -,,49,c:\Users\edilm\OneDrive\Desktop\Edilma Projects\LandingAI-Hack\coderisk-sf\results_folder\bocaraton\raw_json\boca_JustFOIA_Request_2024-9180-30p.json
violation_item,CODE-2024-00105,,,,,"640 NW 15Th Ave, Boca 064247240301802","640 NW 15Th Ave, Boca 064247240301802",Derek Corcoran,01/18/2024,02/02/2024,,,,Submitter:,richard brownlee 584 northwest 15th court,,Closed -,Submitter: richard brownlee 584 northwest 15th court,49,c:\Users\edilm\OneDrive\Desktop\Edilma Projects\LandingAI-Hack\coderisk-sf\results_folder\bocaraton\raw_json\boca_JustFOIA_Request_2024-9180-30p.json
violation_item,CODE-2024-00105,,,,,"640 NW 15Th Ave, Boca 064247240301802","640 NW 15Th Ave, Boca 064247240301802",Derek Corcoran,01/18/2024,02/02/2024,,,,SeeClickFix,#15895034 created: 01/17/2024 4:27 PM,,Closed -,SeeClickFix #15895034 created: 01/17/2024 4:27 PM,49,c:\Users\edilm\OneDrive\Desktop\Edilma Projects\LandingAI-Hack\coderisk-sf\results_folder\bocaraton\raw_json\boca_JustFOIA_Request_2024-9180-30p.json
case_header,CODE-2024-00106,Municipal Code,Closed -,,PT,"5701 N Dixie Hwy, Boca",064347050100300,Therese Smyack,01/18/2024,03/05/2024,,,,,,,Closed -,,49,c:\Users\edilm\OneDrive\Desktop\Edilma Projects\LandingAI-Hack\coderisk-sf\results_folder\bocaraton\raw_json\boca_JustFOIA_Request_2024-9180-30p.json
narrative,CODE-2024-00106,,,,,"5701 N Dixie Hwy, Boca",064347050100300,Therese Smyack,01/18/2024,03/05/2024,,,,,,Target inspection. Veg is excessive. Debris and litter scattered throughout the parcel.,Closed -,,49,c:\Users\edilm\OneDrive\Desktop\Edilma Projects\LandingAI-Hack\coderisk-sf\results_folder\bocaraton\raw_json\boca_JustFOIA_Request_2024-9180-30p.json
case_header,CODE-2024-00107,Municipal Code,Closed-,,RB1,"6830 N Federal Hwy, Boca 064346321201500","6830 N Federal Hwy, Boca 064346321201500",Therese Smyack,01/18/2024,01/23/2024,,,,,,,Closed-,,49,c:\Users\edilm\OneDrive\Desktop\Edilma Projects\LandingAI-Hack\coderisk-sf\results_folder\bocaraton\raw_json\boca_JustFOIA_Request_2024-9180-30p.json
narrative,CODE-2024-00107,,,,,"6830 N Federal Hwy, Boca 064346321201500","6830 N Federal Hwy, Boca 064346321201500",Therese Smyack,01/18/2024,01/23/2024,,,,,,Snipe sign placed on swale advertising for Sports museum.,Closed-,,49,c:\Users\edilm\OneDrive\Desktop\Edilma Projects\LandingAI-Hack\coderisk-sf\results_folder\bocaraton\raw_json\boca_JustFOIA_Request_2024-9180-30p.json
case_header,CODE-2024-00108,Municipal Code Closed - Enforcement Resolved Description: Snipe sign advertising for sports immortal.,Municipal Code Closed - Enforcement Resolved Description: Snipe sign advertising for sports immortal.,Municipal Code Closed - Enforcement Resolved Description: Snipe sign advertising for sports immortal.,RB1,"6830 N Federal Hwy, Boca Raton, FL 33487",064346321201500 40,Therese Smyack,01/18/2024,01/23/2024,,,,,,,Municipal Code Closed - Enforcement Resolved Description: Snipe sign advertising for sports immortal.,,54,c:\Users\edilm\OneDrive\Desktop\Edilma Projects\LandingAI-Hack\coderisk-sf\results_folder\bocaraton\raw_json\boca_JustFOIA_Request_2024-9180-30p.json
case_header,CODE-2024-00110,Municipal Code Enforcement Description: Sign,Closed - Resolved on fence advertising boat storage.,Closed - Resolved on fence advertising boat storage.,B4,"7200 N Dixie Hwy, Boca Raton, FL 33487",064346321200500 40,Therese Smyack,01/18/2024,01/22/2024,,,,,,,Closed - Resolved on fence advertising boat storage.,,54,c:\Users\edilm\OneDrive\Desktop\Edilma Projects\LandingAI-Hack\coderisk-sf\results_folder\bocaraton\raw_json\boca_JustFOIA_Request_2024-9180-30p.json
case_header,CODE-2024-00111,Municipal Code Enforcement,Closed - Resolved,,PT,,064247360102900 10,Colleen O'Connell-Rodriguez,01/18/2024,06/14/2024,,,,,,,Closed - Resolved,,54,c:\Users\edilm\OneDrive\Desktop\Edilma Projects\LandingAI-Hack\coderisk-sf\results_folder\bocaraton\raw_json\boca_JustFOIA_Request_2024-9180-30p.json
violation_item,CODE-2024-00111,,,,,,064247360102900 10,Colleen O'Connell-Rodriguez,01/18/2024,06/14/2024,,,,Description:,"Per Dewain Akerblom 561.334.9827 from Streets, vegetation waste dumped on SW 16th St at I-95 Wall and near 21st LN",,Closed - Resolved,"Description: Per Dewain Akerblom 561.334.9827 from Streets, vegetation waste dumped on SW 16th St at I-95 Wall and near 21st LN",54,c:\Users\edilm\OneDrive\Desktop\Edilma Projects\LandingAI-Hack\coderisk-sf\results_folder\bocaraton\raw_json\boca_JustFOIA_Request_2024-9180-30p.json
case_header,CODE-2024-00112,"Municipal Code Enforcement Closed - Resolved MC 701 NW 13Th St, Boca Raton, FL 33486 064347193000100 00 Description: Per online submitter: ""There is excessive noise coming from this construction site next to my bedroom window. I work from home and I am unable to concentrate. Everyday I finish my shift with a severe headache from this noise. It is unbearable. Please help!!!"" Submitter: Yulema Saiz 825 NW 13th Street Boca Raton FL 33486 SeeclickFix #15899440 created: 01/18/2024 11:51 AM","Municipal Code Enforcement Closed - Resolved MC 701 NW 13Th St, Boca Raton, FL 33486 064347193000100 00 Description: Per online submitter: ""There is excessive noise coming from this construction site next to my bedroom window. I work from home and I am unable to concentrate. Everyday I finish my shift with a severe headache from this noise. It is unbearable. Please help!!!"" Submitter: Yulema Saiz 825 NW 13th Street Boca Raton FL 33486 SeeclickFix #15899440 created: 01/18/2024 11:51 AM","Municipal Code Enforcement Closed - Resolved MC 701 NW 13Th St, Boca Raton, FL 33486 064347193000100 00 Description: Per online submitter: ""There is excessive noise coming from this construction site next to my bedroom window. I work from home and I am unable to concentrate. Everyday I finish my shift with a severe headache from this noise. It is unbearable. Please help!!!"" Submitter: Yulema Saiz 825 NW 13th Street Boca Raton FL 33486 SeeclickFix #15899440 created: 01/18/2024 11:51 AM","Municipal Code Enforcement Closed - Resolved MC 701 NW 13Th St, Boca Raton, FL 33486 064347193000100 00 Description: Per online submitter: ""There is excessive noise coming from this construction site next to my bedroom window. I work from home and I am unable to concentrate. Everyday I finish my shift with a severe headache from this noise. It is unbearable. Please help!!!"" Submitter: Yulema Saiz 825 NW 13th Street Boca Raton FL 33486 SeeclickFix #15899440 created: 01/18/2024 11:51 AM","Municipal Code Enforcement Closed - Resolved MC 701 NW 13Th St, Boca Raton, FL 33486 064347193000100 00 Description: Per online submitter: ""There is excessive noise coming from this construction site next to my bedroom window. I work from home and I am unable to concentrate. Everyday I finish my shift with a severe headache from this noise. It is unbearable. Please help!!!"" Submitter: Yulema Saiz 825 NW 13th Street Boca Raton FL 33486 SeeclickFix #15899440 created: 01/18/2024 11:51 AM","Municipal Code Enforcement Closed - Resolved MC 701 NW 13Th St, Boca Raton, FL 33486 064347193000100 00 Description: Per online submitter: ""There is excessive noise coming from this construction site next to my bedroom window. I work from home and I am unable to concentrate. Everyday I finish my shift with a severe headache from this noise. It is unbearable. Please help!!!"" Submitter: Yulema Saiz 825 NW 13th Street Boca Raton FL 33486 SeeclickFix #15899440 created: 01/18/2024 11:51 AM",Derek Corcoran,01/18/2024,06/27/2024,,,,,,,"Municipal Code Enforcement Closed - Resolved MC 701 NW 13Th St, Boca Raton, FL 33486 064347193000100 00 Description: Per online submitter: ""There is excessive noise coming from this construction site next to my bedroom window. I work from home and I am unable to concentrate. Everyday I finish my shift with a severe headache from this noise. It is unbearable. Please help!!!"" Submitter: Yulema Saiz 825 NW 13th Street Boca Raton FL 33486 SeeclickFix #15899440 created: 01/18/2024 11:51 AM",,54,c:\Users\edilm\OneDrive\Desktop\Edilma Projects\LandingAI-Hack\coderisk-sf\results_folder\bocaraton\raw_json\boca_JustFOIA_Request_2024-9180-30p.json
case_header,CODE-2024-00112,"Municipal Code Enforcement Closed - Resolved MC 701 NW 13Th St, Boca Raton, FL 33486 064347193000100 00 Description: Per online submitter: ""There is excessive noise coming from this construction site next to my bedroom window. I work from home and I am unable to concentrate. Everyday I finish my shift with a severe headache from this noise. It is unbearable. Please help!!!"" Submitter: Yulema Saiz 825 NW 13th Street Boca Raton FL 33486 SeeclickFix #15899440 created: 01/18/2024 11:51 AM","Municipal Code Enforcement Closed - Resolved MC 701 NW 13Th St, Boca Raton, FL 33486 064347193000100 00 Description: Per online submitter: ""There is excessive noise coming from this construction site next to my bedroom window. I work from home and I am unable to concentrate. Everyday I finish my shift with a severe headache from this noise. It is unbearable. Please help!!!"" Submitter: Yulema Saiz 825 NW 13th Street Boca Raton FL 33486 SeeclickFix #15899440 created: 01/18/2024 11:51 AM","Municipal Code Enforcement Closed - Resolved MC 701 NW 13Th St, Boca Raton, FL 33486 064347193000100 00 Description: Per online submitter: ""There is excessive noise coming from this construction site next to my bedroom window. I work from home and I am unable to concentrate. Everyday I finish my shift with a severe headache from this noise. It is unbearable. Please help!!!"" Submitter: Yulema Saiz 825 NW 13th Street Boca Raton FL 33486 SeeclickFix #15899440 created: 01/18/2024 11:51 AM","Municipal Code Enforcement Closed - Resolved MC 701 NW 13Th St, Boca Raton, FL 33486 064347193000100 00 Description: Per online submitter: ""There is excessive noise coming from this construction site next to my bedroom window. I work from home and I am unable to concentrate. Everyday I finish my shift with a severe headache from this noise. It is unbearable. Please help!!!"" Submitter: Yulema Saiz 825 NW 13th Street Boca Raton FL 33486 SeeclickFix #15899440 created: 01/18/2024 11:51 AM","Municipal Code Enforcement Closed - Resolved MC 701 NW 13Th St, Boca Raton, FL 33486 064347193000100 00 Description: Per online submitter: ""There is excessive noise coming from this construction site next to my bedroom window. I work from home and I am unable to concentrate. Everyday I finish my shift with a severe headache from this noise. It is unbearable. Please help!!!"" Submitter: Yulema Saiz 825 NW 13th Street Boca Raton FL 33486 SeeclickFix #15899440 created: 01/18/2024 11:51 AM","Municipal Code Enforcement Closed - Resolved MC 701 NW 13Th St, Boca Raton, FL 33486 064347193000100 00 Description: Per online submitter: ""There is excessive noise coming from this construction site next to my bedroom window. I work from home and I am unable to concentrate. Everyday I finish my shift with a severe headache from this noise. It is unbearable. Please help!!!"" Submitter: Yulema Saiz 825 NW 13th Street Boca Raton FL 33486 SeeclickFix #15899440 created: 01/18/2024 11:51 AM",Derek Corcoran,01/18/2024,,,,,,,,"Municipal Code Enforcement Closed - Resolved MC 701 NW 13Th St, Boca Raton, FL 33486 064347193000100 00 Description: Per online submitter: ""There is excessive noise coming from this construction site next to my bedroom window. I work from home and I am unable to concentrate. Everyday I finish my shift with a severe headache from this noise. It is unbearable. Please help!!!"" Submitter: Yulema Saiz 825 NW 13th Street Boca Raton FL 33486 SeeclickFix #15899440 created: 01/18/2024 11:51 AM",,54,c:\Users\edilm\OneDrive\Desktop\Edilma Projects\LandingAI-Hack\coderisk-sf\results_folder\bocaraton\raw_json\boca_JustFOIA_Request_2024-9180-30p.json
case_header,CODE-2024-00114,Municipal Code Enforcement,Closed - Resolved,,B4,"1600 N Federal Hwy, Boca Raton, FL 33432",064347170000050 80,Steven Singer,01/18/2024,01/22/2024,,,,,,,Closed - Resolved,,54,c:\Users\edilm\OneDrive\Desktop\Edilma Projects\LandingAI-Hack\coderisk-sf\results_folder\bocaraton\raw_json\boca_JustFOIA_Request_2024-9180-30p.json
narrative,CODE-2024-00114,,,,,"1600 N Federal Hwy, Boca Raton, FL 33432",064347170000050 80,Steven Singer,01/18/2024,01/22/2024,,,,,,Litter around the bus shelter and in the bushes. Pictures taken. Will contact owner.,Closed - Resolved,,54,c:\Users\edilm\OneDrive\Desktop\Edilma Projects\LandingAI-Hack\coderisk-sf\results_folder\bocaraton\raw_json\boca_JustFOIA_Request_2024-9180-30p.json
case_header,CODE-2024-00115,Municipal Code Enforcement,Closed - Resolved,,PT,"5555 N Dixie Hwy, Boca Raton, FL 33487",064347050100401 31,Therese Smyack,01/18/2024,01/22/2024,,,,,,,Closed - Resolved,,54,c:\Users\edilm\OneDrive\Desktop\Edilma Projects\LandingAI-Hack\coderisk-sf\results_folder\bocaraton\raw_json\boca_JustFOIA_Request_2024-9180-30p.json
violation_item,CODE-2024-00115,,,,,"5555 N Dixie Hwy, Boca Raton, FL 33487",064347050100401 31,Therese Smyack,01/18/2024,01/22/2024,,,,IPMC 302.1,-,,Closed - Resolved,In Violation,54,c:\Users\edilm\OneDrive\Desktop\Edilma Projects\LandingAI-Hack\coderisk-sf\results_folder\bocaraton\raw_json\boca_JustFOIA_Request_2024-9180-30p.json
violation_item,CODE-2024-00115,,,,,"5555 N Dixie Hwy, Boca Raton, FL 33487",064347050100401 31,Therese Smyack,01/18/2024,01/22/2024,,,,,SANITATION. AL EXTERIOR PROPERTY,,Closed - Resolved,L,54,c:\Users\edilm\OneDrive\Desktop\Edilma Projects\LandingAI-Hack\coderisk-sf\results_folder\bocaraton\raw_json\boca_JustFOIA_Request_2024-9180-30p.json
narrative,CODE-2024-00115,,,,,"5555 N Dixie Hwy, Boca Raton, FL 33487",064347050100401 31,Therese Smyack,01/18/2024,01/22/2024,,,,,,Target inspection: Veg. is excessive.,Closed - Resolved,,54,c:\Users\edilm\OneDrive\Desktop\Edilma Projects\LandingAI-Hack\coderisk-sf\results_folder\bocaraton\raw_json\boca_JustFOIA_Request_2024-9180-30p.json
case_header,CODE-2024-00117,Municipal Code Enforcement Description: Targ,Closed - Resolved et Inspection: Banner sign on fence.,Closed - Resolved et Inspection: Banner sign on fence.,B4,"7000 N Dixie Hwy, Boca Raton, FL 33487",064346321200600 20,Therese Smyack,01/18/2024,01/23/2024,,,,,,,Closed - Resolved et Inspection: Banner sign on fence.,,54,c:\Users\edilm\OneDrive\Desktop\Edilma Projects\LandingAI-Hack\coderisk-sf\results_folder\bocaraton\raw_json\boca_JustFOIA_Request_2024-9180-30p.json
case_header,CODE-2024-00118,Municipal Code Enforcement SEC. 10-27(2),Closed - Resolved In Violation,01/18/2024,PT 01/30/2024,"5901 N Dixie Hwy, Boca Raton, FL 33487 064347050000010 10 $0.00","5901 N Dixie Hwy, Boca Raton, FL 33487 064347050000010 10 $0.00",Therese Smyack,01/18/2024,05/15/2024,,,,,,,Closed - Resolved In Violation,,54,c:\Users\edilm\OneDrive\Desktop\Edilma Projects\LandingAI-Hack\coderisk-sf\results_folder\bocaraton\raw_json\boca_JustFOIA_Request_2024-9180-30p.json
narrative,CODE-2024-00118,,,,,"5901 N Dixie Hwy, Boca Raton, FL 33487 064347050000010 10 $0.00","5901 N Dixie Hwy, Boca Raton, FL 33487 064347050000010 10 $0.00",Therese Smyack,01/18/2024,05/15/2024,,,,,,Target Inspection: Veg. excessive.,Closed - Resolved In Violation,,54,c:\Users\edilm\OneDrive\Desktop\Edilma Projects\LandingAI-Hack\coderisk-sf\results_folder\bocaraton\raw_json\boca_JustFOIA_Request_2024-9180-30p.json
case_header,CODE-2024-00119,Municipal Code Closed - DDRI Enforcement Resolved Description: Routine Patrol: Stop sign located at the corner of S Dixie Hwy and SE 8th ST (West Bound) was tagged with a prohibited sticker. See picture attached to case file.,Municipal Code Closed - DDRI Enforcement Resolved Description: Routine Patrol: Stop sign located at the corner of S Dixie Hwy and SE 8th ST (West Bound) was tagged with a prohibited sticker. See picture attached to case file.,Municipal Code Closed - DDRI Enforcement Resolved Description: Routine Patrol: Stop sign located at the corner of S Dixie Hwy and SE 8th ST (West Bound) was tagged with a prohibited sticker. See picture attached to case file.,Municipal Code Closed - DDRI Enforcement Resolved Description: Routine Patrol: Stop sign located at the corner of S Dixie Hwy and SE 8th ST (West Bound) was tagged with a prohibited sticker. See picture attached to case file.,Municipal Code Closed - DDRI Enforcement Resolved Description: Routine Patrol: Stop sign located at the corner of S Dixie Hwy and SE 8th ST (West Bound) was tagged with a prohibited sticker. See picture attached to case file.,Municipal Code Closed - DDRI Enforcement Resolved Description: Routine Patrol: Stop sign located at the corner of S Dixie Hwy and SE 8th ST (West Bound) was tagged with a prohibited sticker. See picture attached to case file.,Deiner Lobo,01/18/2024,01/18/2024,,,,,,,Municipal Code Closed - DDRI Enforcement Resolved Description: Routine Patrol: Stop sign located at the corner of S Dixie Hwy and SE 8th ST (West Bound) was tagged with a prohibited sticker. See picture attached to case file.,,54,c:\Users\edilm\OneDrive\Desktop\Edilma Projects\LandingAI-Hack\coderisk-sf\results_folder\bocaraton\raw_json\boca_JustFOIA_Request_2024-9180-30p.json
case_header,CODE-2024-00120 CODE-2024-00121,"Municipal Code Closed - Enforcement Resolved Description: Routine Patrol: Vehicle was parked and obstructing Municipal Code Closed - Enforcement Resolved Description: No Business tax, no sign permit","Municipal Code Closed - Enforcement Resolved Description: Routine Patrol: Vehicle was parked and obstructing Municipal Code Closed - Enforcement Resolved Description: No Business tax, no sign permit","Municipal Code Closed - Enforcement Resolved Description: Routine Patrol: Vehicle was parked and obstructing Municipal Code Closed - Enforcement Resolved Description: No Business tax, no sign permit","DDRI 75 SE 3Rd St, Boca Raton, FL 33432 the Handicap Access Aisle. B4 1951 N Federal Hwy, Boca Raton, FL 33432","DDRI 75 SE 3Rd St, Boca Raton, FL 33432 the Handicap Access Aisle. B4 1951 N Federal Hwy, Boca Raton, FL 33432",064347291400100 40 064347170900600 90,Deiner Lobo Christopher Sutherland,01/18/2024,01/18/2024,,,,,,,"Municipal Code Closed - Enforcement Resolved Description: Routine Patrol: Vehicle was parked and obstructing Municipal Code Closed - Enforcement Resolved Description: No Business tax, no sign permit",,54,c:\Users\edilm\OneDrive\Desktop\Edilma Projects\LandingAI-Hack\coderisk-sf\results_folder\bocaraton\raw_json\boca_JustFOIA_Request_2024-9180-30p.json
case_header,CODE-2024-00120 CODE-2024-00121,"Municipal Code Closed - Enforcement Resolved Description: Routine Patrol: Vehicle was parked and obstructing Municipal Code Closed - Enforcement Resolved Description: No Business tax, no sign permit","Municipal Code Closed - Enforcement Resolved Description: Routine Patrol: Vehicle was parked and obstructing Municipal Code Closed - Enforcement Resolved Description: No Business tax, no sign permit","Municipal Code Closed - Enforcement Resolved Description: Routine Patrol: Vehicle was parked and obstructing Municipal Code Closed - Enforcement Resolved Description: No Business tax, no sign permit","DDRI 75 SE 3Rd St, Boca Raton, FL 33432 the Handicap Access Aisle. B4 1951 N Federal Hwy, Boca Raton, FL 33432","DDRI 75 SE 3Rd St, Boca Raton, FL 33432 the Handicap Access Aisle. B4 1951 N Federal Hwy, Boca Raton, FL 33432",064347291400100 40 064347170900600 90,Deiner Lobo Christopher Sutherland,01/18/2024,01/19/2024,,,,,,,"Municipal Code Closed - Enforcement Resolved Description: Routine Patrol: Vehicle was parked and obstructing Municipal Code Closed - Enforcement Resolved Description: No Business tax, no sign permit",,54,c:\Users\edilm\OneDrive\Desktop\Edilma Projects\LandingAI-Hack\coderisk-sf\results_folder\bocaraton\raw_json\boca_JustFOIA_Request_2024-9180-30p.json
case_header,CODE-2024-00122,Municipal Code,Closed -,,R1D,"455 NE 34Th St, Boca",064347080405502,Austin Mann,01/19/2024,02/27/2024,,,,,,,Closed -,,58,c:\Users\edilm\OneDrive\Desktop\Edilma Projects\LandingAI-Hack\coderisk-sf\results_folder\bocaraton\raw_json\boca_JustFOIA_Request_2024-9180-30p.json
narrative,CODE-2024-00122,,,,,"455 NE 34Th St, Boca",064347080405502,Austin Mann,01/19/2024,02/27/2024,,,,,,Case opened in response to Building Official's emailed response to property owner's father's email.,Closed -,,58,c:\Users\edilm\OneDrive\Desktop\Edilma Projects\LandingAI-Hack\coderisk-sf\results_folder\bocaraton\raw_json\boca_JustFOIA_Request_2024-9180-30p.json
case_header,CODE-2024-00124,Municipal Code,Closed -,,R1B,"3800 N Federal Hwy, Boca",064347080800300,Steven Singer,01/19/2024,08/26/2024,,,,,,,Closed -,,58,c:\Users\edilm\OneDrive\Desktop\Edilma Projects\LandingAI-Hack\coderisk-sf\results_folder\bocaraton\raw_json\boca_JustFOIA_Request_2024-9180-30p.json
narrative,CODE-2024-00124,,,,,"3800 N Federal Hwy, Boca",064347080800300,Steven Singer,01/19/2024,08/26/2024,,,,,,Entrance to construction site is not properly covered with gravel to prevent sand from being dragged into the street and blowing around,Closed -,,58,c:\Users\edilm\OneDrive\Desktop\Edilma Projects\LandingAI-Hack\coderisk-sf\results_folder\bocaraton\raw_json\boca_JustFOIA_Request_2024-9180-30p.json
case_header,CODE-2024-00125,Municipal Code,Closed -,,R1D,"771 E Boca Raton Rd, Boca 064347200900701","771 E Boca Raton Rd, Boca 064347200900701",Steven Singer,01/19/2024,06/10/2024,,,,,,,Closed -,,58,c:\Users\edilm\OneDrive\Desktop\Edilma Projects\LandingAI-Hack\coderisk-sf\results_folder\bocaraton\raw_json\boca_JustFOIA_Request_2024-9180-30p.json
narrative,CODE-2024-00125,,,,,"771 E Boca Raton Rd, Boca 064347200900701","771 E Boca Raton Rd, Boca 064347200900701",Steven Singer,01/19/2024,06/10/2024,,,,,,"Complainant (next-door neighbor) reports construction workers did not erect silt fencing and now dirt, gravel and stones",Closed -,,58,c:\Users\edilm\OneDrive\Desktop\Edilma Projects\LandingAI-Hack\coderisk-sf\results_folder\bocaraton\raw_json\boca_JustFOIA_Request_2024-9180-30p.json
violation_item,CODE-2024-00125,,,,,"771 E Boca Raton Rd, Boca 064347200900701","771 E Boca Raton Rd, Boca 064347200900701",Steven Singer,01/19/2024,06/10/2024,,,,have,spilled onto his property. Requests Code Officer contact him about remedies. Robert Epstein (301) 367-5996. **SEE ALSO CODE-2023-03207 - open case concerning removal of trees**,,Closed -,have spilled onto his property. Requests Code Officer contact him about remedies. Robert Epstein (301) 367-5996. **SEE ALSO CODE-2023-03207 - open case concerning removal of trees**,58,c:\Users\edilm\OneDrive\Desktop\Edilma Projects\LandingAI-Hack\coderisk-sf\results_folder\bocaraton\raw_json\boca_JustFOIA_Request_2024-9180-30p.json
case_header,CODE-2024-00128,Municipal Code,Closed -,,R1D,"700 Apple Tree Ln, Boca",064347301301501,Colleen,01/19/2024,01/22/2024,,,,,,,Closed -,,58,c:\Users\edilm\OneDrive\Desktop\Edilma Projects\LandingAI-Hack\coderisk-sf\results_folder\bocaraton\raw_json\boca_JustFOIA_Request_2024-9180-30p.json
violation_item,CODE-2024-00128,,,,,"700 Apple Tree Ln, Boca",064347301301501,Colleen,01/19/2024,01/22/2024,,,,Enforcement,"Resolved Raton, FL 33486 00 Description: Boat is parked on the property. Complainant wanted to check to see if there was a 'variance' that allows owner not to have to remove it.",,Closed -,"Enforcement Resolved Raton, FL 33486 00 Description: Boat is parked on the property. Complainant wanted to check to see if there was a 'variance' that allows owner not to have to remove it.",58,c:\Users\edilm\OneDrive\Desktop\Edilma Projects\LandingAI-Hack\coderisk-sf\results_folder\bocaraton\raw_json\boca_JustFOIA_Request_2024-9180-30p.json
violation_item,CODE-2024-00128,,,,,"700 Apple Tree Ln, Boca",064347301301501,Colleen,01/19/2024,01/22/2024,,,,Enforcement,"Resolved Raton, FL 33486 00 Description: Boat is parked on the property. Complainant wanted to check to see if there was a 'variance' that allows owner not to have to remove it.",,Closed -,"Enforcement Resolved Raton, FL 33486 00 Description: Boat is parked on the property. Complainant wanted to check to see if there was a 'variance' that allows owner not to have to remove it.",58,c:\Users\edilm\OneDrive\Desktop\Edilma Projects\LandingAI-Hack\coderisk-sf\results_folder\bocaraton\raw_json\boca_JustFOIA_Request_2024-9180-30p.json
case_header,CODE-2024-00130,Municipal Code,Closed -,,R1D,"3501 NW 3Rd Ave, Boca",064347070202402,Deiner Lobo,01/19/2024,01/25/2024,,,,,,,Closed -,,58,c:\Users\edilm\OneDrive\Desktop\Edilma Projects\LandingAI-Hack\coderisk-sf\results_folder\bocaraton\raw_json\boca_JustFOIA_Request_2024-9180-30p.json
violation_item,CODE-2024-00130,,,,,"3501 NW 3Rd Ave, Boca",064347070202402,Deiner Lobo,01/19/2024,01/25/2024,,,,Description:,"per resident who called in, property is having a company cut their trees and is leaving the large debris pile 20ft from the stop sign causing a visual hazard for vehicles. Caller Robert Born at 3839 NW 4th Ave",,Closed -,"Description: per resident who called in, property is having a company cut their trees and is leaving the large debris pile 20ft from the stop sign causing a visual hazard for vehicles. Caller Robert Born at 3839 NW 4th Ave",58,c:\Users\edilm\OneDrive\Desktop\Edilma Projects\LandingAI-Hack\coderisk-sf\results_folder\bocaraton\raw_json\boca_JustFOIA_Request_2024-9180-30p.json
violation_item,CODE-2024-00130,,,,,"3501 NW 3Rd Ave, Boca",064347070202402,Deiner Lobo,01/19/2024,01/25/2024,,,,Description:,"per resident who called in, property is having a company cut their trees and is leaving the large debris pile 20ft from the stop sign causing a visual hazard for vehicles. Caller Robert Born at 3839 NW 4th Ave",,Closed -,"Description: per resident who called in, property is having a company cut their trees and is leaving the large debris pile 20ft from the stop sign causing a visual hazard for vehicles. Caller Robert Born at 3839 NW 4th Ave",58,c:\Users\edilm\OneDrive\Desktop\Edilma Projects\LandingAI-Hack\coderisk-sf\results_folder\bocaraton\raw_json\boca_JustFOIA_Request_2024-9180-30p.json
case_header,CODE-2024-00131,Municipal Code,Closed -,,R1C,"1201 NW 4Th Ave, Boca",064347172801000,Christopher,01/20/2024,01/24/2024,,,,,,,Closed -,,58,c:\Users\edilm\OneDrive\Desktop\Edilma Projects\LandingAI-Hack\coderisk-sf\results_folder\bocaraton\raw_json\boca_JustFOIA_Request_2024-9180-30p.json
narrative,CODE-2024-00131,,,,,"1201 NW 4Th Ave, Boca",064347172801000,Christopher,01/20/2024,01/24/2024,,,,,,BOCA RATON POLICE DISPATCH CALLED REGARDING A PILE OF LANDSCAPING DEBRIS LEFT IN THE STREET,Closed -,,58,c:\Users\edilm\OneDrive\Desktop\Edilma Projects\LandingAI-Hack\coderisk-sf\results_folder\bocaraton\raw_json\boca_JustFOIA_Request_2024-9180-30p.json
violation_item,CODE-2024-00131,,,,,"1201 NW 4Th Ave, Boca",064347172801000,Christopher,01/20/2024,01/24/2024,,,,,IN FRONT OF THIS RESIDENCE. BULK PICK UP IS MONDAY AND TODAY IS SATURDAY.,,Closed -,IN FRONT OF THIS RESIDENCE. BULK PICK UP IS MONDAY AND TODAY IS SATURDAY.,58,c:\Users\edilm\OneDrive\Desktop\Edilma Projects\LandingAI-Hack\coderisk-sf\results_folder\bocaraton\raw_json\boca_JustFOIA_Request_2024-9180-30p.json
case_header,CODE-2024-00132,Municipal Code,Closed -,,RB1,2006 NW Executive Center,064247141100200,No User,01/20/2024,01/23/2024,,,,,,,Closed -,,58,c:\Users\edilm\OneDrive\Desktop\Edilma Projects\LandingAI-Hack\coderisk-sf\results_folder\bocaraton\raw_json\boca_JustFOIA_Request_2024-9180-30p.json
narrative,CODE-2024-00132,,,,,2006 NW Executive Center,064247141100200,No User,01/20/2024,01/23/2024,,,,,,Fire in kitchen area.,Closed -,,58,c:\Users\edilm\OneDrive\Desktop\Edilma Projects\LandingAI-Hack\coderisk-sf\results_folder\bocaraton\raw_json\boca_JustFOIA_Request_2024-9180-30p.json
case_header,CODE-2024-00134,Municipal Code,Closed -,,R1D,"699 Apple Tree Ln, Boca",064347301301503,Colleen,01/21/2024,01/25/2024,,,,,,,Closed -,,58,c:\Users\edilm\OneDrive\Desktop\Edilma Projects\LandingAI-Hack\coderisk-sf\results_folder\bocaraton\raw_json\boca_JustFOIA_Request_2024-9180-30p.json
narrative,CODE-2024-00134,,,,,"699 Apple Tree Ln, Boca",064347301301503,Colleen,01/21/2024,01/25/2024,,,,,,Camino Gardens HOA Rene states that resident continues to park facing the wrong direction in the Street / ROW.,Closed -,,58,c:\Users\edilm\OneDrive\Desktop\Edilma Projects\LandingAI-Hack\coderisk-sf\results_folder\bocaraton\raw_json\boca_JustFOIA_Request_2024-9180-30p.json
case_header,CODE-2024-00135,Municipal Code,Closed -,,R-3,"7200 NW 2Nd Ave, 0370,",064346322000003,Omari Best,01/21/2024,01/22/2024,,,,,,,Closed -,,58,c:\Users\edilm\OneDrive\Desktop\Edilma Projects\LandingAI-Hack\coderisk-sf\results_folder\bocaraton\raw_json\boca_JustFOIA_Request_2024-9180-30p.json
violation_item,CODE-2024-00135,,,,,"7200 NW 2Nd Ave, 0370,",064346322000003,Omari Best,01/21/2024,01/22/2024,,,,SEC. 10,-55,,Closed -,In Violation,58,c:\Users\edilm\OneDrive\Desktop\Edilma Projects\LandingAI-Hack\coderisk-sf\results_folder\bocaraton\raw_json\boca_JustFOIA_Request_2024-9180-30p.json
narrative,CODE-2024-00135,,,,,"7200 NW 2Nd Ave, 0370,",064346322000003,Omari Best,01/21/2024,01/22/2024,,,,,,Inspection revealed: Property in compliance case closed.,Closed -,,58,c:\Users\edilm\OneDrive\Desktop\Edilma Projects\LandingAI-Hack\coderisk-sf\results_folder\bocaraton\raw_json\boca_JustFOIA_Request_2024-9180-30p.json
case_header,CODE-2024-00136,Municipal Code,Closed -,,R1G,"171 NE 11Th St, Boca",064347201400102,Derek Corcoran,01/22/2024,02/02/2024,,,,,,,Closed -,,58,c:\Users\edilm\OneDrive\Desktop\Edilma Projects\LandingAI-Hack\coderisk-sf\results_folder\bocaraton\raw_json\boca_JustFOIA_Request_2024-9180-30p.json
violation_item,CODE-2024-00136,,,,,"171 NE 11Th St, Boca",064347201400102,Derek Corcoran,01/22/2024,02/02/2024,,,,SEC. 28,-1507(2),,Closed -,In Violation,58,c:\Users\edilm\OneDrive\Desktop\Edilma Projects\LandingAI-Hack\coderisk-sf\results_folder\bocaraton\raw_json\boca_JustFOIA_Request_2024-9180-30p.json
violation_item,CODE-2024-00136,,,,,"171 NE 11Th St, Boca",064347201400102,Derek Corcoran,01/22/2024,02/02/2024,,,,SEC. 28,-1509(A),,Closed -,In Violation,58,c:\Users\edilm\OneDrive\Desktop\Edilma Projects\LandingAI-Hack\coderisk-sf\results_folder\bocaraton\raw_json\boca_JustFOIA_Request_2024-9180-30p.json
narrative,CODE-2024-00136,,,,,"171 NE 11Th St, Boca",064347201400102,Derek Corcoran,01/22/2024,02/02/2024,,,,,,Commercial vehicle stored on lot,Closed -,,58,c:\Users\edilm\OneDrive\Desktop\Edilma Projects\LandingAI-Hack\coderisk-sf\results_folder\bocaraton\raw_json\boca_JustFOIA_Request_2024-9180-30p.json
case_header,CODE-2024-00137,Municipal Code,Closed -,,R1G,"175 NE 11Th St, Boca",064347201400101,Derek Corcoran,01/22/2024,02/02/2024,,,,,,,Closed -,,63,c:\Users\edilm\OneDrive\Desktop\Edilma Projects\LandingAI-Hack\coderisk-sf\results_folder\bocaraton\raw_json\boca_JustFOIA_Request_2024-9180-30p.json
violation_item,CODE-2024-00137,,,,,"175 NE 11Th St, Boca",064347201400101,Derek Corcoran,01/22/2024,02/02/2024,,,,SEC. 10,-118(1),,Closed -,In Violation,63,c:\Users\edilm\OneDrive\Desktop\Edilma Projects\LandingAI-Hack\coderisk-sf\results_folder\bocaraton\raw_json\boca_JustFOIA_Request_2024-9180-30p.json
violation_item,CODE-2024-00137,,,,,"175 NE 11Th St, Boca",064347201400101,Derek Corcoran,01/22/2024,02/02/2024,,,,SEC. 28,-1509(A),,Closed -,In Violation,63,c:\Users\edilm\OneDrive\Desktop\Edilma Projects\LandingAI-Hack\coderisk-sf\results_folder\bocaraton\raw_json\boca_JustFOIA_Request_2024-9180-30p.json
narrative,CODE-2024-00137,,,,,"175 NE 11Th St, Boca",064347201400101,Derek Corcoran,01/22/2024,02/02/2024,,,,,,Inoperable car on lawn.,Closed -,,63,c:\Users\edilm\OneDrive\Desktop\Edilma Projects\LandingAI-Hack\coderisk-sf\results_folder\bocaraton\raw_json\boca_JustFOIA_Request_2024-9180-30p.json
case_header,CODE-2024-00138,Municipal Code,Closed-,,R1G,"132 NE 11Th St, Boca",064347201400300,Derek Corcoran,01/22/2024,02/02/2024,,,,,,,Closed-,,63,c:\Users\edilm\OneDrive\Desktop\Edilma Projects\LandingAI-Hack\coderisk-sf\results_folder\bocaraton\raw_json\boca_JustFOIA_Request_2024-9180-30p.json
violation_item,CODE-2024-00138,,,,,"132 NE 11Th St, Boca",064347201400300,Derek Corcoran,01/22/2024,02/02/2024,,,,SEC. 10,-27(2),,Closed-,In Violation,63,c:\Users\edilm\OneDrive\Desktop\Edilma Projects\LandingAI-Hack\coderisk-sf\results_folder\bocaraton\raw_json\boca_JustFOIA_Request_2024-9180-30p.json
narrative,CODE-2024-00138,,,,,"132 NE 11Th St, Boca",064347201400300,Derek Corcoran,01/22/2024,02/02/2024,,,,,,Overgrown lawn.,Closed-,,63,c:\Users\edilm\OneDrive\Desktop\Edilma Projects\LandingAI-Hack\coderisk-sf\results_folder\bocaraton\raw_json\boca_JustFOIA_Request_2024-9180-30p.json
case_header,CODE-2024-00141,Municipal Code,Closed -,,R1G,"164 NE 12Th St, Boca",064347201400100,Derek Corcoran,01/22/2024,03/05/2024,,,,,,,Closed -,,63,c:\Users\edilm\OneDrive\Desktop\Edilma Projects\LandingAI-Hack\coderisk-sf\results_folder\bocaraton\raw_json\boca_JustFOIA_Request_2024-9180-30p.json
violation_item,CODE-2024-00141,,,,,"164 NE 12Th St, Boca",064347201400100,Derek Corcoran,01/22/2024,03/05/2024,,,,SEC. 10,-118(1),,Closed -,In Violation,63,c:\Users\edilm\OneDrive\Desktop\Edilma Projects\LandingAI-Hack\coderisk-sf\results_folder\bocaraton\raw_json\boca_JustFOIA_Request_2024-9180-30p.json
narrative,CODE-2024-00141,,,,,"164 NE 12Th St, Boca",064347201400100,Derek Corcoran,01/22/2024,03/05/2024,,,,,,Inoperable vehicle.,Closed -,,63,c:\Users\edilm\OneDrive\Desktop\Edilma Projects\LandingAI-Hack\coderisk-sf\results_folder\bocaraton\raw_json\boca_JustFOIA_Request_2024-9180-30p.json
case_header,CODE-2024-00142,Municipal Code,Closed -,,R1B,"7669 NE Spanish Trail Ct, 064346280400064","7669 NE Spanish Trail Ct, 064346280400064",Therese Smyack,01/22/2024,01/24/2024,,,,,,,Closed -,,63,c:\Users\edilm\OneDrive\Desktop\Edilma Projects\LandingAI-Hack\coderisk-sf\results_folder\bocaraton\raw_json\boca_JustFOIA_Request_2024-9180-30p.json
narrative,CODE-2024-00142,,,,,"7669 NE Spanish Trail Ct, 064346280400064","7669 NE Spanish Trail Ct, 064346280400064",Therese Smyack,01/22/2024,01/24/2024,,,,,,Garbage can on street near neighborhood intersection obstructing traffic.,Closed -,,63,c:\Users\edilm\OneDrive\Desktop\Edilma Projects\LandingAI-Hack\coderisk-sf\results_folder\bocaraton\raw_json\boca_JustFOIA_Request_2024-9180-30p.json
case_header,CODE-2024-00143,Municipal Code,Closed-,,R1D,"5700 NW 22Nd Ave, Boca 064247020200201","5700 NW 22Nd Ave, Boca 064247020200201",William Buckley,01/22/2024,02/13/2024,,,,,,,Closed-,,63,c:\Users\edilm\OneDrive\Desktop\Edilma Projects\LandingAI-Hack\coderisk-sf\results_folder\bocaraton\raw_json\boca_JustFOIA_Request_2024-9180-30p.json
narrative,CODE-2024-00143,,,,,"5700 NW 22Nd Ave, Boca 064247020200201","5700 NW 22Nd Ave, Boca 064247020200201",William Buckley,01/22/2024,02/13/2024,,,,,,Possible work without permits for floor and interior renovations occurring on the common area lobby. Complainant also,Closed-,,63,c:\Users\edilm\OneDrive\Desktop\Edilma Projects\LandingAI-Hack\coderisk-sf\results_folder\bocaraton\raw_json\boca_JustFOIA_Request_2024-9180-30p.json
case_header,CODE-2024-00145,Municipal Code,Closed-,,R1D,"286 NE 24Th Ct, Boca",064347170401100,Austin Mann,01/22/2024,02/01/2024,,,,,,,Closed-,,63,c:\Users\edilm\OneDrive\Desktop\Edilma Projects\LandingAI-Hack\coderisk-sf\results_folder\bocaraton\raw_json\boca_JustFOIA_Request_2024-9180-30p.json
narrative,CODE-2024-00145,,,,,"286 NE 24Th Ct, Boca",064347170401100,Austin Mann,01/22/2024,02/01/2024,,,,,,Trailer parked on cinder blocks on the driveway.,Closed-,,63,c:\Users\edilm\OneDrive\Desktop\Edilma Projects\LandingAI-Hack\coderisk-sf\results_folder\bocaraton\raw_json\boca_JustFOIA_Request_2024-9180-30p.json
case_header,CODE-2024-00146,Municipal Code,Closed -,,DDRI,"20 N Federal Hwy, Boca 064347290100202","20 N Federal Hwy, Boca 064347290100202",Keith Benoit,01/22/2024,01/25/2024,,,,,,,Closed -,,63,c:\Users\edilm\OneDrive\Desktop\Edilma Projects\LandingAI-Hack\coderisk-sf\results_folder\bocaraton\raw_json\boca_JustFOIA_Request_2024-9180-30p.json
violation_item,CODE-2024-00146,,,,,"20 N Federal Hwy, Boca 064347290100202","20 N Federal Hwy, Boca 064347290100202",Keith Benoit,01/22/2024,01/25/2024,,,,Description:,"Per online submitter: ""At Palmetto Park Rd and NE 1st Ave there is a news box that is not being used and is full of trash. People are constantly leaving cups and trash on top also. Please have it removed. It has not been used for any publications in over a year.""",,Closed -,"Description: Per online submitter: ""At Palmetto Park Rd and NE 1st Ave there is a news box that is not being used and is full of trash. People are constantly leaving cups and trash on top also. Please have it removed. It has not been used for any publications in over a year.""",63,c:\Users\edilm\OneDrive\Desktop\Edilma Projects\LandingAI-Hack\coderisk-sf\results_folder\bocaraton\raw_json\boca_JustFOIA_Request_2024-9180-30p.json
violation_item,CODE-2024-00146,,,,,"20 N Federal Hwy, Boca 064347290100202","20 N Federal Hwy, Boca 064347290100202",Keith Benoit,01/22/2024,01/25/2024,,,,Submitter:,Monique Rambo moniquerambo@gmail.com 2152682608,,Closed -,Submitter: Monique Rambo moniquerambo@gmail.com 2152682608,63,c:\Users\edilm\OneDrive\Desktop\Edilma Projects\LandingAI-Hack\coderisk-sf\results_folder\bocaraton\raw_json\boca_JustFOIA_Request_2024-9180-30p.json
violation_item,CODE-2024-00146,,,,,"20 N Federal Hwy, Boca 064347290100202","20 N Federal Hwy, Boca 064347290100202",Keith Benoit,01/22/2024,01/25/2024,,,,SeeClickFix,#15916214 created: 01/22/2024 9:02 AM,,Closed -,SeeClickFix #15916214 created: 01/22/2024 9:02 AM,63,c:\Users\edilm\OneDrive\Desktop\Edilma Projects\LandingAI-Hack\coderisk-sf\results_folder\bocaraton\raw_json\boca_JustFOIA_Request_2024-9180-30p.json
case_header,CODE-2024-00147,Municipal Code,Closed -,,R2,"2801 NE 2Nd Ave, Boca",064347170701300,Austin Mann,01/22/2024,02/01/2024,,,,,,,Closed -,,63,c:\Users\edilm\OneDrive\Desktop\Edilma Projects\LandingAI-Hack\coderisk-sf\results_folder\bocaraton\raw_json\boca_JustFOIA_Request_2024-9180-30p.json
violation_item,CODE-2024-00147,,,,,"2801 NE 2Nd Ave, Boca",064347170701300,Austin Mann,01/22/2024,02/01/2024,,,,Description:,"While on an inspection nearby, a complainant named Dan Paper living at 2801 complained to me about a silver minivan",,Closed -,"Description: While on an inspection nearby, a complainant named Dan Paper living at 2801 complained to me about a silver minivan",63,c:\Users\edilm\OneDrive\Desktop\Edilma Projects\LandingAI-Hack\coderisk-sf\results_folder\bocaraton\raw_json\boca_JustFOIA_Request_2024-9180-30p.json
case_header,CODE-2024-00149,Municipal Code,Closed -,,DDRI,10 E Palmetto Park Rd,064347290200101,Keith Benoit,01/22/2024,04/24/2024,,,,,,,Closed -,,63,c:\Users\edilm\OneDrive\Desktop\Edilma Projects\LandingAI-Hack\coderisk-sf\results_folder\bocaraton\raw_json\boca_JustFOIA_Request_2024-9180-30p.json
violation_item,CODE-2024-00149,,,,,10 E Palmetto Park Rd,064347290200101,Keith Benoit,01/22/2024,04/24/2024,,,,4035,", 2(4)(C)(4)(B)",,Closed -,In Violation,63,c:\Users\edilm\OneDrive\Desktop\Edilma Projects\LandingAI-Hack\coderisk-sf\results_folder\bocaraton\raw_json\boca_JustFOIA_Request_2024-9180-30p.json
violation_item,CODE-2024-00149,,,,,10 E Palmetto Park Rd,064347290200101,Keith Benoit,01/22/2024,04/24/2024,,,,,-SEC 28-1266,,Closed -,,63,c:\Users\edilm\OneDrive\Desktop\Edilma Projects\LandingAI-Hack\coderisk-sf\results_folder\bocaraton\raw_json\boca_JustFOIA_Request_2024-9180-30p.json
violation_item,CODE-2024-00149,,,,,10 E Palmetto Park Rd,064347290200101,Keith Benoit,01/22/2024,04/24/2024,,,,,LANDSCAPE,,Closed -,,63,c:\Users\edilm\OneDrive\Desktop\Edilma Projects\LandingAI-Hack\coderisk-sf\results_folder\bocaraton\raw_json\boca_JustFOIA_Request_2024-9180-30p.json
violation_item,CODE-2024-00149,,,,,10 E Palmetto Park Rd,064347290200101,Keith Benoit,01/22/2024,04/24/2024,,,,,MAINTEN,,Closed -,,63,c:\Users\edilm\OneDrive\Desktop\Edilma Projects\LandingAI-Hack\coderisk-sf\results_folder\bocaraton\raw_json\boca_JustFOIA_Request_2024-9180-30p.json
narrative,CODE-2024-00149,,,,,10 E Palmetto Park Rd,064347290200101,Keith Benoit,01/22/2024,04/24/2024,,,,,,Building concrete and iron fence/wall has been damaged at corner of Dixie Hwy and Palmetto Park Rd.,Closed -,,63,c:\Users\edilm\OneDrive\Desktop\Edilma Projects\LandingAI-Hack\coderisk-sf\results_folder\bocaraton\raw_json\boca_JustFOIA_Request_2024-9180-30p.json
case_header,CODE-2024-00150,Municipal Code,Closed -,,R1D,"2098 N Conference Dr,",064247230200500,Juan Hernandez,01/22/2024,01/31/2024,,,,,,,Closed -,,68,c:\Users\edilm\OneDrive\Desktop\Edilma Projects\LandingAI-Hack\coderisk-sf\results_folder\bocaraton\raw_json\boca_JustFOIA_Request_2024-9180-30p.json
violation_item,CODE-2024-00150,,,,,"2098 N Conference Dr,",064247230200500,Juan Hernandez,01/22/2024,01/31/2024,,,,SEC. 14,-20(9),,Closed -,In Violation,68,c:\Users\edilm\OneDrive\Desktop\Edilma Projects\LandingAI-Hack\coderisk-sf\results_folder\bocaraton\raw_json\boca_JustFOIA_Request_2024-9180-30p.json
violation_item,CODE-2024-00150,,,,,"2098 N Conference Dr,",064247230200500,Juan Hernandez,01/22/2024,01/31/2024,,,,SEC. 28,-1509(A),,Closed -,Resolved,68,c:\Users\edilm\OneDrive\Desktop\Edilma Projects\LandingAI-Hack\coderisk-sf\results_folder\bocaraton\raw_json\boca_JustFOIA_Request_2024-9180-30p.json
narrative,CODE-2024-00150,,,,,"2098 N Conference Dr,",064247230200500,Juan Hernandez,01/22/2024,01/31/2024,,,,,,Routine patrol for parking on the grass,Closed -,,68,c:\Users\edilm\OneDrive\Desktop\Edilma Projects\LandingAI-Hack\coderisk-sf\results_folder\bocaraton\raw_json\boca_JustFOIA_Request_2024-9180-30p.json
case_header,CODE-2024-00151,Municipal Code,Closed -,,R1D,"640 NW 15Th Ave, Boca 064247240301802","640 NW 15Th Ave, Boca 064247240301802",Derek Corcoran,01/22/2024,03/05/2024,,,,,,,Closed -,,68,c:\Users\edilm\OneDrive\Desktop\Edilma Projects\LandingAI-Hack\coderisk-sf\results_folder\bocaraton\raw_json\boca_JustFOIA_Request_2024-9180-30p.json
narrative,CODE-2024-00151,,,,,"640 NW 15Th Ave, Boca 064247240301802","640 NW 15Th Ave, Boca 064247240301802",Derek Corcoran,01/22/2024,03/05/2024,,,,,,"Per online submitter: ""There is no lawn maintenance being performed at this house. Grass is growing over the sidewalk",Closed -,,68,c:\Users\edilm\OneDrive\Desktop\Edilma Projects\LandingAI-Hack\coderisk-sf\results_folder\bocaraton\raw_json\boca_JustFOIA_Request_2024-9180-30p.json
violation_item,CODE-2024-00151,,,,,"640 NW 15Th Ave, Boca 064247240301802","640 NW 15Th Ave, Boca 064247240301802",Derek Corcoran,01/22/2024,03/05/2024,,,,and,"street."" Submitter: Richard Brownlee 584 nw 15 court SeeClickFix#15910154 created: 01/20/2024 8:14 AM",,Closed -,"and street."" Submitter: Richard Brownlee 584 nw 15 court SeeClickFix#15910154 created: 01/20/2024 8:14 AM",68,c:\Users\edilm\OneDrive\Desktop\Edilma Projects\LandingAI-Hack\coderisk-sf\results_folder\bocaraton\raw_json\boca_JustFOIA_Request_2024-9180-30p.json
case_header,CODE-2024-00152,Municipal Code,Closed -,,R1D,"1346 NW 4Th St, Boca",064247240200900,Omari Best,01/22/2024,01/23/2024,,,,,,,Closed -,,68,c:\Users\edilm\OneDrive\Desktop\Edilma Projects\LandingAI-Hack\coderisk-sf\results_folder\bocaraton\raw_json\boca_JustFOIA_Request_2024-9180-30p.json
narrative,CODE-2024-00152,,,,,"1346 NW 4Th St, Boca",064247240200900,Omari Best,01/22/2024,01/23/2024,,,,,,inspection revealed: Property in compliance truck commercial sign is covered and there in no ladder on top. Case closed.,Closed -,,68,c:\Users\edilm\OneDrive\Desktop\Edilma Projects\LandingAI-Hack\coderisk-sf\results_folder\bocaraton\raw_json\boca_JustFOIA_Request_2024-9180-30p.json
case_header,CODE-2024-00153,Municipal Code,Closed -,,R1D,"669 NW 15Th Ave, Boca 064247240301200","669 NW 15Th Ave, Boca 064247240301200",Omari Best,01/22/2024,01/24/2024,,,,,,,Closed -,,68,c:\Users\edilm\OneDrive\Desktop\Edilma Projects\LandingAI-Hack\coderisk-sf\results_folder\bocaraton\raw_json\boca_JustFOIA_Request_2024-9180-30p.json
narrative,CODE-2024-00153,,,,,"669 NW 15Th Ave, Boca 064247240301200","669 NW 15Th Ave, Boca 064247240301200",Omari Best,01/22/2024,01/24/2024,,,,,,Inspection revealed: Property in compliance.,Closed -,,68,c:\Users\edilm\OneDrive\Desktop\Edilma Projects\LandingAI-Hack\coderisk-sf\results_folder\bocaraton\raw_json\boca_JustFOIA_Request_2024-9180-30p.json
case_header,CODE-2024-00154,Municipal Code,Closed -,,R1D,"661 Apple Tree Ln, Boca 064347301300101","661 Apple Tree Ln, Boca 064347301300101",Colleen,01/22/2024,01/23/2024,,,,,,,Closed -,,68,c:\Users\edilm\OneDrive\Desktop\Edilma Projects\LandingAI-Hack\coderisk-sf\results_folder\bocaraton\raw_json\boca_JustFOIA_Request_2024-9180-30p.json
narrative,CODE-2024-00154,,,,,"661 Apple Tree Ln, Boca 064347301300101","661 Apple Tree Ln, Boca 064347301300101",Colleen,01/22/2024,01/23/2024,,,,,,"While on D.R, I observed vehicle parked facing the wrong way on the ROW. Photos taken",Closed -,,68,c:\Users\edilm\OneDrive\Desktop\Edilma Projects\LandingAI-Hack\coderisk-sf\results_folder\bocaraton\raw_json\boca_JustFOIA_Request_2024-9180-30p.json
case_header,CODE-2024-00155,Municipal Code,Closed -,,B4,"1666 N Federal Hwy, Boca 06434717000050","1666 N Federal Hwy, Boca 06434717000050",Omari Best,01/22/2024,01/23/2024,,,,,,,Closed -,,68,c:\Users\edilm\OneDrive\Desktop\Edilma Projects\LandingAI-Hack\coderisk-sf\results_folder\bocaraton\raw_json\boca_JustFOIA_Request_2024-9180-30p.json
narrative,CODE-2024-00155,,,,,"1666 N Federal Hwy, Boca 06434717000050","1666 N Federal Hwy, Boca 06434717000050",Omari Best,01/22/2024,01/23/2024,,,,,,Inspection revealed: Property in compliance.,Closed -,,68,c:\Users\edilm\OneDrive\Desktop\Edilma Projects\LandingAI-Hack\coderisk-sf\results_folder\bocaraton\raw_json\boca_JustFOIA_Request_2024-9180-30p.json
case_header,CODE-2024-00156,Municipal Code,Closed-,,PL,"5400 N Dixie Hwy, CA,",064347050000052,Therese Smyack,01/22/2024,01/22/2024,,,,,,,Closed-,,68,c:\Users\edilm\OneDrive\Desktop\Edilma Projects\LandingAI-Hack\coderisk-sf\results_folder\bocaraton\raw_json\boca_JustFOIA_Request_2024-9180-30p.json
narrative,CODE-2024-00156,,,,,"5400 N Dixie Hwy, CA,",064347050000052,Therese Smyack,01/22/2024,01/22/2024,,,,,,Target inspection: Feather flag.,Closed-,,68,c:\Users\edilm\OneDrive\Desktop\Edilma Projects\LandingAI-Hack\coderisk-sf\results_folder\bocaraton\raw_json\boca_JustFOIA_Request_2024-9180-30p.json
case_header,CODE-2024-00158,Municipal Code,Closed -,,R1D,"4540 N Dixie Hwy, Boca",064347080401500,Therese Smyack,01/22/2024,01/22/2024,,,,,,,Closed -,,68,c:\Users\edilm\OneDrive\Desktop\Edilma Projects\LandingAI-Hack\coderisk-sf\results_folder\bocaraton\raw_json\boca_JustFOIA_Request_2024-9180-30p.json
narrative,CODE-2024-00158,,,,,"4540 N Dixie Hwy, Boca",064347080401500,Therese Smyack,01/22/2024,01/22/2024,,,,,,Real estate sign on swale.,Closed -,,68,c:\Users\edilm\OneDrive\Desktop\Edilma Projects\LandingAI-Hack\coderisk-sf\results_folder\bocaraton\raw_json\boca_JustFOIA_Request_2024-9180-30p.json
case_header,CODE-2024-00159,Municipal Code,Closed -,,R4,"919 Sweetwater Ln, Boca 06434716140000","919 Sweetwater Ln, Boca 06434716140000",Steven Singer,01/23/2024,02/14/2024,,,,,,,Closed -,,68,c:\Users\edilm\OneDrive\Desktop\Edilma Projects\LandingAI-Hack\coderisk-sf\results_folder\bocaraton\raw_json\boca_JustFOIA_Request_2024-9180-30p.json
violation_item,CODE-2024-00159,,,,,"919 Sweetwater Ln, Boca 06434716140000","919 Sweetwater Ln, Boca 06434716140000",Steven Singer,01/23/2024,02/14/2024,,,,Enforcement,SEC. 19-62,,Closed -,Resolved In Violation,68,c:\Users\edilm\OneDrive\Desktop\Edilma Projects\LandingAI-Hack\coderisk-sf\results_folder\bocaraton\raw_json\boca_JustFOIA_Request_2024-9180-30p.json
violation_item,CODE-2024-00159,,,,,"919 Sweetwater Ln, Boca 06434716140000","919 Sweetwater Ln, Boca 06434716140000",Steven Singer,01/23/2024,02/14/2024,,,,Description:,"Per email From: Tcheou, Jefferson Sent: Monday, January 22, 2024 3:56 PM Contractor for Permit 20-4197 stated that they have not performed any work on this property. Pictures of their time onsite show that the dock was in disrepair and in need of work. See pics Sweetwater 1-4. I have uploaded contractor's letter to 20-4197. Once the case has been opened, please provide the number so that we can close out this permit where work was performed by a different contractor. 20_00004197 (919 SWEETWATER LN BOCA RATON, FL 33431) Permit Status: Abandoned",,Closed -,"Description: Per email From: Tcheou, Jefferson Sent: Monday, January 22, 2024 3:56 PM Contractor for Permit 20-4197 stated that they have not performed any work on this property. Pictures of their time onsite show that the dock was in disrepair and in need of work. See pics Sweetwater 1-4. I have uploaded contractor's letter to 20-4197. Once the case has been opened, please provide the number so that we can close out this permit where work was performed by a different contractor. 20_00004197 (919 SWEETWATER LN BOCA RATON, FL 33431) Permit Status: Abandoned",68,c:\Users\edilm\OneDrive\Desktop\Edilma Projects\LandingAI-Hack\coderisk-sf\results_folder\bocaraton\raw_json\boca_JustFOIA_Request_2024-9180-30p.json
case_header,CODE-2024-00160,Municipal Code Enforcement,Closed - Resolved,,R1G,,064347201400101 20,Derek Corcoran,01/23/2024,02/02/2024,,,,,,,Closed - Resolved,,73,c:\Users\edilm\OneDrive\Desktop\Edilma Projects\LandingAI-Hack\coderisk-sf\results_folder\bocaraton\raw_json\boca_JustFOIA_Request_2024-9180-30p.json
violation_item,CODE-2024-00160,,,,,,064347201400101 20,Derek Corcoran,01/23/2024,02/02/2024,,,,SEC. 28,-1507(2),,Closed - Resolved,In Violation,73,c:\Users\edilm\OneDrive\Desktop\Edilma Projects\LandingAI-Hack\coderisk-sf\results_folder\bocaraton\raw_json\boca_JustFOIA_Request_2024-9180-30p.json
narrative,CODE-2024-00160,,,,,,064347201400101 20,Derek Corcoran,01/23/2024,02/02/2024,,,,,,Commercial truck stored on lot.,Closed - Resolved,,73,c:\Users\edilm\OneDrive\Desktop\Edilma Projects\LandingAI-Hack\coderisk-sf\results_folder\bocaraton\raw_json\boca_JustFOIA_Request_2024-9180-30p.json
case_header,CODE-2024-00162,Municipal Code,Closed-,,R1A,"1060 Cocoanut Rd, Boca",064347290500300,Colleen,01/23/2024,01/29/2024,,,,,,,Closed-,,73,c:\Users\edilm\OneDrive\Desktop\Edilma Projects\LandingAI-Hack\coderisk-sf\results_folder\bocaraton\raw_json\boca_JustFOIA_Request_2024-9180-30p.json
narrative,CODE-2024-00162,,,,,"1060 Cocoanut Rd, Boca",064347290500300,Colleen,01/23/2024,01/29/2024,,,,,,Multiple cars parked on the property and the house has been shuttered and unoccupied.,Closed-,,73,c:\Users\edilm\OneDrive\Desktop\Edilma Projects\LandingAI-Hack\coderisk-sf\results_folder\bocaraton\raw_json\boca_JustFOIA_Request_2024-9180-30p.json
case_header,CODE-2024-00163,Municipal Code,Closed-,,R2,"100 W Hidden Valley Blvd,",064346323700000,William Buckley,01/23/2024,06/25/2024,,,,,,,Closed-,,73,c:\Users\edilm\OneDrive\Desktop\Edilma Projects\LandingAI-Hack\coderisk-sf\results_folder\bocaraton\raw_json\boca_JustFOIA_Request_2024-9180-30p.json
violation_item,CODE-2024-00163,,,,,"100 W Hidden Valley Blvd,",064346323700000,William Buckley,01/23/2024,06/25/2024,,,,SEC. 10,-64(1),,Closed-,In Violation,73,c:\Users\edilm\OneDrive\Desktop\Edilma Projects\LandingAI-Hack\coderisk-sf\results_folder\bocaraton\raw_json\boca_JustFOIA_Request_2024-9180-30p.json
violation_item,CODE-2024-00163,,,,,"100 W Hidden Valley Blvd,",064346323700000,William Buckley,01/23/2024,06/25/2024,,,,Description:,"work starting before 7 am trash pick up, landscapers, construction noise.",,Closed-,"Description: work starting before 7 am trash pick up, landscapers, construction noise.",73,c:\Users\edilm\OneDrive\Desktop\Edilma Projects\LandingAI-Hack\coderisk-sf\results_folder\bocaraton\raw_json\boca_JustFOIA_Request_2024-9180-30p.json
case_header,CODE-2024-00165,Municipal Code,Closed -,,R1B,"751 NE 39Th St, Boca",064347081200210,Steven Singer,01/23/2024,02/05/2024,,,,,,,Closed -,,73,c:\Users\edilm\OneDrive\Desktop\Edilma Projects\LandingAI-Hack\coderisk-sf\results_folder\bocaraton\raw_json\boca_JustFOIA_Request_2024-9180-30p.json
narrative,CODE-2024-00165,,,,,"751 NE 39Th St, Boca",064347081200210,Steven Singer,01/23/2024,02/05/2024,,,,,,Trailer in driveway. Reinspect again tomorrow and contact owner if still there.,Closed -,,73,c:\Users\edilm\OneDrive\Desktop\Edilma Projects\LandingAI-Hack\coderisk-sf\results_folder\bocaraton\raw_json\boca_JustFOIA_Request_2024-9180-30p.json
case_header,CODE-2024-00166,Municipal Code,Closed -,,R4,"1000 Spanish River Rd,",064347295900100,Omari Best,01/23/2024,01/24/2024,,,,,,,Closed -,,73,c:\Users\edilm\OneDrive\Desktop\Edilma Projects\LandingAI-Hack\coderisk-sf\results_folder\bocaraton\raw_json\boca_JustFOIA_Request_2024-9180-30p.json
narrative,CODE-2024-00166,,,,,"1000 Spanish River Rd,",064347295900100,Omari Best,01/23/2024,01/24/2024,,,,,,Inspection revealed: door was repaired. case closed.,Closed -,,73,c:\Users\edilm\OneDrive\Desktop\Edilma Projects\LandingAI-Hack\coderisk-sf\results_folder\bocaraton\raw_json\boca_JustFOIA_Request_2024-9180-30p.json
case_header,CODE-2024-00168,Municipal Code,Closed -,,DDRI,"45 S Federal Hwy, Boca",064347291100100,Omari Best,01/23/2024,03/20/2024,,,,,,,Closed -,,73,c:\Users\edilm\OneDrive\Desktop\Edilma Projects\LandingAI-Hack\coderisk-sf\results_folder\bocaraton\raw_json\boca_JustFOIA_Request_2024-9180-30p.json
violation_item,CODE-2024-00168,,,,,"45 S Federal Hwy, Boca",064347291100100,Omari Best,01/23/2024,03/20/2024,,,,SEC. 19,-62,,Closed -,In Violation,73,c:\Users\edilm\OneDrive\Desktop\Edilma Projects\LandingAI-Hack\coderisk-sf\results_folder\bocaraton\raw_json\boca_JustFOIA_Request_2024-9180-30p.json
violation_item,CODE-2024-00168,,,,,"45 S Federal Hwy, Boca",064347291100100,Omari Best,01/23/2024,03/20/2024,,,,Description:,Inspection revealed: Permit # 22_00008037 was closed out case closed.,,Closed -,Description: Inspection revealed: Permit # 22_00008037 was closed out case closed.,73,c:\Users\edilm\OneDrive\Desktop\Edilma Projects\LandingAI-Hack\coderisk-sf\results_folder\bocaraton\raw_json\boca_JustFOIA_Request_2024-9180-30p.json
case_header,CODE-2024-00171,Municipal Code,Closed -,,DDRI,"171 W Camino Real, Boca",064347300300900,Keith Benoit,01/24/2024,01/26/2024,,,,,,,Closed -,,73,c:\Users\edilm\OneDrive\Desktop\Edilma Projects\LandingAI-Hack\coderisk-sf\results_folder\bocaraton\raw_json\boca_JustFOIA_Request_2024-9180-30p.json
violation_item,CODE-2024-00171,,,,,"171 W Camino Real, Boca",064347300300900,Keith Benoit,01/24/2024,01/26/2024,,,,Description:,Complainant reports trash overflowing around the park bench near the Valero station and 2) the dumpster on the west,,Closed -,Description: Complainant reports trash overflowing around the park bench near the Valero station and 2) the dumpster on the west,73,c:\Users\edilm\OneDrive\Desktop\Edilma Projects\LandingAI-Hack\coderisk-sf\results_folder\bocaraton\raw_json\boca_JustFOIA_Request_2024-9180-30p.json
case_header,CODE-2024-00172,Municipal Code,Closed -,,R1D,"298 NE 8Th St, Boca Raton,",064347201801700,Steven Singer,01/24/2024,02/14/2024,,,,,,,Closed -,,73,c:\Users\edilm\OneDrive\Desktop\Edilma Projects\LandingAI-Hack\coderisk-sf\results_folder\bocaraton\raw_json\boca_JustFOIA_Request_2024-9180-30p.json
narrative,CODE-2024-00172,,,,,"298 NE 8Th St, Boca Raton,",064347201801700,Steven Singer,01/24/2024,02/14/2024,,,,,,Five vehicles parked on grass of vacant lot. Warning notices left on each. I met developer Dave Gavin at property. He,Closed -,,73,c:\Users\edilm\OneDrive\Desktop\Edilma Projects\LandingAI-Hack\coderisk-sf\results_folder\bocaraton\raw_json\boca_JustFOIA_Request_2024-9180-30p.json
case_header,CODE-2024-00173,Municipal Code,Closed -,,R1B,"6500 NE 7Th Ave, Boca",064347040400300,Therese Smyack,01/24/2024,01/30/2024,,,,,,,Closed -,,73,c:\Users\edilm\OneDrive\Desktop\Edilma Projects\LandingAI-Hack\coderisk-sf\results_folder\bocaraton\raw_json\boca_JustFOIA_Request_2024-9180-30p.json
narrative,CODE-2024-00173,,,,,"6500 NE 7Th Ave, Boca",064347040400300,Therese Smyack,01/24/2024,01/30/2024,,,,,,Trailered Wave Runner on drive.,Closed -,,73,c:\Users\edilm\OneDrive\Desktop\Edilma Projects\LandingAI-Hack\coderisk-sf\results_folder\bocaraton\raw_json\boca_JustFOIA_Request_2024-9180-30p.json
case_header,CODE-2024-00174,Municipal Code,Closed -,,RB1,"2301 N Federal Hwy, Boca",064347171000701,Austin Mann,01/24/2024,01/26/2024,,,,,,,Closed -,,73,c:\Users\edilm\OneDrive\Desktop\Edilma Projects\LandingAI-Hack\coderisk-sf\results_folder\bocaraton\raw_json\boca_JustFOIA_Request_2024-9180-30p.json
narrative,CODE-2024-00174,,,,,"2301 N Federal Hwy, Boca",064347171000701,Austin Mann,01/24/2024,01/26/2024,,,,,,Routine Patrol: Observed a scarp metal construction/demo waste container from Federal Hwy.,Closed -,,73,c:\Users\edilm\OneDrive\Desktop\Edilma Projects\LandingAI-Hack\coderisk-sf\results_folder\bocaraton\raw_json\boca_JustFOIA_Request_2024-9180-30p.json
case_header,CODE-2024-00175,Municipal Code,Closed -,,R1E,"201 Ipswich St, Boca",064347050200603,Therese Smyack,01/24/2024,02/08/2024,,,,,,,Closed -,,73,c:\Users\edilm\OneDrive\Desktop\Edilma Projects\LandingAI-Hack\coderisk-sf\results_folder\bocaraton\raw_json\boca_JustFOIA_Request_2024-9180-30p.json
narrative,CODE-2024-00175,,,,,"201 Ipswich St, Boca",064347050200603,Therese Smyack,01/24/2024,02/08/2024,,,,,,Household appliance on porch.,Closed -,,73,c:\Users\edilm\OneDrive\Desktop\Edilma Projects\LandingAI-Hack\coderisk-sf\results_folder\bocaraton\raw_json\boca_JustFOIA_Request_2024-9180-30p.json
case_header,CODE-2024-00176,Municipal Code,Closed-,,R1E,,064347050201200,Therese Smyack,01/24/2024,02/06/2024,,,,,,,Closed-,,73,c:\Users\edilm\OneDrive\Desktop\Edilma Projects\LandingAI-Hack\coderisk-sf\results_folder\bocaraton\raw_json\boca_JustFOIA_Request_2024-9180-30p.json
violation_item,CODE-2024-00176,,,,,,064347050201200,Therese Smyack,01/24/2024,02/06/2024,,,,Description:,Routine patrol: Veg on Federal side of parcels is excessive. Photo's captured. 5 parcels on Federal and Dixie just south of Tuscanny Village.,,Closed-,Description: Routine patrol: Veg on Federal side of parcels is excessive. Photo's captured. 5 parcels on Federal and Dixie just south of Tuscanny Village.,73,c:\Users\edilm\OneDrive\Desktop\Edilma Projects\LandingAI-Hack\coderisk-sf\results_folder\bocaraton\raw_json\boca_JustFOIA_Request_2024-9180-30p.json
violation_item,,,,,,,,,,,,,,SEC. 19,-62,,,In Violation,78,c:\Users\edilm\OneDrive\Desktop\Edilma Projects\LandingAI-Hack\coderisk-sf\results_folder\bocaraton\raw_json\boca_JustFOIA_Request_2024-9180-30p.json
narrative,,,,,,,,,,,,,,,,Routine patrol: water heater observed placed on grassy area just west of drive. New driveway permit issued. No water heater permit located.,,,78,c:\Users\edilm\OneDrive\Desktop\Edilma Projects\LandingAI-Hack\coderisk-sf\results_folder\bocaraton\raw_json\boca_JustFOIA_Request_2024-9180-30p.json
case_header,CODE-2024-00178,Municipal Code Enforcement,Closed - Resolved,,R1B,"772 Glouchester St, Boca Raton, FL 33487","772 Glouchester St, Boca Raton, FL 33487",Therese Smyack,01/24/2024,01/30/2024,R1B,"772 Glouchester St, Boca Raton, FL 33487","772 Glouchester St, Boca Raton, FL 33487",,,,Closed - Resolved,,78,c:\Users\edilm\OneDrive\Desktop\Edilma Projects\LandingAI-Hack\coderisk-sf\results_folder\bocaraton\raw_json\boca_JustFOIA_Request_2024-9180-30p.json
narrative,CODE-2024-00178,,,,,"772 Glouchester St, Boca Raton, FL 33487","772 Glouchester St, Boca Raton, FL 33487",Therese Smyack,01/24/2024,01/30/2024,R1B,"772 Glouchester St, Boca Raton, FL 33487","772 Glouchester St, Boca Raton, FL 33487",,,Debris is scattered throughout the construction site and there is no barrier preventing it from going out into the street. Complainant had three nails in one of her tires.,Closed - Resolved,,78,c:\Users\edilm\OneDrive\Desktop\Edilma Projects\LandingAI-Hack\coderisk-sf\results_folder\bocaraton\raw_json\boca_JustFOIA_Request_2024-9180-30p.json
case_header,CODE-2024-00179,Municipal Code,Closed -,,DDRI,,,Deiner Lobo,01/24/2024,01/24/2024,DDRI,,,,,,Closed -,,78,c:\Users\edilm\OneDrive\Desktop\Edilma Projects\LandingAI-Hack\coderisk-sf\results_folder\bocaraton\raw_json\boca_JustFOIA_Request_2024-9180-30p.json
violation_item,CODE-2024-00179,,,,,,,Deiner Lobo,01/24/2024,01/24/2024,DDRI,,,Enforcement,Resolved Description: Routine Patrol: Vehicle parked in the parking for disabled only. No handicap placard displayed at 102 NE 2nd ST Parking lot.,,Closed -,Enforcement Resolved Description: Routine Patrol: Vehicle parked in the parking for disabled only. No handicap placard displayed at 102 NE 2nd ST Parking lot.,78,c:\Users\edilm\OneDrive\Desktop\Edilma Projects\LandingAI-Hack\coderisk-sf\results_folder\bocaraton\raw_json\boca_JustFOIA_Request_2024-9180-30p.json
case_header,CODE-2024-00180,Municipal Code Enforcement,Closed - Resolved,,DDRI,,,Deiner Lobo,01/24/2024,01/24/2024,DDRI,,,,,,Closed - Resolved,,78,c:\Users\edilm\OneDrive\Desktop\Edilma Projects\LandingAI-Hack\coderisk-sf\results_folder\bocaraton\raw_json\boca_JustFOIA_Request_2024-9180-30p.json
violation_item,CODE-2024-00180,,,,,,,Deiner Lobo,01/24/2024,01/24/2024,DDRI,,,Description:,Routine Patrol: Vehicle parked on the sidewalk on the rear of 71 E Palmetto Park Rd.,,Closed - Resolved,Description: Routine Patrol: Vehicle parked on the sidewalk on the rear of 71 E Palmetto Park Rd.,78,c:\Users\edilm\OneDrive\Desktop\Edilma Projects\LandingAI-Hack\coderisk-sf\results_folder\bocaraton\raw_json\boca_JustFOIA_Request_2024-9180-30p.json
case_header,CODE-2024-00181,Municipal Code,Closed -,,DDRI,,,Deiner Lobo,01/24/2024,01/24/2024,DDRI,,,,,,Closed -,,78,c:\Users\edilm\OneDrive\Desktop\Edilma Projects\LandingAI-Hack\coderisk-sf\results_folder\bocaraton\raw_json\boca_JustFOIA_Request_2024-9180-30p.json
violation_item,CODE-2024-00181,,,,,,,Deiner Lobo,01/24/2024,01/24/2024,DDRI,,,Description:,Routine Patrol: Vehicle parked facing the wrong way (Eastbound facing Westbound) at parking space # 7288 - SE 4th ST.,,Closed -,Description: Routine Patrol: Vehicle parked facing the wrong way (Eastbound facing Westbound) at parking space # 7288 - SE 4th ST.,78,c:\Users\edilm\OneDrive\Desktop\Edilma Projects\LandingAI-Hack\coderisk-sf\results_folder\bocaraton\raw_json\boca_JustFOIA_Request_2024-9180-30p.json
case_header,CODE-2024-00182,Municipal Code,Closed -,,R1D,"1492 SW 13Th Dr, Boca","1492 SW 13Th Dr, Boca",Colleen,01/24/2024,02/11/2024,R1D,"1492 SW 13Th Dr, Boca","1492 SW 13Th Dr, Boca",,,,Closed -,,78,c:\Users\edilm\OneDrive\Desktop\Edilma Projects\LandingAI-Hack\coderisk-sf\results_folder\bocaraton\raw_json\boca_JustFOIA_Request_2024-9180-30p.json
violation_item,CODE-2024-00182,,,,,"1492 SW 13Th Dr, Boca","1492 SW 13Th Dr, Boca",Colleen,01/24/2024,02/11/2024,R1D,"1492 SW 13Th Dr, Boca","1492 SW 13Th Dr, Boca",Description:,FILTHY POOL. COMPLAINANT GIVES PERMISSION TO ACCESS VIEWING FROM HIS BACKYARD. PLEASE CALL GUILLERMO POLOMA (561) 445-1782,,Closed -,Description: FILTHY POOL. COMPLAINANT GIVES PERMISSION TO ACCESS VIEWING FROM HIS BACKYARD. PLEASE CALL GUILLERMO POLOMA (561) 445-1782,78,c:\Users\edilm\OneDrive\Desktop\Edilma Projects\LandingAI-Hack\coderisk-sf\results_folder\bocaraton\raw_json\boca_JustFOIA_Request_2024-9180-30p.json
case_header,CODE-2024-00183,Municipal Code,Closed -,,DDRI,,,Deiner Lobo,01/24/2024,01/24/2024,DDRI,,,,,,Closed -,,78,c:\Users\edilm\OneDrive\Desktop\Edilma Projects\LandingAI-Hack\coderisk-sf\results_folder\bocaraton\raw_json\boca_JustFOIA_Request_2024-9180-30p.json
violation_item,CODE-2024-00183,,,,,,,Deiner Lobo,01/24/2024,01/24/2024,DDRI,,,Description:,Routine Patrol: Vehicle parked on parking for disabled only - No handicap placard displayed at space # 7106. SE 1st Ave.,,Closed -,Description: Routine Patrol: Vehicle parked on parking for disabled only - No handicap placard displayed at space # 7106. SE 1st Ave.,78,c:\Users\edilm\OneDrive\Desktop\Edilma Projects\LandingAI-Hack\coderisk-sf\results_folder\bocaraton\raw_json\boca_JustFOIA_Request_2024-9180-30p.json
case_header,CODE-2024-00184,Municipal Code,Closed -,,DDRI,"855 S Federal Hwy, Boca","855 S Federal Hwy, Boca",Keith Benoit,01/24/2024,02/06/2024,DDRI,"855 S Federal Hwy, Boca","855 S Federal Hwy, Boca",,,,Closed -,,78,c:\Users\edilm\OneDrive\Desktop\Edilma Projects\LandingAI-Hack\coderisk-sf\results_folder\bocaraton\raw_json\boca_JustFOIA_Request_2024-9180-30p.json
narrative,CODE-2024-00184,,,,,"855 S Federal Hwy, Boca","855 S Federal Hwy, Boca",Keith Benoit,01/24/2024,02/06/2024,DDRI,"855 S Federal Hwy, Boca","855 S Federal Hwy, Boca",,,Caller works in the office building. Had a scare in the elevator and thought it was going to drop to the ground. Please inspect.,Closed -,,78,c:\Users\edilm\OneDrive\Desktop\Edilma Projects\LandingAI-Hack\coderisk-sf\results_folder\bocaraton\raw_json\boca_JustFOIA_Request_2024-9180-30p.json
case_header,CODE-2024-00185,Municipal Code,Closed -,,DDRI,,,Deiner Lobo,01/24/2024,01/24/2024,DDRI,,,,,,Closed -,,78,c:\Users\edilm\OneDrive\Desktop\Edilma Projects\LandingAI-Hack\coderisk-sf\results_folder\bocaraton\raw_json\boca_JustFOIA_Request_2024-9180-30p.json
violation_item,CODE-2024-00185,,,,,,,Deiner Lobo,01/24/2024,01/24/2024,DDRI,,,Description:,Routine Patrol: Utility box located on the NE corner of 302 Plaza Real was tagged with prohibited sticker sign.,,Closed -,Description: Routine Patrol: Utility box located on the NE corner of 302 Plaza Real was tagged with prohibited sticker sign.,78,c:\Users\edilm\OneDrive\Desktop\Edilma Projects\LandingAI-Hack\coderisk-sf\results_folder\bocaraton\raw_json\boca_JustFOIA_Request_2024-9180-30p.json
case_header,CODE-2024-00186,Municipal Code Enforcement,Closed - Resolved,,RB1,"6501 N Federal Hwy, 1, Boca Raton, FL 33487","6501 N Federal Hwy, 1, Boca Raton, FL 33487",Therese Smyack,01/24/2024,02/26/2024,RB1,"6501 N Federal Hwy, 1, Boca Raton, FL 33487","6501 N Federal Hwy, 1, Boca Raton, FL 33487",,,,Closed - Resolved,,78,c:\Users\edilm\OneDrive\Desktop\Edilma Projects\LandingAI-Hack\coderisk-sf\results_folder\bocaraton\raw_json\boca_JustFOIA_Request_2024-9180-30p.json
violation_item,CODE-2024-00186,,,,,"6501 N Federal Hwy, 1, Boca Raton, FL 33487","6501 N Federal Hwy, 1, Boca Raton, FL 33487",Therese Smyack,01/24/2024,02/26/2024,RB1,"6501 N Federal Hwy, 1, Boca Raton, FL 33487","6501 N Federal Hwy, 1, Boca Raton, FL 33487",SEC. 2,-130 - SEC 302.2.1(L) LANDSCAPING,,Closed - Resolved,In Violation,78,c:\Users\edilm\OneDrive\Desktop\Edilma Projects\LandingAI-Hack\coderisk-sf\results_folder\bocaraton\raw_json\boca_JustFOIA_Request_2024-9180-30p.json
narrative,,,,,,,,,,,,,,,,Inspection revealed: Property in compliance.,,,85,c:\Users\edilm\OneDrive\Desktop\Edilma Projects\LandingAI-Hack\coderisk-sf\results_folder\bocaraton\raw_json\boca_JustFOIA_Request_2024-9180-30p.json
case_header,CODE-2024-00196,Municipal Code Enforcement IPMC 302.1 - SANITATION. ALL EXTERIOR,Closed - Resolved Resolved,02/12/2024,RB1 02/20/2024,"561 NE 47Th St, Boca Raton, FL 33431 03/21/2024",064347082300056 10 $0.00,Austin Mann,01/25/2024,03/21/2024,,,,,,,Closed - Resolved Resolved,,95,c:\Users\edilm\OneDrive\Desktop\Edilma Projects\LandingAI-Hack\coderisk-sf\results_folder\bocaraton\raw_json\boca_JustFOIA_Request_2024-9180-30p.json
violation_item,CODE-2024-00196,,,,,"561 NE 47Th St, Boca Raton, FL 33431 03/21/2024",064347082300056 10 $0.00,Austin Mann,01/25/2024,03/21/2024,,,,,PROPERTY SEC. 10-118(1),,Closed - Resolved Resolved,Resolved,95,c:\Users\edilm\OneDrive\Desktop\Edilma Projects\LandingAI-Hack\coderisk-sf\results_folder\bocaraton\raw_json\boca_JustFOIA_Request_2024-9180-30p.json
violation_item,CODE-2024-00196,,,,,"561 NE 47Th St, Boca Raton, FL 33431 03/21/2024",064347082300056 10 $0.00,Austin Mann,01/25/2024,03/21/2024,,,,SEC. 28,-1507(2),,Closed - Resolved Resolved,Resolved,95,c:\Users\edilm\OneDrive\Desktop\Edilma Projects\LandingAI-Hack\coderisk-sf\results_folder\bocaraton\raw_json\boca_JustFOIA_Request_2024-9180-30p.json
violation_item,CODE-2024-00196,,,,,"561 NE 47Th St, Boca Raton, FL 33431 03/21/2024",064347082300056 10 $0.00,Austin Mann,01/25/2024,03/21/2024,,,,Description:,"Trailer full of trash parked in front yard, 12"" high grass, broken tiles and car parts strewn all over.",,Closed - Resolved Resolved,"Description: Trailer full of trash parked in front yard, 12"" high grass, broken tiles and car parts strewn all over.",95,c:\Users\edilm\OneDrive\Desktop\Edilma Projects\LandingAI-Hack\coderisk-sf\results_folder\bocaraton\raw_json\boca_JustFOIA_Request_2024-9180-30p.json
case_header,CODE-2024-00197,Municipal Code,Closed -,,R1D,"640 NW 15Th Ave, Boca 064247240301802","640 NW 15Th Ave, Boca 064247240301802",Deiner Lobo,01/25/2024,01/31/2024,,,,,,,Closed -,,95,c:\Users\edilm\OneDrive\Desktop\Edilma Projects\LandingAI-Hack\coderisk-sf\results_folder\bocaraton\raw_json\boca_JustFOIA_Request_2024-9180-30p.json
narrative,CODE-2024-00197,,,,,"640 NW 15Th Ave, Boca 064247240301802","640 NW 15Th Ave, Boca 064247240301802",Deiner Lobo,01/25/2024,01/31/2024,,,,,,"Per online submitter: ""This neighbor has an unkept yard and does zero lawn maintenance or pest control. We saw rats",Closed -,,95,c:\Users\edilm\OneDrive\Desktop\Edilma Projects\LandingAI-Hack\coderisk-sf\results_folder\bocaraton\raw_json\boca_JustFOIA_Request_2024-9180-30p.json
violation_item,CODE-2024-00197,,,,,"640 NW 15Th Ave, Boca 064247240301802","640 NW 15Th Ave, Boca 064247240301802",Deiner Lobo,01/25/2024,01/31/2024,,,,Submitter:,richard brownlee 584 northwest 15th court SeeClickfix #15939103 created: 01/25/2024 11:38 AM,,Closed -,Submitter: richard brownlee 584 northwest 15th court SeeClickfix #15939103 created: 01/25/2024 11:38 AM,95,c:\Users\edilm\OneDrive\Desktop\Edilma Projects\LandingAI-Hack\coderisk-sf\results_folder\bocaraton\raw_json\boca_JustFOIA_Request_2024-9180-30p.json
case_header,CODE-2024-00198,Municipal Code,Closed -,,R1D,"1537 NW 8Th St, Boca",064247240702001,Derek Corcoran,01/25/2024,02/02/2024,,,,,,,Closed -,,95,c:\Users\edilm\OneDrive\Desktop\Edilma Projects\LandingAI-Hack\coderisk-sf\results_folder\bocaraton\raw_json\boca_JustFOIA_Request_2024-9180-30p.json
narrative,CODE-2024-00198,,,,,"1537 NW 8Th St, Boca",064247240702001,Derek Corcoran,01/25/2024,02/02/2024,,,,,,"Per online submitter: ""Boat is being stored in the driveway.""",Closed -,,95,c:\Users\edilm\OneDrive\Desktop\Edilma Projects\LandingAI-Hack\coderisk-sf\results_folder\bocaraton\raw_json\boca_JustFOIA_Request_2024-9180-30p.json
violation_item,CODE-2024-00198,,,,,"1537 NW 8Th St, Boca",064247240702001,Derek Corcoran,01/25/2024,02/02/2024,,,,Submitter:,richard Brownlee 584 northwest 15th court SeeClickFix Concern #15939295 created: 01/25/2024 11:57 AM,,Closed -,Submitter: richard Brownlee 584 northwest 15th court SeeClickFix Concern #15939295 created: 01/25/2024 11:57 AM,95,c:\Users\edilm\OneDrive\Desktop\Edilma Projects\LandingAI-Hack\coderisk-sf\results_folder\bocaraton\raw_json\boca_JustFOIA_Request_2024-9180-30p.json
case_header,CODE-2024-00199,Municipal Code,Closed -,,R1D,"669 NW 15Th Ave, Boca 064247240301200","669 NW 15Th Ave, Boca 064247240301200",Derek Corcoran,01/25/2024,03/05/2024,,,,,,,Closed -,,95,c:\Users\edilm\OneDrive\Desktop\Edilma Projects\LandingAI-Hack\coderisk-sf\results_folder\bocaraton\raw_json\boca_JustFOIA_Request_2024-9180-30p.json
narrative,CODE-2024-00199,,,,,"669 NW 15Th Ave, Boca 064247240301200","669 NW 15Th Ave, Boca 064247240301200",Derek Corcoran,01/25/2024,03/05/2024,,,,,,"Per online submitter: ""This neighbor has been permanently storing their garbage can in their front driveway.""",Closed -,,95,c:\Users\edilm\OneDrive\Desktop\Edilma Projects\LandingAI-Hack\coderisk-sf\results_folder\bocaraton\raw_json\boca_JustFOIA_Request_2024-9180-30p.json
violation_item,CODE-2024-00199,,,,,"669 NW 15Th Ave, Boca 064247240301200","669 NW 15Th Ave, Boca 064247240301200",Derek Corcoran,01/25/2024,03/05/2024,,,,Submitter:,richard brownlee 584 northwest 15th court SeeClickfix #15939115 Concern created: 01/25/2024 11:40 AM,,Closed -,Submitter: richard brownlee 584 northwest 15th court SeeClickfix #15939115 Concern created: 01/25/2024 11:40 AM,95,c:\Users\edilm\OneDrive\Desktop\Edilma Projects\LandingAI-Hack\coderisk-sf\results_folder\bocaraton\raw_json\boca_JustFOIA_Request_2024-9180-30p.json
case_header,CODE-2024-00200,Municipal Code,Closed -,,R1A,"1000 Spanish River Rd, 2F, 064347295900200","1000 Spanish River Rd, 2F, 064347295900200",Omari Best,01/25/2024,02/05/2024,,,,,,,Closed -,,95,c:\Users\edilm\OneDrive\Desktop\Edilma Projects\LandingAI-Hack\coderisk-sf\results_folder\bocaraton\raw_json\boca_JustFOIA_Request_2024-9180-30p.json
narrative,CODE-2024-00200,,,,,"1000 Spanish River Rd, 2F, 064347295900200","1000 Spanish River Rd, 2F, 064347295900200",Omari Best,01/25/2024,02/05/2024,,,,,,Inspection revealed: Property in compliance case closed,Closed -,,95,c:\Users\edilm\OneDrive\Desktop\Edilma Projects\LandingAI-Hack\coderisk-sf\results_folder\bocaraton\raw_json\boca_JustFOIA_Request_2024-9180-30p.json
case_header,CODE-2024-00201,Municipal Code,Closed -,,R1B,"3699 NE 6Th Dr, Boca",064347080600101,Steven Singer,01/25/2024,02/08/2024,,,,,,,Closed -,,95,c:\Users\edilm\OneDrive\Desktop\Edilma Projects\LandingAI-Hack\coderisk-sf\results_folder\bocaraton\raw_json\boca_JustFOIA_Request_2024-9180-30p.json
narrative,CODE-2024-00201,,,,,"3699 NE 6Th Dr, Boca",064347080600101,Steven Singer,01/25/2024,02/08/2024,,,,,,Fallen tree branches blocking sidewalk. Picture taken. Will notify owner.,Closed -,,95,c:\Users\edilm\OneDrive\Desktop\Edilma Projects\LandingAI-Hack\coderisk-sf\results_folder\bocaraton\raw_json\boca_JustFOIA_Request_2024-9180-30p.json
case_header,CODE-2024-00202,Municipal Code,Closed -,,R3C,"1799 NW 2Nd Ave, Boda",064347172801601,Austin Mann,01/25/2024,03/11/2024,,,,,,,Closed -,,95,c:\Users\edilm\OneDrive\Desktop\Edilma Projects\LandingAI-Hack\coderisk-sf\results_folder\bocaraton\raw_json\boca_JustFOIA_Request_2024-9180-30p.json
narrative,CODE-2024-00202,,,,,"1799 NW 2Nd Ave, Boda",064347172801601,Austin Mann,01/25/2024,03/11/2024,,,,,,"Observed a ""Now Open"" temporary sign hanging in front of business.",Closed -,,95,c:\Users\edilm\OneDrive\Desktop\Edilma Projects\LandingAI-Hack\coderisk-sf\results_folder\bocaraton\raw_json\boca_JustFOIA_Request_2024-9180-30p.json
case_header,CODE-2024-00203,Municipal Code,Closed -,,R1E,"325 Jeffery St, Boca Raton, 064347050200503","325 Jeffery St, Boca Raton, 064347050200503",Therese Smyack,01/25/2024,02/27/2024,,,,,,,Closed -,,95,c:\Users\edilm\OneDrive\Desktop\Edilma Projects\LandingAI-Hack\coderisk-sf\results_folder\bocaraton\raw_json\boca_JustFOIA_Request_2024-9180-30p.json
violation_item,CODE-2024-00203,,,,,"325 Jeffery St, Boca Raton, 064347050200503","325 Jeffery St, Boca Raton, 064347050200503",Therese Smyack,01/25/2024,02/27/2024,,,,IPMC 302.8,-,,Closed -,In Violation,95,c:\Users\edilm\OneDrive\Desktop\Edilma Projects\LandingAI-Hack\coderisk-sf\results_folder\bocaraton\raw_json\boca_JustFOIA_Request_2024-9180-30p.json
violation_item,CODE-2024-00203,,,,,"325 Jeffery St, Boca Raton, 064347050200503","325 Jeffery St, Boca Raton, 064347050200503",Therese Smyack,01/25/2024,02/27/2024,,,,,MOTOR VEHICLES,,Closed -,,95,c:\Users\edilm\OneDrive\Desktop\Edilma Projects\LandingAI-Hack\coderisk-sf\results_folder\bocaraton\raw_json\boca_JustFOIA_Request_2024-9180-30p.json
narrative,CODE-2024-00203,,,,,"325 Jeffery St, Boca Raton, 064347050200503","325 Jeffery St, Boca Raton, 064347050200503",Therese Smyack,01/25/2024,02/27/2024,,,,,,VEHCILE JACKED AND PLACED ON TIRES ON DRIVE.,Closed -,,95,c:\Users\edilm\OneDrive\Desktop\Edilma Projects\LandingAI-Hack\coderisk-sf\results_folder\bocaraton\raw_json\boca_JustFOIA_Request_2024-9180-30p.json
case_header,CODE-2024-00204,Municipal Code Enforcement IPMC 302.1 - SANITATION. ALL EXTERIOR PROPERTY,Closed - Resolved In Violation,01/25/2024,R1E 02/01/2024,"5890 Nottingham Rd, Boca Raton, FL 33487 064347050200400 11 $0.00","5890 Nottingham Rd, Boca Raton, FL 33487 064347050200400 11 $0.00",Therese Smyack,01/25/2024,02/01/2024,,,,,,,Closed - Resolved In Violation,,100,c:\Users\edilm\OneDrive\Desktop\Edilma Projects\LandingAI-Hack\coderisk-sf\results_folder\bocaraton\raw_json\boca_JustFOIA_Request_2024-9180-30p.json
violation_item,CODE-2024-00204,,,,,"5890 Nottingham Rd, Boca Raton, FL 33487 064347050200400 11 $0.00","5890 Nottingham Rd, Boca Raton, FL 33487 064347050200400 11 $0.00",Therese Smyack,01/25/2024,02/01/2024,,,,SEC. 10,-118(1),,Closed - Resolved In Violation,In Violation,100,c:\Users\edilm\OneDrive\Desktop\Edilma Projects\LandingAI-Hack\coderisk-sf\results_folder\bocaraton\raw_json\boca_JustFOIA_Request_2024-9180-30p.json
violation_item,CODE-2024-00204,,,,,"5890 Nottingham Rd, Boca Raton, FL 33487 064347050200400 11 $0.00","5890 Nottingham Rd, Boca Raton, FL 33487 064347050200400 11 $0.00",Therese Smyack,01/25/2024,02/01/2024,,,,Description:,"Routine Patrol: Large white van, older model 4d sedan and range rover on swale. Van and full-size 4d vehicle 1st observed on or around Monday, 1/22/24. Neither do not appear to have moved. NOV generated. A possible engine lift on drive. Photo's captured.",,Closed - Resolved In Violation,"Description: Routine Patrol: Large white van, older model 4d sedan and range rover on swale. Van and full-size 4d vehicle 1st observed on or around Monday, 1/22/24. Neither do not appear to have moved. NOV generated. A possible engine lift on drive. Photo's captured.",100,c:\Users\edilm\OneDrive\Desktop\Edilma Projects\LandingAI-Hack\coderisk-sf\results_folder\bocaraton\raw_json\boca_JustFOIA_Request_2024-9180-30p.json
case_header,CODE-2024-00205,Municipal Code Enforcement,Closed - Resolved,,R1E,"300 Kingsbridge St, Bo Raton, FL 33487",ca 064347050200300 10,Therese Smyack,01/25/2024,01/30/2024,,,,,,,Closed - Resolved,,100,c:\Users\edilm\OneDrive\Desktop\Edilma Projects\LandingAI-Hack\coderisk-sf\results_folder\bocaraton\raw_json\boca_JustFOIA_Request_2024-9180-30p.json
narrative,CODE-2024-00205,,,,,"300 Kingsbridge St, Bo Raton, FL 33487",ca 064347050200300 10,Therese Smyack,01/25/2024,01/30/2024,,,,,,veg excessive and trailered boat partially on row and street. nov.,Closed - Resolved,,100,c:\Users\edilm\OneDrive\Desktop\Edilma Projects\LandingAI-Hack\coderisk-sf\results_folder\bocaraton\raw_json\boca_JustFOIA_Request_2024-9180-30p.json
case_header,CODE-2024-00206,Municipal Code Enforcement SEC. 19-80 (7),Closed - Resolved Resolved,01/25/2024,R1C 02/12/2024,"810 NE 70Th St, Boca Raton, FL 33487 06/11/2024",064346320400501 20 $0.00,Therese Smyack,01/25/2024,06/11/2024,,,,,,,Closed - Resolved Resolved,,100,c:\Users\edilm\OneDrive\Desktop\Edilma Projects\LandingAI-Hack\coderisk-sf\results_folder\bocaraton\raw_json\boca_JustFOIA_Request_2024-9180-30p.json
violation_item,CODE-2024-00206,,,,,"810 NE 70Th St, Boca Raton, FL 33487 06/11/2024",064346320400501 20 $0.00,Therese Smyack,01/25/2024,06/11/2024,,,,Description:,Inspected 1/23. no pool. expired permit.,,Closed - Resolved Resolved,Description: Inspected 1/23. no pool. expired permit.,100,c:\Users\edilm\OneDrive\Desktop\Edilma Projects\LandingAI-Hack\coderisk-sf\results_folder\bocaraton\raw_json\boca_JustFOIA_Request_2024-9180-30p.json
case_header,CODE-2024-00207,Municipal Code,Closed -,,B-1,"717 E Palmetto Park Rd, 064347200900300","717 E Palmetto Park Rd, 064347200900300",Christopher,01/25/2024,02/23/2024,,,,,,,Closed -,,100,c:\Users\edilm\OneDrive\Desktop\Edilma Projects\LandingAI-Hack\coderisk-sf\results_folder\bocaraton\raw_json\boca_JustFOIA_Request_2024-9180-30p.json
violation_item,CODE-2024-00207,,,,,"717 E Palmetto Park Rd, 064347200900300","717 E Palmetto Park Rd, 064347200900300",Christopher,01/25/2024,02/23/2024,,,,Description:,"Routine Patrol, Possible installation of wall sign without permit (Arthe Beauty Clinic, 717 E Palmetto Park Rd)",,Closed -,"Description: Routine Patrol, Possible installation of wall sign without permit (Arthe Beauty Clinic, 717 E Palmetto Park Rd)",100,c:\Users\edilm\OneDrive\Desktop\Edilma Projects\LandingAI-Hack\coderisk-sf\results_folder\bocaraton\raw_json\boca_JustFOIA_Request_2024-9180-30p.json
case_header,CODE-2024-00208,Municipal Code Enforcement,Closed - Resolved,,DDRI,"100 Plaza Real, G, Boca Raton, FL 33432",064347291400100 21,Christopher Sutherland,01/25/2024,04/13/2024,,,,,,,Closed - Resolved,,100,c:\Users\edilm\OneDrive\Desktop\Edilma Projects\LandingAI-Hack\coderisk-sf\results_folder\bocaraton\raw_json\boca_JustFOIA_Request_2024-9180-30p.json
violation_item,CODE-2024-00208,,,,,"100 Plaza Real, G, Boca Raton, FL 33432",064347291400100 21,Christopher Sutherland,01/25/2024,04/13/2024,,,,Description:,"Routine Patrol, Business is displaying a banner but I am unable to find a sign permit (100 Plaza Real South Unit G)",,Closed - Resolved,"Description: Routine Patrol, Business is displaying a banner but I am unable to find a sign permit (100 Plaza Real South Unit G)",100,c:\Users\edilm\OneDrive\Desktop\Edilma Projects\LandingAI-Hack\coderisk-sf\results_folder\bocaraton\raw_json\boca_JustFOIA_Request_2024-9180-30p.json
case_header,CODE-2024-00209,Municipal Code Enforcement,Closed - Resolved,,R1D,"942 SW 9Th Ter, Boca Raton, FL 33486",064247250202200 50,Colleen O'Connell-Rodriguez,01/26/2024,01/31/2024,,,,,,,Closed - Resolved,,100,c:\Users\edilm\OneDrive\Desktop\Edilma Projects\LandingAI-Hack\coderisk-sf\results_folder\bocaraton\raw_json\boca_JustFOIA_Request_2024-9180-30p.json
narrative,CODE-2024-00209,,,,,"942 SW 9Th Ter, Boca Raton, FL 33486",064247250202200 50,Colleen O'Connell-Rodriguez,01/26/2024,01/31/2024,,,,,,"Rat infested property and the house is uninhabited. Also, complainant is concerned about the structural integrity of the building.",Closed - Resolved,,100,c:\Users\edilm\OneDrive\Desktop\Edilma Projects\LandingAI-Hack\coderisk-sf\results_folder\bocaraton\raw_json\boca_JustFOIA_Request_2024-9180-30p.json
case_header,CODE-2024-00210,"Municipal Code Closed - DDRI 11 Plaza Real, Boca Raton, 064347296500200 Enforcement Resolved FL 33432 00 Description: Per online submitter: ""Alarm sounding for over 24 hours at the back of The Mark Apartment building by parking entrance. SE Royal Palm & SE 1st Ave."" Submitter: Monique Rambo 99 SE Mizner moniquerambo@gmail.com (215)268-2608 SeeClickFix Concern #15944251 created: 01/26/2024 6:59 AM","Municipal Code Closed - DDRI 11 Plaza Real, Boca Raton, 064347296500200 Enforcement Resolved FL 33432 00 Description: Per online submitter: ""Alarm sounding for over 24 hours at the back of The Mark Apartment building by parking entrance. SE Royal Palm & SE 1st Ave."" Submitter: Monique Rambo 99 SE Mizner moniquerambo@gmail.com (215)268-2608 SeeClickFix Concern #15944251 created: 01/26/2024 6:59 AM","Municipal Code Closed - DDRI 11 Plaza Real, Boca Raton, 064347296500200 Enforcement Resolved FL 33432 00 Description: Per online submitter: ""Alarm sounding for over 24 hours at the back of The Mark Apartment building by parking entrance. SE Royal Palm & SE 1st Ave."" Submitter: Monique Rambo 99 SE Mizner moniquerambo@gmail.com (215)268-2608 SeeClickFix Concern #15944251 created: 01/26/2024 6:59 AM","Municipal Code Closed - DDRI 11 Plaza Real, Boca Raton, 064347296500200 Enforcement Resolved FL 33432 00 Description: Per online submitter: ""Alarm sounding for over 24 hours at the back of The Mark Apartment building by parking entrance. SE Royal Palm & SE 1st Ave."" Submitter: Monique Rambo 99 SE Mizner moniquerambo@gmail.com (215)268-2608 SeeClickFix Concern #15944251 created: 01/26/2024 6:59 AM","Municipal Code Closed - DDRI 11 Plaza Real, Boca Raton, 064347296500200 Enforcement Resolved FL 33432 00 Description: Per online submitter: ""Alarm sounding for over 24 hours at the back of The Mark Apartment building by parking entrance. SE Royal Palm & SE 1st Ave."" Submitter: Monique Rambo 99 SE Mizner moniquerambo@gmail.com (215)268-2608 SeeClickFix Concern #15944251 created: 01/26/2024 6:59 AM","Municipal Code Closed - DDRI 11 Plaza Real, Boca Raton, 064347296500200 Enforcement Resolved FL 33432 00 Description: Per online submitter: ""Alarm sounding for over 24 hours at the back of The Mark Apartment building by parking entrance. SE Royal Palm & SE 1st Ave."" Submitter: Monique Rambo 99 SE Mizner moniquerambo@gmail.com (215)268-2608 SeeClickFix Concern #15944251 created: 01/26/2024 6:59 AM",Keith Benoit,01/26/2024,02/23/2024,,,,,,,"Municipal Code Closed - DDRI 11 Plaza Real, Boca Raton, 064347296500200 Enforcement Resolved FL 33432 00 Description: Per online submitter: ""Alarm sounding for over 24 hours at the back of The Mark Apartment building by parking entrance. SE Royal Palm & SE 1st Ave."" Submitter: Monique Rambo 99 SE Mizner moniquerambo@gmail.com (215)268-2608 SeeClickFix Concern #15944251 created: 01/26/2024 6:59 AM",,100,c:\Users\edilm\OneDrive\Desktop\Edilma Projects\LandingAI-Hack\coderisk-sf\results_folder\bocaraton\raw_json\boca_JustFOIA_Request_2024-9180-30p.json
case_header,CODE-2024-00211,Municipal Code Enforcement SEC. 28-1507(2),Closed - Resolved In Violation,02/02/2024,R1D 02/09/2024,"165 NW 9Th St, Boca Raton, FL 33432",064347190800801 40 $0.00,Derek Corcoran,01/26/2024,03/28/2024,,,,,,,Closed - Resolved In Violation,,100,c:\Users\edilm\OneDrive\Desktop\Edilma Projects\LandingAI-Hack\coderisk-sf\results_folder\bocaraton\raw_json\boca_JustFOIA_Request_2024-9180-30p.json
violation_item,CODE-2024-00211,,,,,"165 NW 9Th St, Boca Raton, FL 33432",064347190800801 40 $0.00,Derek Corcoran,01/26/2024,03/28/2024,,,,Description:,"Per online submitter: ""Boat has been park for 2 weeks."" Submitter: Todd Albanese 113 NW 9 St Boca Raton FI 33432 SeeClickFix #15941802 Created: 01/25/2024 4:13 PM",,Closed - Resolved In Violation,"Description: Per online submitter: ""Boat has been park for 2 weeks."" Submitter: Todd Albanese 113 NW 9 St Boca Raton FI 33432 SeeClickFix #15941802 Created: 01/25/2024 4:13 PM",100,c:\Users\edilm\OneDrive\Desktop\Edilma Projects\LandingAI-Hack\coderisk-sf\results_folder\bocaraton\raw_json\boca_JustFOIA_Request_2024-9180-30p.json
violation_item,,,,,,,,,,,,,,Description:,"Per online submitter: ""Commercial Vehicle parked on the side of the house. Picture was taken prior to Christmas. Vehicle remains at location as or today."" Submitter: Thomas Hartnagel 950 SW 19th Street SeeClickFix #15942202 created: 01/25/2024 4:58 PM",,,"Description: Per online submitter: ""Commercial Vehicle parked on the side of the house. Picture was taken prior to Christmas. Vehicle remains at location as or today."" Submitter: Thomas Hartnagel 950 SW 19th Street SeeClickFix #15942202 created: 01/25/2024 4:58 PM",105,c:\Users\edilm\OneDrive\Desktop\Edilma Projects\LandingAI-Hack\coderisk-sf\results_folder\bocaraton\raw_json\boca_JustFOIA_Request_2024-9180-30p.json
case_header,CODE-2024-00213,Municipal Code Enforcement,Closed - Resolved,,R1D,"2166 Bethel Blvd, Boca Raton, FL 33486",064247230201000 61,Juan Hernandez,01/26/2024,03/01/2024,R1D,"2166 Bethel Blvd, Boca Raton, FL 33486",064247230201000 61,,,,Closed - Resolved,,105,c:\Users\edilm\OneDrive\Desktop\Edilma Projects\LandingAI-Hack\coderisk-sf\results_folder\bocaraton\raw_json\boca_JustFOIA_Request_2024-9180-30p.json
violation_item,CODE-2024-00213,,,,,"2166 Bethel Blvd, Boca Raton, FL 33486",064247230201000 61,Juan Hernandez,01/26/2024,03/01/2024,R1D,"2166 Bethel Blvd, Boca Raton, FL 33486",064247230201000 61,SEC. 28,-1507(2),,Closed - Resolved,In Violation,105,c:\Users\edilm\OneDrive\Desktop\Edilma Projects\LandingAI-Hack\coderisk-sf\results_folder\bocaraton\raw_json\boca_JustFOIA_Request_2024-9180-30p.json
narrative,CODE-2024-00213,,,,,"2166 Bethel Blvd, Boca Raton, FL 33486",064247230201000 61,Juan Hernandez,01/26/2024,03/01/2024,R1D,"2166 Bethel Blvd, Boca Raton, FL 33486",064247230201000 61,,,"During routine patrol, I noticed a commercial vehicle",Closed - Resolved,,105,c:\Users\edilm\OneDrive\Desktop\Edilma Projects\LandingAI-Hack\coderisk-sf\results_folder\bocaraton\raw_json\boca_JustFOIA_Request_2024-9180-30p.json
case_header,CODE-2024-00214,Municipal Code,Closed -,,B4,"1655 N Federal Hwy, Boca 06434717000050","1655 N Federal Hwy, Boca 06434717000050",Austin Mann,01/26/2024,08/13/2024,B4,"1655 N Federal Hwy, Boca 06434717000050","1655 N Federal Hwy, Boca 06434717000050",,,,Closed -,,105,c:\Users\edilm\OneDrive\Desktop\Edilma Projects\LandingAI-Hack\coderisk-sf\results_folder\bocaraton\raw_json\boca_JustFOIA_Request_2024-9180-30p.json
violation_item,CODE-2024-00214,,,,,"1655 N Federal Hwy, Boca 06434717000050","1655 N Federal Hwy, Boca 06434717000050",Austin Mann,01/26/2024,08/13/2024,B4,"1655 N Federal Hwy, Boca 06434717000050","1655 N Federal Hwy, Boca 06434717000050",SEC. 19,-62,,Closed -,In Violation,105,c:\Users\edilm\OneDrive\Desktop\Edilma Projects\LandingAI-Hack\coderisk-sf\results_folder\bocaraton\raw_json\boca_JustFOIA_Request_2024-9180-30p.json
narrative,CODE-2024-00214,,,,,"1655 N Federal Hwy, Boca 06434717000050","1655 N Federal Hwy, Boca 06434717000050",Austin Mann,01/26/2024,08/13/2024,B4,"1655 N Federal Hwy, Boca 06434717000050","1655 N Federal Hwy, Boca 06434717000050",,,Routine Patrol: Observed drilling/concrete work being done in front of the property near the gas pumps.,Closed -,,105,c:\Users\edilm\OneDrive\Desktop\Edilma Projects\LandingAI-Hack\coderisk-sf\results_folder\bocaraton\raw_json\boca_JustFOIA_Request_2024-9180-30p.json
case_header,CODE-2024-00215,Municipal Code,Closed -,,LIRP,"1499 W Yamato Rd, Boca 064247011700000","1499 W Yamato Rd, Boca 064247011700000",William Buckley,01/26/2024,02/08/2024,LIRP,"1499 W Yamato Rd, Boca 064247011700000","1499 W Yamato Rd, Boca 064247011700000",,,,Closed -,,105,c:\Users\edilm\OneDrive\Desktop\Edilma Projects\LandingAI-Hack\coderisk-sf\results_folder\bocaraton\raw_json\boca_JustFOIA_Request_2024-9180-30p.json
narrative,CODE-2024-00215,,,,,"1499 W Yamato Rd, Boca 064247011700000","1499 W Yamato Rd, Boca 064247011700000",William Buckley,01/26/2024,02/08/2024,LIRP,"1499 W Yamato Rd, Boca 064247011700000","1499 W Yamato Rd, Boca 064247011700000",,,Unscreened roll-off dumpster functioning as trash receptacle.,Closed -,,105,c:\Users\edilm\OneDrive\Desktop\Edilma Projects\LandingAI-Hack\coderisk-sf\results_folder\bocaraton\raw_json\boca_JustFOIA_Request_2024-9180-30p.json
case_header,CODE-2024-00217,Municipal Code,Closed -,,DDRI,"99 SE Mizner Blvd, 116",064347295600000,Christopher,01/26/2024,02/09/2024,DDRI,"99 SE Mizner Blvd, 116",064347295600000,,,,Closed -,,105,c:\Users\edilm\OneDrive\Desktop\Edilma Projects\LandingAI-Hack\coderisk-sf\results_folder\bocaraton\raw_json\boca_JustFOIA_Request_2024-9180-30p.json
narrative,CODE-2024-00217,,,,,"99 SE Mizner Blvd, 116",064347295600000,Christopher,01/26/2024,02/09/2024,DDRI,"99 SE Mizner Blvd, 116",064347295600000,,,Referring to complaint of noise from musical instruments being played outside the establishment.,Closed -,,105,c:\Users\edilm\OneDrive\Desktop\Edilma Projects\LandingAI-Hack\coderisk-sf\results_folder\bocaraton\raw_json\boca_JustFOIA_Request_2024-9180-30p.json
case_header,CODE-2024-00218,Municipal Code,Closed -,,DDRI,"201 SE 1St Ave, Boca",064347290600900,Christopher,01/26/2024,02/09/2024,DDRI,"201 SE 1St Ave, Boca",064347290600900,,,,Closed -,,105,c:\Users\edilm\OneDrive\Desktop\Edilma Projects\LandingAI-Hack\coderisk-sf\results_folder\bocaraton\raw_json\boca_JustFOIA_Request_2024-9180-30p.json
narrative,CODE-2024-00218,,,,,"201 SE 1St Ave, Boca",064347290600900,Christopher,01/26/2024,02/09/2024,DDRI,"201 SE 1St Ave, Boca",064347290600900,,,Routine Patrol: Possible banner being displayed without permit.,Closed -,,105,c:\Users\edilm\OneDrive\Desktop\Edilma Projects\LandingAI-Hack\coderisk-sf\results_folder\bocaraton\raw_json\boca_JustFOIA_Request_2024-9180-30p.json
case_header,CODE-2024-00220,Municipal Code,Closed-,,R1D,"98 NE Spanish Trl, Boca 064347200900300","98 NE Spanish Trl, Boca 064347200900300",Scott Newman,01/27/2024,02/11/2024,R1D,"98 NE Spanish Trl, Boca 064347200900300","98 NE Spanish Trl, Boca 064347200900300",,,,Closed-,,105,c:\Users\edilm\OneDrive\Desktop\Edilma Projects\LandingAI-Hack\coderisk-sf\results_folder\bocaraton\raw_json\boca_JustFOIA_Request_2024-9180-30p.json
narrative,CODE-2024-00220,,,,,"98 NE Spanish Trl, Boca 064347200900300","98 NE Spanish Trl, Boca 064347200900300",Scott Newman,01/27/2024,02/11/2024,R1D,"98 NE Spanish Trl, Boca 064347200900300","98 NE Spanish Trl, Boca 064347200900300",,,Cars blocking road,Closed-,,105,c:\Users\edilm\OneDrive\Desktop\Edilma Projects\LandingAI-Hack\coderisk-sf\results_folder\bocaraton\raw_json\boca_JustFOIA_Request_2024-9180-30p.json
case_header,CODE-2024-00221,Municipal Code,Closed-,,R1D,"619 SW 3Rd St, Boca",064347300900501,Scott Newman,01/27/2024,02/06/2024,R1D,"619 SW 3Rd St, Boca",064347300900501,,,,Closed-,,105,c:\Users\edilm\OneDrive\Desktop\Edilma Projects\LandingAI-Hack\coderisk-sf\results_folder\bocaraton\raw_json\boca_JustFOIA_Request_2024-9180-30p.json
narrative,CODE-2024-00221,,,,,"619 SW 3Rd St, Boca",064347300900501,Scott Newman,01/27/2024,02/06/2024,R1D,"619 SW 3Rd St, Boca",064347300900501,,,Construction site maintained,Closed-,,105,c:\Users\edilm\OneDrive\Desktop\Edilma Projects\LandingAI-Hack\coderisk-sf\results_folder\bocaraton\raw_json\boca_JustFOIA_Request_2024-9180-30p.json
case_header,CODE-2024-00222,Municipal Code,Closed-,,R2,"2674 NE 5Th Ave, Boc",064347170400101,Scott Newman,01/27/2024,04/03/2024,R2,"2674 NE 5Th Ave, Boc",064347170400101,,,,Closed-,,105,c:\Users\edilm\OneDrive\Desktop\Edilma Projects\LandingAI-Hack\coderisk-sf\results_folder\bocaraton\raw_json\boca_JustFOIA_Request_2024-9180-30p.json
narrative,CODE-2024-00222,,,,,"2674 NE 5Th Ave, Boc",064347170400101,Scott Newman,01/27/2024,04/03/2024,R2,"2674 NE 5Th Ave, Boc",064347170400101,,,Loud music,Closed-,,105,c:\Users\edilm\OneDrive\Desktop\Edilma Projects\LandingAI-Hack\coderisk-sf\results_folder\bocaraton\raw_json\boca_JustFOIA_Request_2024-9180-30p.json
case_header,CODE-2024-00223,Municipal Code,Closed-,,R1D,"907 E Boca Raton Rd, Boca 064347200800800","907 E Boca Raton Rd, Boca 064347200800800",Christopher,01/27/2024,01/28/2024,R1D,"907 E Boca Raton Rd, Boca 064347200800800","907 E Boca Raton Rd, Boca 064347200800800",,,,Closed-,,105,c:\Users\edilm\OneDrive\Desktop\Edilma Projects\LandingAI-Hack\coderisk-sf\results_folder\bocaraton\raw_json\boca_JustFOIA_Request_2024-9180-30p.json
narrative,CODE-2024-00223,,,,,"907 E Boca Raton Rd, Boca 064347200800800","907 E Boca Raton Rd, Boca 064347200800800",Christopher,01/27/2024,01/28/2024,R1D,"907 E Boca Raton Rd, Boca 064347200800800","907 E Boca Raton Rd, Boca 064347200800800",,,Police referred complain. Party and traffic issues,Closed-,,105,c:\Users\edilm\OneDrive\Desktop\Edilma Projects\LandingAI-Hack\coderisk-sf\results_folder\bocaraton\raw_json\boca_JustFOIA_Request_2024-9180-30p.json
case_header,CODE-2024-00224,Municipal Code,Closed -,,PL,"400 N Ocean Blvd, Bod",a 064347210000200,Scott Newman,01/27/2024,01/28/2024,PL,"400 N Ocean Blvd, Bod",a 064347210000200,,,,Closed -,,105,c:\Users\edilm\OneDrive\Desktop\Edilma Projects\LandingAI-Hack\coderisk-sf\results_folder\bocaraton\raw_json\boca_JustFOIA_Request_2024-9180-30p.json
narrative,CODE-2024-00224,,,,,"400 N Ocean Blvd, Bod",a 064347210000200,Scott Newman,01/27/2024,01/28/2024,PL,"400 N Ocean Blvd, Bod",a 064347210000200,,,Administrative complaint: a group of beachgoers have a beach bonfire at South Beach Park.,Closed -,,105,c:\Users\edilm\OneDrive\Desktop\Edilma Projects\LandingAI-Hack\coderisk-sf\results_folder\bocaraton\raw_json\boca_JustFOIA_Request_2024-9180-30p.json
case_header,CODE-2024-00225,Municipal Code,Closed -,,DDRI,"400 N Federal Hwy, Bo",ca 064347204000100,Deiner Lobo,01/28/2024,02/08/2024,DDRI,"400 N Federal Hwy, Bo",ca 064347204000100,,,,Closed -,,105,c:\Users\edilm\OneDrive\Desktop\Edilma Projects\LandingAI-Hack\coderisk-sf\results_folder\bocaraton\raw_json\boca_JustFOIA_Request_2024-9180-30p.json
narrative,CODE-2024-00225,,,,,"400 N Federal Hwy, Bo",ca 064347204000100,Deiner Lobo,01/28/2024,02/08/2024,DDRI,"400 N Federal Hwy, Bo",ca 064347204000100,,,Police Referred Complaint: Two young kids selling chocolate candies at Mizner Park.,Closed -,,105,c:\Users\edilm\OneDrive\Desktop\Edilma Projects\LandingAI-Hack\coderisk-sf\results_folder\bocaraton\raw_json\boca_JustFOIA_Request_2024-9180-30p.json
narrative,,,,,,,,,,,,,,,,Resident called in to state that homeowners are leaving waste in the row.,,,110,c:\Users\edilm\OneDrive\Desktop\Edilma Projects\LandingAI-Hack\coderisk-sf\results_folder\bocaraton\raw_json\boca_JustFOIA_Request_2024-9180-30p.json
case_header,CODE-2024-00229,Municipal Code,Closed -,,DDRI,"101 E Palmetto Park Rd,","101 E Palmetto Park Rd,",Keith Benoit,01/29/2024,02/02/2024,DDRI,"101 E Palmetto Park Rd,","101 E Palmetto Park Rd,",,,,Closed -,,110,c:\Users\edilm\OneDrive\Desktop\Edilma Projects\LandingAI-Hack\coderisk-sf\results_folder\bocaraton\raw_json\boca_JustFOIA_Request_2024-9180-30p.json
violation_item,CODE-2024-00229,,,,,"101 E Palmetto Park Rd,","101 E Palmetto Park Rd,",Keith Benoit,01/29/2024,02/02/2024,DDRI,"101 E Palmetto Park Rd,","101 E Palmetto Park Rd,",Description:,Per caller Stacy Candia at 105 E Palmetto Park Rd. the parking lot entrances on NE 1st Ave and E Boca Raton Rd are blocked with pallets and there are nails sticking out. Please inspect and update caller.,,Closed -,Description: Per caller Stacy Candia at 105 E Palmetto Park Rd. the parking lot entrances on NE 1st Ave and E Boca Raton Rd are blocked with pallets and there are nails sticking out. Please inspect and update caller.,110,c:\Users\edilm\OneDrive\Desktop\Edilma Projects\LandingAI-Hack\coderisk-sf\results_folder\bocaraton\raw_json\boca_JustFOIA_Request_2024-9180-30p.json
case_header,CODE-2024-00230,Municipal Code Enforcement,Closed - Resolved,,R1D,"4761 NW 27Th Ave, Boca Raton, FL 33434","4761 NW 27Th Ave, Boca Raton, FL 33434",Juan Hernandez,01/29/2024,02/02/2024,R1D,"4761 NW 27Th Ave, Boca Raton, FL 33434","4761 NW 27Th Ave, Boca Raton, FL 33434",,,,Closed - Resolved,,110,c:\Users\edilm\OneDrive\Desktop\Edilma Projects\LandingAI-Hack\coderisk-sf\results_folder\bocaraton\raw_json\boca_JustFOIA_Request_2024-9180-30p.json
violation_item,CODE-2024-00230,,,,,"4761 NW 27Th Ave, Boca Raton, FL 33434","4761 NW 27Th Ave, Boca Raton, FL 33434",Juan Hernandez,01/29/2024,02/02/2024,R1D,"4761 NW 27Th Ave, Boca Raton, FL 33434","4761 NW 27Th Ave, Boca Raton, FL 33434",SEC. 16,-32(C),,Closed - Resolved,In Violation,110,c:\Users\edilm\OneDrive\Desktop\Edilma Projects\LandingAI-Hack\coderisk-sf\results_folder\bocaraton\raw_json\boca_JustFOIA_Request_2024-9180-30p.json
narrative,CODE-2024-00230,,,,,"4761 NW 27Th Ave, Boca Raton, FL 33434","4761 NW 27Th Ave, Boca Raton, FL 33434",Juan Hernandez,01/29/2024,02/02/2024,R1D,"4761 NW 27Th Ave, Boca Raton, FL 33434","4761 NW 27Th Ave, Boca Raton, FL 33434",,,Michele Tallet from Haag Management complains of a car parked on the street.,Closed - Resolved,,110,c:\Users\edilm\OneDrive\Desktop\Edilma Projects\LandingAI-Hack\coderisk-sf\results_folder\bocaraton\raw_json\boca_JustFOIA_Request_2024-9180-30p.json
case_header,CODE-2024-00231,Municipal Code,Closed -,,R3 (PUD),"482 SW 9Th St, Boca","482 SW 9Th St, Boca",Colleen,01/29/2024,02/02/2024,R3 (PUD),"482 SW 9Th St, Boca","482 SW 9Th St, Boca",,,,Closed -,,110,c:\Users\edilm\OneDrive\Desktop\Edilma Projects\LandingAI-Hack\coderisk-sf\results_folder\bocaraton\raw_json\boca_JustFOIA_Request_2024-9180-30p.json
narrative,CODE-2024-00231,,,,,"482 SW 9Th St, Boca","482 SW 9Th St, Boca",Colleen,01/29/2024,02/02/2024,R3 (PUD),"482 SW 9Th St, Boca","482 SW 9Th St, Boca",,,Per caller furniture and other items dumped here for days at the end of the street and sanitation is not picking it up.,Closed -,,110,c:\Users\edilm\OneDrive\Desktop\Edilma Projects\LandingAI-Hack\coderisk-sf\results_folder\bocaraton\raw_json\boca_JustFOIA_Request_2024-9180-30p.json
violation_item,CODE-2024-00231,,,,,"482 SW 9Th St, Boca","482 SW 9Th St, Boca",Colleen,01/29/2024,02/02/2024,R3 (PUD),"482 SW 9Th St, Boca","482 SW 9Th St, Boca",Please,update caller Marcia Giordano at (561)414-7274 MarciaGio@Aol.com 422 SW 9th St.,,Closed -,Please update caller Marcia Giordano at (561)414-7274 MarciaGio@Aol.com 422 SW 9th St.,110,c:\Users\edilm\OneDrive\Desktop\Edilma Projects\LandingAI-Hack\coderisk-sf\results_folder\bocaraton\raw_json\boca_JustFOIA_Request_2024-9180-30p.json
case_header,CODE-2024-00232,Municipal Code,Closed -,,R1D,"1342 NW 7Th St, Boca","1342 NW 7Th St, Boca",Scott Newman,01/29/2024,04/03/2024,R1D,"1342 NW 7Th St, Boca","1342 NW 7Th St, Boca",,,,Closed -,,110,c:\Users\edilm\OneDrive\Desktop\Edilma Projects\LandingAI-Hack\coderisk-sf\results_folder\bocaraton\raw_json\boca_JustFOIA_Request_2024-9180-30p.json
violation_item,CODE-2024-00232,,,,,"1342 NW 7Th St, Boca","1342 NW 7Th St, Boca",Scott Newman,01/29/2024,04/03/2024,R1D,"1342 NW 7Th St, Boca","1342 NW 7Th St, Boca",SEC. 28,-1507(2),,Closed -,In Violation,110,c:\Users\edilm\OneDrive\Desktop\Edilma Projects\LandingAI-Hack\coderisk-sf\results_folder\bocaraton\raw_json\boca_JustFOIA_Request_2024-9180-30p.json
case_header,gray rectangle,"Description: Per online submitter: ""commercial vehicle stored in front of house overnight. Cars parked in front yard often."" Submitter: mike Johnston 1600 nw 5th street SeeClickfix Concern #15952489 created: 01/27/2024 1:22 PM","Description: Per online submitter: ""commercial vehicle stored in front of house overnight. Cars parked in front yard often."" Submitter: mike Johnston 1600 nw 5th street SeeClickfix Concern #15952489 created: 01/27/2024 1:22 PM","Description: Per online submitter: ""commercial vehicle stored in front of house overnight. Cars parked in front yard often."" Submitter: mike Johnston 1600 nw 5th street SeeClickfix Concern #15952489 created: 01/27/2024 1:22 PM","Description: Per online submitter: ""commercial vehicle stored in front of house overnight. Cars parked in front yard often."" Submitter: mike Johnston 1600 nw 5th street SeeClickfix Concern #15952489 created: 01/27/2024 1:22 PM","Description: Per online submitter: ""commercial vehicle stored in front of house overnight. Cars parked in front yard often."" Submitter: mike Johnston 1600 nw 5th street SeeClickfix Concern #15952489 created: 01/27/2024 1:22 PM","Description: Per online submitter: ""commercial vehicle stored in front of house overnight. Cars parked in front yard often."" Submitter: mike Johnston 1600 nw 5th street SeeClickfix Concern #15952489 created: 01/27/2024 1:22 PM","Description: Per online submitter: ""commercial vehicle stored in front of house overnight. Cars parked in front yard often."" Submitter: mike Johnston 1600 nw 5th street SeeClickfix Concern #15952489 created: 01/27/2024 1:22 PM",,,"Description: Per online submitter: ""commercial vehicle stored in front of house overnight. Cars parked in front yard often."" Submitter: mike Johnston 1600 nw 5th street SeeClickfix Concern #15952489 created: 01/27/2024 1:22 PM","Description: Per online submitter: ""commercial vehicle stored in front of house overnight. Cars parked in front yard often."" Submitter: mike Johnston 1600 nw 5th street SeeClickfix Concern #15952489 created: 01/27/2024 1:22 PM","Description: Per online submitter: ""commercial vehicle stored in front of house overnight. Cars parked in front yard often."" Submitter: mike Johnston 1600 nw 5th street SeeClickfix Concern #15952489 created: 01/27/2024 1:22 PM",,,,"Description: Per online submitter: ""commercial vehicle stored in front of house overnight. Cars parked in front yard often."" Submitter: mike Johnston 1600 nw 5th street SeeClickfix Concern #15952489 created: 01/27/2024 1:22 PM",,110,c:\Users\edilm\OneDrive\Desktop\Edilma Projects\LandingAI-Hack\coderisk-sf\results_folder\bocaraton\raw_json\boca_JustFOIA_Request_2024-9180-30p.json
case_header,gray rectangle,"Description: Per online submitter: ""commercial vehicle stored in front of house overnight. Cars parked in front yard often."" Submitter: mike Johnston 1600 nw 5th street SeeClickfix Concern #15952489 created: 01/27/2024 1:22 PM","Description: Per online submitter: ""commercial vehicle stored in front of house overnight. Cars parked in front yard often."" Submitter: mike Johnston 1600 nw 5th street SeeClickfix Concern #15952489 created: 01/27/2024 1:22 PM","Description: Per online submitter: ""commercial vehicle stored in front of house overnight. Cars parked in front yard often."" Submitter: mike Johnston 1600 nw 5th street SeeClickfix Concern #15952489 created: 01/27/2024 1:22 PM","Description: Per online submitter: ""commercial vehicle stored in front of house overnight. Cars parked in front yard often."" Submitter: mike Johnston 1600 nw 5th street SeeClickfix Concern #15952489 created: 01/27/2024 1:22 PM","Description: Per online submitter: ""commercial vehicle stored in front of house overnight. Cars parked in front yard often."" Submitter: mike Johnston 1600 nw 5th street SeeClickfix Concern #15952489 created: 01/27/2024 1:22 PM","Description: Per online submitter: ""commercial vehicle stored in front of house overnight. Cars parked in front yard often."" Submitter: mike Johnston 1600 nw 5th street SeeClickfix Concern #15952489 created: 01/27/2024 1:22 PM","Description: Per online submitter: ""commercial vehicle stored in front of house overnight. Cars parked in front yard often."" Submitter: mike Johnston 1600 nw 5th street SeeClickfix Concern #15952489 created: 01/27/2024 1:22 PM",,,"Description: Per online submitter: ""commercial vehicle stored in front of house overnight. Cars parked in front yard often."" Submitter: mike Johnston 1600 nw 5th street SeeClickfix Concern #15952489 created: 01/27/2024 1:22 PM","Description: Per online submitter: ""commercial vehicle stored in front of house overnight. Cars parked in front yard often."" Submitter: mike Johnston 1600 nw 5th street SeeClickfix Concern #15952489 created: 01/27/2024 1:22 PM","Description: Per online submitter: ""commercial vehicle stored in front of house overnight. Cars parked in front yard often."" Submitter: mike Johnston 1600 nw 5th street SeeClickfix Concern #15952489 created: 01/27/2024 1:22 PM",,,,"Description: Per online submitter: ""commercial vehicle stored in front of house overnight. Cars parked in front yard often."" Submitter: mike Johnston 1600 nw 5th street SeeClickfix Concern #15952489 created: 01/27/2024 1:22 PM",,110,c:\Users\edilm\OneDrive\Desktop\Edilma Projects\LandingAI-Hack\coderisk-sf\results_folder\bocaraton\raw_json\boca_JustFOIA_Request_2024-9180-30p.json
case_header,CODE-2024-00233,Municipal Code,Closed -,,RB1,"7720 N Federal Hwy, Boca","7720 N Federal Hwy, Boca",Therese Smyack,01/29/2024,04/22/2024,RB1,"7720 N Federal Hwy, Boca","7720 N Federal Hwy, Boca",,,,Closed -,,110,c:\Users\edilm\OneDrive\Desktop\Edilma Projects\LandingAI-Hack\coderisk-sf\results_folder\bocaraton\raw_json\boca_JustFOIA_Request_2024-9180-30p.json
violation_item,CODE-2024-00233,,,,,"7720 N Federal Hwy, Boca","7720 N Federal Hwy, Boca",Therese Smyack,01/29/2024,04/22/2024,RB1,"7720 N Federal Hwy, Boca","7720 N Federal Hwy, Boca",SEC. 2,-130 - 302. 2. In Violation,,Closed -,SEC. 2-130 - 302. 2. In Violation,110,c:\Users\edilm\OneDrive\Desktop\Edilma Projects\LandingAI-Hack\coderisk-sf\results_folder\bocaraton\raw_json\boca_JustFOIA_Request_2024-9180-30p.json
violation_item,CODE-2024-00233,,,,,"7720 N Federal Hwy, Boca","7720 N Federal Hwy, Boca",Therese Smyack,01/29/2024,04/22/2024,RB1,"7720 N Federal Hwy, Boca","7720 N Federal Hwy, Boca",3,- DUMPSTER,,Closed -,,110,c:\Users\edilm\OneDrive\Desktop\Edilma Projects\LandingAI-Hack\coderisk-sf\results_folder\bocaraton\raw_json\boca_JustFOIA_Request_2024-9180-30p.json
violation_item,CODE-2024-00233,,,,,"7720 N Federal Hwy, Boca","7720 N Federal Hwy, Boca",Therese Smyack,01/29/2024,04/22/2024,RB1,"7720 N Federal Hwy, Boca","7720 N Federal Hwy, Boca",,ENCLOSURES,,Closed -,,110,c:\Users\edilm\OneDrive\Desktop\Edilma Projects\LandingAI-Hack\coderisk-sf\results_folder\bocaraton\raw_json\boca_JustFOIA_Request_2024-9180-30p.json
narrative,CODE-2024-00233,,,,,"7720 N Federal Hwy, Boca","7720 N Federal Hwy, Boca",Therese Smyack,01/29/2024,04/22/2024,RB1,"7720 N Federal Hwy, Boca","7720 N Federal Hwy, Boca",,,Routine patrol: Dumpster stored adjacent east side of building and clearly visible from street view.,Closed -,,110,c:\Users\edilm\OneDrive\Desktop\Edilma Projects\LandingAI-Hack\coderisk-sf\results_folder\bocaraton\raw_json\boca_JustFOIA_Request_2024-9180-30p.json
case_header,CODE-2024-00237,Municipal Code,Closed -,,R1D,"1229 NW 4Th St, Boca","1229 NW 4Th St, Boca",Scott Newman,01/29/2024,02/06/2024,R1D,"1229 NW 4Th St, Boca","1229 NW 4Th St, Boca",,,,Closed -,,110,c:\Users\edilm\OneDrive\Desktop\Edilma Projects\LandingAI-Hack\coderisk-sf\results_folder\bocaraton\raw_json\boca_JustFOIA_Request_2024-9180-30p.json
narrative,CODE-2024-00237,,,,,"1229 NW 4Th St, Boca","1229 NW 4Th St, Boca",Scott Newman,01/29/2024,02/06/2024,R1D,"1229 NW 4Th St, Boca","1229 NW 4Th St, Boca",,,"Per online submitter: ""Enclosed trailer stored in front driveway for months.""",Closed -,,110,c:\Users\edilm\OneDrive\Desktop\Edilma Projects\LandingAI-Hack\coderisk-sf\results_folder\bocaraton\raw_json\boca_JustFOIA_Request_2024-9180-30p.json
violation_item,CODE-2024-00237,,,,,"1229 NW 4Th St, Boca","1229 NW 4Th St, Boca",Scott Newman,01/29/2024,02/06/2024,R1D,"1229 NW 4Th St, Boca","1229 NW 4Th St, Boca",Submitter:,mike Johnston 1600 nw 5th st,,Closed -,Submitter: mike Johnston 1600 nw 5th st,110,c:\Users\edilm\OneDrive\Desktop\Edilma Projects\LandingAI-Hack\coderisk-sf\results_folder\bocaraton\raw_json\boca_JustFOIA_Request_2024-9180-30p.json
violation_item,CODE-2024-00237,,,,,"1229 NW 4Th St, Boca","1229 NW 4Th St, Boca",Scott Newman,01/29/2024,02/06/2024,R1D,"1229 NW 4Th St, Boca","1229 NW 4Th St, Boca",Seeclickfix,Concern #15952500 created: 01/27/2024 1:24 PM,,Closed -,Seeclickfix Concern #15952500 created: 01/27/2024 1:24 PM,110,c:\Users\edilm\OneDrive\Desktop\Edilma Projects\LandingAI-Hack\coderisk-sf\results_folder\bocaraton\raw_json\boca_JustFOIA_Request_2024-9180-30p.json
case_header,CODE-2024-00238,Municipal Code,Closed -,,R1D,"2300 NE 2Nd Ave, Boca","2300 NE 2Nd Ave, Boca",Austin Mann,01/29/2024,01/29/2024,R1D,"2300 NE 2Nd Ave, Boca","2300 NE 2Nd Ave, Boca",,,,Closed -,,110,c:\Users\edilm\OneDrive\Desktop\Edilma Projects\LandingAI-Hack\coderisk-sf\results_folder\bocaraton\raw_json\boca_JustFOIA_Request_2024-9180-30p.json
violation_item,CODE-2024-00238,,,,,"2300 NE 2Nd Ave, Boca","2300 NE 2Nd Ave, Boca",Austin Mann,01/29/2024,01/29/2024,R1D,"2300 NE 2Nd Ave, Boca","2300 NE 2Nd Ave, Boca",Description:,Perpetual construction and other trash lying in piles every week for approximately 6 days a week including weekends;,,Closed -,Description: Perpetual construction and other trash lying in piles every week for approximately 6 days a week including weekends;,110,c:\Users\edilm\OneDrive\Desktop\Edilma Projects\LandingAI-Hack\coderisk-sf\results_folder\bocaraton\raw_json\boca_JustFOIA_Request_2024-9180-30p.json
case_header,CODE-2024-00241,Municipal Code,Closed-,,R1D,"2398 NE 2Nd Ave, Boca","2398 NE 2Nd Ave, Boca",Austin Mann,01/29/2024,02/13/2024,R1D,"2398 NE 2Nd Ave, Boca","2398 NE 2Nd Ave, Boca",,,,Closed-,,110,c:\Users\edilm\OneDrive\Desktop\Edilma Projects\LandingAI-Hack\coderisk-sf\results_folder\bocaraton\raw_json\boca_JustFOIA_Request_2024-9180-30p.json
violation_item,CODE-2024-00241,,,,,"2398 NE 2Nd Ave, Boca","2398 NE 2Nd Ave, Boca",Austin Mann,01/29/2024,02/13/2024,R1D,"2398 NE 2Nd Ave, Boca","2398 NE 2Nd Ave, Boca",Description:,Perpetual trash/construction debris lying in street 6 days a week - this has been going on for at least 6 weeks,,Closed-,Description: Perpetual trash/construction debris lying in street 6 days a week - this has been going on for at least 6 weeks,110,c:\Users\edilm\OneDrive\Desktop\Edilma Projects\LandingAI-Hack\coderisk-sf\results_folder\bocaraton\raw_json\boca_JustFOIA_Request_2024-9180-30p.json
case_header,CODE-2024-00243,Municipal Code,Closed -,,R1A,"800 De Soto Rd, Boca","800 De Soto Rd, Boca",No User,01/29/2024,02/05/2024,R1A,"800 De Soto Rd, Boca","800 De Soto Rd, Boca",,,,Closed -,,110,c:\Users\edilm\OneDrive\Desktop\Edilma Projects\LandingAI-Hack\coderisk-sf\results_folder\bocaraton\raw_json\boca_JustFOIA_Request_2024-9180-30p.json
narrative,CODE-2024-00243,,,,,"800 De Soto Rd, Boca","800 De Soto Rd, Boca",No User,01/29/2024,02/05/2024,R1A,"800 De Soto Rd, Boca","800 De Soto Rd, Boca",,,"While on daily routine, i observed large boulder (landscape rocks) in the city swale.",Closed -,,110,c:\Users\edilm\OneDrive\Desktop\Edilma Projects\LandingAI-Hack\coderisk-sf\results_folder\bocaraton\raw_json\boca_JustFOIA_Request_2024-9180-30p.json
narrative,,,,,,,,,,,,,,,,"Per online submitter: ""Sidewalk Issue: In addition to the boards on sidewalk there is a large pile of debris on the Swail it's there for months.""",,,115,c:\Users\edilm\OneDrive\Desktop\Edilma Projects\LandingAI-Hack\coderisk-sf\results_folder\bocaraton\raw_json\boca_JustFOIA_Request_2024-9180-30p.json
violation_item,,,,,,,,,,,,,,Submitrter:,My name is Pamela Phillips 401 Ne 9th Street Boca Raton Florida 33432 pamelaphillips401@gmail.com (561)866-4790 SeeclickFix Concern #15941621 created: 01/25/2024 3:55 PM,,,Submitrter: My name is Pamela Phillips 401 Ne 9th Street Boca Raton Florida 33432 pamelaphillips401@gmail.com (561)866-4790 SeeclickFix Concern #15941621 created: 01/25/2024 3:55 PM,115,c:\Users\edilm\OneDrive\Desktop\Edilma Projects\LandingAI-Hack\coderisk-sf\results_folder\bocaraton\raw_json\boca_JustFOIA_Request_2024-9180-30p.json
case_header,CODE-2024-00245,Municipal Code Enforcement,Closed - Resolved,,R1A,"1175 Cocoanut Rd, Boca Raton, FL 33432",064347290500800 41,Colleen O'Connell-Rodrig,01/29/2024,02/20/2024,R1A,"1175 Cocoanut Rd, Boca Raton, FL 33432",064347290500800 41,,,,Closed - Resolved,,115,c:\Users\edilm\OneDrive\Desktop\Edilma Projects\LandingAI-Hack\coderisk-sf\results_folder\bocaraton\raw_json\boca_JustFOIA_Request_2024-9180-30p.json
narrative,CODE-2024-00245,,,,,"1175 Cocoanut Rd, Boca Raton, FL 33432",064347290500800 41,Colleen O'Connell-Rodrig,01/29/2024,02/20/2024,R1A,"1175 Cocoanut Rd, Boca Raton, FL 33432",064347290500800 41,,,"While on Routine daily, I observed pyramid curb stoppers.",Closed - Resolved,,115,c:\Users\edilm\OneDrive\Desktop\Edilma Projects\LandingAI-Hack\coderisk-sf\results_folder\bocaraton\raw_json\boca_JustFOIA_Request_2024-9180-30p.json
case_header,CODE-2024-00246,Municipal Code Enforcement Description: Light,Closed - Resolved s flickering at the shopping center entranceway.,Closed - Resolved s flickering at the shopping center entranceway.,B2,"4131 N Federal Hwy, Bod Raton, FL 33431",a 064347081700100 00,Deiner Lobo,01/29/2024,02/15/2024,B2,"4131 N Federal Hwy, Bod Raton, FL 33431",a 064347081700100 00,,,,Closed - Resolved s flickering at the shopping center entranceway.,,115,c:\Users\edilm\OneDrive\Desktop\Edilma Projects\LandingAI-Hack\coderisk-sf\results_folder\bocaraton\raw_json\boca_JustFOIA_Request_2024-9180-30p.json
case_header,CODE-2024-00247,Municipal Code,Closed -,,B2,"330 NE 42Nd St, Boca",064347080403103,Therese Smyack,01/29/2024,02/29/2024,B2,"330 NE 42Nd St, Boca",064347080403103,,,,Closed -,,115,c:\Users\edilm\OneDrive\Desktop\Edilma Projects\LandingAI-Hack\coderisk-sf\results_folder\bocaraton\raw_json\boca_JustFOIA_Request_2024-9180-30p.json
narrative,CODE-2024-00247,,,,,"330 NE 42Nd St, Boca",064347080403103,Therese Smyack,01/29/2024,02/29/2024,B2,"330 NE 42Nd St, Boca",064347080403103,,,Routi,Closed -,,115,c:\Users\edilm\OneDrive\Desktop\Edilma Projects\LandingAI-Hack\coderisk-sf\results_folder\bocaraton\raw_json\boca_JustFOIA_Request_2024-9180-30p.json
case_header,CODE-2024-00248,Municipal Code Enforcement SEC. 24-30(A),Closed - Resolved In Violation,01/31/2024,R3C 02/28/2024,"1299 S Ocean Blvd, CA, Boca Raton, FL 33432",064347323300400 00,Colleen O'Connell-Rodriguez,01/30/2024,07/10/2024,R3C 02/28/2024,"1299 S Ocean Blvd, CA, Boca Raton, FL 33432",064347323300400 00,,,,Closed - Resolved In Violation,,115,c:\Users\edilm\OneDrive\Desktop\Edilma Projects\LandingAI-Hack\coderisk-sf\results_folder\bocaraton\raw_json\boca_JustFOIA_Request_2024-9180-30p.json
violation_item,CODE-2024-00248,,,,,"1299 S Ocean Blvd, CA, Boca Raton, FL 33432",064347323300400 00,Colleen O'Connell-Rodriguez,01/30/2024,07/10/2024,R3C 02/28/2024,"1299 S Ocean Blvd, CA, Boca Raton, FL 33432",064347323300400 00,Description:,"Per email From: Lauren Isaacson Sent: Monday, January 29, 2024 5:25 PM ""Hello, I would like to open a concern regarding the community signage for Atlantic Cloisters. The community is located at 1299 S. Ocean Blvd, Boca Raton. We have had new signage placed at 3 locations on A1A, our north and south entrances, on our buildings and throughout the community, pictures are attached. I would like to confirm that the proper permitting was obtained for the signage. I would like to confirm these signs are in compliance with any codes for installation and any aesthetic requirements. My name is Lauren Isaacson and my address is 1299 S Ocean Blvd, F9 and my phone is 954-295-2222. Thank you for your time.""",,Closed - Resolved In Violation,"Description: Per email From: Lauren Isaacson Sent: Monday, January 29, 2024 5:25 PM ""Hello, I would like to open a concern regarding the community signage for Atlantic Cloisters. The community is located at 1299 S. Ocean Blvd, Boca Raton. We have had new signage placed at 3 locations on A1A, our north and south entrances, on our buildings and throughout the community, pictures are attached. I would like to confirm that the proper permitting was obtained for the signage. I would like to confirm these signs are in compliance with any codes for installation and any aesthetic requirements. My name is Lauren Isaacson and my address is 1299 S Ocean Blvd, F9 and my phone is 954-295-2222. Thank you for your time.""",115,c:\Users\edilm\OneDrive\Desktop\Edilma Projects\LandingAI-Hack\coderisk-sf\results_folder\bocaraton\raw_json\boca_JustFOIA_Request_2024-9180-30p.json
case_header,CODE-2024-00249,Municipal Code,Closed,,R1D,"65 NW 12Th Ave, Boca",064247240200903,Derek Corcoran,01/30/2024,04/08/2024,R1D,"65 NW 12Th Ave, Boca",064247240200903,,,,Closed,,115,c:\Users\edilm\OneDrive\Desktop\Edilma Projects\LandingAI-Hack\coderisk-sf\results_folder\bocaraton\raw_json\boca_JustFOIA_Request_2024-9180-30p.json
violation_item,CODE-2024-00249,,,,,"65 NW 12Th Ave, Boca",064247240200903,Derek Corcoran,01/30/2024,04/08/2024,R1D,"65 NW 12Th Ave, Boca",064247240200903,Enforcement,SEC. 28-1509(A),,Closed,Resolved In Violation,115,c:\Users\edilm\OneDrive\Desktop\Edilma Projects\LandingAI-Hack\coderisk-sf\results_folder\bocaraton\raw_json\boca_JustFOIA_Request_2024-9180-30p.json
violation_item,CODE-2024-00249,,,,,"65 NW 12Th Ave, Boca",064247240200903,Derek Corcoran,01/30/2024,04/08/2024,R1D,"65 NW 12Th Ave, Boca",064247240200903,Description:,"Per online submitter: ""Vehicle parked in front yard."" Submitter: Mike Johnston 1600 nw 5th st SeeClickFix Concern #15960475 created: 01/29/2024 11:36 AM",,Closed,"Description: Per online submitter: ""Vehicle parked in front yard."" Submitter: Mike Johnston 1600 nw 5th st SeeClickFix Concern #15960475 created: 01/29/2024 11:36 AM",115,c:\Users\edilm\OneDrive\Desktop\Edilma Projects\LandingAI-Hack\coderisk-sf\results_folder\bocaraton\raw_json\boca_JustFOIA_Request_2024-9180-30p.json
case_header,CODE-2024-00253,Municipal Code Enforcement Description: Ira G,Closed - Resolved R1D pss from 2698 nw 38 st complains of a commercial vehicle,Closed - Resolved R1D pss from 2698 nw 38 st complains of a commercial vehicle,Closed - Resolved R1D pss from 2698 nw 38 st complains of a commercial vehicle,"2698 NW 39Th St, Boca Raton, FL 33434",064247100501700 90,Juan Hernandez,01/30/2024,02/14/2024,Closed - Resolved R1D pss from 2698 nw 38 st complains of a commercial vehicle,"2698 NW 39Th St, Boca Raton, FL 33434",064247100501700 90,,,,Closed - Resolved R1D pss from 2698 nw 38 st complains of a commercial vehicle,,115,c:\Users\edilm\OneDrive\Desktop\Edilma Projects\LandingAI-Hack\coderisk-sf\results_folder\bocaraton\raw_json\boca_JustFOIA_Request_2024-9180-30p.json
case_header,CODE-2024-00254,Municipal Code Enforcement Description: Ref o,Closed - Resolved n swale not secured,,R1D,"151 SW 7Th Ave, Boca Raton, FL 33486",064347301001400 31,Scott Newman,01/30/2024,01/30/2024,R1D,"151 SW 7Th Ave, Boca Raton, FL 33486",064347301001400 31,,,,Closed - Resolved n swale not secured,,115,c:\Users\edilm\OneDrive\Desktop\Edilma Projects\LandingAI-Hack\coderisk-sf\results_folder\bocaraton\raw_json\boca_JustFOIA_Request_2024-9180-30p.json
case_header,CODE-2024-00255,Municipal Code Closed - Enforcement Resolved Description: Construction work on seawall. Tugboat and/or barge to navigate his boat into the open water.,Municipal Code Closed - Enforcement Resolved Description: Construction work on seawall. Tugboat and/or barge to navigate his boat into the open water.,Municipal Code Closed - Enforcement Resolved Description: Construction work on seawall. Tugboat and/or barge to navigate his boat into the open water.,R1B are being left in co,"798 Havana Dr, Boca Raton, FL 33487 064347040501202 00 mplainant's area of the seawall and he is unable","798 Havana Dr, Boca Raton, FL 33487 064347040501202 00 mplainant's area of the seawall and he is unable",Therese Smyack,01/31/2024,03/11/2024,R1B are being left in co,"798 Havana Dr, Boca Raton, FL 33487 064347040501202 00 mplainant's area of the seawall and he is unable","798 Havana Dr, Boca Raton, FL 33487 064347040501202 00 mplainant's area of the seawall and he is unable",,,,Municipal Code Closed - Enforcement Resolved Description: Construction work on seawall. Tugboat and/or barge to navigate his boat into the open water.,,115,c:\Users\edilm\OneDrive\Desktop\Edilma Projects\LandingAI-Hack\coderisk-sf\results_folder\bocaraton\raw_json\boca_JustFOIA_Request_2024-9180-30p.json
case_header,CODE-2024-00257,Municipal Code Enforcement,Closed - Resolved,,R1D,"3550 NW 5Th Ave, Boca Raton, FL 33431",064347070000051 70,Austin Mann,01/31/2024,02/07/2024,,,,,,,Closed - Resolved,,120,c:\Users\edilm\OneDrive\Desktop\Edilma Projects\LandingAI-Hack\coderisk-sf\results_folder\bocaraton\raw_json\boca_JustFOIA_Request_2024-9180-30p.json
narrative,CODE-2024-00257,,,,,"3550 NW 5Th Ave, Boca Raton, FL 33431",064347070000051 70,Austin Mann,01/31/2024,02/07/2024,,,,,,"Per Complainant, bags of garbage thrown in swale",Closed - Resolved,,120,c:\Users\edilm\OneDrive\Desktop\Edilma Projects\LandingAI-Hack\coderisk-sf\results_folder\bocaraton\raw_json\boca_JustFOIA_Request_2024-9180-30p.json
case_header,CODE-2024-00259,Municipal Code,Closed -,,R1D,"4540 N Dixie Hwy, Boca",064347080401500,Therese Smyack,01/31/2024,01/31/2024,,,,,,,Closed -,,120,c:\Users\edilm\OneDrive\Desktop\Edilma Projects\LandingAI-Hack\coderisk-sf\results_folder\bocaraton\raw_json\boca_JustFOIA_Request_2024-9180-30p.json
narrative,CODE-2024-00259,,,,,"4540 N Dixie Hwy, Boca",064347080401500,Therese Smyack,01/31/2024,01/31/2024,,,,,,RE sign removed from swale and place at BACE / CODE OFFICE.,Closed -,,120,c:\Users\edilm\OneDrive\Desktop\Edilma Projects\LandingAI-Hack\coderisk-sf\results_folder\bocaraton\raw_json\boca_JustFOIA_Request_2024-9180-30p.json
case_header,CODE-2024-00261,Municipal Code,Closed-,,RB1,"488 Jeffery St, Boca Raton, 064347050200400","488 Jeffery St, Boca Raton, 064347050200400",Therese Smyack,01/31/2024,02/01/2024,,,,,,,Closed-,,120,c:\Users\edilm\OneDrive\Desktop\Edilma Projects\LandingAI-Hack\coderisk-sf\results_folder\bocaraton\raw_json\boca_JustFOIA_Request_2024-9180-30p.json
violation_item,CODE-2024-00261,,,,,"488 Jeffery St, Boca Raton, 064347050200400","488 Jeffery St, Boca Raton, 064347050200400",Therese Smyack,01/31/2024,02/01/2024,,,,Description:,Black Mazzaretti 4d on swale. FL I7qcb Tow tag applied and photographed.,,Closed-,Description: Black Mazzaretti 4d on swale. FL I7qcb Tow tag applied and photographed.,120,c:\Users\edilm\OneDrive\Desktop\Edilma Projects\LandingAI-Hack\coderisk-sf\results_folder\bocaraton\raw_json\boca_JustFOIA_Request_2024-9180-30p.json
case_header,CODE-2024-00262,Municipal Code,Closed -,,R1D,"555 NW 4Th Ave, 5240,",064347191700052,Derek Corcoran,02/01/2024,06/28/2024,,,,,,,Closed -,,120,c:\Users\edilm\OneDrive\Desktop\Edilma Projects\LandingAI-Hack\coderisk-sf\results_folder\bocaraton\raw_json\boca_JustFOIA_Request_2024-9180-30p.json
violation_item,CODE-2024-00262,,,,,"555 NW 4Th Ave, 5240,",064347191700052,Derek Corcoran,02/01/2024,06/28/2024,,,,Description:,"Permit BPM-2024-00066 is in plan review, but interior remodel demo already completed.",,Closed -,"Description: Permit BPM-2024-00066 is in plan review, but interior remodel demo already completed.",120,c:\Users\edilm\OneDrive\Desktop\Edilma Projects\LandingAI-Hack\coderisk-sf\results_folder\bocaraton\raw_json\boca_JustFOIA_Request_2024-9180-30p.json
case_header,CODE-2024-00263,Municipal Code,Closed -,,RB1,"7400 N Federal Hwy, Bod",a 064346321700000,Therese Smyack,02/01/2024,02/06/2024,,,,,,,Closed -,,120,c:\Users\edilm\OneDrive\Desktop\Edilma Projects\LandingAI-Hack\coderisk-sf\results_folder\bocaraton\raw_json\boca_JustFOIA_Request_2024-9180-30p.json
narrative,CODE-2024-00263,,,,,"7400 N Federal Hwy, Bod",a 064346321700000,Therese Smyack,02/01/2024,02/06/2024,,,,,,Routine patrol: Feather type sign advertising tattoo.,Closed -,,120,c:\Users\edilm\OneDrive\Desktop\Edilma Projects\LandingAI-Hack\coderisk-sf\results_folder\bocaraton\raw_json\boca_JustFOIA_Request_2024-9180-30p.json
case_header,CODE-2024-00264,Municipal Code,Closed -,,R1A,"789 SE 31St St, Boca",064347320200900,Colleen,02/01/2024,02/08/2024,,,,,,,Closed -,,120,c:\Users\edilm\OneDrive\Desktop\Edilma Projects\LandingAI-Hack\coderisk-sf\results_folder\bocaraton\raw_json\boca_JustFOIA_Request_2024-9180-30p.json
narrative,CODE-2024-00264,,,,,"789 SE 31St St, Boca",064347320200900,Colleen,02/01/2024,02/08/2024,,,,,,Boat on trailer has been parked in driveway for months.,Closed -,,120,c:\Users\edilm\OneDrive\Desktop\Edilma Projects\LandingAI-Hack\coderisk-sf\results_folder\bocaraton\raw_json\boca_JustFOIA_Request_2024-9180-30p.json
case_header,CODE-2024-00265,Municipal Code,Closed-,,R3C,"1745 NW 4Th Ave, Boca",064347180500101,Austin Mann,02/01/2024,02/16/2024,,,,,,,Closed-,,120,c:\Users\edilm\OneDrive\Desktop\Edilma Projects\LandingAI-Hack\coderisk-sf\results_folder\bocaraton\raw_json\boca_JustFOIA_Request_2024-9180-30p.json
narrative,CODE-2024-00265,,,,,"1745 NW 4Th Ave, Boca",064347180500101,Austin Mann,02/01/2024,02/16/2024,,,,,,Observed a mattress and other discarded furniture in the city swale.,Closed-,,120,c:\Users\edilm\OneDrive\Desktop\Edilma Projects\LandingAI-Hack\coderisk-sf\results_folder\bocaraton\raw_json\boca_JustFOIA_Request_2024-9180-30p.json
case_header,CODE-2024-00266,Municipal Code,Closed-,,R-3,"1800 NW 4Th Ave, Boca",,Austin Mann,02/01/2024,02/08/2024,,,,,,,Closed-,,120,c:\Users\edilm\OneDrive\Desktop\Edilma Projects\LandingAI-Hack\coderisk-sf\results_folder\bocaraton\raw_json\boca_JustFOIA_Request_2024-9180-30p.json
narrative,CODE-2024-00266,,,,,"1800 NW 4Th Ave, Boca",,Austin Mann,02/01/2024,02/08/2024,,,,,,Observed a discarded brown lounge chair in the swale.,Closed-,,120,c:\Users\edilm\OneDrive\Desktop\Edilma Projects\LandingAI-Hack\coderisk-sf\results_folder\bocaraton\raw_json\boca_JustFOIA_Request_2024-9180-30p.json
case_header,CODE-2024-00267,Municipal Code,Closed-,,R1A,"1401 SW 21St St, Boca",064247360256203,Deiner Lobo,02/01/2024,03/11/2024,,,,,,,Closed-,,120,c:\Users\edilm\OneDrive\Desktop\Edilma Projects\LandingAI-Hack\coderisk-sf\results_folder\bocaraton\raw_json\boca_JustFOIA_Request_2024-9180-30p.json
narrative,CODE-2024-00267,,,,,"1401 SW 21St St, Boca",064247360256203,Deiner Lobo,02/01/2024,03/11/2024,,,,,,light shinning into properpty CALL COMPLAINT AND SET UP INSPECTION.,Closed-,,120,c:\Users\edilm\OneDrive\Desktop\Edilma Projects\LandingAI-Hack\coderisk-sf\results_folder\bocaraton\raw_json\boca_JustFOIA_Request_2024-9180-30p.json
case_header,CODE-2024-00268,Municipal Code,Closed -,,R-3,"340 NW 19Th St, Boca",,Austin Mann,02/01/2024,02/16/2024,,,,,,,Closed -,,120,c:\Users\edilm\OneDrive\Desktop\Edilma Projects\LandingAI-Hack\coderisk-sf\results_folder\bocaraton\raw_json\boca_JustFOIA_Request_2024-9180-30p.json
narrative,CODE-2024-00268,,,,,"340 NW 19Th St, Boca",,Austin Mann,02/01/2024,02/16/2024,,,,,,Observed Discarded furniture in the swale.,Closed -,,120,c:\Users\edilm\OneDrive\Desktop\Edilma Projects\LandingAI-Hack\coderisk-sf\results_folder\bocaraton\raw_json\boca_JustFOIA_Request_2024-9180-30p.json
case_header,CODE-2024-00269,Municipal Code,Closed-,,R1B,"190 NE 5Th Ave, Boca",064347200300000,Deiner Lobo,02/01/2024,02/07/2024,,,,,,,Closed-,,120,c:\Users\edilm\OneDrive\Desktop\Edilma Projects\LandingAI-Hack\coderisk-sf\results_folder\bocaraton\raw_json\boca_JustFOIA_Request_2024-9180-30p.json
narrative,CODE-2024-00269,,,,,"190 NE 5Th Ave, Boca",064347200300000,Deiner Lobo,02/01/2024,02/07/2024,,,,,,SOME TYPE OF LEAK BY THE STREET. THIS COULD BE HOA ISSUES.,Closed-,,120,c:\Users\edilm\OneDrive\Desktop\Edilma Projects\LandingAI-Hack\coderisk-sf\results_folder\bocaraton\raw_json\boca_JustFOIA_Request_2024-9180-30p.json
case_header,CODE-2024-00271,Municipal Code,Closed-,,R1E,"101 Ipswich St, Boca",064347050200600,Therese Smyack,02/01/2024,02/27/2024,,,,,,,Closed-,,120,c:\Users\edilm\OneDrive\Desktop\Edilma Projects\LandingAI-Hack\coderisk-sf\results_folder\bocaraton\raw_json\boca_JustFOIA_Request_2024-9180-30p.json
violation_item,CODE-2024-00271,,,,,"101 Ipswich St, Boca",064347050200600,Therese Smyack,02/01/2024,02/27/2024,,,,SEC. 10,-118(1),,Closed-,In Violation,120,c:\Users\edilm\OneDrive\Desktop\Edilma Projects\LandingAI-Hack\coderisk-sf\results_folder\bocaraton\raw_json\boca_JustFOIA_Request_2024-9180-30p.json
violation_item,CODE-2024-00271,,,,,"101 Ipswich St, Boca",064347050200600,Therese Smyack,02/01/2024,02/27/2024,,,,SEC. 28,-1509(A),,Closed-,In Violation,120,c:\Users\edilm\OneDrive\Desktop\Edilma Projects\LandingAI-Hack\coderisk-sf\results_folder\bocaraton\raw_json\boca_JustFOIA_Request_2024-9180-30p.json
violation_item,CODE-2024-00271,,,,,"101 Ipswich St, Boca",064347050200600,Therese Smyack,02/01/2024,02/27/2024,,,,Description:,TARGET INSPECTION: 3 VEHICLES PARKED ON UNPERMITTED SURFACE (WEST SIDE OF PARCEL) AND A,,Closed-,Description: TARGET INSPECTION: 3 VEHICLES PARKED ON UNPERMITTED SURFACE (WEST SIDE OF PARCEL) AND A,120,c:\Users\edilm\OneDrive\Desktop\Edilma Projects\LandingAI-Hack\coderisk-sf\results_folder\bocaraton\raw_json\boca_JustFOIA_Request_2024-9180-30p.json
violation_item,CODE-2024-00271,,,,,"101 Ipswich St, Boca",064347050200600,Therese Smyack,02/01/2024,02/27/2024,,,,,WRECKED / POSSIBLE INOPERABLE VEHICLE ON EAST SIDE OF PARCEL.,,Closed-,WRECKED / POSSIBLE INOPERABLE VEHICLE ON EAST SIDE OF PARCEL.,120,c:\Users\edilm\OneDrive\Desktop\Edilma Projects\LandingAI-Hack\coderisk-sf\results_folder\bocaraton\raw_json\boca_JustFOIA_Request_2024-9180-30p.json
case_header,CODE-2024-00272,Municipal Code,Closed -,,B2,"1700 N Dixie Hwy, Boca",064347170000070,Austin Mann,02/02/2024,02/02/2024,,,,,,,Closed -,,120,c:\Users\edilm\OneDrive\Desktop\Edilma Projects\LandingAI-Hack\coderisk-sf\results_folder\bocaraton\raw_json\boca_JustFOIA_Request_2024-9180-30p.json
violation_item,CODE-2024-00272,,,,,"1700 N Dixie Hwy, Boca",064347170000070,Austin Mann,02/02/2024,02/02/2024,,,,Description:,"Administrative complaint from Code Officer Ingrid Lee, 200 NW 2nd Avenue: two businesses at 1700 N Dixie Hwy #127 without a Certificate of Use/BTR. Businesses are ""QBM Legal"" and ""Zee Noel Services"". Potential scam involving illegal residents or",,Closed -,"Description: Administrative complaint from Code Officer Ingrid Lee, 200 NW 2nd Avenue: two businesses at 1700 N Dixie Hwy #127 without a Certificate of Use/BTR. Businesses are ""QBM Legal"" and ""Zee Noel Services"". Potential scam involving illegal residents or",120,c:\Users\edilm\OneDrive\Desktop\Edilma Projects\LandingAI-Hack\coderisk-sf\results_folder\bocaraton\raw_json\boca_JustFOIA_Request_2024-9180-30p.json
violation_item,CODE-2024-00272,,,,,"1700 N Dixie Hwy, Boca",064347170000070,Austin Mann,02/02/2024,02/02/2024,,,,human,trafficking involved with Unit #127.,,Closed -,human trafficking involved with Unit #127.,120,c:\Users\edilm\OneDrive\Desktop\Edilma Projects\LandingAI-Hack\coderisk-sf\results_folder\bocaraton\raw_json\boca_JustFOIA_Request_2024-9180-30p.json
case_header,CODE-2024-00274,Municipal Code Closed - Enforcement Resolved Description: Major interior work without permits per Bria Johnson.,Municipal Code Closed - Enforcement Resolved Description: Major interior work without permits per Bria Johnson.,Municipal Code Closed - Enforcement Resolved Description: Major interior work without permits per Bria Johnson.,R-3,"6850 NW 2Nd Ave, 30, Boca Raton, FL 33487",06434632250000300,William Buckley,02/02/2024,02/08/2024,,,,,,,Municipal Code Closed - Enforcement Resolved Description: Major interior work without permits per Bria Johnson.,,125,c:\Users\edilm\OneDrive\Desktop\Edilma Projects\LandingAI-Hack\coderisk-sf\results_folder\bocaraton\raw_json\boca_JustFOIA_Request_2024-9180-30p.json
case_header,CODE-2024-00275,Municipal Code Enforcement,Closed - Resolved,,R1D,"3939 NW 5Th Ave, Boc Raton, FL 33431",06434707020270202,Austin Mann,02/02/2024,02/05/2024,,,,,,,Closed - Resolved,,125,c:\Users\edilm\OneDrive\Desktop\Edilma Projects\LandingAI-Hack\coderisk-sf\results_folder\bocaraton\raw_json\boca_JustFOIA_Request_2024-9180-30p.json
violation_item,CODE-2024-00275,,,,,"3939 NW 5Th Ave, Boc Raton, FL 33431",06434707020270202,Austin Mann,02/02/2024,02/05/2024,,,,Description:,Complainant Janice Jenks at 3901 NW 5th Ave contacted Code Officer Keith Benoit about bulk waste dumped on the vacant lot next door to her at 3939 NW 5th Ave.,,Closed - Resolved,Description: Complainant Janice Jenks at 3901 NW 5th Ave contacted Code Officer Keith Benoit about bulk waste dumped on the vacant lot next door to her at 3939 NW 5th Ave.,125,c:\Users\edilm\OneDrive\Desktop\Edilma Projects\LandingAI-Hack\coderisk-sf\results_folder\bocaraton\raw_json\boca_JustFOIA_Request_2024-9180-30p.json
case_header,CODE-2024-00276,Municipal Code Enforcement SEC. 28-1507(2),Closed - Resolved In Violation,02/02/2024,R1D 02/09/2024,"1966 Sharon St, Boca Raton, FL 33486",064247230401202 60 $0.00,Juan Hernandez,02/02/2024,02/26/2024,,,,,,,Closed - Resolved In Violation,,125,c:\Users\edilm\OneDrive\Desktop\Edilma Projects\LandingAI-Hack\coderisk-sf\results_folder\bocaraton\raw_json\boca_JustFOIA_Request_2024-9180-30p.json
violation_item,CODE-2024-00276,,,,,"1966 Sharon St, Boca Raton, FL 33486",064247230401202 60 $0.00,Juan Hernandez,02/02/2024,02/26/2024,,,,Description:,Routine patrol for an unscreened boat. First seen on 1/31,,Closed - Resolved In Violation,Description: Routine patrol for an unscreened boat. First seen on 1/31,125,c:\Users\edilm\OneDrive\Desktop\Edilma Projects\LandingAI-Hack\coderisk-sf\results_folder\bocaraton\raw_json\boca_JustFOIA_Request_2024-9180-30p.json
case_header,CODE-2024-00277,Municipal Code Enforcement SEC. 28-1507(2),Closed - Resolved In Violation,02/02/2024,R1D 03/04/2024,"1911 N Conference Dr, Boca Raton, FL 33486",064247230300200 90 $0.00,Juan Hernandez,02/02/2024,03/14/2024,,,,,,,Closed - Resolved In Violation,,125,c:\Users\edilm\OneDrive\Desktop\Edilma Projects\LandingAI-Hack\coderisk-sf\results_folder\bocaraton\raw_json\boca_JustFOIA_Request_2024-9180-30p.json
narrative,CODE-2024-00277,,,,,"1911 N Conference Dr, Boca Raton, FL 33486",064247230300200 90 $0.00,Juan Hernandez,02/02/2024,03/14/2024,,,,,,Routine patrol for an unscreened trailer,Closed - Resolved In Violation,,125,c:\Users\edilm\OneDrive\Desktop\Edilma Projects\LandingAI-Hack\coderisk-sf\results_folder\bocaraton\raw_json\boca_JustFOIA_Request_2024-9180-30p.json
case_header,CODE-2024-00278,Municipal Code Enforcement,Closed - Resolved,,R1D,"2107 NE 4Th Ave, Boca Raton, FL 33431",064347170900301 30,Deiner Lobo,02/02/2024,02/29/2024,,,,,,,Closed - Resolved,,125,c:\Users\edilm\OneDrive\Desktop\Edilma Projects\LandingAI-Hack\coderisk-sf\results_folder\bocaraton\raw_json\boca_JustFOIA_Request_2024-9180-30p.json
narrative,CODE-2024-00278,,,,,"2107 NE 4Th Ave, Boca Raton, FL 33431",064347170900301 30,Deiner Lobo,02/02/2024,02/29/2024,,,,,,"Citizen Complaint: Vehicles parked on the paved right of way (street) and sidewalk. Also, vegetation debris on the swale.",Closed - Resolved,,125,c:\Users\edilm\OneDrive\Desktop\Edilma Projects\LandingAI-Hack\coderisk-sf\results_folder\bocaraton\raw_json\boca_JustFOIA_Request_2024-9180-30p.json
case_header,CODE-2024-00279,Municipal Code Enforcement Description: Resp,Closed - Resolved onding to police call for loud music and concert.,Closed - Resolved onding to police call for loud music and concert.,R1D,"726 E Boca Raton Rd, Boca Raton, FL 33432 064347200900300 40","726 E Boca Raton Rd, Boca Raton, FL 33432 064347200900300 40",Christopher Sutherland,02/02/2024,02/29/2024,,,,,,,Closed - Resolved onding to police call for loud music and concert.,,125,c:\Users\edilm\OneDrive\Desktop\Edilma Projects\LandingAI-Hack\coderisk-sf\results_folder\bocaraton\raw_json\boca_JustFOIA_Request_2024-9180-30p.json
case_header,CODE-2024-00280,Municipal Code Enforcement Description: Polic,Closed - Resolved DDRI Referral: loud music coming from Max Grille. (404 Plaza Real Boca Raton),Closed - Resolved DDRI Referral: loud music coming from Max Grille. (404 Plaza Real Boca Raton),Closed - Resolved DDRI Referral: loud music coming from Max Grille. (404 Plaza Real Boca Raton),Closed - Resolved DDRI Referral: loud music coming from Max Grille. (404 Plaza Real Boca Raton),,Christopher Sutherland,02/03/2024,02/23/2024,,,,,,,Closed - Resolved DDRI Referral: loud music coming from Max Grille. (404 Plaza Real Boca Raton),,125,c:\Users\edilm\OneDrive\Desktop\Edilma Projects\LandingAI-Hack\coderisk-sf\results_folder\bocaraton\raw_json\boca_JustFOIA_Request_2024-9180-30p.json
case_header,CODE-2024-00282,Municipal Code Enforcement,Closed - Resolved,,R1D,"712 E Boca Raton Rd, Raton, FL 33432",Boca 064347200900300 50,Ingrid Lee,02/03/2024,02/03/2024,,,,,,,Closed - Resolved,,125,c:\Users\edilm\OneDrive\Desktop\Edilma Projects\LandingAI-Hack\coderisk-sf\results_folder\bocaraton\raw_json\boca_JustFOIA_Request_2024-9180-30p.json
violation_item,CODE-2024-00282,,,,,"712 E Boca Raton Rd, Raton, FL 33432",Boca 064347200900300 50,Ingrid Lee,02/03/2024,02/03/2024,,,,Description:,"BOCA RATON PD DISPATCH CALLED CODE ENFORCEMENT REGARDING CARS POTENTIALLY PARKED ILLEGALLY, BLOCKING THE ROADWAY, NEAR 712 E BOCA RATON ROAD.",,Closed - Resolved,"Description: BOCA RATON PD DISPATCH CALLED CODE ENFORCEMENT REGARDING CARS POTENTIALLY PARKED ILLEGALLY, BLOCKING THE ROADWAY, NEAR 712 E BOCA RATON ROAD.",125,c:\Users\edilm\OneDrive\Desktop\Edilma Projects\LandingAI-Hack\coderisk-sf\results_folder\bocaraton\raw_json\boca_JustFOIA_Request_2024-9180-30p.json
case_header,CODE-2024-00284,Municipal Code,Closed-,,RB1,"3360 N Federal Hwy, B",oca 064347080409801,Deiner Lobo,02/03/2024,07/14/2024,,,,,,,Closed-,,125,c:\Users\edilm\OneDrive\Desktop\Edilma Projects\LandingAI-Hack\coderisk-sf\results_folder\bocaraton\raw_json\boca_JustFOIA_Request_2024-9180-30p.json
violation_item,CODE-2024-00284,,,,,"3360 N Federal Hwy, B",oca 064347080409801,Deiner Lobo,02/03/2024,07/14/2024,,,,SEC. 28,-1651(C),,Closed-,In Violation,125,c:\Users\edilm\OneDrive\Desktop\Edilma Projects\LandingAI-Hack\coderisk-sf\results_folder\bocaraton\raw_json\boca_JustFOIA_Request_2024-9180-30p.json
violation_item,CODE-2024-00284,,,,,"3360 N Federal Hwy, B",oca 064347080409801,Deiner Lobo,02/03/2024,07/14/2024,,,,SEC. 8,-30,,Closed-,In Violation,125,c:\Users\edilm\OneDrive\Desktop\Edilma Projects\LandingAI-Hack\coderisk-sf\results_folder\bocaraton\raw_json\boca_JustFOIA_Request_2024-9180-30p.json
violation_item,CODE-2024-00284,,,,,"3360 N Federal Hwy, B",oca 064347080409801,Deiner Lobo,02/03/2024,07/14/2024,,,,SEC. 8,-56(1)(A),,Closed-,In Violation,125,c:\Users\edilm\OneDrive\Desktop\Edilma Projects\LandingAI-Hack\coderisk-sf\results_folder\bocaraton\raw_json\boca_JustFOIA_Request_2024-9180-30p.json
violation_item,CODE-2024-00284,,,,,"3360 N Federal Hwy, B",oca 064347080409801,Deiner Lobo,02/03/2024,07/14/2024,,,,Description:,Routine Patrol: Possible valet parking operations without a P.W.R and B.T.R at 388 Italian restaurant.,,Closed-,Description: Routine Patrol: Possible valet parking operations without a P.W.R and B.T.R at 388 Italian restaurant.,125,c:\Users\edilm\OneDrive\Desktop\Edilma Projects\LandingAI-Hack\coderisk-sf\results_folder\bocaraton\raw_json\boca_JustFOIA_Request_2024-9180-30p.json
case_header,CODE-2024-00285,Municipal Code,Closed -,,DDRI,"194 SE 1St Ave, Boca",064347291400100,Deiner Lobo,02/03/2024,07/17/2024,,,,,,,Closed -,,125,c:\Users\edilm\OneDrive\Desktop\Edilma Projects\LandingAI-Hack\coderisk-sf\results_folder\bocaraton\raw_json\boca_JustFOIA_Request_2024-9180-30p.json
narrative,CODE-2024-00285,,,,,"194 SE 1St Ave, Boca",064347291400100,Deiner Lobo,02/03/2024,07/17/2024,,,,,,"Routine Patrol: Two possible valet parking operations without a P.W.R and B.T.R at Royal Palm Place (Via Naranjas, Via De Palmas)",Closed -,,125,c:\Users\edilm\OneDrive\Desktop\Edilma Projects\LandingAI-Hack\coderisk-sf\results_folder\bocaraton\raw_json\boca_JustFOIA_Request_2024-9180-30p.json
case_header,CODE-2024-00286,Municipal Code Enforcement Description: Boca,Closed - Resolved PD Referred compla,int: Bonfire by the life guar,PL tower.,"400 N Ocean Blvd, Boc Raton, FL 33432",a 064347210000200 40,Deiner Lobo,02/03/2024,02/03/2024,,,,,,,Closed - Resolved PD Referred compla,,125,c:\Users\edilm\OneDrive\Desktop\Edilma Projects\LandingAI-Hack\coderisk-sf\results_folder\bocaraton\raw_json\boca_JustFOIA_Request_2024-9180-30p.json
case_header,CODE-2024-00292,Municipal Code Enforcement,Closed - Resolved,,R1D,"1571 SW 13Th Dr, Boca Raton, FL 33486",064247252707100 90,Colleen O'Connell-Rodriguez,02/05/2024,02/12/2024,,,,,,,Closed - Resolved,,136,c:\Users\edilm\OneDrive\Desktop\Edilma Projects\LandingAI-Hack\coderisk-sf\results_folder\bocaraton\raw_json\boca_JustFOIA_Request_2024-9180-30p.json
narrative,CODE-2024-00292,,,,,"1571 SW 13Th Dr, Boca Raton, FL 33486",064247252707100 90,Colleen O'Connell-Rodriguez,02/05/2024,02/12/2024,,,,,,Inspection revealed: Property in compliance case closed.,Closed - Resolved,,136,c:\Users\edilm\OneDrive\Desktop\Edilma Projects\LandingAI-Hack\coderisk-sf\results_folder\bocaraton\raw_json\boca_JustFOIA_Request_2024-9180-30p.json
case_header,CODE-2024-00293,Municipal Code,Closed -,,R1D,"441 NE Spanish Ct, Boca",064347201100601,No User,02/05/2024,02/07/2024,,,,,,,Closed -,,136,c:\Users\edilm\OneDrive\Desktop\Edilma Projects\LandingAI-Hack\coderisk-sf\results_folder\bocaraton\raw_json\boca_JustFOIA_Request_2024-9180-30p.json
narrative,CODE-2024-00293,,,,,"441 NE Spanish Ct, Boca",064347201100601,No User,02/05/2024,02/07/2024,,,,,,Hedge has been planted up to the side of the road and along the easement.,Closed -,,136,c:\Users\edilm\OneDrive\Desktop\Edilma Projects\LandingAI-Hack\coderisk-sf\results_folder\bocaraton\raw_json\boca_JustFOIA_Request_2024-9180-30p.json
case_header,CODE-2024-00294,Municipal Code,Closed -,,R1D,"266 NE Spanish Ct, Boca",064347201001602,Steven Singer,02/05/2024,02/07/2024,,,,,,,Closed -,,136,c:\Users\edilm\OneDrive\Desktop\Edilma Projects\LandingAI-Hack\coderisk-sf\results_folder\bocaraton\raw_json\boca_JustFOIA_Request_2024-9180-30p.json
narrative,CODE-2024-00294,,,,,"266 NE Spanish Ct, Boca",064347201001602,Steven Singer,02/05/2024,02/07/2024,,,,,,Hedge has been planted up to the side of the road and up against the easement.,Closed -,,136,c:\Users\edilm\OneDrive\Desktop\Edilma Projects\LandingAI-Hack\coderisk-sf\results_folder\bocaraton\raw_json\boca_JustFOIA_Request_2024-9180-30p.json
case_header,CODE-2024-00295,Municipal Code,Closed -,,R1D,"701 NE 2Nd St, Boca Raton, 064347200901602","701 NE 2Nd St, Boca Raton, 064347200901602",Steven Singer,02/05/2024,02/07/2024,,,,,,,Closed -,,136,c:\Users\edilm\OneDrive\Desktop\Edilma Projects\LandingAI-Hack\coderisk-sf\results_folder\bocaraton\raw_json\boca_JustFOIA_Request_2024-9180-30p.json
narrative,CODE-2024-00295,,,,,"701 NE 2Nd St, Boca Raton, 064347200901602","701 NE 2Nd St, Boca Raton, 064347200901602",Steven Singer,02/05/2024,02/07/2024,,,,,,Hedge has been planted up against the street and up against the easement.,Closed -,,136,c:\Users\edilm\OneDrive\Desktop\Edilma Projects\LandingAI-Hack\coderisk-sf\results_folder\bocaraton\raw_json\boca_JustFOIA_Request_2024-9180-30p.json
case_header,CODE-2024-00297,Municipal Code,Closed -,,R1D (PUD),"5665 NW 39Th Ave, Boc",a 064247040300001,William Buckley,02/05/2024,05/10/2024,,,,,,,Closed -,,136,c:\Users\edilm\OneDrive\Desktop\Edilma Projects\LandingAI-Hack\coderisk-sf\results_folder\bocaraton\raw_json\boca_JustFOIA_Request_2024-9180-30p.json
case_header,CODE-2024-00298,"Description: HOA planted olive trees and the roots have grown and caused damage in complainant's driveway and sidewalk. She would like a call (561 702-9040) before inspection. Municipal Code Closed - B-1 831 E Palmetto Park Rd, 064347200800200 Steven Singer","Description: HOA planted olive trees and the roots have grown and caused damage in complainant's driveway and sidewalk. She would like a call (561 702-9040) before inspection. Municipal Code Closed - B-1 831 E Palmetto Park Rd, 064347200800200 Steven Singer","Description: HOA planted olive trees and the roots have grown and caused damage in complainant's driveway and sidewalk. She would like a call (561 702-9040) before inspection. Municipal Code Closed - B-1 831 E Palmetto Park Rd, 064347200800200 Steven Singer","Description: HOA planted olive trees and the roots have grown and caused damage in complainant's driveway and sidewalk. She would like a call (561 702-9040) before inspection. Municipal Code Closed - B-1 831 E Palmetto Park Rd, 064347200800200 Steven Singer","Description: HOA planted olive trees and the roots have grown and caused damage in complainant's driveway and sidewalk. She would like a call (561 702-9040) before inspection. Municipal Code Closed - B-1 831 E Palmetto Park Rd, 064347200800200 Steven Singer","Description: HOA planted olive trees and the roots have grown and caused damage in complainant's driveway and sidewalk. She would like a call (561 702-9040) before inspection. Municipal Code Closed - B-1 831 E Palmetto Park Rd, 064347200800200 Steven Singer","Description: HOA planted olive trees and the roots have grown and caused damage in complainant's driveway and sidewalk. She would like a call (561 702-9040) before inspection. Municipal Code Closed - B-1 831 E Palmetto Park Rd, 064347200800200 Steven Singer",(gray box),(gray box),,,,,,,"Description: HOA planted olive trees and the roots have grown and caused damage in complainant's driveway and sidewalk. She would like a call (561 702-9040) before inspection. Municipal Code Closed - B-1 831 E Palmetto Park Rd, 064347200800200 Steven Singer",,136,c:\Users\edilm\OneDrive\Desktop\Edilma Projects\LandingAI-Hack\coderisk-sf\results_folder\bocaraton\raw_json\boca_JustFOIA_Request_2024-9180-30p.json
case_header,CODE-2024-00298,"Description: HOA planted olive trees and the roots have grown and caused damage in complainant's driveway and sidewalk. She would like a call (561 702-9040) before inspection. Municipal Code Closed - B-1 831 E Palmetto Park Rd, 064347200800200 Steven Singer","Description: HOA planted olive trees and the roots have grown and caused damage in complainant's driveway and sidewalk. She would like a call (561 702-9040) before inspection. Municipal Code Closed - B-1 831 E Palmetto Park Rd, 064347200800200 Steven Singer","Description: HOA planted olive trees and the roots have grown and caused damage in complainant's driveway and sidewalk. She would like a call (561 702-9040) before inspection. Municipal Code Closed - B-1 831 E Palmetto Park Rd, 064347200800200 Steven Singer","Description: HOA planted olive trees and the roots have grown and caused damage in complainant's driveway and sidewalk. She would like a call (561 702-9040) before inspection. Municipal Code Closed - B-1 831 E Palmetto Park Rd, 064347200800200 Steven Singer","Description: HOA planted olive trees and the roots have grown and caused damage in complainant's driveway and sidewalk. She would like a call (561 702-9040) before inspection. Municipal Code Closed - B-1 831 E Palmetto Park Rd, 064347200800200 Steven Singer","Description: HOA planted olive trees and the roots have grown and caused damage in complainant's driveway and sidewalk. She would like a call (561 702-9040) before inspection. Municipal Code Closed - B-1 831 E Palmetto Park Rd, 064347200800200 Steven Singer","Description: HOA planted olive trees and the roots have grown and caused damage in complainant's driveway and sidewalk. She would like a call (561 702-9040) before inspection. Municipal Code Closed - B-1 831 E Palmetto Park Rd, 064347200800200 Steven Singer",02/05/2024,03/06/2024,,,,,,,"Description: HOA planted olive trees and the roots have grown and caused damage in complainant's driveway and sidewalk. She would like a call (561 702-9040) before inspection. Municipal Code Closed - B-1 831 E Palmetto Park Rd, 064347200800200 Steven Singer",,136,c:\Users\edilm\OneDrive\Desktop\Edilma Projects\LandingAI-Hack\coderisk-sf\results_folder\bocaraton\raw_json\boca_JustFOIA_Request_2024-9180-30p.json
violation_item,CODE-2024-00298,,,,,"Description: HOA planted olive trees and the roots have grown and caused damage in complainant's driveway and sidewalk. She would like a call (561 702-9040) before inspection. Municipal Code Closed - B-1 831 E Palmetto Park Rd, 064347200800200 Steven Singer","Description: HOA planted olive trees and the roots have grown and caused damage in complainant's driveway and sidewalk. She would like a call (561 702-9040) before inspection. Municipal Code Closed - B-1 831 E Palmetto Park Rd, 064347200800200 Steven Singer","Description: HOA planted olive trees and the roots have grown and caused damage in complainant's driveway and sidewalk. She would like a call (561 702-9040) before inspection. Municipal Code Closed - B-1 831 E Palmetto Park Rd, 064347200800200 Steven Singer",02/05/2024,03/06/2024,,,,Description:,"Per online submitter: ""Trash can in front of 7Eleven is overfilled and trash is blowing across and down the street.""",,"Description: HOA planted olive trees and the roots have grown and caused damage in complainant's driveway and sidewalk. She would like a call (561 702-9040) before inspection. Municipal Code Closed - B-1 831 E Palmetto Park Rd, 064347200800200 Steven Singer","Description: Per online submitter: ""Trash can in front of 7Eleven is overfilled and trash is blowing across and down the street.""",136,c:\Users\edilm\OneDrive\Desktop\Edilma Projects\LandingAI-Hack\coderisk-sf\results_folder\bocaraton\raw_json\boca_JustFOIA_Request_2024-9180-30p.json
case_header,CODE-2024-00299,"Submitter: Monique Rambo moniquerambo@gmail.com (215)268-2608 99 SE Mizner Blvd. SeeclickFix Concern #15996652 created: 02/04/2024 8:44 AM Municipal Code Closed - R1C 831 NE 72Nd St, Boca","Submitter: Monique Rambo moniquerambo@gmail.com (215)268-2608 99 SE Mizner Blvd. SeeclickFix Concern #15996652 created: 02/04/2024 8:44 AM Municipal Code Closed - R1C 831 NE 72Nd St, Boca","Submitter: Monique Rambo moniquerambo@gmail.com (215)268-2608 99 SE Mizner Blvd. SeeclickFix Concern #15996652 created: 02/04/2024 8:44 AM Municipal Code Closed - R1C 831 NE 72Nd St, Boca","Submitter: Monique Rambo moniquerambo@gmail.com (215)268-2608 99 SE Mizner Blvd. SeeclickFix Concern #15996652 created: 02/04/2024 8:44 AM Municipal Code Closed - R1C 831 NE 72Nd St, Boca","Submitter: Monique Rambo moniquerambo@gmail.com (215)268-2608 99 SE Mizner Blvd. SeeclickFix Concern #15996652 created: 02/04/2024 8:44 AM Municipal Code Closed - R1C 831 NE 72Nd St, Boca",,,,,,,,,,,"Submitter: Monique Rambo moniquerambo@gmail.com (215)268-2608 99 SE Mizner Blvd. SeeclickFix Concern #15996652 created: 02/04/2024 8:44 AM Municipal Code Closed - R1C 831 NE 72Nd St, Boca",,136,c:\Users\edilm\OneDrive\Desktop\Edilma Projects\LandingAI-Hack\coderisk-sf\results_folder\bocaraton\raw_json\boca_JustFOIA_Request_2024-9180-30p.json
case_header,CODE-2024-00299,"Submitter: Monique Rambo moniquerambo@gmail.com (215)268-2608 99 SE Mizner Blvd. SeeclickFix Concern #15996652 created: 02/04/2024 8:44 AM Municipal Code Closed - R1C 831 NE 72Nd St, Boca","Submitter: Monique Rambo moniquerambo@gmail.com (215)268-2608 99 SE Mizner Blvd. SeeclickFix Concern #15996652 created: 02/04/2024 8:44 AM Municipal Code Closed - R1C 831 NE 72Nd St, Boca","Submitter: Monique Rambo moniquerambo@gmail.com (215)268-2608 99 SE Mizner Blvd. SeeclickFix Concern #15996652 created: 02/04/2024 8:44 AM Municipal Code Closed - R1C 831 NE 72Nd St, Boca","Submitter: Monique Rambo moniquerambo@gmail.com (215)268-2608 99 SE Mizner Blvd. SeeclickFix Concern #15996652 created: 02/04/2024 8:44 AM Municipal Code Closed - R1C 831 NE 72Nd St, Boca","Submitter: Monique Rambo moniquerambo@gmail.com (215)268-2608 99 SE Mizner Blvd. SeeclickFix Concern #15996652 created: 02/04/2024 8:44 AM Municipal Code Closed - R1C 831 NE 72Nd St, Boca",064346330100200,Therese Smyack,02/05/2024,04/02/2024,,,,,,,"Submitter: Monique Rambo moniquerambo@gmail.com (215)268-2608 99 SE Mizner Blvd. SeeclickFix Concern #15996652 created: 02/04/2024 8:44 AM Municipal Code Closed - R1C 831 NE 72Nd St, Boca",,136,c:\Users\edilm\OneDrive\Desktop\Edilma Projects\LandingAI-Hack\coderisk-sf\results_folder\bocaraton\raw_json\boca_JustFOIA_Request_2024-9180-30p.json
violation_item,CODE-2024-00299,,,,,"Submitter: Monique Rambo moniquerambo@gmail.com (215)268-2608 99 SE Mizner Blvd. SeeclickFix Concern #15996652 created: 02/04/2024 8:44 AM Municipal Code Closed - R1C 831 NE 72Nd St, Boca",064346330100200,Therese Smyack,02/05/2024,04/02/2024,,,,Enforcement,"Resolved Raton, FL 33487 50 SEC. 28-1507(1) In Violation 02/21/2024 02/27/2024 $0.00 Description: Per online submitter: ""Boat on trailer been here for weeks.""",,"Submitter: Monique Rambo moniquerambo@gmail.com (215)268-2608 99 SE Mizner Blvd. SeeclickFix Concern #15996652 created: 02/04/2024 8:44 AM Municipal Code Closed - R1C 831 NE 72Nd St, Boca","Enforcement Resolved Raton, FL 33487 50 SEC. 28-1507(1) In Violation 02/21/2024 02/27/2024 $0.00 Description: Per online submitter: ""Boat on trailer been here for weeks.""",136,c:\Users\edilm\OneDrive\Desktop\Edilma Projects\LandingAI-Hack\coderisk-sf\results_folder\bocaraton\raw_json\boca_JustFOIA_Request_2024-9180-30p.json
violation_item,CODE-2024-00299,,,,,"Submitter: Monique Rambo moniquerambo@gmail.com (215)268-2608 99 SE Mizner Blvd. SeeclickFix Concern #15996652 created: 02/04/2024 8:44 AM Municipal Code Closed - R1C 831 NE 72Nd St, Boca",064346330100200,Therese Smyack,02/05/2024,04/02/2024,,,,Enforcement,"Resolved Raton, FL 33487 50 SEC. 28-1507(1) In Violation 02/21/2024 02/27/2024 $0.00 Description: Per online submitter: ""Boat on trailer been here for weeks.""",,"Submitter: Monique Rambo moniquerambo@gmail.com (215)268-2608 99 SE Mizner Blvd. SeeclickFix Concern #15996652 created: 02/04/2024 8:44 AM Municipal Code Closed - R1C 831 NE 72Nd St, Boca","Enforcement Resolved Raton, FL 33487 50 SEC. 28-1507(1) In Violation 02/21/2024 02/27/2024 $0.00 Description: Per online submitter: ""Boat on trailer been here for weeks.""",136,c:\Users\edilm\OneDrive\Desktop\Edilma Projects\LandingAI-Hack\coderisk-sf\results_folder\bocaraton\raw_json\boca_JustFOIA_Request_2024-9180-30p.json
violation_item,CODE-2024-00299,,,,,"Submitter: Monique Rambo moniquerambo@gmail.com (215)268-2608 99 SE Mizner Blvd. SeeclickFix Concern #15996652 created: 02/04/2024 8:44 AM Municipal Code Closed - R1C 831 NE 72Nd St, Boca",064346330100200,Therese Smyack,02/05/2024,04/02/2024,,,,Submitter:,Naomi Baldino 798 ne 72nd st boca raton Florida 33487 SeeClickFix Concern #16002819 created: 02/05/2024 12:44 PM,,"Submitter: Monique Rambo moniquerambo@gmail.com (215)268-2608 99 SE Mizner Blvd. SeeclickFix Concern #15996652 created: 02/04/2024 8:44 AM Municipal Code Closed - R1C 831 NE 72Nd St, Boca",Submitter: Naomi Baldino 798 ne 72nd st boca raton Florida 33487 SeeClickFix Concern #16002819 created: 02/05/2024 12:44 PM,136,c:\Users\edilm\OneDrive\Desktop\Edilma Projects\LandingAI-Hack\coderisk-sf\results_folder\bocaraton\raw_json\boca_JustFOIA_Request_2024-9180-30p.json
case_header,CODE-2024-00302,Municipal Code,Closed -,,R1C,"785 NE 71St St, Boca",064346320100300,Therese Smyack,02/05/2024,02/21/2024,,,,,,,Closed -,,136,c:\Users\edilm\OneDrive\Desktop\Edilma Projects\LandingAI-Hack\coderisk-sf\results_folder\bocaraton\raw_json\boca_JustFOIA_Request_2024-9180-30p.json
narrative,CODE-2024-00302,,,,,"785 NE 71St St, Boca",064346320100300,Therese Smyack,02/05/2024,02/21/2024,,,,,,"Per online submitter: ""Boat trailer outside and GROWN MEN living in tents in the backyard!!""",Closed -,,136,c:\Users\edilm\OneDrive\Desktop\Edilma Projects\LandingAI-Hack\coderisk-sf\results_folder\bocaraton\raw_json\boca_JustFOIA_Request_2024-9180-30p.json
violation_item,CODE-2024-00302,,,,,"785 NE 71St St, Boca",064346320100300,Therese Smyack,02/05/2024,02/21/2024,,,,Submitter:,Naomi Baldino 798 ne 72nd st boca raton Florida 33487 naomibaldino@gmail.com (561)221-3009,,Closed -,Submitter: Naomi Baldino 798 ne 72nd st boca raton Florida 33487 naomibaldino@gmail.com (561)221-3009,136,c:\Users\edilm\OneDrive\Desktop\Edilma Projects\LandingAI-Hack\coderisk-sf\results_folder\bocaraton\raw_json\boca_JustFOIA_Request_2024-9180-30p.json
violation_item,CODE-2024-00302,,,,,"785 NE 71St St, Boca",064346320100300,Therese Smyack,02/05/2024,02/21/2024,,,,SeeClickFix,Concern #16002553 created: 02/05/2024 12:21 PM,,Closed -,SeeClickFix Concern #16002553 created: 02/05/2024 12:21 PM,136,c:\Users\edilm\OneDrive\Desktop\Edilma Projects\LandingAI-Hack\coderisk-sf\results_folder\bocaraton\raw_json\boca_JustFOIA_Request_2024-9180-30p.json
case_header,CODE-2024-00303,Municipal Code,Closed -,,PT,"100 NE 15Th Ter, Boca",064347201200200,No User,02/05/2024,02/27/2024,,,,,,,Closed -,,136,c:\Users\edilm\OneDrive\Desktop\Edilma Projects\LandingAI-Hack\coderisk-sf\results_folder\bocaraton\raw_json\boca_JustFOIA_Request_2024-9180-30p.json
narrative,CODE-2024-00303,,,,,"100 NE 15Th Ter, Boca",064347201200200,No User,02/05/2024,02/27/2024,,,,,,Observed overgrown vegetation on the west side of the property along Dixie Hwy,Closed -,,136,c:\Users\edilm\OneDrive\Desktop\Edilma Projects\LandingAI-Hack\coderisk-sf\results_folder\bocaraton\raw_json\boca_JustFOIA_Request_2024-9180-30p.json
case_header,CODE-2024-00304,Municipal Code,Closed -,,MC,"5800 NW 2Nd Ave, Boca",064347050300100,Omari Best,02/05/2024,02/06/2024,,,,,,,Closed -,,136,c:\Users\edilm\OneDrive\Desktop\Edilma Projects\LandingAI-Hack\coderisk-sf\results_folder\bocaraton\raw_json\boca_JustFOIA_Request_2024-9180-30p.json
violation_item,CODE-2024-00304,,,,,"5800 NW 2Nd Ave, Boca",064347050300100,Omari Best,02/05/2024,02/06/2024,,,,SEC. 28,-1507(1),,Closed -,In Violation,136,c:\Users\edilm\OneDrive\Desktop\Edilma Projects\LandingAI-Hack\coderisk-sf\results_folder\bocaraton\raw_json\boca_JustFOIA_Request_2024-9180-30p.json
narrative,CODE-2024-00304,,,,,"5800 NW 2Nd Ave, Boca",064347050300100,Omari Best,02/05/2024,02/06/2024,,,,,,Inspection revealed: Tractor trailer removed Property in compliance case closed,Closed -,,136,c:\Users\edilm\OneDrive\Desktop\Edilma Projects\LandingAI-Hack\coderisk-sf\results_folder\bocaraton\raw_json\boca_JustFOIA_Request_2024-9180-30p.json
case_header,CODE-2024-00306,Municipal Code,Closed -,,R1D,"1537 NW 8Th St, Boca",064247240702001,Derek Corcoran,02/06/2024,03/05/2024,,,,,,,Closed -,,136,c:\Users\edilm\OneDrive\Desktop\Edilma Projects\LandingAI-Hack\coderisk-sf\results_folder\bocaraton\raw_json\boca_JustFOIA_Request_2024-9180-30p.json
narrative,CODE-2024-00306,,,,,"1537 NW 8Th St, Boca",064247240702001,Derek Corcoran,02/06/2024,03/05/2024,,,,,,"Per online submitter: ""A boat is always stored in the driveway.""",Closed -,,136,c:\Users\edilm\OneDrive\Desktop\Edilma Projects\LandingAI-Hack\coderisk-sf\results_folder\bocaraton\raw_json\boca_JustFOIA_Request_2024-9180-30p.json
violation_item,CODE-2024-00306,,,,,"1537 NW 8Th St, Boca",064247240702001,Derek Corcoran,02/06/2024,03/05/2024,,,,Submitter:,Brenda Holmes 1610 nw 8th street boca Raton SeeClickFix Concern #15996581 created: 02/04/2024 7:26 AM,,Closed -,Submitter: Brenda Holmes 1610 nw 8th street boca Raton SeeClickFix Concern #15996581 created: 02/04/2024 7:26 AM,136,c:\Users\edilm\OneDrive\Desktop\Edilma Projects\LandingAI-Hack\coderisk-sf\results_folder\bocaraton\raw_json\boca_JustFOIA_Request_2024-9180-30p.json
violation_item,,,,,,,,,,,,,,SEC. 28,-1507(1),,,In Violation,141,c:\Users\edilm\OneDrive\Desktop\Edilma Projects\LandingAI-Hack\coderisk-sf\results_folder\bocaraton\raw_json\boca_JustFOIA_Request_2024-9180-30p.json
violation_item,,,,,,,,,,,,,,SEC. 28,-1509(A),,,In Violation,141,c:\Users\edilm\OneDrive\Desktop\Edilma Projects\LandingAI-Hack\coderisk-sf\results_folder\bocaraton\raw_json\boca_JustFOIA_Request_2024-9180-30p.json
narrative,,,,,,,,,,,,,,,,"Per online submitter: ""Commercial work van stored at house overnight. Vehicles parked in front yard overnight.""",,,141,c:\Users\edilm\OneDrive\Desktop\Edilma Projects\LandingAI-Hack\coderisk-sf\results_folder\bocaraton\raw_json\boca_JustFOIA_Request_2024-9180-30p.json
violation_item,,,,,,,,,,,,,,Submitter:,Mike Johnston 1600 nw 5th st,,,Submitter: Mike Johnston 1600 nw 5th st,141,c:\Users\edilm\OneDrive\Desktop\Edilma Projects\LandingAI-Hack\coderisk-sf\results_folder\bocaraton\raw_json\boca_JustFOIA_Request_2024-9180-30p.json
violation_item,,,,,,,,,,,,,,Seeclickfix,Concern #16005246 created: 02/05/2024 4:28 PM,,,Seeclickfix Concern #16005246 created: 02/05/2024 4:28 PM,141,c:\Users\edilm\OneDrive\Desktop\Edilma Projects\LandingAI-Hack\coderisk-sf\results_folder\bocaraton\raw_json\boca_JustFOIA_Request_2024-9180-30p.json
case_header,CODE-2024-00310,Municipal Code,Closed -,,R1D,"2548 NW 37Th St, Boca 064247100101","2548 NW 37Th St, Boca 064247100101",Juan Hernandez,02/06/2024,02/14/2024,R1D,"2548 NW 37Th St, Boca 064247100101","2548 NW 37Th St, Boca 064247100101",,,,Closed -,,141,c:\Users\edilm\OneDrive\Desktop\Edilma Projects\LandingAI-Hack\coderisk-sf\results_folder\bocaraton\raw_json\boca_JustFOIA_Request_2024-9180-30p.json
violation_item,CODE-2024-00310,,,,,"2548 NW 37Th St, Boca 064247100101","2548 NW 37Th St, Boca 064247100101",Juan Hernandez,02/06/2024,02/14/2024,R1D,"2548 NW 37Th St, Boca 064247100101","2548 NW 37Th St, Boca 064247100101",SEC. 28,-1507(2),,Closed -,In Violation,141,c:\Users\edilm\OneDrive\Desktop\Edilma Projects\LandingAI-Hack\coderisk-sf\results_folder\bocaraton\raw_json\boca_JustFOIA_Request_2024-9180-30p.json
violation_item,CODE-2024-00310,,,,,"2548 NW 37Th St, Boca 064247100101","2548 NW 37Th St, Boca 064247100101",Juan Hernandez,02/06/2024,02/14/2024,R1D,"2548 NW 37Th St, Boca 064247100101","2548 NW 37Th St, Boca 064247100101",Description:,Routine patrol revealed a commercial vehicle. This vehicle was at 38 st a week ago.,,Closed -,Description: Routine patrol revealed a commercial vehicle. This vehicle was at 38 st a week ago.,141,c:\Users\edilm\OneDrive\Desktop\Edilma Projects\LandingAI-Hack\coderisk-sf\results_folder\bocaraton\raw_json\boca_JustFOIA_Request_2024-9180-30p.json
case_header,CODE-2024-00311,Municipal Code,Closed-,,DDRI,"136 E Boca Raton Rd, Boca 064347202800003","136 E Boca Raton Rd, Boca 064347202800003",No User,02/06/2024,02/23/2024,DDRI,"136 E Boca Raton Rd, Boca 064347202800003","136 E Boca Raton Rd, Boca 064347202800003",,,,Closed-,,141,c:\Users\edilm\OneDrive\Desktop\Edilma Projects\LandingAI-Hack\coderisk-sf\results_folder\bocaraton\raw_json\boca_JustFOIA_Request_2024-9180-30p.json
violation_item,CODE-2024-00311,,,,,"136 E Boca Raton Rd, Boca 064347202800003","136 E Boca Raton Rd, Boca 064347202800003",No User,02/06/2024,02/23/2024,DDRI,"136 E Boca Raton Rd, Boca 064347202800003","136 E Boca Raton Rd, Boca 064347202800003",Description:,Demolition permit 2022-00071 has not been closed out.,,Closed-,Description: Demolition permit 2022-00071 has not been closed out.,141,c:\Users\edilm\OneDrive\Desktop\Edilma Projects\LandingAI-Hack\coderisk-sf\results_folder\bocaraton\raw_json\boca_JustFOIA_Request_2024-9180-30p.json
case_header,CODE-2024-00312,Municipal Code,Closed -,,R1D,"2500 Timbercreek Cir, Boca 06424711020022","2500 Timbercreek Cir, Boca 06424711020022",Juan Hernandez,02/06/2024,02/26/2024,R1D,"2500 Timbercreek Cir, Boca 06424711020022","2500 Timbercreek Cir, Boca 06424711020022",,,,Closed -,,141,c:\Users\edilm\OneDrive\Desktop\Edilma Projects\LandingAI-Hack\coderisk-sf\results_folder\bocaraton\raw_json\boca_JustFOIA_Request_2024-9180-30p.json
violation_item,CODE-2024-00312,,,,,"2500 Timbercreek Cir, Boca 06424711020022","2500 Timbercreek Cir, Boca 06424711020022",Juan Hernandez,02/06/2024,02/26/2024,R1D,"2500 Timbercreek Cir, Boca 06424711020022","2500 Timbercreek Cir, Boca 06424711020022",SEC. 25,-251,,Closed -,In Violation,141,c:\Users\edilm\OneDrive\Desktop\Edilma Projects\LandingAI-Hack\coderisk-sf\results_folder\bocaraton\raw_json\boca_JustFOIA_Request_2024-9180-30p.json
violation_item,CODE-2024-00312,,,,,"2500 Timbercreek Cir, Boca 06424711020022","2500 Timbercreek Cir, Boca 06424711020022",Juan Hernandez,02/06/2024,02/26/2024,R1D,"2500 Timbercreek Cir, Boca 06424711020022","2500 Timbercreek Cir, Boca 06424711020022",Description:,"Administrative complaint from Streets Supervisor Adrian Burton, 201 W Palmetto Park Rd: the homeowner's plumber cut",,Closed -,"Description: Administrative complaint from Streets Supervisor Adrian Burton, 201 W Palmetto Park Rd: the homeowner's plumber cut",141,c:\Users\edilm\OneDrive\Desktop\Edilma Projects\LandingAI-Hack\coderisk-sf\results_folder\bocaraton\raw_json\boca_JustFOIA_Request_2024-9180-30p.json
case_header,CODE-2024-00314,Municipal Code,Closed -,,R1D,"201 NE 4Th Ave, Boca",064347203500100,Steven Singer,02/06/2024,02/16/2024,R1D,"201 NE 4Th Ave, Boca",064347203500100,,,,Closed -,,141,c:\Users\edilm\OneDrive\Desktop\Edilma Projects\LandingAI-Hack\coderisk-sf\results_folder\bocaraton\raw_json\boca_JustFOIA_Request_2024-9180-30p.json
narrative,CODE-2024-00314,,,,,"201 NE 4Th Ave, Boca",064347203500100,Steven Singer,02/06/2024,02/16/2024,R1D,"201 NE 4Th Ave, Boca",064347203500100,,,Inspection revealed numerous areas of dead vegetation laying around the property. Pictures Taken. Will notify owner.,Closed -,,141,c:\Users\edilm\OneDrive\Desktop\Edilma Projects\LandingAI-Hack\coderisk-sf\results_folder\bocaraton\raw_json\boca_JustFOIA_Request_2024-9180-30p.json
case_header,CODE-2024-00316,Municipal Code,Closed-,,DDRI,"281 N Federal Hwy, 1,",064347202700303,Scott Newman,02/06/2024,02/06/2024,DDRI,"281 N Federal Hwy, 1,",064347202700303,,,,Closed-,,141,c:\Users\edilm\OneDrive\Desktop\Edilma Projects\LandingAI-Hack\coderisk-sf\results_folder\bocaraton\raw_json\boca_JustFOIA_Request_2024-9180-30p.json
narrative,CODE-2024-00316,,,,,"281 N Federal Hwy, 1,",064347202700303,Scott Newman,02/06/2024,02/06/2024,DDRI,"281 N Federal Hwy, 1,",064347202700303,,,Snipe sign,Closed-,,141,c:\Users\edilm\OneDrive\Desktop\Edilma Projects\LandingAI-Hack\coderisk-sf\results_folder\bocaraton\raw_json\boca_JustFOIA_Request_2024-9180-30p.json
case_header,CODE-2024-00317,Municipal Code,Closed -,,RB1,"6198 N Federal Hwy, Boca 064347050201800","6198 N Federal Hwy, Boca 064347050201800",No User,02/07/2024,02/26/2024,RB1,"6198 N Federal Hwy, Boca 064347050201800","6198 N Federal Hwy, Boca 064347050201800",,,,Closed -,,141,c:\Users\edilm\OneDrive\Desktop\Edilma Projects\LandingAI-Hack\coderisk-sf\results_folder\bocaraton\raw_json\boca_JustFOIA_Request_2024-9180-30p.json
narrative,CODE-2024-00317,,,,,"6198 N Federal Hwy, Boca 064347050201800","6198 N Federal Hwy, Boca 064347050201800",No User,02/07/2024,02/26/2024,RB1,"6198 N Federal Hwy, Boca 064347050201800","6198 N Federal Hwy, Boca 064347050201800",,,"Routine patrol: Feather/Pennant type sign just east of hedge. Also, small snipe sign on swale removed.",Closed -,,141,c:\Users\edilm\OneDrive\Desktop\Edilma Projects\LandingAI-Hack\coderisk-sf\results_folder\bocaraton\raw_json\boca_JustFOIA_Request_2024-9180-30p.json
narrative,,,,,,,,,,,,,,,,"Per online submitter: ""Trash or Recycling: These bags have been on the road since the end of November."" ""I am writing to follow up on my previous communication regarding the uncollected trash that has been persisting on the road since the end of November. I understand the requirements as per Florida State Statute 162.06(1)(b) and apologize for any oversight in my initial report. For your records, my name is Philip Root, residing at 311 SW 7th Ter, Boca Raton, FL 33486. My contact number is 205-222-4321. While I appreciate the necessity of adhering to statutory requirements, I am concerned about the apparent delay in addressing basic municipal services such as trash collection. The accumulation has become an eyesore and poses potential health and safety risks to the community. Observing that procedural formalities are prioritized over the swift resolution of such fundamental issues is disheartening. With my personal details submitted a 2nd time, I trust that your team will expedite the investigation and subsequent cleanup of the reported area. It is imperative for the well-being of our community that such matters are dealt with promptly and efficiently. Thank you for your attention to this matter. I look forward to seeing the necessary action taken to resolve this issue. Sincerely, Philip Root"" ""Furthermore, I wish to highlight a crucial aspect of Florida State Statute 162.06(1)(b) regarding the initiation of enforcement proceedings based on anonymous complaints. While I have provided my personal details as required, it is important to note that the statute expressly exempts situations where a code inspector has reason to believe that the violation presents an imminent threat to public health, safety, or welfare, or imminent destruction of habitat or sensitive resources. The prolonged presence of uncollected trash undoubtedly poses a significant public health risk, attracting vermin and contributing to unsanitary conditions. Therefore, I urge the Code Enforcement Officers to consider the severity of this issue not just as a procedural matter but as a genuine health hazard that warrants immediate attention, in accordance with the spirit and letter of the law."" Submitter: Philip Root, residing at 311 SW 7th Ter, Boca Raton, FL 33486. (205)222-4321. SeeClickFix Concern #15990197 created: 02/02/2024 12:58 PM",,,147,c:\Users\edilm\OneDrive\Desktop\Edilma Projects\LandingAI-Hack\coderisk-sf\results_folder\bocaraton\raw_json\boca_JustFOIA_Request_2024-9180-30p.json
violation_item,,,,,,,,,,,,,,,CODE-2024-00319,,,,147,c:\Users\edilm\OneDrive\Desktop\Edilma Projects\LandingAI-Hack\coderisk-sf\results_folder\bocaraton\raw_json\boca_JustFOIA_Request_2024-9180-30p.json
narrative,,,,,,,,,,,,,,,,Per caller trash cans left in street with recycling bins everyday all week. Please call complainant Russell Kirsner at (954)803-0515 at 39 SW 10th Dr.,,,147,c:\Users\edilm\OneDrive\Desktop\Edilma Projects\LandingAI-Hack\coderisk-sf\results_folder\bocaraton\raw_json\boca_JustFOIA_Request_2024-9180-30p.json
violation_item,,,,,,,,,,,,,,,CODE-2024-00320,,,,147,c:\Users\edilm\OneDrive\Desktop\Edilma Projects\LandingAI-Hack\coderisk-sf\results_folder\bocaraton\raw_json\boca_JustFOIA_Request_2024-9180-30p.json
narrative,,,,,,,,,,,,,,,,Owner is planting trees and hedges within one foot from the street.,,,147,c:\Users\edilm\OneDrive\Desktop\Edilma Projects\LandingAI-Hack\coderisk-sf\results_folder\bocaraton\raw_json\boca_JustFOIA_Request_2024-9180-30p.json
violation_item,,,,,,,,,,,,,,,CODE-2024-00321,,,,147,c:\Users\edilm\OneDrive\Desktop\Edilma Projects\LandingAI-Hack\coderisk-sf\results_folder\bocaraton\raw_json\boca_JustFOIA_Request_2024-9180-30p.json
narrative,,,,,,,,,,,,,,,,Overgrown grass and fence in need of repair. Will contact owner. Picture taken.,,,147,c:\Users\edilm\OneDrive\Desktop\Edilma Projects\LandingAI-Hack\coderisk-sf\results_folder\bocaraton\raw_json\boca_JustFOIA_Request_2024-9180-30p.json
violation_item,,,,,,,,,,,,,,,CODE-2024-00322,,,,147,c:\Users\edilm\OneDrive\Desktop\Edilma Projects\LandingAI-Hack\coderisk-sf\results_folder\bocaraton\raw_json\boca_JustFOIA_Request_2024-9180-30p.json
narrative,,,,,,,,,,,,,,,,Routine patrol for an RV,,,147,c:\Users\edilm\OneDrive\Desktop\Edilma Projects\LandingAI-Hack\coderisk-sf\results_folder\bocaraton\raw_json\boca_JustFOIA_Request_2024-9180-30p.json
violation_item,,,,,,,,,,,,,,,CODE-2024-00323,,,,147,c:\Users\edilm\OneDrive\Desktop\Edilma Projects\LandingAI-Hack\coderisk-sf\results_folder\bocaraton\raw_json\boca_JustFOIA_Request_2024-9180-30p.json
narrative,,,,,,,,,,,,,,,,ROUTINE PATROL: POD ON DRIVE. UNABLE TO LOCATE ANY PERMIT.,,,147,c:\Users\edilm\OneDrive\Desktop\Edilma Projects\LandingAI-Hack\coderisk-sf\results_folder\bocaraton\raw_json\boca_JustFOIA_Request_2024-9180-30p.json
case_header,CODE-2024-00326,Municipal Code Enforcement Description: per caller EUROPEAN AUTO REPAIR CENTER is operating without a motor vehicle repair license. Also stats new AC units added buy cutting into the walls. Caller Gary Bemiss at 10793 N BRANCH RD.,Municipal Code Enforcement Description: per caller EUROPEAN AUTO REPAIR CENTER is operating without a motor vehicle repair license. Also stats new AC units added buy cutting into the walls. Caller Gary Bemiss at 10793 N BRANCH RD.,Municipal Code Enforcement Description: per caller EUROPEAN AUTO REPAIR CENTER is operating without a motor vehicle repair license. Also stats new AC units added buy cutting into the walls. Caller Gary Bemiss at 10793 N BRANCH RD.,Municipal Code Enforcement Description: per caller EUROPEAN AUTO REPAIR CENTER is operating without a motor vehicle repair license. Also stats new AC units added buy cutting into the walls. Caller Gary Bemiss at 10793 N BRANCH RD.,Municipal Code Enforcement Description: per caller EUROPEAN AUTO REPAIR CENTER is operating without a motor vehicle repair license. Also stats new AC units added buy cutting into the walls. Caller Gary Bemiss at 10793 N BRANCH RD.,Municipal Code Enforcement Description: per caller EUROPEAN AUTO REPAIR CENTER is operating without a motor vehicle repair license. Also stats new AC units added buy cutting into the walls. Caller Gary Bemiss at 10793 N BRANCH RD.,Keith Benoit,02/07/2024,03/08/2024,Municipal Code Enforcement Description: per caller EUROPEAN AUTO REPAIR CENTER is operating without a motor vehicle repair license. Also stats new AC units added buy cutting into the walls. Caller Gary Bemiss at 10793 N BRANCH RD.,Municipal Code Enforcement Description: per caller EUROPEAN AUTO REPAIR CENTER is operating without a motor vehicle repair license. Also stats new AC units added buy cutting into the walls. Caller Gary Bemiss at 10793 N BRANCH RD.,Municipal Code Enforcement Description: per caller EUROPEAN AUTO REPAIR CENTER is operating without a motor vehicle repair license. Also stats new AC units added buy cutting into the walls. Caller Gary Bemiss at 10793 N BRANCH RD.,,,,Municipal Code Enforcement Description: per caller EUROPEAN AUTO REPAIR CENTER is operating without a motor vehicle repair license. Also stats new AC units added buy cutting into the walls. Caller Gary Bemiss at 10793 N BRANCH RD.,,152,c:\Users\edilm\OneDrive\Desktop\Edilma Projects\LandingAI-Hack\coderisk-sf\results_folder\bocaraton\raw_json\boca_JustFOIA_Request_2024-9180-30p.json
case_header,CODE-2024-00327,Municipal Code Enforcement SEC. 24-6,Closed - Resolved In Violation,02/07/2024,M2 02/14/2024,"154 NW 20Th St, Boca 064347172901800 Raton, FL 33432 42 02/12/2024 $0.00","154 NW 20Th St, Boca 064347172901800 Raton, FL 33432 42 02/12/2024 $0.00",Omari Best,02/07/2024,02/12/2024,M2 02/14/2024,"154 NW 20Th St, Boca 064347172901800 Raton, FL 33432 42 02/12/2024 $0.00","154 NW 20Th St, Boca 064347172901800 Raton, FL 33432 42 02/12/2024 $0.00",,,,Closed - Resolved In Violation,,152,c:\Users\edilm\OneDrive\Desktop\Edilma Projects\LandingAI-Hack\coderisk-sf\results_folder\bocaraton\raw_json\boca_JustFOIA_Request_2024-9180-30p.json
narrative,CODE-2024-00327,,,,,"154 NW 20Th St, Boca 064347172901800 Raton, FL 33432 42 02/12/2024 $0.00","154 NW 20Th St, Boca 064347172901800 Raton, FL 33432 42 02/12/2024 $0.00",Omari Best,02/07/2024,02/12/2024,M2 02/14/2024,"154 NW 20Th St, Boca 064347172901800 Raton, FL 33432 42 02/12/2024 $0.00","154 NW 20Th St, Boca 064347172901800 Raton, FL 33432 42 02/12/2024 $0.00",,,Inspection revealed: Property in compliance neon sign was moved back off of the window.,Closed - Resolved In Violation,,152,c:\Users\edilm\OneDrive\Desktop\Edilma Projects\LandingAI-Hack\coderisk-sf\results_folder\bocaraton\raw_json\boca_JustFOIA_Request_2024-9180-30p.json
case_header,CODE-2024-00328,Municipal Code,Closed -,,M2,"1990 NW 1St Ave, Boca",064347171100500,Omari Best,02/07/2024,05/15/2024,M2,"1990 NW 1St Ave, Boca",064347171100500,,,,Closed -,,152,c:\Users\edilm\OneDrive\Desktop\Edilma Projects\LandingAI-Hack\coderisk-sf\results_folder\bocaraton\raw_json\boca_JustFOIA_Request_2024-9180-30p.json
violation_item,CODE-2024-00328,,,,,"1990 NW 1St Ave, Boca",064347171100500,Omari Best,02/07/2024,05/15/2024,M2,"1990 NW 1St Ave, Boca",064347171100500,SEC. 19,-62,,Closed -,In Violation,152,c:\Users\edilm\OneDrive\Desktop\Edilma Projects\LandingAI-Hack\coderisk-sf\results_folder\bocaraton\raw_json\boca_JustFOIA_Request_2024-9180-30p.json
violation_item,CODE-2024-00328,,,,,"1990 NW 1St Ave, Boca",064347171100500,Omari Best,02/07/2024,05/15/2024,M2,"1990 NW 1St Ave, Boca",064347171100500,SEC. 19,-66(5),,Closed -,In Violation,152,c:\Users\edilm\OneDrive\Desktop\Edilma Projects\LandingAI-Hack\coderisk-sf\results_folder\bocaraton\raw_json\boca_JustFOIA_Request_2024-9180-30p.json
narrative,CODE-2024-00328,,,,,"1990 NW 1St Ave, Boca",064347171100500,Omari Best,02/07/2024,05/15/2024,M2,"1990 NW 1St Ave, Boca",064347171100500,,,Observation revealed: Newly painted building without permit. Inspection revealed: Permit issued case closed,Closed -,,152,c:\Users\edilm\OneDrive\Desktop\Edilma Projects\LandingAI-Hack\coderisk-sf\results_folder\bocaraton\raw_json\boca_JustFOIA_Request_2024-9180-30p.json
case_header,CODE-2024-00329,Municipal Code,Closed -,,R2,"2800 NE 5Th Ave, Boca",064347170701400,Omari Best,02/07/2024,02/12/2024,R2,"2800 NE 5Th Ave, Boca",064347170701400,,,,Closed -,,152,c:\Users\edilm\OneDrive\Desktop\Edilma Projects\LandingAI-Hack\coderisk-sf\results_folder\bocaraton\raw_json\boca_JustFOIA_Request_2024-9180-30p.json
violation_item,CODE-2024-00329,,,,,"2800 NE 5Th Ave, Boca",064347170701400,Omari Best,02/07/2024,02/12/2024,R2,"2800 NE 5Th Ave, Boca",064347170701400,SEC. 28,-1509(A),,Closed -,In Violation,152,c:\Users\edilm\OneDrive\Desktop\Edilma Projects\LandingAI-Hack\coderisk-sf\results_folder\bocaraton\raw_json\boca_JustFOIA_Request_2024-9180-30p.json
narrative,CODE-2024-00329,,,,,"2800 NE 5Th Ave, Boca",064347170701400,Omari Best,02/07/2024,02/12/2024,R2,"2800 NE 5Th Ave, Boca",064347170701400,,,Inspection revealed: Property in compliance no car parked in front lawn,Closed -,,152,c:\Users\edilm\OneDrive\Desktop\Edilma Projects\LandingAI-Hack\coderisk-sf\results_folder\bocaraton\raw_json\boca_JustFOIA_Request_2024-9180-30p.json
case_header,CODE-2024-00330,Municipal Code,Closed -,,DDRI,"1 S Federal Hwy, Boca",064347291100100,Deiner Lobo,02/07/2024,02/07/2024,DDRI,"1 S Federal Hwy, Boca",064347291100100,,,,Closed -,,152,c:\Users\edilm\OneDrive\Desktop\Edilma Projects\LandingAI-Hack\coderisk-sf\results_folder\bocaraton\raw_json\boca_JustFOIA_Request_2024-9180-30p.json
narrative,CODE-2024-00330,,,,,"1 S Federal Hwy, Boca",064347291100100,Deiner Lobo,02/07/2024,02/07/2024,DDRI,"1 S Federal Hwy, Boca",064347291100100,,,Routine Patrol: Rear of the stop sign located on the South East corner of the property (S Federal Entrance/Exit) was tagged with unlawful advertisement sticker.,Closed -,,152,c:\Users\edilm\OneDrive\Desktop\Edilma Projects\LandingAI-Hack\coderisk-sf\results_folder\bocaraton\raw_json\boca_JustFOIA_Request_2024-9180-30p.json
case_header,CODE-2024-00331,Municipal Code Enforcement,Closed - Resolved,,DDRI,,,Deiner Lobo,02/07/2024,02/07/2024,DDRI,,,,,,Closed - Resolved,,152,c:\Users\edilm\OneDrive\Desktop\Edilma Projects\LandingAI-Hack\coderisk-sf\results_folder\bocaraton\raw_json\boca_JustFOIA_Request_2024-9180-30p.json
case_header,CODE-2024-00331,Description: Routine Patrol: Bottom of the traffic light pole located at the North West corner of the intersection (SE 2nd ST and NE Mizner Blvd) was tagged with prohibited advertising sticker.,Description: Routine Patrol: Bottom of the traffic light pole located at the North West corner of the intersection (SE 2nd ST and NE Mizner Blvd) was tagged with prohibited advertising sticker.,Description: Routine Patrol: Bottom of the traffic light pole located at the North West corner of the intersection (SE 2nd ST and NE Mizner Blvd) was tagged with prohibited advertising sticker.,Description: Routine Patrol: Bottom of the traffic light pole located at the North West corner of the intersection (SE 2nd ST and NE Mizner Blvd) was tagged with prohibited advertising sticker.,Description: Routine Patrol: Bottom of the traffic light pole located at the North West corner of the intersection (SE 2nd ST and NE Mizner Blvd) was tagged with prohibited advertising sticker.,Description: Routine Patrol: Bottom of the traffic light pole located at the North West corner of the intersection (SE 2nd ST and NE Mizner Blvd) was tagged with prohibited advertising sticker.,,,,Description: Routine Patrol: Bottom of the traffic light pole located at the North West corner of the intersection (SE 2nd ST and NE Mizner Blvd) was tagged with prohibited advertising sticker.,Description: Routine Patrol: Bottom of the traffic light pole located at the North West corner of the intersection (SE 2nd ST and NE Mizner Blvd) was tagged with prohibited advertising sticker.,Description: Routine Patrol: Bottom of the traffic light pole located at the North West corner of the intersection (SE 2nd ST and NE Mizner Blvd) was tagged with prohibited advertising sticker.,,,,Description: Routine Patrol: Bottom of the traffic light pole located at the North West corner of the intersection (SE 2nd ST and NE Mizner Blvd) was tagged with prohibited advertising sticker.,,152,c:\Users\edilm\OneDrive\Desktop\Edilma Projects\LandingAI-Hack\coderisk-sf\results_folder\bocaraton\raw_json\boca_JustFOIA_Request_2024-9180-30p.json
case_header,CODE-2024-00332,Municipal Code,Closed -,,DDRI,"72 N Federal Hwy, Boса",064347202700100,Deiner Lobo,02/07/2024,02/07/2024,DDRI,"72 N Federal Hwy, Boса",064347202700100,,,,Closed -,,152,c:\Users\edilm\OneDrive\Desktop\Edilma Projects\LandingAI-Hack\coderisk-sf\results_folder\bocaraton\raw_json\boca_JustFOIA_Request_2024-9180-30p.json
narrative,CODE-2024-00332,,,,,"72 N Federal Hwy, Boса",064347202700100,Deiner Lobo,02/07/2024,02/07/2024,DDRI,"72 N Federal Hwy, Boса",064347202700100,,,Routine Patrol: Utility box located on the North East corner of Sanborn Square was tagged with an off premises advertisement sign.,Closed -,,152,c:\Users\edilm\OneDrive\Desktop\Edilma Projects\LandingAI-Hack\coderisk-sf\results_folder\bocaraton\raw_json\boca_JustFOIA_Request_2024-9180-30p.json
case_header,CODE-2024-00333,Municipal Code,Closed -,,RB1,"2831 N Federal Hwy, 5,",064347170600200,Austin Mann,02/08/2024,02/12/2024,RB1,"2831 N Federal Hwy, 5,",064347170600200,,,,Closed -,,152,c:\Users\edilm\OneDrive\Desktop\Edilma Projects\LandingAI-Hack\coderisk-sf\results_folder\bocaraton\raw_json\boca_JustFOIA_Request_2024-9180-30p.json
violation_item,CODE-2024-00333,,,,,"2831 N Federal Hwy, 5,",064347170600200,Austin Mann,02/08/2024,02/12/2024,RB1,"2831 N Federal Hwy, 5,",064347170600200,Enforcement,"Resolved Boca Raton, FL 33431 10 Description: Email from Complainant G Miller about neon sign in window of 2831 N Federal Hwy.",,Closed -,"Enforcement Resolved Boca Raton, FL 33431 10 Description: Email from Complainant G Miller about neon sign in window of 2831 N Federal Hwy.",152,c:\Users\edilm\OneDrive\Desktop\Edilma Projects\LandingAI-Hack\coderisk-sf\results_folder\bocaraton\raw_json\boca_JustFOIA_Request_2024-9180-30p.json
case_header,CODE-2024-00334,Municipal Code Enforcement,Closed - Resolved,,R3 (PUD),"711 NE Harbour Ter, 4060, 064347171700040 Boca Raton, FL 33431 60","711 NE Harbour Ter, 4060, 064347171700040 Boca Raton, FL 33431 60",Steven Singer,02/08/2024,03/05/2024,R3 (PUD),"711 NE Harbour Ter, 4060, 064347171700040 Boca Raton, FL 33431 60","711 NE Harbour Ter, 4060, 064347171700040 Boca Raton, FL 33431 60",,,,Closed - Resolved,,152,c:\Users\edilm\OneDrive\Desktop\Edilma Projects\LandingAI-Hack\coderisk-sf\results_folder\bocaraton\raw_json\boca_JustFOIA_Request_2024-9180-30p.json
violation_item,CODE-2024-00334,,,,,"711 NE Harbour Ter, 4060, 064347171700040 Boca Raton, FL 33431 60","711 NE Harbour Ter, 4060, 064347171700040 Boca Raton, FL 33431 60",Steven Singer,02/08/2024,03/05/2024,R3 (PUD),"711 NE Harbour Ter, 4060, 064347171700040 Boca Raton, FL 33431 60","711 NE Harbour Ter, 4060, 064347171700040 Boca Raton, FL 33431 60",Description:,"Per online submitter: ""Has the replacement of the floor header under apt406 been do to city building code?"" Submitter: Andy bowers 711 Ne Harbour terrace 401, Boca Raton SeeClickFix Concern #16019093 created: 02/07/2024 4:35 PM",,Closed - Resolved,"Description: Per online submitter: ""Has the replacement of the floor header under apt406 been do to city building code?"" Submitter: Andy bowers 711 Ne Harbour terrace 401, Boca Raton SeeClickFix Concern #16019093 created: 02/07/2024 4:35 PM",152,c:\Users\edilm\OneDrive\Desktop\Edilma Projects\LandingAI-Hack\coderisk-sf\results_folder\bocaraton\raw_json\boca_JustFOIA_Request_2024-9180-30p.json
narrative,,,,,,,,,,,,,,,,Construction work - complainant is concerned that there is no permit to do the work.,,,157,c:\Users\edilm\OneDrive\Desktop\Edilma Projects\LandingAI-Hack\coderisk-sf\results_folder\bocaraton\raw_json\boca_JustFOIA_Request_2024-9180-30p.json
case_header,CODE-2024-00336,Municipal Code,Closed -,,R1D,"1318 NW 4Th St, Boca","1318 NW 4Th St, Boca",Derek Corcoran,02/08/2024,03/05/2024,R1D,"1318 NW 4Th St, Boca","1318 NW 4Th St, Boca",,,,Closed -,,157,c:\Users\edilm\OneDrive\Desktop\Edilma Projects\LandingAI-Hack\coderisk-sf\results_folder\bocaraton\raw_json\boca_JustFOIA_Request_2024-9180-30p.json
violation_item,CODE-2024-00336,,,,,"1318 NW 4Th St, Boca","1318 NW 4Th St, Boca",Derek Corcoran,02/08/2024,03/05/2024,R1D,"1318 NW 4Th St, Boca","1318 NW 4Th St, Boca",SEC. 10,-27(2),,Closed -,In Violation,157,c:\Users\edilm\OneDrive\Desktop\Edilma Projects\LandingAI-Hack\coderisk-sf\results_folder\bocaraton\raw_json\boca_JustFOIA_Request_2024-9180-30p.json
violation_item,CODE-2024-00336,,,,,"1318 NW 4Th St, Boca","1318 NW 4Th St, Boca",Derek Corcoran,02/08/2024,03/05/2024,R1D,"1318 NW 4Th St, Boca","1318 NW 4Th St, Boca",Description:,"Per online submitter: ""unkept yard. no maintenance and grass growing over the sidewalk and into the street."" Submitter: mike Johnston 1600 nw 5th st Seeclickfix Concern #16022329 created: 02/08/2024 10:29 AM",,Closed -,"Description: Per online submitter: ""unkept yard. no maintenance and grass growing over the sidewalk and into the street."" Submitter: mike Johnston 1600 nw 5th st Seeclickfix Concern #16022329 created: 02/08/2024 10:29 AM",157,c:\Users\edilm\OneDrive\Desktop\Edilma Projects\LandingAI-Hack\coderisk-sf\results_folder\bocaraton\raw_json\boca_JustFOIA_Request_2024-9180-30p.json
violation_item,CODE-2024-00336,,,,,"1318 NW 4Th St, Boca","1318 NW 4Th St, Boca",Derek Corcoran,02/08/2024,03/05/2024,R1D,"1318 NW 4Th St, Boca","1318 NW 4Th St, Boca",Description:,"Per online submitter: ""unkept yard. no maintenance and grass growing over the sidewalk and into the street."" Submitter: mike Johnston 1600 nw 5th st Seeclickfix Concern #16022329 created: 02/08/2024 10:29 AM",,Closed -,"Description: Per online submitter: ""unkept yard. no maintenance and grass growing over the sidewalk and into the street."" Submitter: mike Johnston 1600 nw 5th st Seeclickfix Concern #16022329 created: 02/08/2024 10:29 AM",157,c:\Users\edilm\OneDrive\Desktop\Edilma Projects\LandingAI-Hack\coderisk-sf\results_folder\bocaraton\raw_json\boca_JustFOIA_Request_2024-9180-30p.json
case_header,CODE-2024-00337,Municipal Code,Closed -,,R1D,"1365 NW 4Th St, Boca","1365 NW 4Th St, Boca",Derek Corcoran,02/08/2024,06/27/2024,R1D,"1365 NW 4Th St, Boca","1365 NW 4Th St, Boca",,,,Closed -,,157,c:\Users\edilm\OneDrive\Desktop\Edilma Projects\LandingAI-Hack\coderisk-sf\results_folder\bocaraton\raw_json\boca_JustFOIA_Request_2024-9180-30p.json
violation_item,CODE-2024-00337,,,,,"1365 NW 4Th St, Boca","1365 NW 4Th St, Boca",Derek Corcoran,02/08/2024,06/27/2024,R1D,"1365 NW 4Th St, Boca","1365 NW 4Th St, Boca",SEC. 14,-11,,Closed -,In Violation,157,c:\Users\edilm\OneDrive\Desktop\Edilma Projects\LandingAI-Hack\coderisk-sf\results_folder\bocaraton\raw_json\boca_JustFOIA_Request_2024-9180-30p.json
narrative,CODE-2024-00337,,,,,"1365 NW 4Th St, Boca","1365 NW 4Th St, Boca",Derek Corcoran,02/08/2024,06/27/2024,R1D,"1365 NW 4Th St, Boca","1365 NW 4Th St, Boca",,,"Per online submitter: ""yard waste pile in swale almost a week before bulk pickup.""",Closed -,,157,c:\Users\edilm\OneDrive\Desktop\Edilma Projects\LandingAI-Hack\coderisk-sf\results_folder\bocaraton\raw_json\boca_JustFOIA_Request_2024-9180-30p.json
violation_item,CODE-2024-00337,,,,,"1365 NW 4Th St, Boca","1365 NW 4Th St, Boca",Derek Corcoran,02/08/2024,06/27/2024,R1D,"1365 NW 4Th St, Boca","1365 NW 4Th St, Boca",Submitter:,mike Johnston 1600 nw 5th st Seeclickfix Concern #16022339 created: 02/08/2024 10:31 AM,,Closed -,Submitter: mike Johnston 1600 nw 5th st Seeclickfix Concern #16022339 created: 02/08/2024 10:31 AM,157,c:\Users\edilm\OneDrive\Desktop\Edilma Projects\LandingAI-Hack\coderisk-sf\results_folder\bocaraton\raw_json\boca_JustFOIA_Request_2024-9180-30p.json
case_header,CODE-2024-00338,Municipal Code,Closed -,,R1D,"1373 NW 4Th St, Boca","1373 NW 4Th St, Boca",Derek Corcoran,02/08/2024,06/28/2024,R1D,"1373 NW 4Th St, Boca","1373 NW 4Th St, Boca",,,,Closed -,,157,c:\Users\edilm\OneDrive\Desktop\Edilma Projects\LandingAI-Hack\coderisk-sf\results_folder\bocaraton\raw_json\boca_JustFOIA_Request_2024-9180-30p.json
violation_item,CODE-2024-00338,,,,,"1373 NW 4Th St, Boca","1373 NW 4Th St, Boca",Derek Corcoran,02/08/2024,06/28/2024,R1D,"1373 NW 4Th St, Boca","1373 NW 4Th St, Boca",SEC. 14,-11,,Closed -,In Violation,157,c:\Users\edilm\OneDrive\Desktop\Edilma Projects\LandingAI-Hack\coderisk-sf\results_folder\bocaraton\raw_json\boca_JustFOIA_Request_2024-9180-30p.json
violation_item,CODE-2024-00338,,,,,"1373 NW 4Th St, Boca","1373 NW 4Th St, Boca",Derek Corcoran,02/08/2024,06/28/2024,R1D,"1373 NW 4Th St, Boca","1373 NW 4Th St, Boca",SEC. 28,-1509(A),,Closed -,In Violation,157,c:\Users\edilm\OneDrive\Desktop\Edilma Projects\LandingAI-Hack\coderisk-sf\results_folder\bocaraton\raw_json\boca_JustFOIA_Request_2024-9180-30p.json
narrative,CODE-2024-00338,,,,,"1373 NW 4Th St, Boca","1373 NW 4Th St, Boca",Derek Corcoran,02/08/2024,06/28/2024,R1D,"1373 NW 4Th St, Boca","1373 NW 4Th St, Boca",,,"Per online submitter: ""yard waste pile in swale almost a week before bulk pickup.""",Closed -,,157,c:\Users\edilm\OneDrive\Desktop\Edilma Projects\LandingAI-Hack\coderisk-sf\results_folder\bocaraton\raw_json\boca_JustFOIA_Request_2024-9180-30p.json
violation_item,CODE-2024-00338,,,,,"1373 NW 4Th St, Boca","1373 NW 4Th St, Boca",Derek Corcoran,02/08/2024,06/28/2024,R1D,"1373 NW 4Th St, Boca","1373 NW 4Th St, Boca",Submitter:,mike Johnston 1600 nw 5th st,,Closed -,Submitter: mike Johnston 1600 nw 5th st,157,c:\Users\edilm\OneDrive\Desktop\Edilma Projects\LandingAI-Hack\coderisk-sf\results_folder\bocaraton\raw_json\boca_JustFOIA_Request_2024-9180-30p.json
violation_item,CODE-2024-00338,,,,,"1373 NW 4Th St, Boca","1373 NW 4Th St, Boca",Derek Corcoran,02/08/2024,06/28/2024,R1D,"1373 NW 4Th St, Boca","1373 NW 4Th St, Boca",Seeclickfix,Concern #16022347 created: 02/08/2024 10:32 AM,,Closed -,Seeclickfix Concern #16022347 created: 02/08/2024 10:32 AM,157,c:\Users\edilm\OneDrive\Desktop\Edilma Projects\LandingAI-Hack\coderisk-sf\results_folder\bocaraton\raw_json\boca_JustFOIA_Request_2024-9180-30p.json
case_header,CODE-2024-00339,Municipal Code,Closed -,,R1D,"4832 NW 25Th Way, Boda","4832 NW 25Th Way, Boda",Juan Hernandez,02/08/2024,03/04/2024,R1D,"4832 NW 25Th Way, Boda","4832 NW 25Th Way, Boda",,,,Closed -,,157,c:\Users\edilm\OneDrive\Desktop\Edilma Projects\LandingAI-Hack\coderisk-sf\results_folder\bocaraton\raw_json\boca_JustFOIA_Request_2024-9180-30p.json
violation_item,CODE-2024-00339,,,,,"4832 NW 25Th Way, Boda","4832 NW 25Th Way, Boda",Juan Hernandez,02/08/2024,03/04/2024,R1D,"4832 NW 25Th Way, Boda","4832 NW 25Th Way, Boda",SEC. 25,-251,,Closed -,In Violation,157,c:\Users\edilm\OneDrive\Desktop\Edilma Projects\LandingAI-Hack\coderisk-sf\results_folder\bocaraton\raw_json\boca_JustFOIA_Request_2024-9180-30p.json
narrative,CODE-2024-00339,,,,,"4832 NW 25Th Way, Boda","4832 NW 25Th Way, Boda",Juan Hernandez,02/08/2024,03/04/2024,R1D,"4832 NW 25Th Way, Boda","4832 NW 25Th Way, Boda",,,"Per Adrian Burton, Streets Supervisor - ""Homeowner reported section of sidewalk missing, I checked with utilities about doing work the sidewalk at this address, they only had a site restoration for asphalt"".",Closed -,,157,c:\Users\edilm\OneDrive\Desktop\Edilma Projects\LandingAI-Hack\coderisk-sf\results_folder\bocaraton\raw_json\boca_JustFOIA_Request_2024-9180-30p.json
narrative,CODE-2024-00339,,,,,"4832 NW 25Th Way, Boda","4832 NW 25Th Way, Boda",Juan Hernandez,02/08/2024,03/04/2024,R1D,"4832 NW 25Th Way, Boda","4832 NW 25Th Way, Boda",,,"Per Adrian Burton, Streets Supervisor - ""Homeowner reported section of sidewalk missing, I checked with utilities about doing work the sidewalk at this address, they only had a site restoration for asphalt"".",Closed -,,157,c:\Users\edilm\OneDrive\Desktop\Edilma Projects\LandingAI-Hack\coderisk-sf\results_folder\bocaraton\raw_json\boca_JustFOIA_Request_2024-9180-30p.json
case_header,CODE-2024-00340,Municipal Code,Closed -,,R1D,"1284 NW 4Th St, Boca","1284 NW 4Th St, Boca",Derek Corcoran,02/08/2024,03/05/2024,R1D,"1284 NW 4Th St, Boca","1284 NW 4Th St, Boca",,,,Closed -,,157,c:\Users\edilm\OneDrive\Desktop\Edilma Projects\LandingAI-Hack\coderisk-sf\results_folder\bocaraton\raw_json\boca_JustFOIA_Request_2024-9180-30p.json
violation_item,CODE-2024-00340,,,,,"1284 NW 4Th St, Boca","1284 NW 4Th St, Boca",Derek Corcoran,02/08/2024,03/05/2024,R1D,"1284 NW 4Th St, Boca","1284 NW 4Th St, Boca",SEC. 14,-11,,Closed -,In Violation,157,c:\Users\edilm\OneDrive\Desktop\Edilma Projects\LandingAI-Hack\coderisk-sf\results_folder\bocaraton\raw_json\boca_JustFOIA_Request_2024-9180-30p.json
narrative,CODE-2024-00340,,,,,"1284 NW 4Th St, Boca","1284 NW 4Th St, Boca",Derek Corcoran,02/08/2024,03/05/2024,R1D,"1284 NW 4Th St, Boca","1284 NW 4Th St, Boca",,,"Per online submitter: ""yard waste pile in swale almost a week before bulk pickup.""",Closed -,,157,c:\Users\edilm\OneDrive\Desktop\Edilma Projects\LandingAI-Hack\coderisk-sf\results_folder\bocaraton\raw_json\boca_JustFOIA_Request_2024-9180-30p.json
violation_item,CODE-2024-00340,,,,,"1284 NW 4Th St, Boca","1284 NW 4Th St, Boca",Derek Corcoran,02/08/2024,03/05/2024,R1D,"1284 NW 4Th St, Boca","1284 NW 4Th St, Boca",Submitter:,mike Johnston 1600 nw 5th st,,Closed -,Submitter: mike Johnston 1600 nw 5th st,157,c:\Users\edilm\OneDrive\Desktop\Edilma Projects\LandingAI-Hack\coderisk-sf\results_folder\bocaraton\raw_json\boca_JustFOIA_Request_2024-9180-30p.json
violation_item,CODE-2024-00340,,,,,"1284 NW 4Th St, Boca","1284 NW 4Th St, Boca",Derek Corcoran,02/08/2024,03/05/2024,R1D,"1284 NW 4Th St, Boca","1284 NW 4Th St, Boca",Seeclickfix,Concern #16022352 created: 02/08/2024 10:32 AM,,Closed -,Seeclickfix Concern #16022352 created: 02/08/2024 10:32 AM,157,c:\Users\edilm\OneDrive\Desktop\Edilma Projects\LandingAI-Hack\coderisk-sf\results_folder\bocaraton\raw_json\boca_JustFOIA_Request_2024-9180-30p.json
case_header,CODE-2024-00341,Municipal Code,Closed -,,B-1,"765 Jeffery St, Boca Raton,","765 Jeffery St, Boca Raton,",Therese Smyack,02/08/2024,08/13/2024,B-1,"765 Jeffery St, Boca Raton,","765 Jeffery St, Boca Raton,",,,,Closed -,,157,c:\Users\edilm\OneDrive\Desktop\Edilma Projects\LandingAI-Hack\coderisk-sf\results_folder\bocaraton\raw_json\boca_JustFOIA_Request_2024-9180-30p.json
violation_item,CODE-2024-00341,,,,,"765 Jeffery St, Boca Raton,","765 Jeffery St, Boca Raton,",Therese Smyack,02/08/2024,08/13/2024,B-1,"765 Jeffery St, Boca Raton,","765 Jeffery St, Boca Raton,",SEC. 19,-62,,Closed -,In Violation,157,c:\Users\edilm\OneDrive\Desktop\Edilma Projects\LandingAI-Hack\coderisk-sf\results_folder\bocaraton\raw_json\boca_JustFOIA_Request_2024-9180-30p.json
violation_item,CODE-2024-00341,,,,,"765 Jeffery St, Boca Raton,","765 Jeffery St, Boca Raton,",Therese Smyack,02/08/2024,08/13/2024,B-1,"765 Jeffery St, Boca Raton,","765 Jeffery St, Boca Raton,",Description:,"Complainant, Kevin Flynn, provided pics of 3rd floor water heater replacement. HOA president, Dwyane Diggers, confirms no permit yet. Diggers states the work was a done as a result of an emergency. NOV and Triple Fee applied.",,Closed -,"Description: Complainant, Kevin Flynn, provided pics of 3rd floor water heater replacement. HOA president, Dwyane Diggers, confirms no permit yet. Diggers states the work was a done as a result of an emergency. NOV and Triple Fee applied.",157,c:\Users\edilm\OneDrive\Desktop\Edilma Projects\LandingAI-Hack\coderisk-sf\results_folder\bocaraton\raw_json\boca_JustFOIA_Request_2024-9180-30p.json
violation_item,CODE-2024-00341,,,,,"765 Jeffery St, Boca Raton,","765 Jeffery St, Boca Raton,",Therese Smyack,02/08/2024,08/13/2024,B-1,"765 Jeffery St, Boca Raton,","765 Jeffery St, Boca Raton,",Description:,"Complainant, Kevin Flynn, provided pics of 3rd floor water heater replacement. HOA president, Dwyane Diggers, confirms no permit yet. Diggers states the work was a done as a result of an emergency. NOV and Triple Fee applied.",,Closed -,"Description: Complainant, Kevin Flynn, provided pics of 3rd floor water heater replacement. HOA president, Dwyane Diggers, confirms no permit yet. Diggers states the work was a done as a result of an emergency. NOV and Triple Fee applied.",157,c:\Users\edilm\OneDrive\Desktop\Edilma Projects\LandingAI-Hack\coderisk-sf\results_folder\bocaraton\raw_json\boca_JustFOIA_Request_2024-9180-30p.json
case_header,CODE-2024-00342,Municipal Code,Closed -,,R2,"680 Ipswich St, Boca","680 Ipswich St, Boca",Therese Smyack,02/08/2024,08/03/2024,R2,"680 Ipswich St, Boca","680 Ipswich St, Boca",,,,Closed -,,157,c:\Users\edilm\OneDrive\Desktop\Edilma Projects\LandingAI-Hack\coderisk-sf\results_folder\bocaraton\raw_json\boca_JustFOIA_Request_2024-9180-30p.json
narrative,CODE-2024-00342,,,,,"680 Ipswich St, Boca","680 Ipswich St, Boca",Therese Smyack,02/08/2024,08/03/2024,R2,"680 Ipswich St, Boca","680 Ipswich St, Boca",,,Per caller buildings being torn down and no one is wetting down the dust. Please call complainant Bradley Hedgefpeth,Closed -,,157,c:\Users\edilm\OneDrive\Desktop\Edilma Projects\LandingAI-Hack\coderisk-sf\results_folder\bocaraton\raw_json\boca_JustFOIA_Request_2024-9180-30p.json
violation_item,CODE-2024-00342,,,,,"680 Ipswich St, Boca","680 Ipswich St, Boca",Therese Smyack,02/08/2024,08/03/2024,R2,"680 Ipswich St, Boca","680 Ipswich St, Boca",at,(561)287-0601 665 Jeffery St.,,Closed -,at (561)287-0601 665 Jeffery St.,157,c:\Users\edilm\OneDrive\Desktop\Edilma Projects\LandingAI-Hack\coderisk-sf\results_folder\bocaraton\raw_json\boca_JustFOIA_Request_2024-9180-30p.json
case_header,CODE-2024-00347,Municipal Code Enforcement Description: Parkin,Closed - Resolved g on Grass,,R1D,"636 NW 12Th Ter, Boca Raton, FL 33486",064247240200303 80,Christopher Sutherland,02/08/2024,02/29/2024,R1D,"636 NW 12Th Ter, Boca Raton, FL 33486",064247240200303 80,,,,Closed - Resolved g on Grass,,162,c:\Users\edilm\OneDrive\Desktop\Edilma Projects\LandingAI-Hack\coderisk-sf\results_folder\bocaraton\raw_json\boca_JustFOIA_Request_2024-9180-30p.json
case_header,CODE-2024-00348,Municipal Code Enforcement Description: Inspe,Closed - Resolved t for Code Violation: Parking on the grass.,Closed - Resolved t for Code Violation: Parking on the grass.,R1D,"633 NW 12Th Ter, Boca Raton, FL 33486",064247240200400 80,Christopher Sutherland,02/08/2024,02/23/2024,R1D,"633 NW 12Th Ter, Boca Raton, FL 33486",064247240200400 80,,,,Closed - Resolved t for Code Violation: Parking on the grass.,,162,c:\Users\edilm\OneDrive\Desktop\Edilma Projects\LandingAI-Hack\coderisk-sf\results_folder\bocaraton\raw_json\boca_JustFOIA_Request_2024-9180-30p.json
case_header,CODE-2024-00349,Municipal Code Enforcement Description: Inspe,Closed - Resolved t for Violation: Commercial vehicle and parking,Closed - Resolved t for Violation: Commercial vehicle and parking,R1D on grass,"599 NW 13Th Dr, Boca Raton, FL 33486",064247240200702 50,Christopher Sutherland,02/08/2024,03/16/2024,R1D on grass,"599 NW 13Th Dr, Boca Raton, FL 33486",064247240200702 50,,,,Closed - Resolved t for Violation: Commercial vehicle and parking,,162,c:\Users\edilm\OneDrive\Desktop\Edilma Projects\LandingAI-Hack\coderisk-sf\results_folder\bocaraton\raw_json\boca_JustFOIA_Request_2024-9180-30p.json
case_header,CODE-2024-00350,Municipal Code Enforcement Description: Inspe,Closed - Resolved t for Violation: parking on grass,Closed - Resolved t for Violation: parking on grass,R1D,"651 NW 14Th Ave, Boca Raton, FL 33486",064247240301800 20,Christopher Sutherland,02/08/2024,03/02/2024,R1D,"651 NW 14Th Ave, Boca Raton, FL 33486",064247240301800 20,,,,Closed - Resolved t for Violation: parking on grass,,162,c:\Users\edilm\OneDrive\Desktop\Edilma Projects\LandingAI-Hack\coderisk-sf\results_folder\bocaraton\raw_json\boca_JustFOIA_Request_2024-9180-30p.json
case_header,CODE-2024-00351,Municipal Code Enforcement Description: Inspe,Closed - Resolved t for Violation: Commercial vehicle,Closed - Resolved t for Violation: Commercial vehicle,R1D,"528 NW 15Th Ct, Boca Raton, FL 33486",064247240301201 00,Christopher Sutherland,02/08/2024,03/01/2024,R1D,"528 NW 15Th Ct, Boca Raton, FL 33486",064247240301201 00,,,,Closed - Resolved t for Violation: Commercial vehicle,,162,c:\Users\edilm\OneDrive\Desktop\Edilma Projects\LandingAI-Hack\coderisk-sf\results_folder\bocaraton\raw_json\boca_JustFOIA_Request_2024-9180-30p.json
case_header,CODE-2024-00353,Municipal Code Enforcement Description: Inspe,Closed - Resolved t for Violation: Commercial vehicle,Closed - Resolved t for Violation: Commercial vehicle,R1D,"640 NW 16Th Ave, Boca Raton, FL 33486",064247240301301 40,Christopher Sutherland,02/08/2024,02/29/2024,R1D,"640 NW 16Th Ave, Boca Raton, FL 33486",064247240301301 40,,,,Closed - Resolved t for Violation: Commercial vehicle,,162,c:\Users\edilm\OneDrive\Desktop\Edilma Projects\LandingAI-Hack\coderisk-sf\results_folder\bocaraton\raw_json\boca_JustFOIA_Request_2024-9180-30p.json
case_header,CODE-2024-00354,Municipal Code Enforcement Description: Inspe,Closed - Resolved t for Violation: Parking on grass,Closed - Resolved t for Violation: Parking on grass,R1D,"669 NW 16Th Ct, Boca Raton, FL 33486",064247240301500 12,Christopher Sutherland,02/08/2024,02/29/2024,R1D,"669 NW 16Th Ct, Boca Raton, FL 33486",064247240301500 12,,,,Closed - Resolved t for Violation: Parking on grass,,162,c:\Users\edilm\OneDrive\Desktop\Edilma Projects\LandingAI-Hack\coderisk-sf\results_folder\bocaraton\raw_json\boca_JustFOIA_Request_2024-9180-30p.json
case_header,CODE-2024-00355,Municipal Code Enforcement Description: Inspe,Closed - Resolved t for Violation: Parking on ROW,Closed - Resolved t for Violation: Parking on ROW,R1D,"1661 NW 7Th St, Boca Raton, FL 33486",064247240301701 00,Christopher Sutherland,02/08/2024,03/02/2024,R1D,"1661 NW 7Th St, Boca Raton, FL 33486",064247240301701 00,,,,Closed - Resolved t for Violation: Parking on ROW,,162,c:\Users\edilm\OneDrive\Desktop\Edilma Projects\LandingAI-Hack\coderisk-sf\results_folder\bocaraton\raw_json\boca_JustFOIA_Request_2024-9180-30p.json
case_header,CODE-2024-00356,Municipal Code Enforcement Description: Inspe,Closed - Resolved t for Violation: Parking on grass,Closed - Resolved t for Violation: Parking on grass,R1D,"1630 NW 9Th St, Boca Raton, FL 33486",064247240702000 60,Christopher Sutherland,02/08/2024,03/07/2024,R1D,"1630 NW 9Th St, Boca Raton, FL 33486",064247240702000 60,,,,Closed - Resolved t for Violation: Parking on grass,,162,c:\Users\edilm\OneDrive\Desktop\Edilma Projects\LandingAI-Hack\coderisk-sf\results_folder\bocaraton\raw_json\boca_JustFOIA_Request_2024-9180-30p.json
case_header,CODE-2024-00357,Municipal Code Enforcement Description: Inspe,Closed - Resolved t for Violation: Parking on grass,Closed - Resolved t for Violation: Parking on grass,R1D,"1541 NW 9Th St, Boca Raton, FL 33486",064247240702101 20,Christopher Sutherland,02/08/2024,02/23/2024,R1D,"1541 NW 9Th St, Boca Raton, FL 33486",064247240702101 20,,,,Closed - Resolved t for Violation: Parking on grass,,162,c:\Users\edilm\OneDrive\Desktop\Edilma Projects\LandingAI-Hack\coderisk-sf\results_folder\bocaraton\raw_json\boca_JustFOIA_Request_2024-9180-30p.json
case_header,CODE-2024-00358,Municipal Code Enforcement Description: Inspe,Closed - Resolved t for Violation: comm,ercial vehicle,R1D,"1561 NW 9Th St, Boca Raton, FL 33486",064247240702101 30,Christopher Sutherland,02/08/2024,03/02/2024,R1D,"1561 NW 9Th St, Boca Raton, FL 33486",064247240702101 30,,,,Closed - Resolved t for Violation: comm,,162,c:\Users\edilm\OneDrive\Desktop\Edilma Projects\LandingAI-Hack\coderisk-sf\results_folder\bocaraton\raw_json\boca_JustFOIA_Request_2024-9180-30p.json
case_header,CODE-2024-00359,Municipal Code Enforcement Description: Inspe,Closed - Resolved for Violation: parking on grass,Closed - Resolved for Violation: parking on grass,R1D,"1698 NW 10Th St, Boca Raton, FL 33486",064247240702002 80,Christopher Sutherland,02/08/2024,02/23/2024,R1D,"1698 NW 10Th St, Boca Raton, FL 33486",064247240702002 80,,,,Closed - Resolved for Violation: parking on grass,,162,c:\Users\edilm\OneDrive\Desktop\Edilma Projects\LandingAI-Hack\coderisk-sf\results_folder\bocaraton\raw_json\boca_JustFOIA_Request_2024-9180-30p.json
case_header,CODE-2024-00360,Municipal Code Enforcement Description: Insped,Closed - Resolved t for Violation: comm,ercial trailer,R1D,"1001 NW 16Th Ter, Boca Raton, FL 33486",064247240702302 40,Christopher Sutherland,02/08/2024,02/23/2024,R1D,"1001 NW 16Th Ter, Boca Raton, FL 33486",064247240702302 40,,,,Closed - Resolved t for Violation: comm,,162,c:\Users\edilm\OneDrive\Desktop\Edilma Projects\LandingAI-Hack\coderisk-sf\results_folder\bocaraton\raw_json\boca_JustFOIA_Request_2024-9180-30p.json
case_header,CODE-2024-00361,Municipal Code Enforcement Description: Insped,Closed - Resolved t for Violation: comm,ercial vehicle,R1C,"1341 NW 13Th Ct, Boca Raton, FL 33486",064247242700200 10,Christopher Sutherland,02/09/2024,03/01/2024,R1C,"1341 NW 13Th Ct, Boca Raton, FL 33486",064247242700200 10,,,,Closed - Resolved t for Violation: comm,,162,c:\Users\edilm\OneDrive\Desktop\Edilma Projects\LandingAI-Hack\coderisk-sf\results_folder\bocaraton\raw_json\boca_JustFOIA_Request_2024-9180-30p.json
