violation_id_raw,case_status_raw,chunk_id,source_file,,violation_description_raw,address_raw,opened_date_raw,days_active_raw,last_action_raw,next_action_raw,closed_date_raw,result_date_raw,due_date_raw,city
23-00100401,ACTIVE,3,margate_data.json,,40 YEAR SAFETY INSPECTIONS,5301 W ATLANTIC BLVD,11/07/23,92,INITIAL INSPECTION,,,,,Margate
23-00100402,ACTIVE,3,margate_data.json,,40 YEAR SAFETY INSPECTIONS,5301 W ATLANTIC BLVD,11/07/23,92,INITIAL INSPECTION,,,,,Margate
24-00100048,ACTIVE,3,margate_data.json,,40 YEAR SAFETY INSPECTIONS,5375 W ATLANTIC BLVD,2/07/24,2,INITIAL INSPECTION,,,,,Margate
23-00100419,ACTIVE,3,margate_data.json,,UNSAFE STRUCTURE (BLDG),5499 W ATLANTIC BLVD,11/14/23,85,NOTICE OF VIOLATION-MAIL,REINSPECTION,,11/16/23,12/01/23,Margate
23-00100039,ACTIVE,3,margate_data.json,,WORK WITHOUT PERMIT-BUILDING,5642 W ATLANTIC BLVD,2/23/23,349,NOTICE OF VIOLATION-MAIL,REINSPECTION,,2/25/23,3/12/23,Margate
24-00100015,ACTIVE,3,margate_data.json,,UNSAFE STRUCTURE (BLDG),5681 W ATLANTIC BLVD,1/10/24,28,NOTICE OF VIOLATION-MAIL,REINSPECTION,,1/12/24,1/27/24,Margate
23-00100245,ACTIVE,3,margate_data.json,,UNSAFE STRUCTURE (BLDG),6000 W ATLANTIC BLVD # 1,8/31/23,160,NOTICE OF VIOLATION-MAIL,REINSPECTION,,9/05/23,9/20/23,Margate
20-00100525,CASE CLOSED,3,margate_data.json,,WORK WITHOUT PERMIT-BUILDING,6101 W ATLANTIC BLVD,11/18/20,1128,CASE CLOSED,,12/20/23,,,Margate
21-00100157,CASE CLOSED,3,margate_data.json,,WORK WITHOUT PERMIT-BUILDING,6101 W ATLANTIC BLVD,4/22/21,973,CASE CLOSED,,12/20/23,,,Margate
21-00100315,CASE CLOSED,3,margate_data.json,,UNSAFE STRUCTURE (BLDG),6101 W ATLANTIC BLVD,7/29/21,875,CASE CLOSED,,12/20/23,,,Margate
23-00100339,CASE CLOSED,3,margate_data.json,,40 YEAR SAFETY INSPECTIONS,6101 W ATLANTIC BLVD,10/31/23,98,CASE CLOSED,,2/01/24,,,Margate
23-00100341,ACTIVE,3,margate_data.json,,40 YEAR SAFETY INSPECTIONS,6221 W ATLANTIC BLVD,10/31/23,99,INITIAL INSPECTION,,,,,Margate
23-00100338,CASE CLOSED,3,margate_data.json,,40 YEAR SAFETY INSPECTIONS,6301 W ATLANTIC BLVD,10/31/23,10,CASE CLOSED,,11/03/23,,,Margate
23-00100487,ACTIVE,3,margate_data.json,,40 YEAR SAFETY INSPECTIONS,6400 W ATLANTIC BLVD 1,12/15/23,54,INITIAL INSPECTION,,,,,Margate
20-00100504,CASE CLOSED,3,margate_data.json,,UNSAFE STRUCTURE (BLDG),6500 W ATLANTIC BLVD,10/21/20,1063,CASE CLOSED,,9/18/23,,,Margate
23-00100350,ACTIVE,3,margate_data.json,,40 YEAR SAFETY INSPECTIONS,6750 W ATLANTIC BLVD,11/07/23,92,INITIAL INSPECTION,,,,,Margate
23-00100337,ACTIVE,3,margate_data.json,,40 YEAR SAFETY INSPECTIONS,7150 W ATLANTIC BLVD,10/31/23,99,INITIAL INSPECTION,,,,,Margate
22-00100070,CASE CLOSED,7,margate_data.json,,40 YEAR SAFETY INSPECTIONS,7210 W ATLANTIC BLVD,2/26/22,683,CASE CLOSED,,1/09/24,,,Margate
20-00100370,CASE CLOSED,7,margate_data.json,,UNSAFE STRUCTURE (BLDG),441 BANKS RD,5/07/20,1051,CASE CLOSED,,3/23/23,,,Margate
22-00100062,CASE CLOSED,7,margate_data.json,,50 YEAR SAFETY INSPECTIONS,441 BANKS RD,2/26/22,571,RELEASE OF SM LIEN CASE CLOSED,,,2/28/22,2/28/22,Margate
23-00100150,ACTIVE,7,margate_data.json,,UNSAFE STRUCTURE (BLDG),465 BANKS RD,5/31/23,252,NOTICE OF VIOLATION-MAIL,REINSPECTION,,6/02/23,6/17/23,Margate
21-00100205,CASE CLOSED,7,margate_data.json,,UNSAFE STRUCTURE (BLDG),689 BANKS RD,6/01/21,834,CASE CLOSED,,9/12/23,,,Margate
23-00100266,CASE CLOSED,7,margate_data.json,,WORK WITHOUT PERMIT-BUILDING,689 BANKS RD,9/27/23,56,CASE CLOSED,,11/13/23,,,Margate
23-00100210,ACTIVE,7,margate_data.json,,WORK WITHOUT PERMIT-BUILDING,693 BANKS RD,8/02/23,189,NOTICE OF VIOLATION-MAIL,REINSPECTION,,8/04/23,8/19/23,Margate
23-00100276,ACTIVE,7,margate_data.json,,WORK WITHOUT PERMIT-BUILDING,743 BANKS RD,10/04/23,126,NOTICE OF VIOLATION-MAIL,REINSPECTION,,10/05/23,10/20/23,Margate
24-00100059,ACTIVE,7,margate_data.json,,40 YEAR SAFETY INSPECTIONS,1001 BANKS RD,2/07/24,2,INITIAL INSPECTION,,,,,Margate
24-00100060,ACTIVE,7,margate_data.json,,40 YEAR SAFETY INSPECTIONS,1019 BANKS RD,2/07/24,2,INITIAL INSPECTION,,,,,Margate
24-00100061,ACTIVE,7,margate_data.json,,40 YEAR SAFETY INSPECTIONS,1031 BANKS RD,2/07/24,2,INITIAL INSPECTION,,,,,Margate
01-00104353,CASE CLOSED,7,margate_data.json,,CODE VIOLATION-MUNICIPAL (BLDG),1101 BANKS RD,7/13/01,8227,CASE CLOSED,,2/24/24,,,Margate
24-00100050,ACTIVE,7,margate_data.json,,40 YEAR SAFETY INSPECTIONS,1101 BANKS RD,2/07/24,2,INITIAL INSPECTION,,,,,Margate
23-00100474,ACTIVE,7,margate_data.json,,40 YEAR SAFETY INSPECTIONS,1401 BANKS RD,12/12/23,57,INITIAL INSPECTION,,,,,Margate
23-00100433,CASE CLOSED,7,margate_data.json,,WORK WITHOUT PERMIT-BUILDING,1657 BANKS RD,11/27/23,58,CASE CLOSED,,1/10/24,,,Margate
23-00100475,ACTIVE,7,margate_data.json,,40 YEAR SAFETY INSPECTIONS,1690 BANKS RD,12/12/23,57,INITIAL INSPECTION,,,,,Margate
23-00100478,ACTIVE,7,margate_data.json,,40 YEAR SAFETY INSPECTIONS,1700 BANKS RD,12/12/23,57,INITIAL INSPECTION,,,,,Margate
23-00100479,ACTIVE,11,margate_data.json,,40 YEAR SAFETY INSPECTIONS,1700 BANKS RD,12/12/23,57,INITIAL INSPECTION,,,,,Margate
23-00100481,ACTIVE,11,margate_data.json,,40 YEAR SAFETY INSPECTIONS,2000 BANKS RD,12/12/23,57,INITIAL INSPECTION,,,,,Margate
23-00100482,ACTIVE,11,margate_data.json,,40 YEAR SAFETY INSPECTIONS,2000 BANKS RD,12/12/23,57,INITIAL INSPECTION,,,,,Margate
23-00100365,ACTIVE,11,margate_data.json,,40 YEAR SAFETY INSPECTIONS,3300 BANKS RD,11/07/23,92,INITIAL INSPECTION,,,,,Margate
23-00100366,ACTIVE,11,margate_data.json,,40 YEAR SAFETY INSPECTIONS,3310 BANKS RD,11/07/23,92,INITIAL INSPECTION,,,,,Margate
23-00100367,ACTIVE,11,margate_data.json,,40 YEAR SAFETY INSPECTIONS,3320 BANKS RD,11/07/23,92,INITIAL INSPECTION,,,,,Margate
23-00100368,ACTIVE,11,margate_data.json,,40 YEAR SAFETY INSPECTIONS,3330 BANKS RD,11/07/23,92,INITIAL INSPECTION,,,,,Margate
23-00100369,ACTIVE,11,margate_data.json,,40 YEAR SAFETY INSPECTIONS,3340 BANKS RD,11/07/23,92,INITIAL INSPECTION,,,,,Margate
23-00100370,ACTIVE,11,margate_data.json,,40 YEAR SAFETY INSPECTIONS,3350 BANKS RD,11/07/23,92,INITIAL INSPECTION,,,,,Margate
23-00100371,ACTIVE,11,margate_data.json,,40 YEAR SAFETY INSPECTIONS,3360 BANKS RD,11/07/23,92,INITIAL INSPECTION,,,,,Margate
23-00100372,ACTIVE,11,margate_data.json,,40 YEAR SAFETY INSPECTIONS,3370 BANKS RD,11/07/23,92,INITIAL INSPECTION,,,,,Margate
23-00100373,ACTIVE,11,margate_data.json,,40 YEAR SAFETY INSPECTIONS,3380 BANKS RD,11/07/23,92,INITIAL INSPECTION,,,,,Margate
23-00100374,ACTIVE,11,margate_data.json,,40 YEAR SAFETY INSPECTIONS,3390 BANKS RD,11/07/23,92,INITIAL INSPECTION,,,,,Margate
23-00100375,ACTIVE,11,margate_data.json,,40 YEAR SAFETY INSPECTIONS,3400 BANKS RD,11/07/23,92,INITIAL INSPECTION,,,,,Margate
23-00100376,ACTIVE,11,margate_data.json,,40 YEAR SAFETY INSPECTIONS,3410 BANKS RD,11/07/23,92,INITIAL INSPECTION,,,,,Margate
23-00100377,ACTIVE,11,margate_data.json,,40 YEAR SAFETY INSPECTIONS,3420 BANKS RD,11/07/23,92,INITIAL INSPECTION,,,,,Margate
23-00100378,ACTIVE,11,margate_data.json,,40 YEAR SAFETY INSPECTIONS,3430 BANKS RD,11/07/23,92,INITIAL INSPECTION,,,,,Margate
23-00100379,ACTIVE,15,margate_data.json,,40 YEAR SAFETY INSPECTIONS,3440 BANKS RD,11/07/23,92,INITIAL INSPECTION,,,,,Margate
23-00100380,ACTIVE,15,margate_data.json,,40 YEAR SAFETY INSPECTIONS,3450 BANKS RD,11/07/23,92,INITIAL INSPECTION,,,,,Margate
23-00100381,ACTIVE,15,margate_data.json,,40 YEAR SAFETY INSPECTIONS,3460 BANKS RD,11/07/23,92,INITIAL INSPECTION,,,,,Margate
23-00100382,ACTIVE,15,margate_data.json,,40 YEAR SAFETY INSPECTIONS,3470 BANKS RD,11/07/23,92,INITIAL INSPECTION,,,,,Margate
23-00100383,ACTIVE,15,margate_data.json,,40 YEAR SAFETY INSPECTIONS,3480 BANKS RD,11/07/23,92,INITIAL INSPECTION,,,,,Margate
23-00100384,ACTIVE,15,margate_data.json,,40 YEAR SAFETY INSPECTIONS,3490 BANKS RD,11/07/23,92,INITIAL INSPECTION,,,,,Margate
23-00100385,ACTIVE,15,margate_data.json,,40 YEAR SAFETY INSPECTIONS,3510 BANKS RD,11/07/23,92,INITIAL INSPECTION,,,,,Margate
23-00100386,ACTIVE,15,margate_data.json,,40 YEAR SAFETY INSPECTIONS,3520 BANKS RD,11/07/23,92,INITIAL INSPECTION,,,,,Margate
23-00100387,ACTIVE,15,margate_data.json,,40 YEAR SAFETY INSPECTIONS,3530 BANKS RD,11/07/23,92,INITIAL INSPECTION,,,,,Margate
23-00100348,ACTIVE,15,margate_data.json,,WORK WITHOUT PERMIT-BUILDING,3540 BANKS RD,10/31/23,99,NOTICE OF VIOLATION-MAIL,REINSPECTION,,11/02/23,11/17/23,Margate
23-00100388,ACTIVE,15,margate_data.json,,40 YEAR SAFETY INSPECTIONS,3540 BANKS RD,11/07/23,92,INITIAL INSPECTION,,,,,Margate
23-00100229,ACTIVE,15,margate_data.json,,WORK WITHOUT PERMIT-BUILDING,3103 BAYBERRY WAY,8/21/23,170,NOTICE OF VIOLATION-MAIL,REINSPECTION,,8/23/23,9/07/23,Margate
23-00100428,ACTIVE,15,margate_data.json,,WORK WITHOUT PERMIT-BUILDING,6821 BAYFRONT CIR,11/21/23,78,NOTICE OF VIOLATION-MAIL,REINSPECTION,,11/24/23,12/09/23,Margate
23-00100065,ACTIVE,15,margate_data.json,,WORK WITHOUT PERMIT-BUILDING,3351 BONITO LN,3/15/23,329,NOTICE OF VIOLATION-MAIL,REINSPECTION,,3/17/23,4/01/23,Margate
23-00100114,ACTIVE,15,margate_data.json,,WORK WITHOUT PERMIT-BUILDING,6354 BUENA VISTA DR,4/19/23,294,NOTICE OF VIOLATION-MAIL,REINSPECTION,,4/21/23,5/06/23,Margate
23-00100051,CASE CLOSED,15,margate_data.json,,WORK WITHOUT PERMIT-BUILDING,6410 BUENA VISTA DR,3/06/23,205,CASE CLOSED,,9/26/23,,,Margate
23-00100120,ACTIVE,15,margate_data.json,,WORK WITHOUT PERMIT-BUILDING,6728 BUENA VISTA DR,4/26/23,287,NOTICE OF VIOLATION-MAIL,REINSPECTION,,4/29/23,5/14/23,Margate
23-00100449,CASE CLOSED,19,margate_data.json,,WORK WITHOUT PERMIT-BUILDING,557 N CAROL PKWY,12/05/23,58,CASE CLOSED,,1/31/24,,,Margate
22-00100037,CASE CLOSED,19,margate_data.json,,WORK WITHOUT PERMIT-BUILDING,3331 CHICKEE LN,2/09/22,400,CASE CLOSED,,3/09/23,,,Margate
23-00100281,ACTIVE,19,margate_data.json,,WORK WITHOUT PERMIT-BUILDING,3338 CHICKEE LN,10/09/23,121,NOTICE OF VIOLATION-MAIL,REINSPECTION,,10/11/23,10/26/23,Margate
21-00100402,CASE CLOSED,19,margate_data.json,,WORK WITHOUT PERMIT-BUILDING,350 CLANCEY CIR,10/04/21,668,CASE CLOSED,,8/02/23,,,Margate
23-00100208,ACTIVE,19,margate_data.json,,UNSAFE STRUCTURE (BLDG),350 CLANCEY CIR,8/02/23,189,NOTICE OF VIOLATION-MAIL,REINSPECTION,,8/04/23,8/19/23,Margate
23-00100188,ACTIVE,19,margate_data.json,,WORK WITHOUT PERMIT-BUILDING,480 CLANCEY CIR,7/12/23,210,NOTICE OF VIOLATION-MAIL,REINSPECTION,,7/14/23,7/29/23,Margate
23-00100072,ACTIVE,19,margate_data.json,,WORK WITHOUT PERMIT-BUILDING,5000 COCONUT CREEK PKWY,3/21/23,323,NOTICE OF VIOLATION-MAIL,REINSPECTION,,3/23/23,4/07/23,Margate
24-00100045,ACTIVE,19,margate_data.json,,40 YEAR SAFETY INSPECTIONS,5060 COCONUT CREEK PKWY,2/07/24,2,INITIAL INSPECTION,,,,,Margate
24-00100033,ACTIVE,19,margate_data.json,,40 YEAR SAFETY INSPECTIONS,5233 COCONUT CREEK PKWY,2/07/24,2,INITIAL INSPECTION,,,,,Margate
23-00100473,ACTIVE,19,margate_data.json,,40 YEAR SAFETY INSPECTIONS,5301 COCONUT CREEK PKWY,12/12/23,57,INITIAL INSPECTION,,,,,Margate
23-00100333,ACTIVE,19,margate_data.json,,40 YEAR SAFETY INSPECTIONS,5800 COLONIAL DR,10/31/23,99,INITIAL INSPECTION,,,,,Margate
23-00100326,ACTIVE,19,margate_data.json,,40 YEAR SAFETY INSPECTIONS,5951 COLONIAL DR,10/31/23,99,INITIAL INSPECTION,,,,,Margate
23-00100327,ACTIVE,19,margate_data.json,,40 YEAR SAFETY INSPECTIONS,5951 COLONIAL DR,10/31/23,99,INITIAL INSPECTION,,,,,Margate
23-00100300,ACTIVE,19,margate_data.json,,50 YEAR SAFETY INSPECTIONS,6103 COLONIAL DR,10/16/23,114,INITIAL INSPECTION,,,,,Margate
24-00100037,ACTIVE,19,margate_data.json,,40 YEAR SAFETY INSPECTIONS,5100 W COPANS RD,2/07/24,2,INITIAL INSPECTION,,,,,Margate
24-00100038,ACTIVE,19,margate_data.json,,40 YEAR SAFETY INSPECTIONS,5100 W COPANS RD,2/07/24,2,INITIAL INSPECTION,,,,,Margate
23-00100480,ACTIVE,19,margate_data.json,,40 YEAR SAFETY INSPECTIONS,5150 W COPANS RD,12/12/23,57,INITIAL INSPECTION,,,,,Margate
24-00100039,ACTIVE,23,margate_data.json,,40 YEAR SAFETY INSPECTIONS,5401 W COPANS RD # 1,2/07/24,2,INITIAL INSPECTION,,,,,Margate
24-00100040,ACTIVE,23,margate_data.json,,40 YEAR SAFETY INSPECTIONS,5401 W COPANS RD # 2,2/07/24,2,INITIAL INSPECTION,,,,,Margate
24-00100041,ACTIVE,23,margate_data.json,,40 YEAR SAFETY INSPECTIONS,5401 W COPANS RD # 3,2/07/24,2,INITIAL INSPECTION,,,,,Margate
23-00100255,ACTIVE,23,margate_data.json,,WORK WITHOUT PERMIT-BUILDING,5601 CORAL LAKE DR 101,9/12/23,148,NOTICE OF VIOLATION-SITE,RED TAG,,9/12/23,9/22/23,Margate
22-00100343,CASE CLOSED,23,margate_data.json,,WORK WITHOUT PERMIT-BUILDING,5801 CORAL LAKE DR,7/19/22,274,CASE CLOSED,,4/17/23,,,Margate
23-00100144,ACTIVE,23,margate_data.json,,WORK WITHOUT PERMIT-BUILDING,5929 CORAL LAKE DR,5/24/23,259,NOTICE OF VIOLATION-MAIL,REINSPECTION,,5/25/23,6/09/23,Margate
22-00100449,CASE CLOSED,23,margate_data.json,,WORK WITHOUT PERMIT-BUILDING,6603 CORAL LAKE DR 103,12/01/22,293,CASE CLOSED,,9/12/23,,,Margate
22-00100153,CASE CLOSED,23,margate_data.json,,WORK WITHOUT PERMIT-BUILDING,6605 CORAL LAKE DR 105,4/11/22,309,CASE CLOSED,,2/01/23,,,Margate
23-00100282,ACTIVE,23,margate_data.json,,UNSAFE STRUCTURE (BLDG),6610 CORAL LAKE DR 110,10/09/23,121,NOTICE OF VIOLATION-MAIL,REINSPECTION,,10/11/23,10/26/23,Margate
23-00100270,ACTIVE,23,margate_data.json,,WORK WITHOUT PERMIT-BUILDING,161 N CORTEZ DR CIR,10/03/23,127,NOTICE OF VIOLATION-MAIL,REINSPECTION,,10/04/23,10/19/23,Margate
23-00100271,ACTIVE,23,margate_data.json,,WORK WITHOUT PERMIT-BUILDING,170 N CORTEZ DR,10/03/23,127,NOTICE OF VIOLATION-MAIL,REINSPECTION,,10/04/23,10/19/23,Margate
23-00100086,ACTIVE,23,margate_data.json,,WORK WITHOUT PERMIT-BUILDING,239 N CORTEZ DR CIR,3/30/23,314,NOTICE OF VIOLATION-MAIL,REINSPECTION,,3/31/23,4/15/23,Margate
23-00100448,ACTIVE,23,margate_data.json,,WORK WITHOUT PERMIT-BUILDING,261 N CORTEZ DR CIR,12/05/23,64,NOTICE OF VIOLATION-MAIL,REINSPECTION,,12/07/23,12/22/23,Margate
23-00100269,ACTIVE,23,margate_data.json,,WORK WITHOUT PERMIT-BUILDING,587 N CORTEZ DR CIR,10/03/23,127,NOTICE OF VIOLATION-MAIL,REINSPECTION,,10/04/23,10/19/23,Margate
24-00100011,ACTIVE,23,margate_data.json,,WORK WITHOUT PERMIT-BUILDING,78 S CORTEZ DR CIR,1/09/24,29,NOTICE OF VIOLATION-MAIL,REINSPECTION,,1/11/24,1/26/24,Margate
24-00100019,ACTIVE,23,margate_data.json,,WORK WITHOUT PERMIT-BUILDING,138 S CORTEZ DR CIR,1/16/24,22,NOTICE OF VIOLATION-SITE,RED TAG,,1/16/24,1/26/24,Margate
23-00100243,ACTIVE,23,margate_data.json,,WORK WITHOUT PERMIT-BUILDING,445 S CORTEZ DR CIR,8/30/23,161,NOTICE OF VIOLATION-MAIL,REINSPECTION,,8/30/23,9/14/23,Margate
21-00100409,CASE CLOSED,27,margate_data.json,,WORK WITHOUT PERMIT-BUILDING,479 S CORTEZ DR,10/05/21,498,NOTICE OF VIOLATION-SITE,RED TAG,,10/06/21,10/16/21,Margate
23-00100155,ACTIVE,27,margate_data.json,,WORK WITHOUT PERMIT-BUILDING,1000 COUNTRY CLUB DR,6/07/23,245,NOTICE OF VIOLATION-MAIL,REINSPECTION,,6/09/23,6/24/23,Margate
22-00100185,CASE CLOSED,27,margate_data.json,,WORK WITHOUT PERMIT-BUILDING,1015 COUNTRY CLUB DR 105,5/11/22,314,CASE CLOSED,,3/14/23,,,Margate
23-00100278,CASE CLOSED,27,margate_data.json,,WORK WITHOUT PERMIT-BUILDING,1015 COUNTRY CLUB DR 305,10/04/23,62,CASE CLOSED,,11/28/23,,,Margate
22-00100198,CASE CLOSED,27,margate_data.json,,WORK WITHOUT PERMIT-BUILDING,1025 COUNTRY CLUB DR 304,5/18/22,342,CASE CLOSED,,4/20/23,,,Margate
22-00100391,CASE CLOSED,27,margate_data.json,,WORK WITHOUT PERMIT-BUILDING,1035 COUNTRY CLUB DR,9/26/22,211,CASE CLOSED,,4/20/23,,,Margate
23-00100083,ACTIVE,27,margate_data.json,,UNSAFE STRUCTURE (BLDG),1035 COUNTRY CLUB DR,3/28/23,316,NOTICE OF VIOLATION-MAIL,REINSPECTION,,3/30/23,4/14/23,Margate
23-00100084,CASE CLOSED,27,margate_data.json,,UNSAFE STRUCTURE (BLDG),1035 COUNTRY CLUB DR,3/28/23,113,CASE CLOSED,,7/18/23,,,Margate
23-00100092,ACTIVE,27,margate_data.json,,WORK WITHOUT PERMIT-BUILDING,1050 COUNTRY CLUB DR 303,4/05/23,308,NOTICE OF VIOLATION-MAIL,REINSPECTION,,4/07/23,4/22/23,Margate
23-00100152,ACTIVE,27,margate_data.json,,WORK WITHOUT PERMIT-BUILDING,1050 COUNTRY CLUB DR 107,6/05/23,247,NOTICE OF VIOLATION-MAIL,REINSPECTION,,6/07/23,6/22/23,Margate
24-00100024,ACTIVE,27,margate_data.json,,WORK WITHOUT PERMIT-BUILDING,1050 COUNTRY CLUB DR 104,1/22/24,16,NOTICE OF VIOLATION-MAIL,REINSPECTION,,1/24/24,2/08/24,Margate
24-00100025,ACTIVE,27,margate_data.json,,UNSAFE STRUCTURE (BLDG),1050 COUNTRY CLUB DR 104,1/22/24,16,NOTICE OF VIOLATION-MAIL,REINSPECTION,,10/24/24,11/08/24,Margate
23-00100393,CASE CLOSED,27,margate_data.json,,40 YEAR SAFETY INSPECTIONS,5521 COURTYARD DR,11/07/23,92,CASE CLOSED,,1/26/24,,,Margate
23-00100360,CASE CLOSED,27,margate_data.json,,40 YEAR SAFETY INSPECTIONS,5529 COURTYARD DR,11/07/23,72,CASE CLOSED,,11/03/23,,,Margate
23-00100391,CASE CLOSED,27,margate_data.json,,40 YEAR SAFETY INSPECTIONS,5541 COURTYARD DR,11/07/23,92,CASE CLOSED,,1/10/24,,,Margate
23-00100392,CASE CLOSED,27,margate_data.json,,40 YEAR SAFETY INSPECTIONS,5553 COURTYARD DR,11/07/23,92,CASE CLOSED,,1/10/24,,,Margate
23-00100394,CASE CLOSED,27,margate_data.json,,40 YEAR SAFETY INSPECTIONS,5561 COURTYARD DR,11/07/23,92,CASE CLOSED,,1/10/24,,,Margate
23-00100395,CASE CLOSED,31,margate_data.json,,40 YEAR SAFETY INSPECTIONS,5573 COURTYARD DR,11/07/23,92,CASE CLOSED,,1/10/24,,,Margate
23-00100396,CASE CLOSED,31,margate_data.json,,40 YEAR SAFETY INSPECTIONS,5585 COURTYARD DR,11/07/23,92,CASE CLOSED,,11/03/23,,,Margate
23-00100397,CASE CLOSED,31,margate_data.json,,40 YEAR SAFETY INSPECTIONS,5593 COURTYARD DR,11/07/23,92,CASE CLOSED,,11/03/23,,,Margate
23-00100172,CASE CLOSED,31,margate_data.json,,WORK WITHOUT PERMIT-BUILDING,2892 CRESTWOOD TER,6/21/23,9,CASE CLOSED,,6/29/23,,,Margate
21-00100211,CASE CLOSED,31,margate_data.json,,WORK WITHOUT PERMIT-BUILDING,7350 CYPRESS DR,6/07/21,785,CASE CLOSED,,7/27/23,,,Margate
22-00100123,CASE CLOSED,31,margate_data.json,,WORK WITHOUT PERMIT-BUILDING,3035 DOGWOOD LN,3/29/22,443,CASE CLOSED,,6/12/23,,,Margate
23-00100028,ACTIVE,31,margate_data.json,,WORK WITHOUT PERMIT-BUILDING,6200 DUVAL DR,2/07/23,365,NOTICE OF VIOLATION-MAIL,REINSPECTION,,2/09/23,2/24/23,Margate
22-00100356,CASE CLOSED,31,margate_data.json,,WORK WITHOUT PERMIT-BUILDING,6205 DUVAL DR,8/08/22,344,CASE CLOSED,,7/13/23,,,Margate
23-00100111,ACTIVE,31,margate_data.json,,WORK WITHOUT PERMIT-BUILDING,7389 FLORES WAY,4/18/23,295,NOTICE OF VIOLATION-MAIL,REINSPECTION,,4/20/23,5/05/23,Margate
23-00100431,ACTIVE,31,margate_data.json,,WORK WITHOUT PERMIT-BUILDING,6429 FRENCH ANGEL TER,11/22/23,77,NOTICE OF VIOLATION-MAIL,REINSPECTION,,11/24/23,12/09/23,Margate
22-00100318,CASE CLOSED,31,margate_data.json,,50 YEAR SAFETY INSPECTIONS,7787 GOLF CIRCLE DR,7/11/22,218,CASE CLOSED,,2/09/23,,,Margate
21-00100563,CASE CLOSED,31,margate_data.json,,WORK WITHOUT PERMIT-BUILDING,7797 GOLF CIRCLE DR 303,12/28/21,595,CASE CLOSED,,7/31/23,,,Margate
22-00100315,CASE CLOSED,31,margate_data.json,,50 YEAR SAFETY INSPECTIONS,7797 GOLF CIRCLE DR,7/11/22,218,CASE CLOSED,,2/09/23,,,Margate
23-00100060,ACTIVE,31,margate_data.json,,WORK WITHOUT PERMIT-BUILDING,7797 GOLF CIRCLE DR 104,3/13/23,331,NOTICE OF VIOLATION-MAIL,REINSPECTION,,3/15/23,3/30/23,Margate
23-00100305,ACTIVE,31,margate_data.json,,UNSAFE STRUCTURE (BLDG),7797 GOLF CIRCLE DR,10/16/23,114,NOTICE OF VIOLATION-MAIL,REINSPECTION,,10/18/23,11/02/23,Margate
24-00100095,ACTIVE,31,margate_data.json,,50 YEAR SAFETY INSPECTIONS,7817 GOLF CIRCLE DR,2/07/24,2,CASE CLOSED,,,,,Margate
23-00100267,ACTIVE,31,margate_data.json,,WORK WITHOUT PERMIT-BUILDING,7827 GOLF CIRCLE DR 106,10/02/23,128,NOTICE OF VIOLATION-MAIL,REINSPECTION,,10/04/23,10/19/23,Margate
22-00100312,CASE CLOSED,35,margate_data.json,,50 YEAR SAFETY INSPECTIONS,7847 GOLF CIRCLE DR,7/11/22,218,CASE CLOSED,,2/09/23,,,Margate
22-00100309,CASE CLOSED,35,margate_data.json,,50 YEAR SAFETY INSPECTIONS,7857 GOLF CIRCLE DR,7/11/22,218,CASE CLOSED,,2/09/23,,,Margate
22-00100018,CASE CLOSED,35,margate_data.json,,WORK WITHOUT PERMIT-BUILDING,7867 GOLF CIRCLE DR 202,1/26/22,414,CASE CLOSED,,3/06/23,,,Margate
23-00100073,CASE CLOSED,35,margate_data.json,,WORK WITHOUT PERMIT-BUILDING,7897 GOLF CIRCLE DR,3/22/23,175,CASE CLOSED,,9/12/23,,,Margate
24-00100091,ACTIVE,35,margate_data.json,,WORK WITHOUT PERMIT-BUILDING,7384 GRANADA WAY,2/06/24,1,NOTICE OF VIOLATION-MAIL,REINSPECTION,,2/08/24,2/23/24,Margate
23-00100422,ACTIVE,35,margate_data.json,,WORK WITHOUT PERMIT-BUILDING,7392 GRANADA WAY,11/15/23,84,NOTICE OF VIOLATION-MAIL,REINSPECTION,,11/17/23,12/02/23,Margate
22-00100277,CASE CLOSED,35,margate_data.json,,WORK WITHOUT PERMIT-BUILDING 6266 HARBOR BND,,6/29/22,309,CASE CLOSED,,4/26/23,,,Margate
23-00100059,ACTIVE,35,margate_data.json,,WORK WITHOUT PERMIT-BUILDING,4726 S HEMINGWAY CIR,3/08/23,336,NOTICE OF VIOLATION-MAIL,REINSPECTION,,3/10/23,3/25/23,Margate
23-00100047,ACTIVE,35,margate_data.json,,WORK WITHOUT PERMIT-BUILDING,254 W HEMINGWAY CIR,3/06/23,338,NOTICE OF VIOLATION-MAIL,REINSPECTION,,3/08/23,3/23/23,Margate
24-00100092,ACTIVE,35,margate_data.json,,WORK WITHOUT PERMIT-BUILDING,7697 HIGHLANDS CIR,2/06/24,1,NOTICE OF VIOLATION-MAIL,REINSPECTION,,2/08/24,2/23/24,Margate
23-00100104,ACTIVE,35,margate_data.json,,WORK WITHOUT PERMIT-BUILDING,7790 HIGHLANDS CIR,4/12/23,301,NOTICE OF VIOLATION-MAIL,REINSPECTION,,4/14/23,4/29/23,Margate
18-00100235,CASE CLOSED,35,margate_data.json,,WORK WITHOUT PERMIT-BUILDING,3040 HOLIDAY SPRINGS BLVD 210,11/08/18,1715,CASE CLOSED,,7/20/23,,,Margate
23-00100128,ACTIVE,35,margate_data.json,,UNSAFE STRUCTURE (BLDG),3050 HOLIDAY SPRINGS BLVD,5/04/23,279,NOTICE OF VIOLATION-MAIL,REINSPECTION,,5/05/23,5/20/23,Margate
22-00100386,CASE CLOSED,35,margate_data.json,,WORK WITHOUT PERMIT-BUILDING,3051 HOLIDAY SPRINGS BLVD 101,9/15/22,196,CASE CLOSED,,3/29/23,,,Margate
17-00100016,CASE CLOSED,35,margate_data.json,,WORK WITHOUT PERMIT-BUILDING,3060 HOLIDAY SPRINGS BLVD,4/04/17,2473,CASE CLOSED,,1/11/24,,,Margate
23-00100110,ACTIVE,35,margate_data.json,,UNSAFE STRUCTURE (BLDG),3130 HOLIDAY SPRINGS BLVD 203,4/17/23,296,NOTICE OF VIOLATION-MAIL,REINSPECTION,,4/19/23,5/04/23,Margate
23-00100287,ACTIVE,35,margate_data.json,,WORK WITHOUT PERMIT-BUILDING,3130 HOLIDAY SPRINGS BLVD,10/10/23,120,NOTICE OF VIOLATION-MAIL,REINSPECTION,,10/12/23,10/27/23,Margate
23-00100429,ACTIVE,39,margate_data.json,,WORK WITHOUT PERMIT-BUILDING,3130 HOLIDAY SPRINGS BLVD,11/21/23,78,NOTICE OF VIOLATION-MAIL,REINSPECTION,,11/24/23,12/09/23,Margate
23-00100440,ACTIVE,39,margate_data.json,,WORK WITHOUT PERMIT-BUILDING,3130 HOLIDAY SPRINGS BLVD,11/30/23,69,NOTICE OF VIOLATION-MAIL,REINSPECTION,,12/02/23,12/17/23,Margate
23-00100441,ACTIVE,39,margate_data.json,,UNSAFE STRUCTURE (BLDG),3130 HOLIDAY SPRINGS BLVD,11/30/23,69,NOTICE OF VIOLATION-MAIL,REINSPECTION,,12/02/23,12/17/23,Margate
23-00100308,ACTIVE,39,margate_data.json,,WORK WITHOUT PERMIT-BUILDING,3150 HOLIDAY SPRINGS BLVD 8,10/18/23,112,NOTICE OF VIOLATION-SITE,RED TAG,,10/18/23,10/28/23,Margate
22-00100342,CASE CLOSED,39,margate_data.json,,WORK WITHOUT PERMIT-BUILDING,3160 HOLIDAY SPRINGS BLVD 7,7/19/22,240,CASE CLOSED,,3/07/23,,,Margate
23-00100087,CASE CLOSED,39,margate_data.json,,WORK WITHOUT PERMIT-BUILDING,3160 HOLIDAY SPRINGS BLVD 7,3/30/23,180,CASE CLOSED,,9/25/23,,,Margate
23-00100414,ACTIVE,39,margate_data.json,,WORK WITHOUT PERMIT-BUILDING,3170 HOLIDAY SPRINGS BLVD,11/06/23,93,NOTICE OF VIOLATION-MAIL,REINSPECTION,,11/08/23,11/23/23,Margate
23-00100216,ACTIVE,39,margate_data.json,,WORK WITHOUT PERMIT-BUILDING,3185 HOLIDAY SPRINGS BLVD,8/07/23,184,NOTICE OF VIOLATION-MAIL,REINSPECTION,,8/09/23,8/24/23,Margate
23-00100194,ACTIVE,39,margate_data.json,,UNSAFE STRUCTURE (BLDG),3210 HOLIDAY SPRINGS BLVD,7/17/23,205,NOTICE OF VIOLATION-MAIL,REINSPECTION,,7/19/23,8/03/23,Margate
23-00100443,ACTIVE,39,margate_data.json,,WORK WITHOUT PERMIT-BUILDING,3220 HOLIDAY SPRINGS BLVD 1,12/04/23,65,NOTICE OF VIOLATION-MAIL,REINSPECTION,,12/06/23,12/21/23,Margate
23-00100315,ACTIVE,39,margate_data.json,,40 YEAR SAFETY INSPECTIONS,3228 HOLIDAY SPRINGS BLVD,10/31/23,99,INITIAL INSPECTION,,,,,Margate
23-00100252,ACTIVE,39,margate_data.json,,WORK WITHOUT PERMIT-BUILDING,3231 HOLIDAY SPRINGS BLVD,9/06/23,154,NOTICE OF VIOLATION-MAIL,REINSPECTION,,9/08/23,9/23/23,Margate
23-00100321,ACTIVE,39,margate_data.json,,40 YEAR SAFETY INSPECTIONS,3231 HOLIDAY SPRINGS BLVD,10/31/23,99,INITIAL INSPECTION,,,,,Margate
23-00100427,ACTIVE,39,margate_data.json,,WORK WITHOUT PERMIT-BUILDING,3231 HOLIDAY SPRINGS BLVD,11/21/23,78,NOTICE OF VIOLATION-MAIL,REINSPECTION,,11/24/23,12/09/23,Margate
23-00100318,ACTIVE,39,margate_data.json,,40 YEAR SAFETY INSPECTIONS,3241 HOLIDAY SPRINGS BLVD,10/31/23,99,INITIAL INSPECTION,,,,,Margate
16-00100130,CASE CLOSED,39,margate_data.json,,WORK WITHOUT PERMIT-BUILDING,3251 HOLIDAY SPRINGS BLVD,3/22/16,2876,CASE CLOSED,,2/05/24,,,Margate
23-00100251,ACTIVE,39,margate_data.json,,WORK WITHOUT PERMIT-BUILDING,6214 JAMES ST,9/06/23,154,RED TAG NOTICE OF VIOLATION-MAIL,,,9/06/23,9/16/23,Margate
23-00100289,ACTIVE,43,margate_data.json,,WORK WITHOUT PERMIT-BUILDING,320 KATHY LN,10/12/23,118,NOTICE OF VIOLATION-MAIL,REINSPECTION,,10/21/23,11/05/23,Margate
22-00100331,CASE CLOSED,43,margate_data.json,,50 YEAR SAFETY INSPECTIONS,561 KATHY LN,7/11/22,575,CASE CLOSED,,2/01/24,,,Margate
23-00100078,CASE CLOSED,43,margate_data.json,,UNSAFE STRUCTURE (BLDG),591 KATHY LN,3/27/23,226,CASE CLOSED,,11/07/23,,,Margate
23-00100079,CASE CLOSED,43,margate_data.json,,UNSAFE STRUCTURE (BLDG),611 KATHY LN,3/27/23,226,CASE CLOSED,,11/07/23,,,Margate
23-00100080,CASE CLOSED,43,margate_data.json,,UNSAFE STRUCTURE (BLDG),631 KATHY LN,3/27/23,226,CASE CLOSED,,11/07/23,,,Margate
23-00100081,CASE CLOSED,43,margate_data.json,,UNSAFE STRUCTURE (BLDG),651 KATHY LN,3/27/23,226,CASE CLOSED,,11/07/23,,,Margate
21-00100507,CASE CLOSED,43,margate_data.json,,40 YEAR SAFETY INSPECTIONS,7210 LAKE CIRCLE DR,12/02/21,607,CASE CLOSED,,,,,Margate
23-00100193,ACTIVE,43,margate_data.json,,WORK WITHOUT PERMIT-BUILDING,7340 LAKE CIRCLE DR,7/17/23,205,NOTICE OF VIOLATION-MAIL,REINSPECTION,,7/19/23,8/03/23,Margate
23-00100280,ACTIVE,43,margate_data.json,,UNSAFE STRUCTURE (BLDG),7340 LAKE CIRCLE DR 205,10/05/23,125,NOTICE OF VIOLATION-MAIL,REINSPECTION,,10/09/23,10/24/23,Margate
22-00100255,CASE CLOSED,43,margate_data.json,,WORK WITHOUT PERMIT-BUILDING,6288 LAKESHORE DR,6/07/22,331,CASE CLOSED,,4/25/23,,,Margate
24-00100051,ACTIVE,43,margate_data.json,,40 YEAR SAFETY INSPECTIONS,402 LAKESIDE DR,2/07/24,2,INITIAL INSPECTION,,,,,Margate
24-00100052,ACTIVE,43,margate_data.json,,40 YEAR SAFETY INSPECTIONS,406 LAKESIDE DR,2/07/24,2,INITIAL INSPECTION,,,,,Margate
24-00100053,ACTIVE,43,margate_data.json,,40 YEAR SAFETY INSPECTIONS,412 LAKESIDE DR,2/07/24,2,INITIAL INSPECTION,,,,,Margate
24-00100054,ACTIVE,43,margate_data.json,,40 YEAR SAFETY INSPECTIONS,416 LAKESIDE DR,2/07/24,2,INITIAL INSPECTION,,,,,Margate
24-00100056,ACTIVE,43,margate_data.json,,40 YEAR SAFETY INSPECTIONS,422 LAKESIDE DR,2/07/24,2,INITIAL INSPECTION,,,,,Margate
24-00100057,ACTIVE,43,margate_data.json,,40 YEAR SAFETY INSPECTIONS,426 LAKESIDE DR,2/07/24,2,INITIAL INSPECTION,,,,,Margate
24-00100058,ACTIVE,43,margate_data.json,,40 YEAR SAFETY INSPECTIONS,432 LAKESIDE DR,2/07/24,2,INITIAL INSPECTION,,,,,Margate
24-00100067,ACTIVE,47,margate_data.json,,40 YEAR SAFETY INSPECTIONS,5501 LAKESIDE DR,2/07/24,2,INITIAL INSPECTION,,,,,Margate
24-00100068,ACTIVE,47,margate_data.json,,40 YEAR SAFETY INSPECTIONS,5510 LAKESIDE DR,2/07/24,2,INITIAL INSPECTION,,,,,Margate
24-00100066,ACTIVE,47,margate_data.json,,40 YEAR SAFETY INSPECTIONS,5511 LAKESIDE DR,2/07/24,2,INITIAL INSPECTION,,,,,Margate
22-00100278,CASE CLOSED,47,margate_data.json,,WORK WITHOUT PERMIT-BUILDING,5520 LAKESIDE DR 207,6/29/22,587,CASE CLOSED,,1/29/24,,,Margate
24-00100071,ACTIVE,47,margate_data.json,,40 YEAR SAFETY INSPECTIONS,5520 LAKESIDE DR,2/07/24,2,INITIAL INSPECTION,,,,,Margate
24-00100078,ACTIVE,47,margate_data.json,,40 YEAR SAFETY INSPECTIONS,5521 LAKESIDE DR,2/07/24,2,INITIAL INSPECTION,,,,,Margate
24-00100072,ACTIVE,47,margate_data.json,,40 YEAR SAFETY INSPECTIONS,5530 LAKESIDE DR,2/07/24,2,INITIAL INSPECTION,,,,,Margate
24-00100077,ACTIVE,47,margate_data.json,,40 YEAR SAFETY INSPECTIONS,5531 LAKESIDE DR,2/07/24,2,INITIAL INSPECTION,,,,,Margate
23-00100262,ACTIVE,47,margate_data.json,,UNSAFE STRUCTURE (BLDG),5537 LAKESIDE DR GRD,9/25/23,135,NOTICE OF VIOLATION-MAIL,REINSPECTION,,9/27/23,10/12/23,Margate
24-00100076,ACTIVE,47,margate_data.json,,40 YEAR SAFETY INSPECTIONS,5540 LAKESIDE DR,2/07/24,2,INITIAL INSPECTION,,,,,Margate
24-00100062,ACTIVE,47,margate_data.json,,40 YEAR SAFETY INSPECTIONS,5541 LAKESIDE DR,2/07/24,2,INITIAL INSPECTION,,,,,Margate
24-00100075,ACTIVE,47,margate_data.json,,40 YEAR SAFETY INSPECTIONS,5550 LAKESIDE DR,2/07/24,2,INITIAL INSPECTION,,,,,Margate
22-00100188,CASE CLOSED,47,margate_data.json,,WORK WITHOUT PERMIT-BUILDING,5551 LAKESIDE DR 201,5/16/22,424,CASE CLOSED,,7/13/23,,,Margate
24-00100063,ACTIVE,47,margate_data.json,,40 YEAR SAFETY INSPECTIONS,5551 LAKESIDE DR,2/07/24,2,INITIAL INSPECTION,,,,,Margate
24-00100070,ACTIVE,47,margate_data.json,,40 YEAR SAFETY INSPECTIONS,5560 LAKESIDE DR,2/07/24,2,INITIAL INSPECTION,,,,,Margate
24-00100064,ACTIVE,47,margate_data.json,,40 YEAR SAFETY INSPECTIONS,5561 LAKESIDE DR,2/07/24,2,INITIAL INSPECTION,,,,,Margate
24-00100074,ACTIVE,47,margate_data.json,,40 YEAR SAFETY INSPECTIONS,5570 LAKESIDE DR,2/07/24,2,INITIAL INSPECTION,,,,,Margate
24-00100065,ACTIVE,51,margate_data.json,,40 YEAR SAFETY INSPECTIONS,5571 LAKESIDE DR,2/07/24,2,INITIAL INSPECTION,,,,,Margate
24-00100073,ACTIVE,51,margate_data.json,,40 YEAR SAFETY INSPECTIONS,5580 LAKESIDE DR,2/07/24,2,INITIAL INSPECTION,,,,,Margate
24-00100069,ACTIVE,51,margate_data.json,,40 YEAR SAFETY INSPECTIONS,5590 LAKESIDE DR,2/07/24,2,INITIAL INSPECTION,,,,,Margate
23-00100403,ACTIVE,51,margate_data.json,,UNSAFE STRUCTURE (BLDG),5750 LAKESIDE DR # 1,11/01/23,98,NOTICE OF VIOLATION-SITE,RED TAG,,11/01/23,11/11/23,Margate
24-00100046,ACTIVE,51,margate_data.json,,40 YEAR SAFETY INSPECTIONS,5750 LAKESIDE DR # 1,2/07/24,2,INITIAL INSPECTION,,,,,Margate
24-00100047,ACTIVE,51,margate_data.json,,40 YEAR SAFETY INSPECTIONS,5750 LAKESIDE DR # 2,2/07/24,2,INITIAL INSPECTION,,,,,Margate
23-00100145,ACTIVE,51,margate_data.json,,WORK WITHOUT PERMIT-BUILDING,250 LAKEWOOD CIR,5/24/23,259,NOTICE OF VIOLATION-MAIL,REINSPECTION,,5/26/23,6/10/23,Margate
24-00100094,ACTIVE,51,margate_data.json,,UNSAFE STRUCTURE (BLDG),250 LAKEWOOD CIR,2/06/24,1,NOTICE OF VIOLATION-MAIL,REINSPECTION,,2/08/24,2/23/24,Margate
23-00100495,ACTIVE,51,margate_data.json,,UNSAFE STRUCTURE (BLDG),300 LAKEWOOD CIR,12/26/23,43,NOTICE OF VIOLATION-SITE,RED TAG,,12/26/23,1/05/24,Margate
23-00100091,CASE CLOSED,51,margate_data.json,,UNSAFE STRUCTURE (BLDG),330 LAKEWOOD CIR,4/04/23,269,NOTICE OF VIOLATION-SITE,RED TAG,,4/05/23,4/15/23,Margate
21-00100401,CASE CLOSED,51,margate_data.json,,UNSAFE STRUCTURE (BLDG),5400 LAKEWOOD CIR,9/29/21,751,CASE CLOSED,,10/19/23,,,Margate
23-00100032,ACTIVE,51,margate_data.json,,UNSAFE STRUCTURE (BLDG),5500 LAKEWOOD CIR,2/09/23,363,NOTICE OF VIOLATION-MAIL,REINSPECTION,,2/10/23,2/25/23,Margate
22-00100394,CASE CLOSED,51,margate_data.json,,WORK WITHOUT PERMIT-BUILDING,5534 LAKEWOOD CIR,9/27/22,233,CASE CLOSED,,5/09/23,,,Margate
22-00100272,CASE CLOSED,51,margate_data.json,,WORK WITHOUT PERMIT-BUILDING,5546 LAKEWOOD CIR,6/27/22,480,CASE CLOSED,,10/19/23,,,Margate
21-00100431,CASE CLOSED,51,margate_data.json,,WORK WITHOUT PERMIT-BUILDING,5550 LAKEWOOD CIR,10/27/21,496,CASE CLOSED,,3/06/23,,,Margate
24-00100093,ACTIVE,51,margate_data.json,,WORK WITHOUT PERMIT-BUILDING,5550 LAKEWOOD CIR,2/06/24,1,NOTICE OF VIOLATION-MAIL,REINSPECTION,,2/08/24,2/23/24,Margate
23-00100123,ACTIVE,51,margate_data.json,,WORK WITHOUT PERMIT-BUILDING E LAUREL DR,,4/27/23,286,NOTICE OF VIOLATION-MAIL,REINSPECTION,,4/27/23,5/12/23,Margate
23-00100124,ACTIVE,55,margate_data.json,,UNSAFE STRUCTURE (BLDG) E LAUREL DR,,4/27/23,286,NOTICE OF VIOLATION-MAIL,REINSPECTION,,4/27/23,5/12/23,Margate
23-00100492,ACTIVE,55,margate_data.json,,WORK WITHOUT PERMIT-BUILDING,395 N LAUREL DR,12/20/23,49,NOTICE OF VIOLATION-MAIL,REINSPECTION,,12/22/23,1/06/24,Margate
22-00100236,IN COMPLIANCE/OPEN FINES,55,margate_data.json,,40 YEAR SAFETY INSPECTIONS,470 N LAUREL DR,5/25/22,623,CASE CLOSED,,,,,Margate
22-00100235,IN COMPLIANCE/OPEN FINES,55,margate_data.json,,40 YEAR SAFETY INSPECTIONS,480 N LAUREL DR,5/25/22,623,INITIAL INSPECTION CASE CLOSED,,,5/25/22,5/25/22,Margate
22-00100234,IN COMPLIANCE/OPEN FINES,55,margate_data.json,,40 YEAR SAFETY INSPECTIONS,490 N LAUREL DR,5/25/22,623,CASE CLOSED,,,,,Margate
17-00100019,CASE CLOSED,55,margate_data.json,,WORK WITHOUT PERMIT-BUILDING,120 S LAUREL DR,4/06/17,2470,REINSPECTION CASE CLOSED,,,1/10/24,1/10/24,Margate
21-00100299,CASE CLOSED,55,margate_data.json,,WORK WITHOUT PERMIT-BUILDING,142 S LAUREL DR,7/22/21,642,CASE CLOSED,,4/24/23,,,Margate
20-00100363,CASE CLOSED,55,margate_data.json,,WORK WITHOUT PERMIT-BUILDING,325 W LAUREL DR,5/11/20,1327,CASE CLOSED,,11/21/23,,,Margate
23-00100219,ACTIVE,55,margate_data.json,,UNSAFE STRUCTURE (BLDG),335 W LAUREL DR,8/08/23,183,NOTICE OF VIOLATION-MAIL,REINSPECTION,,8/10/23,8/25/23,Margate
23-00100275,ACTIVE,55,margate_data.json,,WORK WITHOUT PERMIT-BUILDING,3078 LIGHTHOUSE PL,10/04/23,126,NOTICE OF VIOLATION-SITE,RED TAG,,10/04/23,10/14/23,Margate
23-00100342,ACTIVE,55,margate_data.json,,40 YEAR SAFETY INSPECTIONS,202 MARGATE CT,10/31/23,99,INITIAL INSPECTION,,,,,Margate
20-00100502,CASE CLOSED,55,margate_data.json,,WORK WITHOUT PERMIT-BUILDING,5800 MARGATE BLVD 235,10/19/20,878,CASE CLOSED,,12/07/20,,,Margate
22-00100422,CASE CLOSED,55,margate_data.json,,UNSAFE STRUCTURE (BLDG),5800 MARGATE BLVD # 3,10/18/22,135,CASE CLOSED,,3/01/23,,,Margate
22-00100425,CASE CLOSED,55,margate_data.json,,WORK WITHOUT PERMIT-BUILDING,5850 MARGATE BLVD # 1,10/24/22,471,REINSPECTION CASE CLOSED,,,2/06/24,2/06/24,Margate
22-00100426,CASE CLOSED,55,margate_data.json,,WORK WITHOUT PERMIT-BUILDING,5850 MARGATE BLVD # 1,10/24/22,423,CASE CLOSED,,12/20/23,,,Margate
23-00100187,CASE CLOSED,55,margate_data.json,,WORK WITHOUT PERMIT-BUILDING,6206 MARGATE BLVD,7/12/23,146,CASE CLOSED,,11/27/23,,,Margate
23-00100260,ACTIVE,55,margate_data.json,,WORK WITHOUT PERMIT-BUILDING,6760 MARGATE BLVD,9/18/23,142,NOTICE OF VIOLATION-MAIL,REINSPECTION,,9/20/23,10/05/23,Margate
23-00100090,ACTIVE,59,margate_data.json,,WORK WITHOUT PERMIT-BUILDING,6810 MARGATE BLVD,3/30/23,314,NOTICE OF VIOLATION-MAIL,REINSPECTION,,3/31/23,4/15/23,Margate
23-00100146,CASE CLOSED,59,margate_data.json,,WORK WITHOUT PERMIT-BUILDING,6860 MARGATE BLVD,5/24/23,106,CASE CLOSED,,9/06/23,,,Margate
22-00100442,CASE CLOSED,59,margate_data.json,,WORK WITHOUT PERMIT-BUILDING,7520 MARGATE BLVD,11/14/22,386,CASE CLOSED,,12/04/23,,,Margate
23-00100068,ACTIVE,59,margate_data.json,,WORK WITHOUT PERMIT-BUILDING,7530 MARGATE BLVD,3/20/23,324,NOTICE OF VIOLATION-MAIL,REINSPECTION,,3/23/23,4/07/23,Margate
23-00100066,ACTIVE,59,margate_data.json,,WORK WITHOUT PERMIT-BUILDING,7580 MARGATE BLVD,3/20/23,324,NOTICE OF VIOLATION-MAIL,REINSPECTION,,3/22/23,4/06/23,Margate
22-00100283,CASE CLOSED,59,margate_data.json,,WORK WITHOUT PERMIT-BUILDING,3020 MARION AVE,6/30/22,310,CASE CLOSED,,5/03/23,,,Margate
21-00100062,CASE CLOSED,59,margate_data.json,,WORK WITHOUT PERMIT-BUILDING,6870 MARTIN RD,2/09/21,1010,CASE CLOSED,,11/15/23,,,Margate
22-00100297,CASE CLOSED,59,margate_data.json,,WORK WITHOUT PERMIT-BUILDING,1936 MEARS PKWY,7/11/22,331,CASE CLOSED,,6/01/23,,,Margate
22-00100305,CASE CLOSED,59,margate_data.json,,40 YEAR SAFETY INSPECTIONS,1950 MEARS PKWY,7/11/22,218,,,,,,Margate
22-00100412,CASE CLOSED,59,margate_data.json,,WORK WITHOUT PERMIT-BUILDING,1973 MEARS PKWY,10/11/22,155,CASE CLOSED,,2/28/23,,,Margate
19-00100100,CASE CLOSED,59,margate_data.json,,WORK WITHOUT PERMIT-BUILDING,2050 MEARS PKWY,5/05/19,1452,CASE CLOSED,,4/26/23,,,Margate
23-00100472,ACTIVE,59,margate_data.json,,40 YEAR SAFETY INSPECTIONS,2200 MEARS PKWY,12/12/23,57,INITIAL INSPECTION,,,,,Margate
23-00100254,ACTIVE,59,margate_data.json,,WORK WITHOUT PERMIT-BUILDING,2244 MEARS PKWY,9/11/23,149,NOTICE OF VIOLATION-MAIL,REINSPECTION,,9/11/23,9/26/23,Margate
23-00100490,ACTIVE,59,margate_data.json,,WORK WITHOUT PERMIT-BUILDING,7630 NORMANDE CT,12/19/23,50,NOTICE OF VIOLATION-SITE,RED TAG,,12/19/23,12/29/23,Margate
22-00100026,CASE CLOSED,59,margate_data.json,,WORK WITHOUT PERMIT-BUILDING,6295 OCEAN DR,1/31/22,547,REINSPECTION CASE CLOSED,,,7/24/23,7/24/23,Margate
22-00100127,CASE CLOSED,59,margate_data.json,,WORK WITHOUT PERMIT-BUILDING,6295 OCEAN DR,3/29/22,401,CASE CLOSED,,4/25/23,,,Margate
22-00100104,CASE CLOSED,59,margate_data.json,,WORK WITHOUT PERMIT-BUILDING,3120 PALM PL,3/21/22,577,CASE CLOSED,,10/17/23,,,Margate
23-00100169,ACTIVE,63,margate_data.json,,WORK WITHOUT PERMIT-BUILDING,72 W PALM DR,6/19/23,233,NOTICE OF VIOLATION-MAIL,REINSPECTION,,6/21/23,7/06/23,Margate
23-00100248,ACTIVE,63,margate_data.json,,WORK WITHOUT PERMIT-BUILDING,5817 PARK DR,8/31/23,160,NOTICE OF VIOLATION-MAIL,REINSPECTION,,9/05/23,9/20/23,Margate
23-00100453,ACTIVE,63,margate_data.json,,40 YEAR SAFETY INSPECTIONS,210 E PARKWAY DR,12/12/23,57,INITIAL INSPECTION,,,,,Margate
23-00100454,ACTIVE,63,margate_data.json,,40 YEAR SAFETY INSPECTIONS,6608 N PARKWAY DR,12/12/23,57,INITIAL INSPECTION,,,,,Margate
23-00100460,ACTIVE,63,margate_data.json,,40 YEAR SAFETY INSPECTIONS,6617 N PARKWAY DR,12/12/23,57,INITIAL INSPECTION,,,,,Margate
23-00100455,ACTIVE,63,margate_data.json,,40 YEAR SAFETY INSPECTIONS,6716 N PARKWAY DR,12/12/23,57,INITIAL INSPECTION,,,,,Margate
23-00100461,ACTIVE,63,margate_data.json,,40 YEAR SAFETY INSPECTIONS,6721 N PARKWAY DR,12/12/23,57,INITIAL INSPECTION,,,,,Margate
23-00100456,ACTIVE,63,margate_data.json,,40 YEAR SAFETY INSPECTIONS,6723 N PARKWAY DR,12/12/23,57,INITIAL INSPECTION,,,,,Margate
23-00100452,ACTIVE,63,margate_data.json,,40 YEAR SAFETY INSPECTIONS,6613 S PARKWAY DR,12/12/23,57,INITIAL INSPECTION,,,,,Margate
23-00100458,ACTIVE,63,margate_data.json,,40 YEAR SAFETY INSPECTIONS,6701 S PARKWAY DR,12/12/23,57,INITIAL INSPECTION,,,,,Margate
23-00100459,ACTIVE,63,margate_data.json,,40 YEAR SAFETY INSPECTIONS,6702 S PARKWAY DR,12/12/23,57,INITIAL INSPECTION,,,,,Margate
23-00100457,ACTIVE,63,margate_data.json,,40 YEAR SAFETY INSPECTIONS,209 W PARKWAY DR,12/12/23,57,INITIAL INSPECTION,,,,,Margate
23-00100036,ACTIVE,63,margate_data.json,,WORK WITHOUT PERMIT-BUILDING,3460 PINEWALK DR,2/21/23,351,NOTICE OF VIOLATION-MAIL,REINSPECTION,,2/23/23,3/10/23,Margate
24-00100032,ACTIVE,63,margate_data.json,,40 YEAR SAFETY INSPECTIONS,3495 PINEWALK DR,2/07/24,2,INITIAL INSPECTION,,,,,Margate
24-00100035,VOIDED,63,margate_data.json,,40 YEAR SAFETY INSPECTIONS,3495 PINEWALK DR,2/07/24,8,INITIAL INSPECTION,,,,,Margate
20-00100275,CASE CLOSED,63,margate_data.json,,WORK WITHOUT PERMIT-BUILDING,1008 E RIVER DR,1/16/20,1268,CASE CLOSED,,7/06/23,,,Margate
21-00100168,CASE CLOSED,63,margate_data.json,,UNSAFE STRUCTURE (BLDG),1204 E RIVER DR,5/05/21,706,CASE CLOSED,,4/03/23,,,Margate
23-00100074,ACTIVE,67,margate_data.json,,WORK WITHOUT PERMIT-BUILDING,1212 E RIVER DR,3/22/23,322,NOTICE OF VIOLATION-MAIL,REINSPECTION,,3/24/23,4/08/23,Margate
23-00100075,ACTIVE,67,margate_data.json,,UNSAFE STRUCTURE (BLDG),1212 E RIVER DR,3/22/23,322,NOTICE OF VIOLATION-MAIL,REINSPECTION,,3/24/23,4/08/23,Margate
23-00100416,ACTIVE,67,margate_data.json,,WORK WITHOUT PERMIT-BUILDING,1309 E RIVER DR,11/13/23,86,NOTICE OF VIOLATION-MAIL,REINSPECTION,,11/13/23,11/28/23,Margate
22-00100447,CASE CLOSED,67,margate_data.json,,WORK WITHOUT PERMIT-BUILDING,1401 E RIVER DR,12/01/22,85,CASE CLOSED,,2/22/23,,,Margate
23-00100043,ACTIVE,67,margate_data.json,,WORK WITHOUT PERMIT-BUILDING,1413 E RIVER DR,2/28/23,344,NOTICE OF VIOLATION-MAIL,REINSPECTION,,3/03/23,3/18/23,Margate
23-00100162,ACTIVE,67,margate_data.json,,WORK WITHOUT PERMIT-BUILDING,1504 E RIVER DR,6/14/23,238,NOTICE OF VIOLATION-MAIL,REINSPECTION,,6/16/23,7/01/23,Margate
23-00100199,ACTIVE,67,margate_data.json,,WORK WITHOUT PERMIT-BUILDING,1600 E RIVER DR,7/25/23,197,NOTICE OF VIOLATION-MAIL,REINSPECTION,,7/27/23,8/11/23,Margate
23-00100142,ACTIVE,67,margate_data.json,,WORK WITHOUT PERMIT-BUILDING,1612 E RIVER DR,5/22/23,261,NOTICE OF VIOLATION-MAIL,REINSPECTION,,5/22/23,6/06/23,Margate
21-00100340,CASE CLOSED,67,margate_data.json,,50 YEAR SAFETY INSPECTIONS,1189 W RIVER DR # 1,8/04/21,559,CASE CLOSED,,11/14/22,,,Margate
23-00100116,ACTIVE,67,margate_data.json,,WORK WITHOUT PERMIT-BUILDING,1189 W RIVER DR # 1,4/20/23,293,NOTICE OF VIOLATION-MAIL,REINSPECTION,,4/22/23,5/07/23,Margate
23-00100052,ACTIVE,67,margate_data.json,,UNSAFE STRUCTURE (BLDG),1208 W RIVER DR,3/06/23,338,NOTICE OF VIOLATION-MAIL,REINSPECTION,,3/08/23,3/23/23,Margate
19-00100210,CASE CLOSED,67,margate_data.json,,WORK WITHOUT PERMIT-BUILDING,1231 W RIVER DR,10/16/19,1363,CASE CLOSED,,7/10/23,,,Margate
23-00100180,ACTIVE,67,margate_data.json,,WORK WITHOUT PERMIT-BUILDING,1231 W RIVER DR,7/10/23,212,NOTICE OF VIOLATION-MAIL,REINSPECTION,,7/12/23,7/27/23,Margate
23-00100181,ACTIVE,67,margate_data.json,,WORK WITHOUT PERMIT-BUILDING,1235 W RIVER DR,7/10/23,212,NOTICE OF VIOLATION-MAIL,REINSPECTION,,7/12/23,7/27/23,Margate
21-00100336,CASE CLOSED,67,margate_data.json,,50 YEAR SAFETY INSPECTIONS,1251 W RIVER DR,8/04/21,888,CASE CLOSED,,10/24/23,,,Margate
23-00100493,ACTIVE,67,margate_data.json,,WORK WITHOUT PERMIT-BUILDING,1314 W RIVER DR,12/21/23,48,NOTICE OF VIOLATION-SITE,RED TAG,,12/21/23,12/31/23,Margate
23-00100159,ACTIVE,67,margate_data.json,,UNSAFE STRUCTURE (BLDG),1600 W RIVER DR,6/13/23,239,NOTICE OF VIOLATION-MAIL,REINSPECTION,,6/15/23,6/30/23,Margate
23-00100415,ACTIVE,71,margate_data.json,,WORK WITHOUT PERMIT-BUILDING,1600 W RIVER DR,11/06/23,93,NOTICE OF VIOLATION-MAIL,REINSPECTION,,11/08/23,11/23/23,Margate
23-00100285,ACTIVE,71,margate_data.json,,WORK WITHOUT PERMIT-BUILDING,2204 W RIVER DR,10/09/23,121,NOTICE OF VIOLATION-MAIL,REINSPECTION,,10/11/23,10/26/23,Margate
21-00100384,CASE CLOSED,71,margate_data.json,,WORK WITHOUT PERMIT-BUILDING,6443 ROCK BEAUTY TER,9/01/21,653,CASE CLOSED,,6/06/23,,,Margate
23-00100215,ACTIVE,71,margate_data.json,,WORK WITHOUT PERMIT-BUILDING,378 N ROCK ISLAND RD,8/07/23,184,NOTICE OF VIOLATION-MAIL,REINSPECTION,,8/09/23,8/24/23,Margate
23-00100149,ACTIVE,71,margate_data.json,,WORK WITHOUT PERMIT-BUILDING,1165 N ROCK ISLAND RD,5/30/23,253,NOTICE OF VIOLATION-MAIL,REINSPECTION,,5/31/23,6/15/23,Margate
20-00100274,CASE CLOSED,71,margate_data.json,,WORK WITHOUT PERMIT-BUILDING,2269 N ROCK ISLAND RD,1/14/20,1368,CASE CLOSED,,10/12/23,,,Margate
23-00100316,ACTIVE,71,margate_data.json,,40 YEAR SAFETY INSPECTIONS,2701 N ROCK ISLAND RD,10/31/23,99,INITIAL INSPECTION,,,,,Margate
23-00100317,ACTIVE,71,margate_data.json,,40 YEAR SAFETY INSPECTIONS,2701 N ROCK ISLAND RD,10/31/23,99,INITIAL INSPECTION,,,,,Margate
23-00100297,ACTIVE,71,margate_data.json,,50 YEAR SAFETY INSPECTIONS,3011 N ROCK ISLAND RD,10/16/23,114,INITIAL INSPECTION,,,,,Margate
23-00100063,CASE CLOSED,71,margate_data.json,,UNSAFE STRUCTURE (BLDG),5700 ROYAL PALM BLVD,3/14/23,31,CASE CLOSED,,4/13/23,,,Margate
23-00100085,ACTIVE,71,margate_data.json,,WORK WITHOUT PERMIT-BUILDING,5700 ROYAL PALM BLVD,3/28/23,316,NOTICE OF VIOLATION-MAIL,REINSPECTION,,3/28/23,4/12/23,Margate
23-00100498,ACTIVE,71,margate_data.json,,UNSAFE STRUCTURE (BLDG),6550 ROYAL PALM BLVD,12/28/23,41,NOTICE OF VIOLATION-MAIL,REINSPECTION,,12/30/23,1/14/24,Margate
23-00100198,ACTIVE,71,margate_data.json,,WORK WITHOUT PERMIT-BUILDING,6650 ROYAL PALM BLVD,7/24/23,198,NOTICE OF VIOLATION-MAIL,REINSPECTION,,7/26/23,8/10/23,Margate
21-00100275,CASE CLOSED,71,margate_data.json,,40 YEAR SAFETY INSPECTIONS,6700 ROYAL PALM BLVD,7/15/21,579,CASE CLOSED,,2/09/23,,,Margate
23-00100170,ACTIVE,71,margate_data.json,,WORK WITHOUT PERMIT-BUILDING,6700 ROYAL PALM BLVD,6/19/23,233,NOTICE OF VIOLATION-MAIL,REINSPECTION,,6/21/23,7/06/23,Margate
23-00100158,ACTIVE,71,margate_data.json,,UNSAFE STRUCTURE (BLDG),6750 ROYAL PALM BLVD,6/12/23,240,NOTICE OF VIOLATION-MAIL,REINSPECTION,,6/14/23,6/29/23,Margate
23-00100273,ACTIVE,71,margate_data.json,,UNSAFE STRUCTURE (BLDG),6890 ROYAL PALM BLVD 204,10/03/23,127,NOTICE OF VIOLATION-MAIL,REINSPECTION,,10/05/23,10/20/23,Margate
23-00100335,ACTIVE,75,margate_data.json,,40 YEAR SAFETY INSPECTIONS,7432 ROYAL PALM BLVD,10/31/23,99,INITIAL INSPECTION,,,,,Margate
20-00100290,CASE CLOSED,75,margate_data.json,,WORK WITHOUT PERMIT-BUILDING,7456 ROYAL PALM BLVD,2/18/20,1087,CASE CLOSED,,7/27/21,,,Margate
14-00100191,CASE CLOSED,75,margate_data.json,,WORK WITHOUT PERMIT-BUILDING,2940 E SABLE CIR,12/01/14,3152,CASE CLOSED,,7/20/23,,,Margate
23-00100129,CASE CLOSED,75,margate_data.json,,WORK WITHOUT PERMIT-BUILDING,6727 SALTAIRE TER,5/08/23,240,CASE CLOSED,,12/12/23,,,Margate
23-00100354,ACTIVE,75,margate_data.json,,40 YEAR SAFETY INSPECTIONS,5100 W SAMPLE RD,11/07/23,92,INITIAL INSPECTION,,,,,Margate
23-00100439,ACTIVE,75,margate_data.json,,WORK WITHOUT PERMIT-BUILDING,5100 W SAMPLE RD,11/29/23,70,NOTICE OF VIOLATION-MAIL,REINSPECTION,,12/01/23,12/16/23,Margate
23-00100390,ACTIVE,75,margate_data.json,,40 YEAR SAFETY INSPECTIONS,5200 W SAMPLE RD,11/07/23,92,INITIAL INSPECTION,,,,,Margate
23-00100355,ACTIVE,75,margate_data.json,,40 YEAR SAFETY INSPECTIONS,5400 W SAMPLE RD,11/07/23,92,INITIAL INSPECTION,,,,,Margate
23-00100389,ACTIVE,75,margate_data.json,,40 YEAR SAFETY INSPECTIONS,5400 W SAMPLE RD,11/07/23,92,INITIAL INSPECTION,,,,,Margate
23-00100138,ACTIVE,75,margate_data.json,,WORK WITHOUT PERMIT-BUILDING,5478 W SAMPLE RD,5/17/23,266,NOTICE OF VIOLATION-MAIL,REINSPECTION,,5/19/23,6/03/23,Margate
24-00100006,ACTIVE,75,margate_data.json,,WORK WITHOUT PERMIT-BUILDING,5502 W SAMPLE RD,1/04/24,34,NOTICE OF VIOLATION-MAIL,REINSPECTION,,1/06/24,1/21/24,Margate
23-00100356,CASE CLOSED,75,margate_data.json,,40 YEAR SAFETY INSPECTIONS,5590 W SAMPLE RD,11/07/23,92,CASE CLOSED,,1/19/24,,,Margate
23-00100223,ACTIVE,75,margate_data.json,,UNSAFE STRUCTURE (BLDG),5610 W SAMPLE RD,8/10/23,181,NOTICE OF VIOLATION-SITE,RED TAG,,8/14/23,8/24/23,Margate
23-00100314,CASE CLOSED,75,margate_data.json,,40 YEAR SAFETY INSPECTIONS,7912 W SAMPLE RD,10/31/23,99,CASE CLOSED,,11/26/13,,,Margate
23-00100236,ACTIVE,75,margate_data.json,,WORK WITHOUT PERMIT-BUILDING,8036 W SAMPLE RD,8/22/23,169,NOTICE OF VIOLATION-MAIL,REINSPECTION,,8/24/23,9/08/23,Margate
23-00100279,ACTIVE,75,margate_data.json,,UNSAFE STRUCTURE (BLDG),7465 SANTA MONICA DR,10/05/23,125,NOTICE OF VIOLATION-MAIL,REINSPECTION,,10/06/23,10/21/23,Margate
23-00100436,ACTIVE,75,margate_data.json,,WORK WITHOUT PERMIT-BUILDING,6363 SEAGRAPE CIR,11/28/23,71,NOTICE OF VIOLATION-SITE,RED TAG,,11/28/23,12/08/23,Margate
24-00100023,ACTIVE,79,margate_data.json,,WORK WITHOUT PERMIT-BUILDING,6173 SEMINOLE TER,1/18/24,20,NOTICE OF VIOLATION-MAIL,REINSPECTION,,1/20/24,2/04/24,Margate
23-00100212,ACTIVE,79,margate_data.json,,WORK WITHOUT PERMIT-BUILDING,5729 SETON DR,8/07/23,184,NOTICE OF VIOLATION-SITE,RED TAG,,8/07/23,8/17/23,Margate
24-00100086,ACTIVE,79,margate_data.json,,WORK WITHOUT PERMIT-BUILDING,5729 SETON DR,1/31/24,7,NOTICE OF VIOLATION-MAIL,REINSPECTION,,2/02/24,2/17/24,Margate
22-00100407,CASE CLOSED,79,margate_data.json,,WORK WITHOUT PERMIT-BUILDING,6114 SOUTHGATE BLVD,10/04/22,126,CASE CLOSED,,2/06/23,,,Margate
23-00100024,ACTIVE,79,margate_data.json,,UNSAFE STRUCTURE (BLDG),6118 SOUTHGATE BLVD,2/07/23,365,NOTICE OF VIOLATION-MAIL,REINSPECTION,,2/09/23,2/24/23,Margate
23-00100057,CASE CLOSED,79,margate_data.json,,UNSAFE STRUCTURE (BLDG),6123 SOUTHGATE BLVD,3/07/23,43,CASE CLOSED,,4/17/23,,,Margate
23-00100054,CASE CLOSED,79,margate_data.json,,WORK WITHOUT PERMIT-BUILDING,6127 SOUTHGATE BLVD,3/07/23,79,CASE CLOSED,,5/24/23,,,Margate
22-00100047,CASE CLOSED,79,margate_data.json,,WORK WITHOUT PERMIT-BUILDING,6326 SOUTHGATE BLVD,2/11/22,691,CASE CLOSED,,12/19/23,,,Margate
23-00100228,ACTIVE,79,margate_data.json,,WORK WITHOUT PERMIT-BUILDING,6338 SOUTHGATE BLVD,8/15/23,176,NOTICE OF VIOLATION-MAIL,REINSPECTION,,8/17/23,9/01/23,Margate
24-00100002,ACTIVE,79,margate_data.json,,WORK WITHOUT PERMIT-BUILDING 250 N STATE ROAD 7,,1/03/24,35,NOTICE OF VIOLATION-MAIL,REINSPECTION,,1/05/24,1/20/24,Margate
23-00100430,ACTIVE,79,margate_data.json,,WORK WITHOUT PERMIT-BUILDING 301 N STATE ROAD 7,,11/22/23,77,NOTICE OF VIOLATION-MAIL,REINSPECTION,,11/24/23,12/09/23,Margate
22-00100204,CASE CLOSED,79,margate_data.json,,UNSAFE STRUCTURE (BLDG) 490 N STATE ROAD 7,,5/19/22,432,CASE CLOSED,,7/24/23,,,Margate
23-00100309,ACTIVE,79,margate_data.json,,WORK WITHOUT PERMIT-BUILDING 490 N STATE ROAD 7,,10/19/23,111,NOTICE OF VIOLATION-SITE,RED TAG,,10/19/23,10/29/23,Margate
23-00100484,ACTIVE,79,margate_data.json,,UNSAFE STRUCTURE (BLDG) 537 N STATE ROAD 7,,12/07/23,62,NOTICE OF VIOLATION-SITE,RED TAG,,12/11/23,12/21/23,Margate
23-00100343,CASE CLOSED,79,margate_data.json,,40 YEAR SAFETY INSPECTIONS 550 N STATE ROAD 7 # 1,,10/31/23,99,CASE CLOSED,,1/19/24,,,Margate
23-00100291,ACTIVE,79,margate_data.json,,50 YEAR SAFETY INSPECTIONS 1308 N STATE ROAD 7,,10/16/23,114,INITIAL INSPECTION,,,,,Margate
23-00100299,ACTIVE,79,margate_data.json,,50 YEAR SAFETY INSPECTIONS 1308 N STATE ROAD 7,,10/16/23,114,INITIAL INSPECTION,,,,,Margate
23-00100362,ACTIVE,83,margate_data.json,,40 YEAR SAFETY INSPECTIONS 1360 N STATE ROAD 7,,11/07/23,92,INITIAL INSPECTION,,,,,Margate
24-00100026,ACTIVE,83,margate_data.json,,WORK WITHOUT PERMIT-BUILDING 1440 N STATE ROAD 7,,1/22/24,16,RED TAG NOTICE OF VIOLATION-MAIL,,,10/19/24,10/29/24,Margate
23-00100347,ACTIVE,83,margate_data.json,,WORK WITHOUT PERMIT-BUILDING 1500 N STATE ROAD 7,,10/31/23,99,NOTICE OF VIOLATION-MAIL,REINSPECTION,,11/02/23,11/17/23,Margate
23-00100292,ACTIVE,83,margate_data.json,,50 YEAR SAFETY INSPECTIONS 1507 N STATE ROAD 7,,10/16/23,114,INITIAL INSPECTION,,,,,Margate
23-00100334,ACTIVE,83,margate_data.json,,40 YEAR SAFETY INSPECTIONS 1609 N STATE ROAD 7,,10/31/23,99,INITIAL INSPECTION,,,,,Margate
21-00100537,CASE CLOSED,83,margate_data.json,,WORK WITHOUT PERMIT-BUILDING 1700 N STATE ROAD 7 CNTR,,12/14/21,554,CASE CLOSED,,6/13/23,,,Margate
23-00100322,ACTIVE,83,margate_data.json,,40 YEAR SAFETY INSPECTIONS 1815 N STATE ROAD 7 # 1,,10/31/23,99,INITIAL INSPECTION,,,,,Margate
23-00100167,ACTIVE,83,margate_data.json,,WORK WITHOUT PERMIT-BUILDING 1875 N STATE ROAD 7,,6/19/23,233,NOTICE OF VIOLATION-MAIL,REINSPECTION,,6/21/23,7/06/23,Margate
23-00100470,ACTIVE,83,margate_data.json,,40 YEAR SAFETY INSPECTIONS 1880 N STATE ROAD 7 # 1,,12/12/23,57,INITIAL INSPECTION,,,,,Margate
23-00100471,ACTIVE,83,margate_data.json,,40 YEAR SAFETY INSPECTIONS 1880 N STATE ROAD 7 # 2,,12/12/23,57,INITIAL INSPECTION,,,,,Margate
23-00100469,ACTIVE,83,margate_data.json,,40 YEAR SAFETY INSPECTIONS 1982 N STATE ROAD 7,,12/12/23,57,INITIAL INSPECTION,,,,,Margate
23-00100131,CASE CLOSED,83,margate_data.json,,WORK WITHOUT PERMIT-BUILDING 2000 N STATE ROAD 7,,5/15/23,128,CASE CLOSED,,9/06/23,,,Margate
22-00100065,CASE CLOSED,83,margate_data.json,,50 YEAR SAFETY INSPECTIONS 2001 N STATE ROAD 7,,2/26/22,432,CASE CLOSED,,5/02/23,,,Margate
22-00100461,CASE CLOSED,83,margate_data.json,,WORK WITHOUT PERMIT-BUILDING 2001 N STATE ROAD 7,,12/14/22,141,CASE CLOSED,,5/01/23,,,Margate
23-00100132,ACTIVE,83,margate_data.json,,WORK WITHOUT PERMIT-BUILDING 2020 N STATE ROAD 7,,5/15/23,268,NOTICE OF VIOLATION-MAIL,REINSPECTION,,5/17/23,6/01/23,Margate
21-00100396,CASE CLOSED,83,margate_data.json,,WORK WITHOUT PERMIT-BUILDING 2099 N STATE ROAD 7,,9/22/21,534,CASE CLOSED,,3/09/23,,,Margate
23-00100021,ACTIVE,83,margate_data.json,,UNSAFE STRUCTURE (BLDG) 2121 N STATE ROAD 7,,2/06/23,366,NOTICE OF VIOLATION-MAIL,REINSPECTION,,2/07/23,2/22/23,Margate
23-00100418,CASE CLOSED,87,margate_data.json,,WORK WITHOUT PERMIT-BUILDING 2121 N STATE ROAD 7,,11/13/23,36,CASE CLOSED,,12/18/23,,,Margate
23-00100298,ACTIVE,87,margate_data.json,,50 YEAR SAFETY INSPECTIONS 2155 N STATE ROAD 7 # B,,10/16/23,114,INITIAL INSPECTION,,,,,Margate
24-00100034,ACTIVE,87,margate_data.json,,40 YEAR SAFETY INSPECTIONS 2402 N STATE ROAD 7,,2/07/24,2,INITIAL INSPECTION,,,,,Margate
22-00100217,CASE CLOSED,87,margate_data.json,,WORK WITHOUT PERMIT-BUILDING 2452 N STATE ROAD 7,,6/03/22,257,CASE CLOSED,,2/09/23,,,Margate
23-00100451,ACTIVE,87,margate_data.json,,WORK WITHOUT PERMIT-BUILDING 2708 N STATE ROAD 7,,12/07/23,62,NOTICE OF VIOLATION-MAIL,REINSPECTION,,12/11/23,12/26/23,Margate
23-00100353,ACTIVE,87,margate_data.json,,40 YEAR SAFETY INSPECTIONS 2800 N STATE ROAD 7 # 1,,11/07/23,92,INITIAL INSPECTION,,,,,Margate
23-00100364,ACTIVE,87,margate_data.json,,40 YEAR SAFETY INSPECTIONS 2800 N STATE ROAD 7 # 1,,11/07/23,92,INITIAL INSPECTION,,,,,Margate
23-00100323,ACTIVE,87,margate_data.json,,40 YEAR SAFETY INSPECTIONS 2801 N STATE ROAD 7 # 1,,10/31/23,99,INITIAL INSPECTION,,,,,Margate
23-00100332,ACTIVE,87,margate_data.json,,40 YEAR SAFETY INSPECTIONS 2851 N STATE ROAD 7,,10/31/23,99,INITIAL INSPECTION,,,,,Margate
23-00100331,ACTIVE,87,margate_data.json,,40 YEAR SAFETY INSPECTIONS 3101 N STATE ROAD 7 # A,,10/31/23,99,INITIAL INSPECTION,,,,,Margate
23-00100329,ACTIVE,87,margate_data.json,,40 YEAR SAFETY INSPECTIONS 3105 N STATE ROAD 7,,10/31/23,99,INITIAL INSPECTION,,,,,Margate
23-00100330,ACTIVE,87,margate_data.json,,40 YEAR SAFETY INSPECTIONS 3175 N STATE ROAD 7,,10/31/23,99,INITIAL INSPECTION,,,,,Margate
23-00100027,ACTIVE,87,margate_data.json,,WORK WITHOUT PERMIT-BUILDING 3251 N STATE ROAD 7,,2/07/23,365,NOTICE OF VIOLATION-MAIL,REINSPECTION,,2/09/23,2/24/23,Margate
23-00100351,IN COMPLIANCE/OPEN FINES,87,margate_data.json,,40 YEAR SAFETY INSPECTIONS 125 S STATE ROAD 7,,11/07/23,92,INITIAL INSPECTION,,,,,Margate
23-00100302,ACTIVE,87,margate_data.json,,50 YEAR SAFETY INSPECTIONS 167 S STATE ROAD 7,,10/16/23,114,INITIAL INSPECTION,,,,,Margate
23-00100126,ACTIVE,87,margate_data.json,,WORK WITHOUT PERMIT-BUILDING 267 S STATE ROAD 7,,5/01/23,282,NOTICE OF VIOLATION-MAIL,REINSPECTION,,5/03/23,5/18/23,Margate
20-00100472,CASE CLOSED,87,margate_data.json,,WORK WITHOUT PERMIT-BUILDING 320 S STATE ROAD 7,,9/08/20,1094,CASE CLOSED,,9/06/23,,,Margate
24-00100082,ACTIVE,91,margate_data.json,,40 YEAR SAFETY INSPECTIONS 441 S STATE ROAD 7,,2/07/24,2,INITIAL INSPECTION,,,,,Margate
24-00100083,ACTIVE,91,margate_data.json,,40 YEAR SAFETY INSPECTIONS 541 S STATE ROAD 7,,2/07/24,2,INITIAL INSPECTION,,,,,Margate
23-00100001,IN COMPLIANCE/OPEN FINES,91,margate_data.json,,40 YEAR SAFETY INSPECTIONS 607 S STATE ROAD 7,,1/11/23,392,CASE CLOSED CASE CLOSED,,,6/07/23,6/07/23,Margate
01-00102667,CASE CLOSED,91,margate_data.json,,EXISTING BLDG VIOLATIONS (BLDG) 624 S STATE ROAD 7,,5/16/01,8009,CASE CLOSED,,4/24/23,,,Margate
23-00100038,ACTIVE,91,margate_data.json,,WORK WITHOUT PERMIT-BUILDING 628 S STATE ROAD 7,,2/23/23,349,NOTICE OF VIOLATION-MAIL,REINSPECTION,,2/25/23,3/12/23,Margate
24-00100081,ACTIVE,91,margate_data.json,,40 YEAR SAFETY INSPECTIONS 767 S STATE ROAD 7,,2/07/24,2,INITIAL INSPECTION,,,,,Margate
24-00100079,ACTIVE,91,margate_data.json,,40 YEAR SAFETY INSPECTIONS 777 S STATE ROAD 7,,2/07/24,2,INITIAL INSPECTION,,,,,Margate
23-00100096,CASE CLOSED,91,margate_data.json,,WORK WITHOUT PERMIT-BUILDING 1100 S STATE ROAD 7 103,,4/12/23,28,CASE CLOSED,,5/09/23,,,Margate
23-00100238,ACTIVE,91,margate_data.json,,WORK WITHOUT PERMIT-BUILDING,373 SUNDIAL CIR CIR,8/28/23,163,NOTICE OF VIOLATION-MAIL,REINSPECTION,,8/28/23,9/12/23,Margate
23-00100272,ACTIVE,91,margate_data.json,,WORK WITHOUT PERMIT-BUILDING,392 SUNDIAL CIR CIR,10/03/23,127,NOTICE OF VIOLATION-MAIL,REINSPECTION,,10/04/23,10/19/23,Margate
23-00100221,ACTIVE,91,margate_data.json,,UNSAFE STRUCTURE (BLDG),7615 SUNFLOWER DR,8/08/23,183,NOTICE OF VIOLATION-MAIL,REINSPECTION,,8/10/23,8/25/23,Margate
23-00100030,CASE CLOSED,91,margate_data.json,,WORK WITHOUT PERMIT-BUILDING,3004 SUNSET LN,2/08/23,37,CASE CLOSED,,3/16/23,,,Margate
23-00100029,CASE CLOSED,91,margate_data.json,,WORK WITHOUT PERMIT-BUILDING,3010 SUNSET LN,2/07/23,100,CASE CLOSED,,5/10/23,,,Margate
21-00100144,CASE CLOSED,91,margate_data.json,,WORK WITHOUT PERMIT-BUILDING,3136 SUNSET CIR,4/19/21,660,CASE CLOSED,,8/10/21,,,Margate
23-00100005,CASE CLOSED,91,margate_data.json,,WORK WITHOUT PERMIT-BUILDING,3136 SUNSET CIR,1/23/23,57,CASE CLOSED,,3/16/23,,,Margate
24-00100055,ACTIVE,91,margate_data.json,,WORK WITHOUT PERMIT-BUILDING,7464 VISCAYA CIR,1/31/24,7,NOTICE OF VIOLATION-MAIL,REINSPECTION,,2/02/24,2/17/24,Margate
23-00100345,ACTIVE,91,margate_data.json,,WORK WITHOUT PERMIT-BUILDING,5755 WINFIELD BLVD,10/26/23,104,NOTICE OF VIOLATION-MAIL,REINSPECTION,,10/27/23,11/11/23,Margate
24-00100028,ACTIVE,95,margate_data.json,,WORK WITHOUT PERMIT-BUILDING,6118 WINFIELD BLVD,1/24/24,14,NOTICE OF VIOLATION-SITE,RED TAG,,1/24/24,2/03/24,Margate
23-00100100,ACTIVE,95,margate_data.json,,WORK WITHOUT PERMIT-BUILDING,6129 WINFIELD BLVD,4/12/23,301,NOTICE OF VIOLATION-MAIL,REINSPECTION,,4/14/23,4/29/23,Margate
23-00100101,CASE CLOSED,95,margate_data.json,,WORK WITHOUT PERMIT-BUILDING,6344 WINFIELD BLVD,4/12/23,44,CASE CLOSED,,5/25/23,,,Margate
23-00100293,ACTIVE,95,margate_data.json,,50 YEAR SAFETY INSPECTIONS,6500 WINFIELD BLVD,10/16/23,114,INITIAL INSPECTION,,,,,Margate
21-00100346,CASE CLOSED,95,margate_data.json,,40 YEAR SAFETY INSPECTIONS,6501 WINFIELD BLVD,8/04/21,638,CASE CLOSED,,9/28/21,,,Margate
23-00100112,ACTIVE,95,margate_data.json,,UNSAFE STRUCTURE (BLDG),6505 WINFIELD BLVD,4/19/23,294,NOTICE OF VIOLATION-MAIL,REINSPECTION,,4/24/23,5/09/23,Margate
21-00100276,CASE CLOSED,95,margate_data.json,,WORK WITHOUT PERMIT-BUILDING,6507 WINFIELD BLVD 202,7/15/21,649,CASE CLOSED,,4/20/23,,,Margate
23-00100294,ACTIVE,95,margate_data.json,,50 YEAR SAFETY INSPECTIONS,6510 WINFIELD BLVD,10/16/23,114,INITIAL INSPECTION,,,,,Margate
23-00100290,ACTIVE,95,margate_data.json,,50 YEAR SAFETY INSPECTIONS,6520 WINFIELD BLVD,10/16/23,114,INITIAL INSPECTION,,,,,Margate
23-00100295,ACTIVE,95,margate_data.json,,50 YEAR SAFETY INSPECTIONS,6550 WINFIELD BLVD,10/16/23,114,INITIAL INSPECTION,,,,,Margate
23-00100296,ACTIVE,95,margate_data.json,,50 YEAR SAFETY INSPECTIONS,6560 WINFIELD BLVD,10/16/23,114,INITIAL INSPECTION,,,,,Margate
23-00100201,CASE CLOSED,95,margate_data.json,,WORK WITHOUT PERMIT-BUILDING,6705 WINFIELD BLVD,7/26/23,38,CASE CLOSED,,8/29/23,,,Margate
23-00100164,CASE CLOSED,95,margate_data.json,,WORK WITHOUT PERMIT-BUILDING,3025 WOODLANDS DR,6/19/23,127,CASE CLOSED,,10/23/23,,,Margate
23-00100349,ACTIVE,95,margate_data.json,,40 YEAR SAFETY INSPECTIONS,6246 NW 1ST ST,11/07/23,92,INITIAL INSPECTION,,,,,Margate
23-00100147,ACTIVE,95,margate_data.json,,WORK WITHOUT PERMIT-BUILDING,6972 NW 1ST ST,5/25/23,258,NOTICE OF VIOLATION-MAIL,REINSPECTION,,5/27/23,6/11/23,Margate
23-00100189,ACTIVE,95,margate_data.json,,UNSAFE STRUCTURE (BLDG),7310 NW 1ST ST 205,7/13/23,209,NOTICE OF VIOLATION-MAIL,REINSPECTION,,7/15/23,7/30/23,Margate
08-00100058,CASE CLOSED,95,margate_data.json,,WORK WITHOUT PERMIT-BUILDING,7640 NW 1ST ST BDG82,9/04/08,5345,CASE CLOSED,,9/20/08,,,Margate
23-00100196,ACTIVE,99,margate_data.json,,WORK WITHOUT PERMIT-BUILDING,7640 NW 1ST ST 204,7/18/23,204,NOTICE OF VIOLATION-MAIL,REINSPECTION,,7/20/23,8/04/23,Margate
20-00100438,CASE CLOSED,99,margate_data.json,,WORK WITHOUT PERMIT-BUILDING,6302 SW 1ST ST,7/21/20,1036,CASE CLOSED,,2/23/21,,,Margate
23-00100050,ACTIVE,99,margate_data.json,,WORK WITHOUT PERMIT-BUILDING,7234 SW 1ST ST,3/06/23,338,NOTICE OF VIOLATION-MAIL,REINSPECTION,,3/08/23,3/23/23,Margate
21-00100112,CASE CLOSED,99,margate_data.json,,WORK WITHOUT PERMIT-BUILDING,7330 SW 1ST ST,3/22/21,1019,CASE CLOSED,,1/04/24,,,Margate
15-00100033,CASE CLOSED,99,margate_data.json,,WORK WITHOUT PERMIT-BUILDING,7470 SW 1ST ST,5/12/15,2987,CASE CLOSED,,7/17/23,,,Margate
23-00100105,ACTIVE,99,margate_data.json,,UNSAFE STRUCTURE (BLDG),5165 SW 10TH CT,4/17/23,296,NOTICE OF VIOLATION-MAIL,REINSPECTION,,4/19/23,5/04/23,Margate
23-00100153,ACTIVE,99,margate_data.json,,WORK WITHOUT PERMIT-BUILDING,5571 SW 10TH PL,6/05/23,247,NOTICE OF VIOLATION-MAIL,REINSPECTION,,6/07/23,6/22/23,Margate
23-00100048,CASE CLOSED,99,margate_data.json,,WORK WITHOUT PERMIT-BUILDING,6795 NW 11TH CT,3/06/23,232,REINSPECTION CASE CLOSED,,,10/23/23,10/23/23,Margate
23-00100242,ACTIVE,99,margate_data.json,,WORK WITHOUT PERMIT-BUILDING,6795 NW 11TH CT,8/30/23,161,NOTICE OF VIOLATION-MAIL,REINSPECTION,,8/31/23,9/15/23,Margate
23-00100497,ACTIVE,99,margate_data.json,,UNSAFE STRUCTURE (BLDG),6860 NW 11TH CT,12/28/23,41,NOTICE OF VIOLATION-MAIL,REINSPECTION,,12/30/23,1/14/24,Margate
23-00100077,CASE CLOSED,99,margate_data.json,,WORK WITHOUT PERMIT-BUILDING,6940 NW 11TH CT,3/23/23,131,CASE CLOSED,,7/27/23,,,Margate
23-00100222,ACTIVE,99,margate_data.json,,WORK WITHOUT PERMIT-BUILDING,8081 NW 11TH ST,8/09/23,182,NOTICE OF VIOLATION-MAIL,REINSPECTION,,8/11/23,8/26/23,Margate
21-00100043,CASE CLOSED,99,margate_data.json,,WORK WITHOUT PERMIT-BUILDING,4908 SW 11TH PL,2/01/21,1040,CASE CLOSED,,12/07/23,,,Margate
23-00100163,ACTIVE,99,margate_data.json,,UNSAFE STRUCTURE (BLDG),5451 SW 11TH ST # 1D,6/14/23,238,NOTICE OF VIOLATION-MAIL,REINSPECTION,,6/16/23,7/01/23,Margate
24-00100085,ACTIVE,99,margate_data.json,,40 YEAR SAFETY INSPECTIONS,5451 SW 11TH ST,2/07/24,2,INITIAL INSPECTION,,,,,Margate
24-00100084,ACTIVE,99,margate_data.json,,40 YEAR SAFETY INSPECTIONS,5501 SW 11TH ST,2/07/24,2,INITIAL INSPECTION,,,,,Margate
23-00100244,CASE CLOSED,99,margate_data.json,,WORK WITHOUT PERMIT-BUILDING,6715 NW 12TH ST,8/30/23,48,CASE CLOSED,,10/12/23,,,Margate
24-00100007,ACTIVE,103,margate_data.json,,WORK WITHOUT PERMIT-BUILDING,6715 NW 12TH ST,1/04/24,34,NOTICE OF VIOLATION-MAIL,REINSPECTION,,1/06/24,1/21/24,Margate
23-00100195,CASE CLOSED,103,margate_data.json,,UNSAFE STRUCTURE (BLDG),6800 NW 12TH ST,7/17/23,135,CASE CLOSED,,11/28/23,,,Margate
23-00100437,ACTIVE,103,margate_data.json,,WORK WITHOUT PERMIT-BUILDING,6800 NW 12TH ST,11/28/23,71,NOTICE OF VIOLATION-MAIL,REINSPECTION,,11/30/23,12/15/23,Margate
23-00100361,ACTIVE,103,margate_data.json,,40 YEAR SAFETY INSPECTIONS,5100 NW 15TH ST,11/07/23,92,INITIAL INSPECTION,,,,,Margate
23-00100363,ACTIVE,103,margate_data.json,,40 YEAR SAFETY INSPECTIONS,5183 NW 15TH ST,11/07/23,92,INITIAL INSPECTION,,,,,Margate
23-00100398,ACTIVE,103,margate_data.json,,40 YEAR SAFETY INSPECTIONS,5183 NW 15TH ST,11/07/23,92,INITIAL INSPECTION,,,,,Margate
23-00100399,ACTIVE,103,margate_data.json,,40 YEAR SAFETY INSPECTIONS,5183 NW 15TH ST,11/07/23,92,INITIAL INSPECTION,,,,,Margate
23-00100400,ACTIVE,103,margate_data.json,,40 YEAR SAFETY INSPECTIONS,5183 NW 15TH ST,11/07/23,92,INITIAL INSPECTION,,,,,Margate
21-00100568,CASE CLOSED,103,margate_data.json,,WORK WITHOUT PERMIT-BUILDING,5199 NW 15TH ST B7,12/29/21,497,CASE CLOSED,,5/04/23,,,Margate
24-00100043,ACTIVE,103,margate_data.json,,40 YEAR SAFETY INSPECTIONS,5415 NW 15TH ST 01,2/07/24,2,INITIAL INSPECTION,,,,,Margate
24-00100044,ACTIVE,103,margate_data.json,,40 YEAR SAFETY INSPECTIONS,5415 NW 15TH ST 01,2/07/24,2,INITIAL INSPECTION,,,,,Margate
23-00100467,ACTIVE,103,margate_data.json,,40 YEAR SAFETY INSPECTIONS,5431 NW 15TH ST #1,12/12/23,57,INITIAL INSPECTION,,,,,Margate
23-00100468,ACTIVE,103,margate_data.json,,40 YEAR SAFETY INSPECTIONS,5431 NW 15TH ST #2,12/12/23,57,INITIAL INSPECTION,,,,,Margate
23-00100462,ACTIVE,103,margate_data.json,,40 YEAR SAFETY INSPECTIONS,5491 NW 15TH ST # 1,12/12/23,57,INITIAL INSPECTION,,,,,Margate
23-00100463,ACTIVE,103,margate_data.json,,40 YEAR SAFETY INSPECTIONS,5501 NW 15TH ST,12/12/23,57,INITIAL INSPECTION,,,,,Margate
23-00100160,ACTIVE,103,margate_data.json,,WORK WITHOUT PERMIT-BUILDING,5800 NW 15TH ST,6/13/23,239,RED TAG NOTICE OF VIOLATION-MAIL,,,6/13/23,6/23/23,Margate
23-00100209,ACTIVE,103,margate_data.json,,WORK WITHOUT PERMIT-BUILDING,5804 NW 15TH ST,8/02/23,189,NOTICE OF VIOLATION-MAIL,REINSPECTION,,8/04/23,8/19/23,Margate
23-00100259,ACTIVE,107,margate_data.json,,WORK WITHOUT PERMIT-BUILDING,6003 NW 15TH CT,9/18/23,142,NOTICE OF VIOLATION-MAIL,REINSPECTION,,9/20/23,10/05/23,Margate
24-00100090,ACTIVE,107,margate_data.json,,WORK WITHOUT PERMIT-BUILDING,6103 NW 15TH ST,2/05/24,2,NOTICE OF VIOLATION-MAIL,REINSPECTION,,2/07/24,2/22/24,Margate
24-00100010,ACTIVE,107,margate_data.json,,WORK WITHOUT PERMIT-BUILDING,6233 NW 15TH CT,1/08/24,30,NOTICE OF VIOLATION-MAIL,REINSPECTION,,1/10/24,1/25/24,Margate
22-00100106,CASE CLOSED,107,margate_data.json,,WORK WITHOUT PERMIT-BUILDING,6675 NW 15TH ST,3/21/22,653,CASE CLOSED,,1/02/24,,,Margate
22-00100419,CASE CLOSED,107,margate_data.json,,WORK WITHOUT PERMIT-BUILDING,6075 NW 16TH CT,10/18/22,129,CASE CLOSED,,2/21/23,,,Margate
23-00100442,ACTIVE,107,margate_data.json,,UNSAFE STRUCTURE (BLDG),6075 NW 16TH CT,11/30/23,69,NOTICE OF VIOLATION-MAIL,REINSPECTION,,12/02/23,12/17/23,Margate
23-00100176,ACTIVE,107,margate_data.json,,WORK WITHOUT PERMIT-BUILDING,6256 NW 16TH CT,7/03/23,219,NOTICE OF VIOLATION-MAIL,REINSPECTION,,7/06/23,7/21/23,Margate
23-00100139,CASE CLOSED,107,margate_data.json,,WORK WITHOUT PERMIT-BUILDING,6522 NW 16TH CT,5/18/23,111,CASE CLOSED,,8/29/23,,,Margate
23-00100207,ACTIVE,107,margate_data.json,,WORK WITHOUT PERMIT-BUILDING,6890 NW 16TH ST,8/01/23,190,NOTICE OF VIOLATION-MAIL,REINSPECTION,,8/04/23,8/19/23,Margate
23-00100476,ACTIVE,107,margate_data.json,,40 YEAR SAFETY INSPECTIONS,5151 NW 17TH ST,12/12/23,57,INITIAL INSPECTION,,,,,Margate
23-00100477,ACTIVE,107,margate_data.json,,40 YEAR SAFETY INSPECTIONS,5151 NW 17TH ST #2,12/12/23,57,INITIAL INSPECTION,,,,,Margate
23-00100141,CASE CLOSED,107,margate_data.json,,WORK WITHOUT PERMIT-BUILDING,5801 NW 18TH ST,5/22/23,199,CASE CLOSED,,12/06/23,,,Margate
23-00100045,CASE CLOSED,107,margate_data.json,,WORK WITHOUT PERMIT-BUILDING,5813 NW 18TH ST,3/01/23,244,CASE CLOSED,,10/24/23,,,Margate
22-00100115,CASE CLOSED,107,margate_data.json,,WORK WITHOUT PERMIT-BUILDING,6121 NW 18TH ST,3/28/22,416,CASE CLOSED,,5/17/23,,,Margate
23-00100324,ACTIVE,107,margate_data.json,,40 YEAR SAFETY INSPECTIONS,7365 NW 18TH ST,10/31/23,99,INITIAL INSPECTION,,,,,Margate
24-00100012,ACTIVE,107,margate_data.json,,WORK WITHOUT PERMIT-BUILDING,7410 NW 18TH ST,1/09/24,29,NOTICE OF VIOLATION-MAIL,REINSPECTION,,1/11/24,1/26/24,Margate
23-00100012,CASE CLOSED,107,margate_data.json,,WORK WITHOUT PERMIT-BUILDING,7430 NW 18TH ST 205,1/30/23,152,CASE CLOSED,,6/30/23,,,Margate
24-00100008,ACTIVE,111,margate_data.json,,WORK WITHOUT PERMIT-BUILDING,7610 NW 18TH ST 302,1/08/24,30,NOTICE OF VIOLATION-MAIL,REINSPECTION,,1/10/24,1/25/24,Margate
11-00100076,CASE CLOSED,111,margate_data.json,,WORK WITHOUT PERMIT-BUILDING,7640 NW 18TH ST 301,6/01/11,4409,CASE CLOSED,,6/22/23,,,Margate
21-00100324,CASE CLOSED,111,margate_data.json,,40 YEAR SAFETY INSPECTIONS,7800 NW 18TH ST,8/02/21,711,NOTICE OF HEARING INITIAL INSPECTION,,,8/02/21,8/02/21,Margate
23-00100486,ACTIVE,111,margate_data.json,,WORK WITHOUT PERMIT-BUILDING,7800 NW 18TH ST 402,12/14/23,55,NOTICE OF VIOLATION-MAIL,REINSPECTION,,12/18/23,1/02/24,Margate
23-00100303,ACTIVE,111,margate_data.json,,WORK WITHOUT PERMIT-BUILDING,7905 NW 18TH PL,10/16/23,114,NOTICE OF VIOLATION-SITE,RED TAG,,10/16/23,10/26/23,Margate
23-00100202,ACTIVE,111,margate_data.json,,UNSAFE STRUCTURE (BLDG),6570 NW 2ND ST,7/27/23,195,NOTICE OF VIOLATION-MAIL,REINSPECTION,,7/29/23,8/13/23,Margate
23-00100214,ACTIVE,111,margate_data.json,,WORK WITHOUT PERMIT-BUILDING,6599 NW 2ND ST,8/07/23,184,NOTICE OF VIOLATION-MAIL,REINSPECTION,,8/09/23,8/24/23,Margate
23-00100213,ACTIVE,111,margate_data.json,,WORK WITHOUT PERMIT-BUILDING,6601 NW 2ND ST,8/07/23,184,NOTICE OF VIOLATION-MAIL,REINSPECTION,,8/09/23,8/24/23,Margate
23-00100217,ACTIVE,111,margate_data.json,,WORK WITHOUT PERMIT-BUILDING,6778 NW 2ND ST,8/07/23,184,NOTICE OF VIOLATION-MAIL,REINSPECTION,,8/09/23,8/24/23,Margate
22-00100093,CASE CLOSED,111,margate_data.json,,WORK WITHOUT PERMIT-BUILDING,6136 SW 2ND ST,3/09/22,650,CASE CLOSED,,12/18/23,,,Margate
22-00100433,CASE CLOSED,111,margate_data.json,,WORK WITHOUT PERMIT-BUILDING,6139 SW 2ND ST,10/31/22,163,CASE CLOSED,,4/10/23,,,Margate
22-00100427,CASE CLOSED,111,margate_data.json,,WORK WITHOUT PERMIT-BUILDING,6140 SW 2ND ST,10/24/22,176,REINSPECTION CASE CLOSED,,,3/01/23,3/01/23,Margate
23-00100233,ACTIVE,111,margate_data.json,,WORK WITHOUT PERMIT-BUILDING,6155 SW 2ND ST,8/22/23,169,NOTICE OF VIOLATION-MAIL,REINSPECTION,,8/24/23,9/08/23,Margate
23-00100234,ACTIVE,111,margate_data.json,,UNSAFE STRUCTURE (BLDG),6155 SW 2ND ST,8/22/23,169,NOTICE OF VIOLATION-MAIL,REINSPECTION,,8/24/23,9/08/23,Margate
23-00100235,ACTIVE,111,margate_data.json,,WORK WITHOUT PERMIT-BUILDING,6159 SW 2ND ST,8/22/23,169,NOTICE OF VIOLATION-MAIL,REINSPECTION,,8/24/23,9/08/23,Margate
17-00100090,CASE CLOSED,111,margate_data.json,,WORK WITHOUT PERMIT-BUILDING,6302 SW 2ND ST,11/16/17,2013,CASE CLOSED,,4/14/20,,,Margate
23-00100264,ACTIVE,111,margate_data.json,,WORK WITHOUT PERMIT-BUILDING,6314 SW 2ND ST,9/26/23,134,NOTICE OF VIOLATION-MAIL,REINSPECTION,,9/28/23,10/13/23,Margate
23-00100041,CASE CLOSED,115,margate_data.json,,WORK WITHOUT PERMIT-BUILDING,6347 SW 2ND ST,2/27/23,241,CASE CLOSED,,10/25/23,,,Margate
24-00100049,ACTIVE,115,margate_data.json,,WORK WITHOUT PERMIT-BUILDING,6466 NW 20TH ST,1/30/24,8,NOTICE OF VIOLATION-SITE,RED TAG,,1/31/24,2/10/24,Margate
24-00100004,ACTIVE,115,margate_data.json,,WORK WITHOUT PERMIT-BUILDING,6453 NW 21ST CT,1/04/24,34,NOTICE OF VIOLATION-MAIL,REINSPECTION,,1/06/24,1/21/24,Margate
24-00100005,ACTIVE,115,margate_data.json,,UNSAFE STRUCTURE (BLDG),6453 NW 21ST CT,1/04/24,34,NOTICE OF VIOLATION-MAIL,REINSPECTION,,1/06/24,1/21/24,Margate
23-00100500,ACTIVE,115,margate_data.json,,UNSAFE STRUCTURE,7421 NW 21ST ST (BLDG),12/28/23,41,NOTICE OF VIOLATION-MAIL,REINSPECTION,,12/30/23,1/14/24,Margate
22-00100440,CASE CLOSED,115,margate_data.json,,WORK WITHOUT PERMIT-BUILDING,6330 NW 22ND CT,11/14/22,114,CASE CLOSED,,3/07/23,,,Margate
23-00100058,CASE CLOSED,115,margate_data.json,,UNSAFE STRUCTURE,6350 NW 22ND CT (BLDG),3/07/23,100,CASE CLOSED,,6/07/23,,,Margate
24-00100003,ACTIVE,115,margate_data.json,,WORK WITHOUT PERMIT-BUILDING,6370 NW 22ND CT,1/03/24,35,NOTICE OF VIOLATION-MAIL,REINSPECTION,,1/03/24,1/18/24,Margate
23-00100432,ACTIVE,115,margate_data.json,,UNSAFE STRUCTURE,6447 NW 22ND ST (BLDG),11/27/23,72,NOTICE OF VIOLATION-MAIL,REINSPECTION,,11/30/23,12/15/23,Margate
23-00100231,ACTIVE,115,margate_data.json,,WORK WITHOUT PERMIT-BUILDING,6621 NW 22ND ST,8/21/23,170,NOTICE OF VIOLATION-MAIL,REINSPECTION,,8/24/23,9/08/23,Margate
23-00100173,ACTIVE,115,margate_data.json,,WORK WITHOUT PERMIT-BUILDING,6661 NW 23RD ST,6/21/23,231,NOTICE OF VIOLATION-MAIL,REINSPECTION,,6/23/23,7/08/23,Margate
23-00100357,ACTIVE,115,margate_data.json,,40 YEAR SAFETY INSPECTIONS,5355 NW 24TH ST,11/07/23,92,INITIAL INSPECTION,,,,,Margate
24-00100042,ACTIVE,115,margate_data.json,,40 YEAR SAFETY INSPECTIONS,5410 NW 24TH ST #1,2/07/24,2,INITIAL INSPECTION,,,,,Margate
23-00100053,ACTIVE,115,margate_data.json,,WORK WITHOUT PERMIT-BUILDING,5445 NW 24TH ST # 1,3/07/23,337,NOTICE OF VIOLATION-MAIL,REINSPECTION,,3/08/23,3/23/23,Margate
24-00100036,ACTIVE,115,margate_data.json,,40 YEAR SAFETY INSPECTIONS,5455 NW 24TH ST,2/07/24,2,INITIAL INSPECTION,,,,,Margate
23-00100240,ACTIVE,115,margate_data.json,,WORK WITHOUT PERMIT-BUILDING,6092 NW 24TH CT,8/29/23,162,NOTICE OF VIOLATION-MAIL,REINSPECTION,,8/31/23,9/15/23,Margate
23-00100450,ACTIVE,115,margate_data.json,,WORK WITHOUT PERMIT-BUILDING,6117 NW 24TH CT,12/07/23,62,NOTICE OF VIOLATION-MAIL,REINSPECTION,,12/09/23,12/24/23,Margate
21-00100560,CASE CLOSED,119,margate_data.json,PERMIT-BUILDING CT,WORK WITHOUT 6124 NW 24TH,,12/20/21,612,CASE CLOSED,,8/16/23,,,Margate
23-00100239,ACTIVE,119,margate_data.json,PERMIT-BUILDING CT,WORK WITHOUT 6135 NW 24TH,,8/29/23,162,NOTICE OF VIOLATION-MAIL,REINSPECTION,,8/31/23,9/15/23,Margate
24-00100017,ACTIVE,119,margate_data.json,PERMIT-BUILDING CT,WORK WITHOUT 6161 NW 24TH,,1/11/24,27,NOTICE OF VIOLATION-MAIL,REINSPECTION,,1/13/24,1/28/24,Margate
24-00100016,ACTIVE,119,margate_data.json,PERMIT-BUILDING CT,WORK WITHOUT 6184 NW 24TH,,1/10/24,28,NOTICE OF VIOLATION-MAIL,REINSPECTION,,1/12/24,1/27/24,Margate
23-00100257,ACTIVE,119,margate_data.json,PERMIT-BUILDING CT,WORK WITHOUT 6337 NW 24TH,,9/12/23,148,NOTICE OF VIOLATION-MAIL,REINSPECTION,,9/14/23,9/29/23,Margate
21-00100100,CASE CLOSED,119,margate_data.json,PERMIT-BUILDING CT,WORK WITHOUT 6721 NW 24TH,,3/10/21,707,CASE CLOSED,,2/14/23,,,Margate
22-00100107,CASE CLOSED,119,margate_data.json,PERMIT-BUILDING CT,WORK WITHOUT 6731 NW 24TH,,3/23/22,546,CASE CLOSED,,9/13/23,,,Margate
23-00100325,ACTIVE,119,margate_data.json,PERMIT-BUILDING ST,WORK WITHOUT 7497 NW 25TH,,10/25/23,105,NOTICE OF VIOLATION-MAIL,REINSPECTION,,10/27/23,11/11/23,Margate
23-00100143,CASE CLOSED,119,margate_data.json,PERMIT-BUILDING ST,WORK WITHOUT 6944 NW 26TH,,5/24/23,258,CASE CLOSED,,1/30/24,,,Margate
21-00100394,CASE CLOSED,119,margate_data.json,PERMIT-BUILDING ST,WORK WITHOUT 5405 NW 27TH,,9/21/21,575,CASE CLOSED,,4/17/23,,,Margate
19-00100214,CASE CLOSED,119,margate_data.json,PERMIT-BUILDING ST,WORK WITHOUT 5730 NW 27TH,,10/24/19,1264,CASE CLOSED,,4/06/23,,,Margate
23-00100117,ACTIVE,119,margate_data.json,PERMIT-BUILDING ST,WORK WITHOUT 5753 NW 27TH,,4/24/23,289,NOTICE OF VIOLATION-MAIL,REINSPECTION,,4/26/23,5/11/23,Margate
23-00100064,ACTIVE,119,margate_data.json,PERMIT-BUILDING ST,WORK WITHOUT 5797 NW 27TH,,3/14/23,330,NOTICE OF VIOLATION-MAIL,REINSPECTION,,3/16/23,3/31/23,Margate
23-00100179,ACTIVE,119,margate_data.json,PERMIT-BUILDING ST,WORK WITHOUT 5797 NW 27TH,,7/06/23,216,NOTICE OF VIOLATION-MAIL,REINSPECTION,,7/07/23,7/22/23,Margate
23-00100446,ACTIVE,119,margate_data.json,CURE (BLDG) ST,UNSAFE STRUCT 5797 NW 27TH,,12/04/23,65,NOTICE OF VIOLATION-MAIL,REINSPECTION,,12/06/23,12/21/23,Margate
23-00100102,ACTIVE,119,margate_data.json,PERMIT-BUILDING ST,WORK WITHOUT 6073 NW 27TH,,4/12/23,301,NOTICE OF VIOLATION-MAIL,REINSPECTION,,4/14/23,4/29/23,Margate
22-00100002,CASE CLOSED,119,margate_data.json,CURE (BLDG) ST,UNSAFE STRUCT 6970 NW 28TH,,1/04/22,732,CASE CLOSED,,1/05/24,,,Margate
23-00100227,ACTIVE,123,margate_data.json,,UNSAFE STRUCTURE (BLDG),5643 NW 29TH ST,8/14/23,177,NOTICE OF VIOLATION-MAIL,REINSPECTION,,8/16/23,8/31/23,Margate
23-00100358,ACTIVE,123,margate_data.json,,40 YEAR SAFETY INSPECTIONS,5643 NW 29TH ST,11/07/23,92,INITIAL INSPECTION,,,,,Margate
23-00100359,ACTIVE,123,margate_data.json,,40 YEAR SAFETY INSPECTIONS,5661 NW 29TH ST,11/07/23,92,INITIAL INSPECTION,,,,,Margate
23-00100258,CASE CLOSED,123,margate_data.json,,WORK WITHOUT PERMIT-BUILDING,6975 NW 29TH CT,9/13/23,15,CASE CLOSED,,9/27/23,,,Margate
23-00100094,ACTIVE,123,margate_data.json,,UNSAFE STRUCTURE (BLDG),6087 NW 3RD ST,4/06/23,307,NOTICE OF VIOLATION-MAIL,REINSPECTION,,4/07/23,4/22/23,Margate
23-00100099,ACTIVE,123,margate_data.json,,WORK WITHOUT PERMIT-BUILDING,6087 NW 3RD ST,4/12/23,301,NOTICE OF VIOLATION-MAIL,REINSPECTION,,4/14/23,4/29/23,Margate
23-00100424,ACTIVE,123,margate_data.json,,WORK WITHOUT PERMIT-BUILDING,6599 NW 3RD ST,11/20/23,79,NOTICE OF VIOLATION-MAIL,REINSPECTION,,11/22/23,12/07/23,Margate
23-00100166,ACTIVE,123,margate_data.json,,WORK WITHOUT PERMIT-BUILDING,6712 NW 3RD ST,6/19/23,233,NOTICE OF VIOLATION-MAIL,REINSPECTION,,6/21/23,7/06/23,Margate
23-00100033,ACTIVE,123,margate_data.json,,WORK WITHOUT PERMIT-BUILDING,6853 NW 3RD ST,2/09/23,363,NOTICE OF VIOLATION-MAIL,REINSPECTION,,2/10/23,2/25/23,Margate
23-00100499,ACTIVE,123,margate_data.json,,UNSAFE STRUCTURE (BLDG),7971 NW 3RD PL,12/28/23,41,NOTICE OF VIOLATION-MAIL,REINSPECTION,,12/30/23,1/14/24,Margate
23-00100103,CASE CLOSED,123,margate_data.json,,WORK WITHOUT PERMIT-BUILDING,5660 SW 3RD PL 217,4/12/23,56,CASE CLOSED,,6/01/23,,,Margate
23-00100178,ACTIVE,123,margate_data.json,,WORK WITHOUT PERMIT-BUILDING,5680 SW 3RD PL BL900,7/03/23,219,NOTICE OF VIOLATION-MAIL,REINSPECTION,,7/06/23,7/21/23,Margate
23-00100226,ACTIVE,123,margate_data.json,,WORK WITHOUT PERMIT-BUILDING,6107 SW 3RD ST,8/14/23,177,NOTICE OF VIOLATION-MAIL,REINSPECTION,,8/16/23,8/31/23,Margate
23-00100405,ACTIVE,123,margate_data.json,,WORK WITHOUT PERMIT-BUILDING,6107 SW 3RD ST,11/01/23,98,NOTICE OF VIOLATION-MAIL,REINSPECTION,,11/03/23,11/18/23,Margate
24-00100013,ACTIVE,123,margate_data.json,,WORK WITHOUT PERMIT-BUILDING,6721 SW 3RD ST,1/09/24,29,NOTICE OF VIOLATION-MAIL,REINSPECTION,,1/11/24,1/26/24,Margate
22-00100225,CASE CLOSED,123,margate_data.json,,WORK WITHOUT PERMIT-BUILDING,5151 NW 31ST ST,6/03/22,537,CASE CLOSED,,11/21/23,,,Margate
24-00100014,ACTIVE,123,margate_data.json,,UNSAFE STRUCTURE (BLDG),5321 NW 31ST ST,1/10/24,28,NOTICE OF VIOLATION-MAIL,REINSPECTION,,1/12/24,1/27/24,Margate
23-00100328,ACTIVE,127,margate_data.json,,40 YEAR SAFETY INSPECTIONS,6101 NW 31ST ST,10/31/23,99,INITIAL INSPECTION,,,,,Margate
23-00100313,ACTIVE,127,margate_data.json,,WORK WITHOUT PERMIT-BUILDING,7121 NW 32ND ST,10/24/23,106,NOTICE OF VIOLATION-MAIL,REINSPECTION,,10/25/23,11/09/23,Margate
24-00100089,ACTIVE,127,margate_data.json,,WORK WITHOUT PERMIT-BUILDING,6858 NW 33RD ST,2/05/24,2,NOTICE OF VIOLATION-MAIL,REINSPECTION,,2/07/24,2/22/24,Margate
23-00100165,ACTIVE,127,margate_data.json,,WORK WITHOUT PERMIT-BUILDING,6756 NW 4TH ST,6/19/23,233,NOTICE OF VIOLATION-MAIL,REINSPECTION,,6/21/23,7/06/23,Margate
23-00100175,ACTIVE,127,margate_data.json,,WORK WITHOUT PERMIT-BUILDING,7355 NW 4TH PL,7/03/23,219,NOTICE OF VIOLATION-MAIL,REINSPECTION,,7/06/23,7/21/23,Margate
23-00100263,ACTIVE,127,margate_data.json,,WORK WITHOUT PERMIT-BUILDING,7600 NW 4TH PL,9/26/23,134,NOTICE OF VIOLATION-MAIL,REINSPECTION,,9/28/23,10/13/23,Margate
22-00100158,CASE CLOSED,127,margate_data.json,,WORK WITHOUT PERMIT-BUILDING,7605 NW 4TH PL 108,4/18/22,302,CASE CLOSED,,2/02/23,,,Margate
23-00100265,ACTIVE,127,margate_data.json,,WORK WITHOUT PERMIT-BUILDING,7605 NW 4TH PL,9/26/23,134,NOTICE OF VIOLATION-MAIL,REINSPECTION,,9/27/23,10/12/23,Margate
23-00100206,ACTIVE,127,margate_data.json,,WORK WITHOUT PERMIT-BUILDING,4979 SW 4TH ST,7/31/23,191,NOTICE OF VIOLATION-MAIL,REINSPECTION,,8/03/23,8/18/23,Margate
23-00100205,ACTIVE,127,margate_data.json,,UNSAFE STRUCTURE (BLDG),4983 SW 4TH ST,7/31/23,191,NOTICE OF VIOLATION-MAIL,REINSPECTION,,8/03/23,8/18/23,Margate
23-00100115,ACTIVE,127,margate_data.json,,WORK WITHOUT PERMIT-BUILDING,6351 SW 4TH ST,4/19/23,294,NOTICE OF VIOLATION-MAIL,REINSPECTION,,4/24/23,5/09/23,Margate
23-00100197,ACTIVE,127,margate_data.json,,WORK WITHOUT PERMIT-BUILDING,850 SW 49TH WAY,7/20/23,202,NOTICE OF VIOLATION-MAIL,REINSPECTION,,7/24/23,8/08/23,Margate
23-00100192,ACTIVE,127,margate_data.json,,UNSAFE STRUCTURE (BLDG),1013 SW 49TH AVE,7/17/23,205,NOTICE OF VIOLATION-MAIL,REINSPECTION,,7/19/23,8/03/23,Margate
24-00100080,ACTIVE,127,margate_data.json,,WORK WITHOUT PERMIT-BUILDING,1024 SW 49TH WAY,1/31/24,7,NOTICE OF VIOLATION-MAIL,REINSPECTION,,2/02/24,2/17/24,Margate
23-00100444,ACTIVE,127,margate_data.json,,UNSAFE STRUCTURE (BLDG),6912 NW 5TH CT,12/04/23,65,NOTICE OF VIOLATION-MAIL,REINSPECTION,,12/06/23,12/21/23,Margate
23-00100031,ACTIVE,127,margate_data.json,,WORK WITHOUT PERMIT-BUILDING,6945 NW 5TH PL,2/08/23,364,NOTICE OF VIOLATION-MAIL,REINSPECTION,,2/09/23,2/24/23,Margate
23-00100496,ACTIVE,127,margate_data.json,,WORK WITHOUT PERMIT-BUILDING,7305 NW 5TH PL,12/27/23,42,NOTICE OF VIOLATION-MAIL,REINSPECTION,,12/29/23,1/13/24,Margate
22-00100409,CASE CLOSED,131,margate_data.json,,WORK WITHOUT PERMIT-BUILDING,7505 NW 5TH CT,10/05/22,188,CASE CLOSED,,4/06/23,,,Margate
23-00100174,ACTIVE,131,margate_data.json,,WORK WITHOUT PERMIT-BUILDING,7855 NW 5TH CT 108,6/28/23,224,NOTICE OF VIOLATION-MAIL,REINSPECTION,,6/29/23,7/14/23,Margate
23-00100413,ACTIVE,131,margate_data.json,,UNSAFE STRUCTURE (BLDG),7955 NW 5TH CT 103,11/02/23,97,NOTICE OF VIOLATION-MAIL,REINSPECTION,,11/08/23,11/23/23,Margate
24-00100018,CASE CLOSED,131,margate_data.json,,UNSAFE STRUCTURE (BLDG),4955 SW 5TH CT,1/11/24,27,CASE CLOSED,,2/06/24,,,Margate
24-00100022,ACTIVE,131,margate_data.json,,WORK WITHOUT PERMIT-BUILDING,4964 SW 5TH CT,1/17/24,21,NOTICE OF VIOLATION-MAIL,REINSPECTION,,1/19/24,2/03/24,Margate
24-00100021,ACTIVE,131,margate_data.json,,WORK WITHOUT PERMIT-BUILDING,4967 SW 5TH CT,1/16/24,22,NOTICE OF VIOLATION-MAIL,REINSPECTION,,1/18/24,2/02/24,Margate
09-00100134,CASE CLOSED,131,margate_data.json,,WORK WITHOUT PERMIT-BUILDING,4992 SW 5TH ST,11/05/09,4958,CASE CLOSED,,6/05/23,,,Margate
23-00100203,ACTIVE,131,margate_data.json,,UNSAFE STRUCTURE (BLDG),5200 SW 5TH ST,7/27/23,195,NOTICE OF VIOLATION-MAIL,REINSPECTION,,7/29/23,8/13/23,Margate
22-00100271,CASE CLOSED,131,margate_data.json,,WORK WITHOUT PERMIT-BUILDING,570 SW 50TH TER,6/27/22,430,CASE CLOSED,,8/30/23,,,Margate
23-00100218,ACTIVE,131,margate_data.json,,WORK WITHOUT PERMIT-BUILDING,570 SW 50TH TER,8/07/23,184,NOTICE OF VIOLATION-MAIL,REINSPECTION,,8/09/23,8/24/23,Margate
24-00100001,ACTIVE,131,margate_data.json,,WORK WITHOUT PERMIT-BUILDING,571 SW 50TH TER,1/02/24,36,NOTICE OF VIOLATION-MAIL,REINSPECTION,,1/04/24,1/19/24,Margate
23-00100211,ACTIVE,131,margate_data.json,,UNSAFE STRUCTURE (BLDG),860 SW 50TH TER,8/02/23,189,NOTICE OF VIOLATION-MAIL,REINSPECTION,,8/04/23,8/19/23,Margate
23-00100220,ACTIVE,131,margate_data.json,,UNSAFE STRUCTURE (BLDG),990 SW 50TH TER,8/08/23,183,NOTICE OF VIOLATION-MAIL,REINSPECTION,,8/10/23,8/25/23,Margate
23-00100113,ACTIVE,131,margate_data.json,,UNSAFE STRUCTURE (BLDG),1050 SW 50TH TER,4/19/23,294,NOTICE OF VIOLATION-MAIL,REINSPECTION,,4/21/23,5/06/23,Margate
23-00100182,ACTIVE,131,margate_data.json,,WORK WITHOUT PERMIT-BUILDING,2810 NW 51ST TER,7/10/23,212,NOTICE OF VIOLATION-MAIL,REINSPECTION,,7/12/23,7/27/23,Margate
23-00100311,ACTIVE,131,margate_data.json,,UNSAFE STRUCTURE (BLDG),3200 NW 51ST TER,10/23/23,107,NOTICE OF VIOLATION-SITE,RED TAG,,10/23/23,11/02/23,Margate
23-00100408,ACTIVE,131,margate_data.json,,WORK WITHOUT PERMIT-BUILDING,695 SW 51ST AVE,11/01/23,98,NOTICE OF VIOLATION-MAIL,REINSPECTION,,11/03/23,11/18/23,Margate
16-00100114,CASE CLOSED,135,margate_data.json,,WORK WITHOUT PERMIT-BUILDING,2931 NW 53RD TER,2/25/16,2602,CASE CLOSED,,3/29/18,,,Margate
22-00100438,CASE CLOSED,135,margate_data.json,,WORK WITHOUT PERMIT-BUILDING,601 SW 54TH AVE,11/10/22,316,CASE CLOSED,,9/20/23,,,Margate
23-00100404,ACTIVE,135,margate_data.json,,WORK WITHOUT PERMIT-BUILDING,641 SW 54TH AVE,11/01/23,98,NOTICE OF VIOLATION-MAIL,REINSPECTION,,11/03/23,11/18/23,Margate
19-00100212,CASE CLOSED,135,margate_data.json,,WORK WITHOUT PERMIT-BUILDING,850 SW 55TH TER,10/24/19,1469,CASE CLOSED,,11/01/23,,,Margate
23-00100076,ACTIVE,135,margate_data.json,,UNSAFE STRUCTURE (BLDG),260 SW 56TH AVE,3/22/23,322,NOTICE OF VIOLATION-MAIL,REINSPECTION,,3/25/23,4/09/23,Margate
22-00100321,CASE CLOSED,135,margate_data.json,,50 YEAR SAFETY INSPECTIONS,280 SW 56TH TER,7/11/22,218,CASE CLOSED,,2/09/23,,,Margate
23-00100035,ACTIVE,135,margate_data.json,,WORK WITHOUT PERMIT-BUILDING,2461 NW 57TH TER,2/21/23,351,NOTICE OF VIOLATION-MAIL,REINSPECTION,,2/23/23,3/10/23,Margate
21-00100419,CASE CLOSED,135,margate_data.json,,WORK WITHOUT PERMIT-BUILDING,1317 NW 58TH AVE,10/19/21,476,CASE CLOSED,,2/06/23,,,Margate
21-00100420,CASE CLOSED,135,margate_data.json,,UNSAFE STRUCTURE (BLDG),1317 NW 58TH AVE,10/19/21,728,CASE CLOSED,,10/16/23,,,Margate
23-00100009,CASE CLOSED,135,margate_data.json,,CODE VIOLATION-MUNICIPAL (BLDG),1409 NW 58TH AVE,1/26/23,43,CASE CLOSED,,3/09/23,,,Margate
20-00100394,CASE CLOSED,135,margate_data.json,,WORK WITHOUT PERMIT-BUILDING,1616 NW 58TH AVE,6/17/20,988,CASE CLOSED,,3/01/23,,,Margate
23-00100133,CASE CLOSED,135,margate_data.json,,WORK WITHOUT PERMIT-BUILDING,2585 NW 59TH AVE,5/16/23,37,CASE CLOSED,,6/21/23,,,Margate
23-00100134,CASE CLOSED,135,margate_data.json,,WORK WITHOUT PERMIT-BUILDING,2611 NW 59TH AVE,5/16/23,154,CASE CLOSED,,10/11/23,,,Margate
23-00100136,CASE CLOSED,135,margate_data.json,,WORK WITHOUT PERMIT-BUILDING,2627 NW 59TH AVE,5/16/23,30,CASE CLOSED,,6/06/23,,,Margate
23-00100135,CASE CLOSED,135,margate_data.json,,WORK WITHOUT PERMIT-BUILDING,2649 NW 59TH AVE,5/16/23,45,CASE CLOSED,,6/22/23,,,Margate
23-00100340,ACTIVE,135,margate_data.json,,40 YEAR SAFETY INSPECTIONS,6100 NW 6TH ST,10/31/23,99,INITIAL INSPECTION,,,,,Margate
23-00100494,ACTIVE,135,margate_data.json,,WORK WITHOUT PERMIT-BUILDING,6710 NW 6TH ST,12/21/23,48,NOTICE OF VIOLATION-MAIL,REINSPECTION,,12/22/23,1/06/24,Margate
23-00100434,ACTIVE,139,margate_data.json,,WORK WITHOUT PERMIT-BUILDING,6821 NW 6TH ST,11/27/23,72,NOTICE OF VIOLATION-MAIL,REINSPECTION,,11/30/23,12/15/23,Margate
23-00100171,ACTIVE,139,margate_data.json,,UNSAFE STRUCTURE (BLDG),7480 NW 6TH CT,6/19/23,233,RED TAG NOTICE OF VIOLATION-MAIL,,,6/13/23,6/23/23,Margate
23-00100409,ACTIVE,139,margate_data.json,,WORK WITHOUT PERMIT-BUILDING,4978 SW 6TH ST,11/02/23,97,NOTICE OF VIOLATION-MAIL,REINSPECTION,,11/04/23,11/19/23,Margate
23-00100319,ACTIVE,139,margate_data.json,,WORK WITHOUT PERMIT-BUILDING,4982 SW 6TH ST,10/24/23,106,NOTICE OF VIOLATION-MAIL,REINSPECTION,,10/26/23,11/10/23,Margate
23-00100411,ACTIVE,139,margate_data.json,,WORK WITHOUT PERMIT-BUILDING,4986 SW 6TH ST,11/02/23,97,NOTICE OF VIOLATION-MAIL,REINSPECTION,,11/04/23,11/19/23,Margate
23-00100410,ACTIVE,139,margate_data.json,,WORK WITHOUT PERMIT-BUILDING,4990 SW 6TH ST,11/02/23,97,NOTICE OF VIOLATION-MAIL,REINSPECTION,,11/04/23,11/19/23,Margate
23-00100412,ACTIVE,139,margate_data.json,,WORK WITHOUT PERMIT-BUILDING,5161 SW 6TH CT,11/02/23,97,NOTICE OF VIOLATION-MAIL,REINSPECTION,,11/04/23,11/19/23,Margate
23-00100352,ACTIVE,139,margate_data.json,,WORK WITHOUT PERMIT-BUILDING,5400 SW 6TH PL,10/31/23,99,NOTICE OF VIOLATION-MAIL,REINSPECTION,,10/31/23,11/15/23,Margate
22-00100140,CASE CLOSED,139,margate_data.json,,WORK WITHOUT PERMIT-BUILDING,5560 SW 6TH ST,4/04/22,317,CASE CLOSED,,1/31/23,,,Margate
23-00100225,ACTIVE,139,margate_data.json,,WORK WITHOUT PERMIT-BUILDING,6705 SW 6TH ST,8/14/23,177,NOTICE OF VIOLATION-MAIL,REINSPECTION,,8/16/23,8/31/23,Margate
23-00100055,ACTIVE,139,margate_data.json,,WORK WITHOUT PERMIT-BUILDING,6790 SW 6TH ST,3/07/23,337,NOTICE OF VIOLATION-MAIL,REINSPECTION,,3/09/23,3/24/23,Margate
23-00100056,ACTIVE,139,margate_data.json,,UNSAFE STRUCTURE (BLDG),6790 SW 6TH ST,3/07/23,337,NOTICE OF VIOLATION-MAIL,REINSPECTION,,3/09/23,3/24/23,Margate
23-00100464,ACTIVE,139,margate_data.json,,40 YEAR SAFETY INSPECTIONS,116 NW 60TH AVE,12/12/23,57,INITIAL INSPECTION,,,,,Margate
23-00100465,ACTIVE,139,margate_data.json,,40 YEAR SAFETY INSPECTIONS,130 NW 60TH AVE,12/12/23,57,INITIAL INSPECTION,,,,,Margate
23-00100466,ACTIVE,139,margate_data.json,,40 YEAR SAFETY INSPECTIONS,156 NW 60TH AVE,12/12/23,57,INITIAL INSPECTION,,,,,Margate
24-00100020,ACTIVE,139,margate_data.json,,WORK WITHOUT PERMIT-BUILDING,232 NW 60TH AVE,1/16/24,22,NOTICE OF VIOLATION-MAIL,REINSPECTION,,1/18/24,2/02/24,Margate
24-00100088,ACTIVE,139,margate_data.json,,WORK WITHOUT PERMIT-BUILDING,1534 NW 61ST AVE,2/01/24,6,NOTICE OF VIOLATION-MAIL,REINSPECTION,,2/03/24,2/18/24,Margate
23-00100098,CASE CLOSED,143,margate_data.json,,WORK WITHOUT PERMIT-BUILDING,2531 NW 61ST AVE,4/12/23,134,CASE CLOSED,,8/16/23,,,Margate
24-00100087,ACTIVE,143,margate_data.json,,WORK WITHOUT PERMIT-BUILDING,2546 NW 61ST AVE,1/31/24,7,NOTICE OF VIOLATION-MAIL,REINSPECTION,,2/02/24,2/17/24,Margate
24-00100029,ACTIVE,143,margate_data.json,,WORK WITHOUT PERMIT-BUILDING,2558 NW 61ST AVE,1/25/24,13,NOTICE OF VIOLATION-SITE,RED TAG,,1/25/24,2/04/24,Margate
24-00100031,ACTIVE,143,margate_data.json,,WORK WITHOUT PERMIT-BUILDING,2569 NW 61ST AVE,1/30/24,8,NOTICE OF VIOLATION-MAIL,REINSPECTION,,1/31/24,2/15/24,Margate
24-00100030,ACTIVE,143,margate_data.json,,WORK WITHOUT PERMIT-BUILDING,2588 NW 61ST AVE,1/29/24,9,NOTICE OF VIOLATION-MAIL,REINSPECTION,,1/31/24,2/15/24,Margate
23-00100127,ACTIVE,143,margate_data.json,,WORK WITHOUT PERMIT-BUILDING,1113 NW 62ND AVE,5/01/23,282,NOTICE OF VIOLATION-MAIL,REINSPECTION,,5/03/23,5/18/23,Margate
23-00100025,ACTIVE,143,margate_data.json,,WORK WITHOUT PERMIT-BUILDING,1372 NW 62ND WAY,2/07/23,365,NOTICE OF VIOLATION-MAIL,REINSPECTION,,2/09/23,2/24/23,Margate
23-00100042,ACTIVE,143,margate_data.json,,UNSAFE STRUCTURE (BLDG),1411 NW 62ND WAY,2/28/23,344,NOTICE OF VIOLATION-MAIL,REINSPECTION,,3/03/23,3/18/23,Margate
22-00100214,CASE CLOSED,143,margate_data.json,,WORK WITHOUT PERMIT-BUILDING,1417 NW 62ND AVE,6/02/22,580,CASE CLOSED,,12/28/23,,,Margate
21-00100445,CASE CLOSED,143,margate_data.json,,WORK WITHOUT PERMIT-BUILDING,2513 NW 62ND AVE,11/02/21,795,CASE CLOSED,,1/05/24,,,Margate
23-00100070,CASE CLOSED,143,margate_data.json,,WORK WITHOUT PERMIT-BUILDING,2615 NW 62ND AVE,3/21/23,231,REINSPECTION CASE CLOSED,,,11/02/23,11/02/23,Margate
23-00100246,ACTIVE,143,margate_data.json,,WORK WITHOUT PERMIT-BUILDING,2615 NW 62ND AVE,8/31/23,160,NOTICE OF VIOLATION-MAIL,REINSPECTION,,9/05/23,9/20/23,Margate
23-00100071,ACTIVE,143,margate_data.json,,WORK WITHOUT PERMIT-BUILDING,2631 NW 62ND AVE,3/21/23,323,NOTICE OF VIOLATION-MAIL,REINSPECTION,,3/23/23,4/07/23,Margate
24-00100027,ACTIVE,143,margate_data.json,,WORK WITHOUT PERMIT-BUILDING,2671 NW 62ND AVE,1/24/24,14,NOTICE OF VIOLATION-SITE,RED TAG,,1/24/24,2/03/24,Margate
23-00100283,ACTIVE,143,margate_data.json,,WORK WITHOUT PERMIT-BUILDING,3250 NW 62ND AVE,10/09/23,121,NOTICE OF VIOLATION-MAIL,REINSPECTION,,10/11/23,10/26/23,Margate
23-00100284,ACTIVE,143,margate_data.json,,WORK WITHOUT PERMIT-BUILDING,3270 NW 62ND AVE,10/09/23,121,NOTICE OF VIOLATION-MAIL,REINSPECTION,,10/11/23,10/26/23,Margate
23-00100417,ACTIVE,143,margate_data.json,,WORK WITHOUT PERMIT-BUILDING,510 SW 62ND AVE,11/13/23,86,NOTICE OF VIOLATION-MAIL,REINSPECTION,,11/13/23,11/28/23,Margate
21-00100288,IN COMPLIANCE/OPEN FINES,147,margate_data.json,,UNSAFE STRUCTURE (BLDG),2583 NW 63RD AVE,7/21/21,931,NOTICE OF VIOLATION-SITE,RED TAG,,7/22/21,8/01/21,Margate
21-00100289,IN COMPLIANCE/OPEN FINES,147,margate_data.json,,WORK WITHOUT PERMIT-BUILDING,2583 NW 63RD AVE,7/21/21,931,NOTICE OF VIOLATION-SITE,RED TAG,,7/22/21,8/01/21,Margate
23-00100022,ACTIVE,147,margate_data.json,,WORK WITHOUT PERMIT-BUILDING,2583 NW 63RD AVE,2/06/23,366,NOTICE OF VIOLATION-MAIL,REINSPECTION,,2/08/23,2/23/23,Margate
23-00100130,ACTIVE,147,margate_data.json,,WORK WITHOUT PERMIT-BUILDING,2630 NW 63RD TER,5/08/23,275,NOTICE OF VIOLATION-MAIL,REINSPECTION,,5/10/23,5/25/23,Margate
23-00100186,ACTIVE,147,margate_data.json,,UNSAFE STRUCTURE (BLDG),2660 NW 63RD TER,7/12/23,210,NOTICE OF VIOLATION-MAIL,REINSPECTION,,7/14/23,7/29/23,Margate
23-00100140,CASE CLOSED,147,margate_data.json,,WORK WITHOUT PERMIT-BUILDING,2661 NW 63RD TER,5/22/23,107,CASE CLOSED,,8/29/23,,,Margate
23-00100061,CASE CLOSED,147,margate_data.json,,WORK WITHOUT PERMIT-BUILDING,2574 NW 64TH AVE,3/13/23,100,CASE CLOSED,,6/14/23,,,Margate
23-00100288,ACTIVE,147,margate_data.json,,WORK WITHOUT PERMIT-BUILDING,2576 NW 64TH TER,10/10/23,120,NOTICE OF VIOLATION-MAIL,REINSPECTION,,10/12/23,10/27/23,Margate
22-00100396,CASE CLOSED,147,margate_data.json,,WORK WITHOUT PERMIT-BUILDING,2661 NW 64TH TER,9/28/22,429,CASE CLOSED,,11/30/23,,,Margate
23-00100137,ACTIVE,147,margate_data.json,,WORK WITHOUT PERMIT-BUILDING,100 NW 65TH AVE,5/17/23,266,NOTICE OF VIOLATION-MAIL,REINSPECTION,,5/19/23,6/03/23,Margate
23-00100049,ACTIVE,147,margate_data.json,,UNSAFE STRUCTURE (BLDG),430 NW 65TH TER,3/06/23,338,NOTICE OF VIOLATION-MAIL,REINSPECTION,,3/08/23,3/23/23,Margate
23-00100230,ACTIVE,147,margate_data.json,,WORK WITHOUT PERMIT-BUILDING,661 NW 65TH TER,8/22/23,169,NOTICE OF VIOLATION-MAIL,REINSPECTION,,8/24/23,9/08/23,Margate
23-00100034,ACTIVE,147,margate_data.json,,WORK WITHOUT PERMIT-BUILDING,2501 NW 65TH AVE,2/09/23,363,NOTICE OF VIOLATION-SITE,RED TAG,,2/09/23,2/19/23,Margate
23-00100344,ACTIVE,147,margate_data.json,,WORK WITHOUT PERMIT-BUILDING,2501 NW 65TH AVE,10/26/23,104,NOTICE OF VIOLATION-MAIL,REINSPECTION,,10/27/23,11/11/23,Margate
23-00100023,ACTIVE,147,margate_data.json,,UNSAFE STRUCTURE (BLDG),2509 NW 65TH AVE,2/07/23,365,NOTICE OF VIOLATION-MAIL,REINSPECTION,,2/09/23,2/24/23,Margate
23-00100008,CASE CLOSED,147,margate_data.json,,WORK WITHOUT PERMIT-BUILDING,2523 NW 65TH AVE,1/25/23,273,CASE CLOSED,,10/24/23,,,Margate
23-00100200,CASE CLOSED,147,margate_data.json,,WORK WITHOUT PERMIT-BUILDING,2532 NW 65TH AVE,7/25/23,191,CASE CLOSED,,1/31/24,,,Margate
23-00100097,ACTIVE,151,margate_data.json,,WORK WITHOUT PERMIT-BUILDING,2550 NW 65TH AVE,4/12/23,301,NOTICE OF VIOLATION-MAIL,REINSPECTION,,4/12/23,4/27/23,Margate
23-00100304,ACTIVE,151,margate_data.json,,WORK WITHOUT PERMIT-BUILDING,2624 NW 65TH AVE,10/16/23,114,NOTICE OF VIOLATION-SITE,RED TAG,,10/16/23,10/26/23,Margate
23-00100107,ACTIVE,151,margate_data.json,,UNSAFE STRUCTURE (BLDG),2679 NW 65TH AVE,4/17/23,296,NOTICE OF VIOLATION-MAIL,REINSPECTION,,4/19/23,5/04/23,Margate
23-00100168,ACTIVE,151,margate_data.json,,WORK WITHOUT PERMIT-BUILDING,318 SW 65TH AVE,6/19/23,233,NOTICE OF VIOLATION-MAIL,REINSPECTION,,6/21/23,7/06/23,Margate
23-00100119,ACTIVE,151,margate_data.json,,UNSAFE STRUCTURE (BLDG),383 SW 65TH AVE,4/25/23,288,NOTICE OF VIOLATION-MAIL,REINSPECTION,,4/26/23,5/11/23,Margate
23-00100118,CASE CLOSED,151,margate_data.json,,WORK WITHOUT PERMIT-BUILDING,391 SW 65TH AVE,4/25/23,224,CASE CLOSED,,11/30/23,,,Margate
24-00100009,ACTIVE,151,margate_data.json,,WORK WITHOUT PERMIT-BUILDING,601 NW 66TH AVE,1/08/24,30,NOTICE OF VIOLATION-SITE,RED TAG,,1/08/24,1/18/24,Margate
23-00100069,CASE CLOSED,151,margate_data.json,,WORK WITHOUT PERMIT-BUILDING,700 NW 66TH AVE,3/21/23,192,CASE CLOSED,,9/28/23,,,Margate
23-00100346,ACTIVE,151,margate_data.json,,WORK WITHOUT PERMIT-BUILDING,1390 NW 66TH TER,10/30/23,100,NOTICE OF VIOLATION-MAIL,REINSPECTION,,11/02/23,11/17/23,Margate
23-00100310,ACTIVE,151,margate_data.json,,WORK WITHOUT PERMIT-BUILDING,1510 NW 66TH TER,10/23/23,107,NOTICE OF VIOLATION-SITE,RED TAG,,10/23/23,11/02/23,Margate
22-00100293,CASE CLOSED,151,margate_data.json,,WORK WITHOUT PERMIT-BUILDING,1520 NW 66TH AVE,7/07/22,307,CASE CLOSED,,5/04/23,,,Margate
22-00100437,CASE CLOSED,151,margate_data.json,,UNSAFE STRUCTURE (BLDG),1694 NW 66TH AVE,11/10/22,110,CASE CLOSED,,2/27/23,,,Margate
22-00100404,CASE CLOSED,151,margate_data.json,,UNSAFE STRUCTURE (BLDG),1735 NW 66TH AVE,10/04/22,212,CASE CLOSED,,4/27/23,,,Margate
23-00100204,ACTIVE,151,margate_data.json,,WORK WITHOUT PERMIT-BUILDING,1836 NW 66TH AVE,7/31/23,191,NOTICE OF VIOLATION-MAIL,REINSPECTION,,8/02/23,8/17/23,Margate
23-00100062,CASE CLOSED,151,margate_data.json,,WORK WITHOUT PERMIT-BUILDING,675 SW 66TH AVE,3/13/23,8,CASE CLOSED,,3/20/23,,,Margate
23-00100093,ACTIVE,151,margate_data.json,,WORK WITHOUT PERMIT-BUILDING,675 SW 66TH AVE,4/06/23,307,NOTICE OF VIOLATION-MAIL,REINSPECTION,,4/08/23,4/23/23,Margate
22-00100455,CASE CLOSED,151,margate_data.json,,WORK WITHOUT PERMIT-BUILDING,985 NW 67TH TER,12/14/22,155,CASE CLOSED,,5/17/23,,,Margate
22-00100456,CASE CLOSED,155,margate_data.json,,UNSAFE STRUCTURE (BLDG),985 NW 67TH TER,12/14/22,155,CASE CLOSED,,5/17/23,,,Margate
23-00100312,ACTIVE,155,margate_data.json,,WORK WITHOUT PERMIT-BUILDING,1020 NW 67TH AVE,10/23/23,107,NOTICE OF VIOLATION-SITE,RED TAG,,10/24/23,11/03/23,Margate
23-00100154,CASE CLOSED,155,margate_data.json,,WORK WITHOUT PERMIT-BUILDING,1055 NW 68TH AVE,6/06/23,64,CASE CLOSED,,8/07/23,,,Margate
23-00100108,ACTIVE,155,margate_data.json,,UNSAFE STRUCTURE (BLDG),2421 NW 68TH TER,4/17/23,296,NOTICE OF VIOLATION-MAIL,REINSPECTION,,4/17/23,5/02/23,Margate
23-00100109,ACTIVE,155,margate_data.json,,UNSAFE STRUCTURE (BLDG),2421 NW 68TH TER,4/17/23,296,NOTICE OF VIOLATION-MAIL,REINSPECTION,,4/19/23,5/04/23,Margate
23-00100006,CASE CLOSED,155,margate_data.json,,WORK WITHOUT PERMIT-BUILDING,2656 NW 68TH TER,1/18/23,279,CASE CLOSED,,10/23/23,,,Margate
23-00100445,ACTIVE,155,margate_data.json,,UNSAFE STRUCTURE (BLDG),2684 NW 68TH AVE,12/04/23,65,NOTICE OF VIOLATION-MAIL,REINSPECTION,,12/06/23,12/21/23,Margate
21-00100498,CASE CLOSED,155,margate_data.json,,WORK WITHOUT PERMIT-BUILDING,2860 NW 68TH LN,12/02/21,566,CASE CLOSED,,6/16/23,,,Margate
23-00100046,CASE CLOSED,155,margate_data.json,,UNSAFE STRUCTURE (BLDG),401 SW 68TH TER,3/02/23,55,CASE CLOSED,,4/25/23,,,Margate
23-00100125,ACTIVE,155,margate_data.json,,WORK WITHOUT PERMIT-BUILDING,401 SW 68TH TER,5/01/23,282,NOTICE OF VIOLATION-MAIL,REINSPECTION,,5/03/23,5/18/23,Margate
23-00100040,ACTIVE,155,margate_data.json,,WORK WITHOUT PERMIT-BUILDING,534 NW 69TH TER,2/27/23,345,NOTICE OF VIOLATION-MAIL,REINSPECTION,,2/28/23,3/15/23,Margate
03-00100273,CASE CLOSED,155,margate_data.json,,WORK WITHOUT PERMIT-BUILDING,594 NW 69TH TER,10/10/03,7408,CASE CLOSED,,1/25/24,,,Margate
19-00100138,CASE CLOSED,155,margate_data.json,,WORK WITHOUT PERMIT-BUILDING,664 NW 69TH TER,7/18/19,1483,CASE CLOSED,,8/09/23,,,Margate
22-00100454,CASE CLOSED,155,margate_data.json,,WORK WITHOUT PERMIT-BUILDING,741 NW 69TH AVE,12/12/22,309,CASE CLOSED,,10/12/23,,,Margate
23-00100148,ACTIVE,155,margate_data.json,,WORK WITHOUT PERMIT-BUILDING,980 NW 69TH AVE,5/30/23,253,NOTICE OF VIOLATION-MAIL,REINSPECTION,,6/01/23,6/16/23,Margate
21-00100277,CASE CLOSED,155,margate_data.json,,WORK WITHOUT PERMIT-BUILDING,1455 NW 69TH AVE,7/13/21,878,CASE CLOSED,,12/29/21,,,Margate
21-00100187,CASE CLOSED,155,margate_data.json,,WORK WITHOUT PERMIT-BUILDING,2050 NW 69TH TER,5/27/21,750,CASE CLOSED,,12/23/21,,,Margate
23-00100095,ACTIVE,159,margate_data.json,,WORK WITHOUT PERMIT-BUILDING,2685 NW 69TH AVE,4/10/23,303,NOTICE OF VIOLATION-MAIL,REINSPECTION,,4/12/23,4/27/23,Margate
23-00100491,ACTIVE,159,margate_data.json,,WORK WITHOUT PERMIT-BUILDING,120 SW 69TH TER,12/19/23,50,NOTICE OF VIOLATION-MAIL,REINSPECTION,,12/22/23,1/06/24,Margate
23-00100089,ACTIVE,159,margate_data.json,,WORK WITHOUT PERMIT-BUILDING,6110 NW 7TH ST,3/30/23,314,NOTICE OF VIOLATION-MAIL,REINSPECTION,,3/31/23,4/15/23,Margate
23-00100438,ACTIVE,159,margate_data.json,,WORK WITHOUT PERMIT-BUILDING,4976 SW 7TH ST,11/28/23,71,NOTICE OF VIOLATION-MAIL,REINSPECTION,,11/30/23,12/15/23,Margate
23-00100106,ACTIVE,159,margate_data.json,,UNSAFE STRUCTURE (BLDG),4980 SW 7TH ST,4/17/23,296,NOTICE OF VIOLATION-MAIL,REINSPECTION,,4/19/23,5/04/23,Margate
23-00100407,ACTIVE,159,margate_data.json,,WORK WITHOUT PERMIT-BUILDING,5231 SW 7TH ST,11/01/23,98,NOTICE OF VIOLATION-MAIL,REINSPECTION,,11/03/23,11/18/23,Margate
23-00100406,ACTIVE,159,margate_data.json,,WORK WITHOUT PERMIT-BUILDING,5261 SW 7TH ST,11/01/23,98,NOTICE OF VIOLATION-MAIL,REINSPECTION,,11/03/23,11/18/23,Margate
23-00100426,ACTIVE,159,margate_data.json,,WORK WITHOUT PERMIT-BUILDING,5360 SW 7TH ST,11/21/23,78,NOTICE OF VIOLATION-MAIL,REINSPECTION,,11/24/23,12/09/23,Margate
23-00100224,CASE CLOSED,159,margate_data.json,,WORK WITHOUT PERMIT-BUILDING,5507 SW 7TH CT,8/14/23,3,CASE CLOSED,,8/16/23,,,Margate
23-00100151,ACTIVE,159,margate_data.json,,WORK WITHOUT PERMIT-BUILDING,5560 SW 7TH PL,6/05/23,247,NOTICE OF VIOLATION-MAIL,REINSPECTION,,6/06/23,6/21/23,Margate
22-00100384,CASE CLOSED,159,margate_data.json,,WORK WITHOUT PERMIT-BUILDING,5564 SW 7TH CT,9/12/22,254,CASE CLOSED,,5/22/23,,,Margate
23-00100037,ACTIVE,159,margate_data.json,,UNSAFE STRUCTURE (BLDG),5580 SW 7TH CT,2/21/23,351,NOTICE OF VIOLATION-MAIL,REINSPECTION,,2/23/23,3/10/23,Margate
23-00100286,CASE CLOSED,159,margate_data.json,,WORK WITHOUT PERMIT-BUILDING,6100 SW 7TH ST,10/09/23,2,NOTICE OF VIOLATION-MAIL,REINSPECTION,,10/11/23,10/26/23,Margate
23-00100185,ACTIVE,159,margate_data.json,,WORK WITHOUT PERMIT-BUILDING,6206 SW 7TH ST,7/11/23,211,NOTICE OF VIOLATION-MAIL,REINSPECTION,,7/13/23,7/28/23,Margate
22-00100258,CASE CLOSED,159,margate_data.json,,UNSAFE STRUCTURE (BLDG),6218 SW 7TH ST,6/09/22,475,CASE CLOSED,,9/26/23,,,Margate
23-00100249,CASE CLOSED,159,margate_data.json,,WORK WITHOUT PERMIT-BUILDING,6220 SW 7TH ST,9/06/23,100,CASE CLOSED,,12/06/23,,,Margate
23-00100250,ACTIVE,159,margate_data.json,,UNSAFE STRUCTURE (BLDG),6220 SW 7TH ST,9/06/23,154,NOTICE OF VIOLATION-MAIL,REINSPECTION,,9/09/23,9/24/23,Margate
23-00100256,ACTIVE,163,margate_data.json,,WORK WITHOUT PERMIT-BUILDING,6242 SW 7TH ST,9/12/23,148,NOTICE OF VIOLATION-MAIL,REINSPECTION,,9/13/23,9/28/23,Margate
21-00100021,CASE CLOSED,163,margate_data.json,,WORK WITHOUT PERMIT-BUILDING,6291 SW 7TH CT,1/07/21,1062,CASE CLOSED,,11/28/23,,,Margate
22-00100285,CASE CLOSED,163,margate_data.json,,WORK WITHOUT PERMIT-BUILDING,705 NW 70TH WAY,7/05/22,254,CASE CLOSED,,3/02/23,,,Margate
23-00100268,ACTIVE,163,margate_data.json,,UNSAFE STRUCTURE (BLDG),2870 NW 70TH AVE,10/02/23,128,NOTICE OF VIOLATION-MAIL,REINSPECTION,,10/04/23,10/19/23,Margate
18-00100169,CASE CLOSED,163,margate_data.json,,WORK WITHOUT PERMIT-BUILDING,160 SW 70TH WAY,5/17/18,1939,CASE CLOSED,,9/07/23,,,Margate
23-00100277,ACTIVE,163,margate_data.json,,UNSAFE STRUCTURE (BLDG),1135 NW 72ND TER,10/04/23,126,NOTICE OF VIOLATION-MAIL,REINSPECTION,,10/05/23,10/20/23,Margate
23-00100088,ACTIVE,163,margate_data.json,,WORK WITHOUT PERMIT-BUILDING,150 SW 72ND TER,3/30/23,314,NOTICE OF VIOLATION-MAIL,REINSPECTION,,3/31/23,4/15/23,Margate
22-00100207,CASE CLOSED,163,margate_data.json,,WORK WITHOUT PERMIT-BUILDING,1020 NW 73RD TER,5/26/22,313,CASE CLOSED,,4/03/23,,,Margate
23-00100014,CASE CLOSED,163,margate_data.json,,WORK WITHOUT PERMIT-BUILDING,183 SW 73RD TER,1/30/23,135,CASE CLOSED,,6/12/23,,,Margate
23-00100253,ACTIVE,163,margate_data.json,,UNSAFE STRUCTURE (BLDG),720 NW 74TH WAY,9/11/23,149,RED TAG NOTICE OF VIOLATION-MAIL,,,9/11/23,9/21/23,Margate
23-00100067,CASE CLOSED,163,margate_data.json,,WORK WITHOUT PERMIT-BUILDING,995 NW 74TH AVE,3/20/23,86,CASE CLOSED,,6/13/23,,,Margate
22-00100174,CASE CLOSED,163,margate_data.json,,WORK WITHOUT PERMIT-BUILDING,1140 NW 74TH AVE,5/03/22,627,CASE CLOSED,,8/04/22,,,Margate
23-00100307,ACTIVE,163,margate_data.json,,UNSAFE STRUCTURE (BLDG),191 SW 74TH AVE,10/17/23,113,NOTICE OF VIOLATION-MAIL,REINSPECTION,,10/19/23,11/03/23,Margate
23-00100241,ACTIVE,163,margate_data.json,,WORK WITHOUT PERMIT-BUILDING,745 NW 75TH TER,8/30/23,161,NOTICE OF VIOLATION-MAIL,REINSPECTION,,8/31/23,9/15/23,Margate
23-00100044,ACTIVE,163,margate_data.json,,WORK WITHOUT PERMIT-BUILDING,331 NW 76TH AVE 208,3/01/23,343,NOTICE OF VIOLATION-MAIL,REINSPECTION,,3/03/23,3/18/23,Margate
21-00100514,CASE CLOSED,163,margate_data.json,,40 YEAR SAFETY INSPECTIONS,480 NW 76TH AVE,12/02/21,546,CASE CLOSED,,,,,Margate
23-00100177,ACTIVE,163,margate_data.json,,WORK WITHOUT PERMIT-BUILDING,2140 NW 76TH TER,7/03/23,219,NOTICE OF VIOLATION-MAIL,REINSPECTION,,7/06/23,7/21/23,Margate
18-00100107,CASE CLOSED,167,margate_data.json,,WORK WITHOUT PERMIT-BUILDING,2260 NW 76TH AVE,1/02/08,5848,CASE CLOSED,,12/15/21,,,Margate
23-00100420,ACTIVE,167,margate_data.json,,WORK WITHOUT PERMIT-BUILDING,181 SW 76TH TER,11/14/23,85,RED TAG NOTICE OF VIOLATION-MAIL,,,11/14/23,11/24/23,Margate
12-00100044,CASE CLOSED,167,margate_data.json,,WORK WITHOUT PERMIT-BUILDING,124 NW 77TH AVE,7/30/12,4108,CASE CLOSED,,10/30/23,,,Margate
23-00100191,ACTIVE,167,margate_data.json,,WORK WITHOUT PERMIT-BUILDING,217 NW 77TH AVE,7/17/23,205,NOTICE OF VIOLATION-MAIL,REINSPECTION,,7/19/23,8/03/23,Margate
23-00100320,CASE CLOSED,167,margate_data.json,,WORK WITHOUT PERMIT-BUILDING,2192 NW 77TH TER,10/24/23,77,REINSPECTION CASE CLOSED,,,1/08/24,1/08/24,Margate
20-00100552,CASE CLOSED,167,margate_data.json,,WORK WITHOUT PERMIT-BUILDING,132 NW 78TH AVE,12/07/20,1079,CASE CLOSED,,11/16/23,,,Margate
07-00100014,CASE CLOSED,167,margate_data.json,,WORK WITHOUT PERMIT-BUILDING,201 NW 78TH TER,9/07/07,5679,CASE CLOSED,,3/29/23,,,Margate
11-00100113,CASE CLOSED,167,margate_data.json,,WORK WITHOUT PERMIT-BUILDING,201 NW 78TH TER,10/25/11,4171,CASE CLOSED,,3/29/23,,,Margate
23-00100423,ACTIVE,167,margate_data.json,,WORK WITHOUT PERMIT-BUILDING,208 NW 78TH TER,11/20/23,79,NOTICE OF VIOLATION-MAIL,REINSPECTION,,11/22/23,12/07/23,Margate
23-00100020,ACTIVE,167,margate_data.json,,WORK WITHOUT PERMIT-BUILDING,257 NW 78TH AVE,2/06/23,366,NOTICE OF VIOLATION-MAIL,REINSPECTION,,2/07/23,2/22/23,Margate
23-00100425,ACTIVE,167,margate_data.json,,WORK WITHOUT PERMIT-BUILDING,601 NW 78TH AVE BDG49,11/21/23,78,NOTICE OF VIOLATION-MAIL,REINSPECTION,,11/23/23,12/08/23,Margate
23-00100435,ACTIVE,167,margate_data.json,,UNSAFE STRUCTURE (BLDG),601 NW 78TH AVE BDG49,11/27/23,72,NOTICE OF VIOLATION-MAIL,REINSPECTION,,11/30/23,12/15/23,Margate
22-00100177,CASE CLOSED,167,margate_data.json,,WORK WITHOUT PERMIT-BUILDING,1907 NW 78TH AVE,5/09/22,430,CASE CLOSED,,7/06/23,,,Margate
23-00100247,ACTIVE,167,margate_data.json,,WORK WITHOUT PERMIT-BUILDING,5610 NW 8TH ST,8/31/23,160,NOTICE OF VIOLATION-MAIL,REINSPECTION,,9/05/23,9/20/23,Margate
23-00100336,ACTIVE,167,margate_data.json,,40 YEAR SAFETY INSPECTIONS,5613 NW 8TH ST,10/31/23,99,INITIAL INSPECTION,,,,,Margate
23-00100301,ACTIVE,167,margate_data.json,,50 YEAR SAFETY INSPECTIONS,6095 NW 8TH ST,10/16/23,114,INITIAL INSPECTION,,,,,Margate
23-00100485,ACTIVE,167,margate_data.json,,WORK WITHOUT PERMIT-BUILDING,6095 NW 8TH ST,12/12/23,57,RED TAG NOTICE OF VIOLATION-MAIL,,,12/11/23,12/21/23,Margate
23-00100274,ACTIVE,171,margate_data.json,,UNSAFE STRUCTURE,6581 NW 8TH CT (BLDG),10/03/23,127,NOTICE OF VIOLATION-MAIL,REINSPECTION,,10/05/23,10/20/23,Margate
23-00100190,CASE CLOSED,171,margate_data.json,,UNSAFE STRUCTURE,6945 NW 8TH ST (BLDG),7/13/23,69,CASE CLOSED,,9/14/23,,,Margate
23-00100183,ACTIVE,171,margate_data.json,,WORK WITHOUT PERMIT-BUILDING,6948 NW 8TH CT,7/11/23,211,NOTICE OF VIOLATION-MAIL,REINSPECTION,,7/13/23,7/28/23,Margate
23-00100184,ACTIVE,171,margate_data.json,,UNSAFE STRUCTURE,6948 NW 8TH CT (BLDG),7/11/23,211,NOTICE OF VIOLATION-MAIL,REINSPECTION,,7/13/23,7/28/23,Margate
22-00100363,CASE CLOSED,171,margate_data.json,,WORK WITHOUT PERMIT-BUILDING,7255 NW 8TH ST,8/11/22,217,CASE CLOSED,,3/09/23,,,Margate
23-00100161,CASE CLOSED,171,margate_data.json,,WORK WITHOUT PERMIT-BUILDING,4985 SW 8TH CT,6/14/23,44,CASE CLOSED,,7/27/23,,,Margate
23-00100157,ACTIVE,171,margate_data.json,,UNSAFE STRUCTURE (BLDG),5560 SW 8TH ST,6/12/23,240,NOTICE OF VIOLATION-MAIL,REINSPECTION,,6/14/23,6/29/23,Margate
21-00100260,CASE CLOSED,171,margate_data.json,,WORK WITHOUT PERMIT-BUILDING,5574 SW 8TH ST,7/07/21,769,CASE CLOSED,,8/10/23,,,Margate
23-00100011,CASE CLOSED,171,margate_data.json,,WORK WITHOUT PERMIT-BUILDING,172 NW 80TH AVE,1/30/23,71,CASE CLOSED,,3/23/23,,,Margate
23-00100121,ACTIVE,171,margate_data.json,,WORK WITHOUT PERMIT-BUILDING,225 NW 80TH AVE,4/26/23,287,CASE CLOSED,,7/27/23,,,Margate
23-00100122,CASE CLOSED,171,margate_data.json,,WORK WITHOUT PERMIT-BUILDING,232 NW 80TH TER,4/26/23,286,CASE CLOSED,,1/29/24,,,Margate
23-00100026,CASE CLOSED,171,margate_data.json,,WORK WITHOUT PERMIT-BUILDING,551 NW 80TH TER BDG63,2/07/23,7,CASE CLOSED,,2/13/23,,,Margate
23-00100447,CASE CLOSED,171,margate_data.json,,WORK WITHOUT PERMIT-BUILDING,1060 NW 80TH AVE 202,12/04/23,46,CASE CLOSED,,1/18/24,,,Margate
23-00100421,ACTIVE,171,margate_data.json,,WORK WITHOUT PERMIT-BUILDING,1150 NW 80TH AVE,11/15/23,84,NOTICE OF VIOLATION-MAIL,REINSPECTION,,11/17/23,12/02/23,Margate
23-00100156,ACTIVE,171,margate_data.json,,UNSAFE STRUCTURE (BLDG),1417 NW 80TH AVE,6/12/23,240,NOTICE OF VIOLATION-MAIL,REINSPECTION,,6/14/23,6/29/23,Margate
21-00100286,CASE CLOSED,171,margate_data.json,,40 YEAR SAFETY INSPECTIONS,1460 NW 80TH AVE,7/21/21,601,CASE CLOSED,,3/02/23,,,Margate
23-00100082,ACTIVE,171,margate_data.json,,WORK WITHOUT PERMIT-BUILDING,1500 NW 80TH AVE,3/27/23,317,NOTICE OF VIOLATION-MAIL,REINSPECTION,,3/29/23,4/13/23,Margate
23-00100237,CASE CLOSED,175,margate_data.json,,WORK WITHOUT PERMIT-BUILDING,1633 NW 80TH AVE,8/24/23,103,CASE CLOSED,,11/28/23,,,Margate
11-00100012,CASE CLOSED,175,margate_data.json,,ANY THING NOT LISTED (BLDG),1803 NW 80TH AVE,3/09/11,4637,REINSPECTION CASE CLOSED,,,11/20/23,12/20/23,Margate
23-00100488,ACTIVE,175,margate_data.json,,40 YEAR SAFETY INSPECTIONS,6030 NW 9TH ST,12/14/23,55,INITIAL INSPECTION,,,,,Margate
23-00100489,ACTIVE,175,margate_data.json,,WORK WITHOUT PERMIT-BUILDING,6117 NW 9TH ST,12/18/23,51,NOTICE OF VIOLATION-MAIL,REINSPECTION,,12/21/23,1/05/24,Margate
23-00100483,ACTIVE,175,margate_data.json,,WORK WITHOUT PERMIT-BUILDING,6360 NW 9TH ST,12/07/23,62,NOTICE OF VIOLATION-MAIL,REINSPECTION,,12/11/23,12/26/23,Margate
23-00100261,ACTIVE,175,margate_data.json,,WORK WITHOUT PERMIT-BUILDING,6790 NW 9TH ST,9/19/23,141,NOTICE OF VIOLATION-MAIL,REINSPECTION,,9/20/23,10/05/23,Margate
22-00100457,CASE CLOSED,175,margate_data.json,,WORK WITHOUT PERMIT-BUILDING,6805 NW 9TH CT,12/14/22,328,CASE CLOSED,,11/06/23,,,Margate
23-00100232,CASE CLOSED,175,margate_data.json,,UNSAFE STRUCTURE (BLDG),6805 NW 9TH CT,8/21/23,78,CASE CLOSED,,11/06/23,,,Margate
23-00100306,ACTIVE,175,margate_data.json,,UNSAFE STRUCTURE (BLDG),5390 SW 9TH ST,10/17/23,113,NOTICE OF VIOLATION-MAIL,REINSPECTION,,10/19/23,11/03/23,Margate
10-00100053,CASE CLOSED,175,margate_data.json,,WORK WITHOUT PERMIT-BUILDING,5570 SW 9TH CT,12/13/10,4467,CASE CLOSED,,3/09/23,,,Margate
