violation_id_raw,case_status_raw,chunk_id,source_file,Unnamed: 4,violation_description_raw,address_raw,opened_date_raw,days_active_raw,last_action_raw,next_action_raw,closed_date_raw,result_date_raw,due_date_raw,city,violation_id,violation_type,address,status,date_opened,days_active,last_action,next_action,result_date,due_date,date_closed,data_source,violation_code_raw,case_disposition_raw,0,1,2,3,4
23-00100401,ACTIVE,3,margate_data.json,,40 YEAR SAFETY INSPECTIONS,5301 W ATLANTIC BLVD,11/07/23,92.0,INITIAL INSPECTION,,,,,Margate,23-00100401,40 YEAR SAFETY INSPECTIONS,5301 W ATLANTIC BLVD,ACTIVE,11/07/23,92.0,INITIAL INSPECTION,,,,,legacy,,,,,,,
23-00100402,ACTIVE,3,margate_data.json,,40 YEAR SAFETY INSPECTIONS,5301 W ATLANTIC BLVD,11/07/23,92.0,INITIAL INSPECTION,,,,,Margate,23-00100402,40 YEAR SAFETY INSPECTIONS,5301 W ATLANTIC BLVD,ACTIVE,11/07/23,92.0,INITIAL INSPECTION,,,,,legacy,,,,,,,
24-00100048,ACTIVE,3,margate_data.json,,40 YEAR SAFETY INSPECTIONS,5375 W ATLANTIC BLVD,2/07/24,2.0,INITIAL INSPECTION,,,,,Margate,24-00100048,40 YEAR SAFETY INSPECTIONS,5375 W ATLANTIC BLVD,ACTIVE,2/07/24,2.0,INITIAL INSPECTION,,,,,legacy,,,,,,,
23-00100419,ACTIVE,3,margate_data.json,,UNSAFE STRUCTURE (BLDG),5499 W ATLANTIC BLVD,11/14/23,85.0,NOTICE OF VIOLATION-MAIL,REINSPECTION,,11/16/23,12/01/23,Margate,23-00100419,UNSAFE STRUCTURE (BLDG),5499 W ATLANTIC BLVD,ACTIVE,11/14/23,85.0,NOTICE OF VIOLATION-MAIL,REINSPECTION,11/16/23,12/01/23,,legacy,,,,,,,
23-00100039,ACTIVE,3,margate_data.json,,WORK WITHOUT PERMIT-BUILDING,5642 W ATLANTIC BLVD,2/23/23,349.0,NOTICE OF VIOLATION-MAIL,REINSPECTION,,2/25/23,3/12/23,Margate,23-00100039,WORK WITHOUT PERMIT-BUILDING,5642 W ATLANTIC BLVD,ACTIVE,2/23/23,349.0,NOTICE OF VIOLATION-MAIL,REINSPECTION,2/25/23,3/12/23,,legacy,,,,,,,
24-00100015,ACTIVE,3,margate_data.json,,UNSAFE STRUCTURE (BLDG),5681 W ATLANTIC BLVD,1/10/24,28.0,NOTICE OF VIOLATION-MAIL,REINSPECTION,,1/12/24,1/27/24,Margate,24-00100015,UNSAFE STRUCTURE (BLDG),5681 W ATLANTIC BLVD,ACTIVE,1/10/24,28.0,NOTICE OF VIOLATION-MAIL,REINSPECTION,1/12/24,1/27/24,,legacy,,,,,,,
23-00100245,ACTIVE,3,margate_data.json,,UNSAFE STRUCTURE (BLDG),6000 W ATLANTIC BLVD # 1,8/31/23,160.0,NOTICE OF VIOLATION-MAIL,REINSPECTION,,9/05/23,9/20/23,Margate,23-00100245,UNSAFE STRUCTURE (BLDG),6000 W ATLANTIC BLVD # 1,ACTIVE,8/31/23,160.0,NOTICE OF VIOLATION-MAIL,REINSPECTION,9/05/23,9/20/23,,legacy,,,,,,,
20-00100525,CASE CLOSED,3,margate_data.json,,WORK WITHOUT PERMIT-BUILDING,6101 W ATLANTIC BLVD,11/18/20,1128.0,CASE CLOSED,,12/20/23,,,Margate,20-00100525,WORK WITHOUT PERMIT-BUILDING,6101 W ATLANTIC BLVD,CASE CLOSED,11/18/20,1128.0,CASE CLOSED,,,,12/20/23,legacy,,,,,,,
21-00100157,CASE CLOSED,3,margate_data.json,,WORK WITHOUT PERMIT-BUILDING,6101 W ATLANTIC BLVD,4/22/21,973.0,CASE CLOSED,,12/20/23,,,Margate,21-00100157,WORK WITHOUT PERMIT-BUILDING,6101 W ATLANTIC BLVD,CASE CLOSED,4/22/21,973.0,CASE CLOSED,,,,12/20/23,legacy,,,,,,,
21-00100315,CASE CLOSED,3,margate_data.json,,UNSAFE STRUCTURE (BLDG),6101 W ATLANTIC BLVD,7/29/21,875.0,CASE CLOSED,,12/20/23,,,Margate,21-00100315,UNSAFE STRUCTURE (BLDG),6101 W ATLANTIC BLVD,CASE CLOSED,7/29/21,875.0,CASE CLOSED,,,,12/20/23,legacy,,,,,,,
23-00100339,CASE CLOSED,3,margate_data.json,,40 YEAR SAFETY INSPECTIONS,6101 W ATLANTIC BLVD,10/31/23,98.0,CASE CLOSED,,2/01/24,,,Margate,23-00100339,40 YEAR SAFETY INSPECTIONS,6101 W ATLANTIC BLVD,CASE CLOSED,10/31/23,98.0,CASE CLOSED,,,,2/01/24,legacy,,,,,,,
23-00100341,ACTIVE,3,margate_data.json,,40 YEAR SAFETY INSPECTIONS,6221 W ATLANTIC BLVD,10/31/23,99.0,INITIAL INSPECTION,,,,,Margate,23-00100341,40 YEAR SAFETY INSPECTIONS,6221 W ATLANTIC BLVD,ACTIVE,10/31/23,99.0,INITIAL INSPECTION,,,,,legacy,,,,,,,
23-00100338,CASE CLOSED,3,margate_data.json,,40 YEAR SAFETY INSPECTIONS,6301 W ATLANTIC BLVD,10/31/23,10.0,CASE CLOSED,,11/03/23,,,Margate,23-00100338,40 YEAR SAFETY INSPECTIONS,6301 W ATLANTIC BLVD,CASE CLOSED,10/31/23,10.0,CASE CLOSED,,,,11/03/23,legacy,,,,,,,
23-00100487,ACTIVE,3,margate_data.json,,40 YEAR SAFETY INSPECTIONS,6400 W ATLANTIC BLVD 1,12/15/23,54.0,INITIAL INSPECTION,,,,,Margate,23-00100487,40 YEAR SAFETY INSPECTIONS,6400 W ATLANTIC BLVD 1,ACTIVE,12/15/23,54.0,INITIAL INSPECTION,,,,,legacy,,,,,,,
20-00100504,CASE CLOSED,3,margate_data.json,,UNSAFE STRUCTURE (BLDG),6500 W ATLANTIC BLVD,10/21/20,1063.0,CASE CLOSED,,9/18/23,,,Margate,20-00100504,UNSAFE STRUCTURE (BLDG),6500 W ATLANTIC BLVD,CASE CLOSED,10/21/20,1063.0,CASE CLOSED,,,,9/18/23,legacy,,,,,,,
23-00100350,ACTIVE,3,margate_data.json,,40 YEAR SAFETY INSPECTIONS,6750 W ATLANTIC BLVD,11/07/23,92.0,INITIAL INSPECTION,,,,,Margate,23-00100350,40 YEAR SAFETY INSPECTIONS,6750 W ATLANTIC BLVD,ACTIVE,11/07/23,92.0,INITIAL INSPECTION,,,,,legacy,,,,,,,
23-00100337,ACTIVE,3,margate_data.json,,40 YEAR SAFETY INSPECTIONS,7150 W ATLANTIC BLVD,10/31/23,99.0,INITIAL INSPECTION,,,,,Margate,23-00100337,40 YEAR SAFETY INSPECTIONS,7150 W ATLANTIC BLVD,ACTIVE,10/31/23,99.0,INITIAL INSPECTION,,,,,legacy,,,,,,,
22-00100070,CASE CLOSED,7,margate_data.json,,40 YEAR SAFETY INSPECTIONS,7210 W ATLANTIC BLVD,2/26/22,683.0,CASE CLOSED,,1/09/24,,,Margate,22-00100070,40 YEAR SAFETY INSPECTIONS,7210 W ATLANTIC BLVD,CASE CLOSED,2/26/22,683.0,CASE CLOSED,,,,1/09/24,legacy,,,,,,,
20-00100370,CASE CLOSED,7,margate_data.json,,UNSAFE STRUCTURE (BLDG),441 BANKS RD,5/07/20,1051.0,CASE CLOSED,,3/23/23,,,Margate,20-00100370,UNSAFE STRUCTURE (BLDG),441 BANKS RD,CASE CLOSED,5/07/20,1051.0,CASE CLOSED,,,,3/23/23,legacy,,,,,,,
22-00100062,CASE CLOSED,7,margate_data.json,,50 YEAR SAFETY INSPECTIONS,441 BANKS RD,2/26/22,571.0,RELEASE OF SM LIEN CASE CLOSED,,,2/28/22,2/28/22,Margate,22-00100062,50 YEAR SAFETY INSPECTIONS,441 BANKS RD,CASE CLOSED,2/26/22,571.0,RELEASE OF SM LIEN CASE CLOSED,,2/28/22,2/28/22,,legacy,,,,,,,
23-00100150,ACTIVE,7,margate_data.json,,UNSAFE STRUCTURE (BLDG),465 BANKS RD,5/31/23,252.0,NOTICE OF VIOLATION-MAIL,REINSPECTION,,6/02/23,6/17/23,Margate,23-00100150,UNSAFE STRUCTURE (BLDG),465 BANKS RD,ACTIVE,5/31/23,252.0,NOTICE OF VIOLATION-MAIL,REINSPECTION,6/02/23,6/17/23,,legacy,,,,,,,
21-00100205,CASE CLOSED,7,margate_data.json,,UNSAFE STRUCTURE (BLDG),689 BANKS RD,6/01/21,834.0,CASE CLOSED,,9/12/23,,,Margate,21-00100205,UNSAFE STRUCTURE (BLDG),689 BANKS RD,CASE CLOSED,6/01/21,834.0,CASE CLOSED,,,,9/12/23,legacy,,,,,,,
23-00100266,CASE CLOSED,7,margate_data.json,,WORK WITHOUT PERMIT-BUILDING,689 BANKS RD,9/27/23,56.0,CASE CLOSED,,11/13/23,,,Margate,23-00100266,WORK WITHOUT PERMIT-BUILDING,689 BANKS RD,CASE CLOSED,9/27/23,56.0,CASE CLOSED,,,,11/13/23,legacy,,,,,,,
23-00100210,ACTIVE,7,margate_data.json,,WORK WITHOUT PERMIT-BUILDING,693 BANKS RD,8/02/23,189.0,NOTICE OF VIOLATION-MAIL,REINSPECTION,,8/04/23,8/19/23,Margate,23-00100210,WORK WITHOUT PERMIT-BUILDING,693 BANKS RD,ACTIVE,8/02/23,189.0,NOTICE OF VIOLATION-MAIL,REINSPECTION,8/04/23,8/19/23,,legacy,,,,,,,
23-00100276,ACTIVE,7,margate_data.json,,WORK WITHOUT PERMIT-BUILDING,743 BANKS RD,10/04/23,126.0,NOTICE OF VIOLATION-MAIL,REINSPECTION,,10/05/23,10/20/23,Margate,23-00100276,WORK WITHOUT PERMIT-BUILDING,743 BANKS RD,ACTIVE,10/04/23,126.0,NOTICE OF VIOLATION-MAIL,REINSPECTION,10/05/23,10/20/23,,legacy,,,,,,,
24-00100059,ACTIVE,7,margate_data.json,,40 YEAR SAFETY INSPECTIONS,1001 BANKS RD,2/07/24,2.0,INITIAL INSPECTION,,,,,Margate,24-00100059,40 YEAR SAFETY INSPECTIONS,1001 BANKS RD,ACTIVE,2/07/24,2.0,INITIAL INSPECTION,,,,,legacy,,,,,,,
24-00100060,ACTIVE,7,margate_data.json,,40 YEAR SAFETY INSPECTIONS,1019 BANKS RD,2/07/24,2.0,INITIAL INSPECTION,,,,,Margate,24-00100060,40 YEAR SAFETY INSPECTIONS,1019 BANKS RD,ACTIVE,2/07/24,2.0,INITIAL INSPECTION,,,,,legacy,,,,,,,
24-00100061,ACTIVE,7,margate_data.json,,40 YEAR SAFETY INSPECTIONS,1031 BANKS RD,2/07/24,2.0,INITIAL INSPECTION,,,,,Margate,24-00100061,40 YEAR SAFETY INSPECTIONS,1031 BANKS RD,ACTIVE,2/07/24,2.0,INITIAL INSPECTION,,,,,legacy,,,,,,,
01-00104353,CASE CLOSED,7,margate_data.json,,CODE VIOLATION-MUNICIPAL (BLDG),1101 BANKS RD,7/13/01,8227.0,CASE CLOSED,,2/24/24,,,Margate,01-00104353,CODE VIOLATION-MUNICIPAL (BLDG),1101 BANKS RD,CASE CLOSED,7/13/01,8227.0,CASE CLOSED,,,,2/24/24,legacy,,,,,,,
24-00100050,ACTIVE,7,margate_data.json,,40 YEAR SAFETY INSPECTIONS,1101 BANKS RD,2/07/24,2.0,INITIAL INSPECTION,,,,,Margate,24-00100050,40 YEAR SAFETY INSPECTIONS,1101 BANKS RD,ACTIVE,2/07/24,2.0,INITIAL INSPECTION,,,,,legacy,,,,,,,
23-00100474,ACTIVE,7,margate_data.json,,40 YEAR SAFETY INSPECTIONS,1401 BANKS RD,12/12/23,57.0,INITIAL INSPECTION,,,,,Margate,23-00100474,40 YEAR SAFETY INSPECTIONS,1401 BANKS RD,ACTIVE,12/12/23,57.0,INITIAL INSPECTION,,,,,legacy,,,,,,,
23-00100433,CASE CLOSED,7,margate_data.json,,WORK WITHOUT PERMIT-BUILDING,1657 BANKS RD,11/27/23,58.0,CASE CLOSED,,1/10/24,,,Margate,23-00100433,WORK WITHOUT PERMIT-BUILDING,1657 BANKS RD,CASE CLOSED,11/27/23,58.0,CASE CLOSED,,,,1/10/24,legacy,,,,,,,
23-00100475,ACTIVE,7,margate_data.json,,40 YEAR SAFETY INSPECTIONS,1690 BANKS RD,12/12/23,57.0,INITIAL INSPECTION,,,,,Margate,23-00100475,40 YEAR SAFETY INSPECTIONS,1690 BANKS RD,ACTIVE,12/12/23,57.0,INITIAL INSPECTION,,,,,legacy,,,,,,,
23-00100478,ACTIVE,7,margate_data.json,,40 YEAR SAFETY INSPECTIONS,1700 BANKS RD,12/12/23,57.0,INITIAL INSPECTION,,,,,Margate,23-00100478,40 YEAR SAFETY INSPECTIONS,1700 BANKS RD,ACTIVE,12/12/23,57.0,INITIAL INSPECTION,,,,,legacy,,,,,,,
23-00100479,ACTIVE,11,margate_data.json,,40 YEAR SAFETY INSPECTIONS,1700 BANKS RD,12/12/23,57.0,INITIAL INSPECTION,,,,,Margate,23-00100479,40 YEAR SAFETY INSPECTIONS,1700 BANKS RD,ACTIVE,12/12/23,57.0,INITIAL INSPECTION,,,,,legacy,,,,,,,
23-00100481,ACTIVE,11,margate_data.json,,40 YEAR SAFETY INSPECTIONS,2000 BANKS RD,12/12/23,57.0,INITIAL INSPECTION,,,,,Margate,23-00100481,40 YEAR SAFETY INSPECTIONS,2000 BANKS RD,ACTIVE,12/12/23,57.0,INITIAL INSPECTION,,,,,legacy,,,,,,,
23-00100482,ACTIVE,11,margate_data.json,,40 YEAR SAFETY INSPECTIONS,2000 BANKS RD,12/12/23,57.0,INITIAL INSPECTION,,,,,Margate,23-00100482,40 YEAR SAFETY INSPECTIONS,2000 BANKS RD,ACTIVE,12/12/23,57.0,INITIAL INSPECTION,,,,,legacy,,,,,,,
23-00100365,ACTIVE,11,margate_data.json,,40 YEAR SAFETY INSPECTIONS,3300 BANKS RD,11/07/23,92.0,INITIAL INSPECTION,,,,,Margate,23-00100365,40 YEAR SAFETY INSPECTIONS,3300 BANKS RD,ACTIVE,11/07/23,92.0,INITIAL INSPECTION,,,,,legacy,,,,,,,
23-00100366,ACTIVE,11,margate_data.json,,40 YEAR SAFETY INSPECTIONS,3310 BANKS RD,11/07/23,92.0,INITIAL INSPECTION,,,,,Margate,23-00100366,40 YEAR SAFETY INSPECTIONS,3310 BANKS RD,ACTIVE,11/07/23,92.0,INITIAL INSPECTION,,,,,legacy,,,,,,,
23-00100367,ACTIVE,11,margate_data.json,,40 YEAR SAFETY INSPECTIONS,3320 BANKS RD,11/07/23,92.0,INITIAL INSPECTION,,,,,Margate,23-00100367,40 YEAR SAFETY INSPECTIONS,3320 BANKS RD,ACTIVE,11/07/23,92.0,INITIAL INSPECTION,,,,,legacy,,,,,,,
23-00100368,ACTIVE,11,margate_data.json,,40 YEAR SAFETY INSPECTIONS,3330 BANKS RD,11/07/23,92.0,INITIAL INSPECTION,,,,,Margate,23-00100368,40 YEAR SAFETY INSPECTIONS,3330 BANKS RD,ACTIVE,11/07/23,92.0,INITIAL INSPECTION,,,,,legacy,,,,,,,
23-00100369,ACTIVE,11,margate_data.json,,40 YEAR SAFETY INSPECTIONS,3340 BANKS RD,11/07/23,92.0,INITIAL INSPECTION,,,,,Margate,23-00100369,40 YEAR SAFETY INSPECTIONS,3340 BANKS RD,ACTIVE,11/07/23,92.0,INITIAL INSPECTION,,,,,legacy,,,,,,,
23-00100370,ACTIVE,11,margate_data.json,,40 YEAR SAFETY INSPECTIONS,3350 BANKS RD,11/07/23,92.0,INITIAL INSPECTION,,,,,Margate,23-00100370,40 YEAR SAFETY INSPECTIONS,3350 BANKS RD,ACTIVE,11/07/23,92.0,INITIAL INSPECTION,,,,,legacy,,,,,,,
23-00100371,ACTIVE,11,margate_data.json,,40 YEAR SAFETY INSPECTIONS,3360 BANKS RD,11/07/23,92.0,INITIAL INSPECTION,,,,,Margate,23-00100371,40 YEAR SAFETY INSPECTIONS,3360 BANKS RD,ACTIVE,11/07/23,92.0,INITIAL INSPECTION,,,,,legacy,,,,,,,
23-00100372,ACTIVE,11,margate_data.json,,40 YEAR SAFETY INSPECTIONS,3370 BANKS RD,11/07/23,92.0,INITIAL INSPECTION,,,,,Margate,23-00100372,40 YEAR SAFETY INSPECTIONS,3370 BANKS RD,ACTIVE,11/07/23,92.0,INITIAL INSPECTION,,,,,legacy,,,,,,,
23-00100373,ACTIVE,11,margate_data.json,,40 YEAR SAFETY INSPECTIONS,3380 BANKS RD,11/07/23,92.0,INITIAL INSPECTION,,,,,Margate,23-00100373,40 YEAR SAFETY INSPECTIONS,3380 BANKS RD,ACTIVE,11/07/23,92.0,INITIAL INSPECTION,,,,,legacy,,,,,,,
23-00100374,ACTIVE,11,margate_data.json,,40 YEAR SAFETY INSPECTIONS,3390 BANKS RD,11/07/23,92.0,INITIAL INSPECTION,,,,,Margate,23-00100374,40 YEAR SAFETY INSPECTIONS,3390 BANKS RD,ACTIVE,11/07/23,92.0,INITIAL INSPECTION,,,,,legacy,,,,,,,
23-00100375,ACTIVE,11,margate_data.json,,40 YEAR SAFETY INSPECTIONS,3400 BANKS RD,11/07/23,92.0,INITIAL INSPECTION,,,,,Margate,23-00100375,40 YEAR SAFETY INSPECTIONS,3400 BANKS RD,ACTIVE,11/07/23,92.0,INITIAL INSPECTION,,,,,legacy,,,,,,,
23-00100376,ACTIVE,11,margate_data.json,,40 YEAR SAFETY INSPECTIONS,3410 BANKS RD,11/07/23,92.0,INITIAL INSPECTION,,,,,Margate,23-00100376,40 YEAR SAFETY INSPECTIONS,3410 BANKS RD,ACTIVE,11/07/23,92.0,INITIAL INSPECTION,,,,,legacy,,,,,,,
23-00100377,ACTIVE,11,margate_data.json,,40 YEAR SAFETY INSPECTIONS,3420 BANKS RD,11/07/23,92.0,INITIAL INSPECTION,,,,,Margate,23-00100377,40 YEAR SAFETY INSPECTIONS,3420 BANKS RD,ACTIVE,11/07/23,92.0,INITIAL INSPECTION,,,,,legacy,,,,,,,
23-00100378,ACTIVE,11,margate_data.json,,40 YEAR SAFETY INSPECTIONS,3430 BANKS RD,11/07/23,92.0,INITIAL INSPECTION,,,,,Margate,23-00100378,40 YEAR SAFETY INSPECTIONS,3430 BANKS RD,ACTIVE,11/07/23,92.0,INITIAL INSPECTION,,,,,legacy,,,,,,,
23-00100379,ACTIVE,15,margate_data.json,,40 YEAR SAFETY INSPECTIONS,3440 BANKS RD,11/07/23,92.0,INITIAL INSPECTION,,,,,Margate,23-00100379,40 YEAR SAFETY INSPECTIONS,3440 BANKS RD,ACTIVE,11/07/23,92.0,INITIAL INSPECTION,,,,,legacy,,,,,,,
23-00100380,ACTIVE,15,margate_data.json,,40 YEAR SAFETY INSPECTIONS,3450 BANKS RD,11/07/23,92.0,INITIAL INSPECTION,,,,,Margate,23-00100380,40 YEAR SAFETY INSPECTIONS,3450 BANKS RD,ACTIVE,11/07/23,92.0,INITIAL INSPECTION,,,,,legacy,,,,,,,
23-00100381,ACTIVE,15,margate_data.json,,40 YEAR SAFETY INSPECTIONS,3460 BANKS RD,11/07/23,92.0,INITIAL INSPECTION,,,,,Margate,23-00100381,40 YEAR SAFETY INSPECTIONS,3460 BANKS RD,ACTIVE,11/07/23,92.0,INITIAL INSPECTION,,,,,legacy,,,,,,,
23-00100382,ACTIVE,15,margate_data.json,,40 YEAR SAFETY INSPECTIONS,3470 BANKS RD,11/07/23,92.0,INITIAL INSPECTION,,,,,Margate,23-00100382,40 YEAR SAFETY INSPECTIONS,3470 BANKS RD,ACTIVE,11/07/23,92.0,INITIAL INSPECTION,,,,,legacy,,,,,,,
23-00100383,ACTIVE,15,margate_data.json,,40 YEAR SAFETY INSPECTIONS,3480 BANKS RD,11/07/23,92.0,INITIAL INSPECTION,,,,,Margate,23-00100383,40 YEAR SAFETY INSPECTIONS,3480 BANKS RD,ACTIVE,11/07/23,92.0,INITIAL INSPECTION,,,,,legacy,,,,,,,
23-00100384,ACTIVE,15,margate_data.json,,40 YEAR SAFETY INSPECTIONS,3490 BANKS RD,11/07/23,92.0,INITIAL INSPECTION,,,,,Margate,23-00100384,40 YEAR SAFETY INSPECTIONS,3490 BANKS RD,ACTIVE,11/07/23,92.0,INITIAL INSPECTION,,,,,legacy,,,,,,,
23-00100385,ACTIVE,15,margate_data.json,,40 YEAR SAFETY INSPECTIONS,3510 BANKS RD,11/07/23,92.0,INITIAL INSPECTION,,,,,Margate,23-00100385,40 YEAR SAFETY INSPECTIONS,3510 BANKS RD,ACTIVE,11/07/23,92.0,INITIAL INSPECTION,,,,,legacy,,,,,,,
23-00100386,ACTIVE,15,margate_data.json,,40 YEAR SAFETY INSPECTIONS,3520 BANKS RD,11/07/23,92.0,INITIAL INSPECTION,,,,,Margate,23-00100386,40 YEAR SAFETY INSPECTIONS,3520 BANKS RD,ACTIVE,11/07/23,92.0,INITIAL INSPECTION,,,,,legacy,,,,,,,
23-00100387,ACTIVE,15,margate_data.json,,40 YEAR SAFETY INSPECTIONS,3530 BANKS RD,11/07/23,92.0,INITIAL INSPECTION,,,,,Margate,23-00100387,40 YEAR SAFETY INSPECTIONS,3530 BANKS RD,ACTIVE,11/07/23,92.0,INITIAL INSPECTION,,,,,legacy,,,,,,,
23-00100348,ACTIVE,15,margate_data.json,,WORK WITHOUT PERMIT-BUILDING,3540 BANKS RD,10/31/23,99.0,NOTICE OF VIOLATION-MAIL,REINSPECTION,,11/02/23,11/17/23,Margate,23-00100348,WORK WITHOUT PERMIT-BUILDING,3540 BANKS RD,ACTIVE,10/31/23,99.0,NOTICE OF VIOLATION-MAIL,REINSPECTION,11/02/23,11/17/23,,legacy,,,,,,,
23-00100388,ACTIVE,15,margate_data.json,,40 YEAR SAFETY INSPECTIONS,3540 BANKS RD,11/07/23,92.0,INITIAL INSPECTION,,,,,Margate,23-00100388,40 YEAR SAFETY INSPECTIONS,3540 BANKS RD,ACTIVE,11/07/23,92.0,INITIAL INSPECTION,,,,,legacy,,,,,,,
23-00100229,ACTIVE,15,margate_data.json,,WORK WITHOUT PERMIT-BUILDING,3103 BAYBERRY WAY,8/21/23,170.0,NOTICE OF VIOLATION-MAIL,REINSPECTION,,8/23/23,9/07/23,Margate,23-00100229,WORK WITHOUT PERMIT-BUILDING,3103 BAYBERRY WAY,ACTIVE,8/21/23,170.0,NOTICE OF VIOLATION-MAIL,REINSPECTION,8/23/23,9/07/23,,legacy,,,,,,,
23-00100428,ACTIVE,15,margate_data.json,,WORK WITHOUT PERMIT-BUILDING,6821 BAYFRONT CIR,11/21/23,78.0,NOTICE OF VIOLATION-MAIL,REINSPECTION,,11/24/23,12/09/23,Margate,23-00100428,WORK WITHOUT PERMIT-BUILDING,6821 BAYFRONT CIR,ACTIVE,11/21/23,78.0,NOTICE OF VIOLATION-MAIL,REINSPECTION,11/24/23,12/09/23,,legacy,,,,,,,
23-00100065,ACTIVE,15,margate_data.json,,WORK WITHOUT PERMIT-BUILDING,3351 BONITO LN,3/15/23,329.0,NOTICE OF VIOLATION-MAIL,REINSPECTION,,3/17/23,4/01/23,Margate,23-00100065,WORK WITHOUT PERMIT-BUILDING,3351 BONITO LN,ACTIVE,3/15/23,329.0,NOTICE OF VIOLATION-MAIL,REINSPECTION,3/17/23,4/01/23,,legacy,,,,,,,
23-00100114,ACTIVE,15,margate_data.json,,WORK WITHOUT PERMIT-BUILDING,6354 BUENA VISTA DR,4/19/23,294.0,NOTICE OF VIOLATION-MAIL,REINSPECTION,,4/21/23,5/06/23,Margate,23-00100114,WORK WITHOUT PERMIT-BUILDING,6354 BUENA VISTA DR,ACTIVE,4/19/23,294.0,NOTICE OF VIOLATION-MAIL,REINSPECTION,4/21/23,5/06/23,,legacy,,,,,,,
23-00100051,CASE CLOSED,15,margate_data.json,,WORK WITHOUT PERMIT-BUILDING,6410 BUENA VISTA DR,3/06/23,205.0,CASE CLOSED,,9/26/23,,,Margate,23-00100051,WORK WITHOUT PERMIT-BUILDING,6410 BUENA VISTA DR,CASE CLOSED,3/06/23,205.0,CASE CLOSED,,,,9/26/23,legacy,,,,,,,
23-00100120,ACTIVE,15,margate_data.json,,WORK WITHOUT PERMIT-BUILDING,6728 BUENA VISTA DR,4/26/23,287.0,NOTICE OF VIOLATION-MAIL,REINSPECTION,,4/29/23,5/14/23,Margate,23-00100120,WORK WITHOUT PERMIT-BUILDING,6728 BUENA VISTA DR,ACTIVE,4/26/23,287.0,NOTICE OF VIOLATION-MAIL,REINSPECTION,4/29/23,5/14/23,,legacy,,,,,,,
23-00100449,CASE CLOSED,19,margate_data.json,,WORK WITHOUT PERMIT-BUILDING,557 N CAROL PKWY,12/05/23,58.0,CASE CLOSED,,1/31/24,,,Margate,23-00100449,WORK WITHOUT PERMIT-BUILDING,557 N CAROL PKWY,CASE CLOSED,12/05/23,58.0,CASE CLOSED,,,,1/31/24,legacy,,,,,,,
22-00100037,CASE CLOSED,19,margate_data.json,,WORK WITHOUT PERMIT-BUILDING,3331 CHICKEE LN,2/09/22,400.0,CASE CLOSED,,3/09/23,,,Margate,22-00100037,WORK WITHOUT PERMIT-BUILDING,3331 CHICKEE LN,CASE CLOSED,2/09/22,400.0,CASE CLOSED,,,,3/09/23,legacy,,,,,,,
23-00100281,ACTIVE,19,margate_data.json,,WORK WITHOUT PERMIT-BUILDING,3338 CHICKEE LN,10/09/23,121.0,NOTICE OF VIOLATION-MAIL,REINSPECTION,,10/11/23,10/26/23,Margate,23-00100281,WORK WITHOUT PERMIT-BUILDING,3338 CHICKEE LN,ACTIVE,10/09/23,121.0,NOTICE OF VIOLATION-MAIL,REINSPECTION,10/11/23,10/26/23,,legacy,,,,,,,
21-00100402,CASE CLOSED,19,margate_data.json,,WORK WITHOUT PERMIT-BUILDING,350 CLANCEY CIR,10/04/21,668.0,CASE CLOSED,,8/02/23,,,Margate,21-00100402,WORK WITHOUT PERMIT-BUILDING,350 CLANCEY CIR,CASE CLOSED,10/04/21,668.0,CASE CLOSED,,,,8/02/23,legacy,,,,,,,
23-00100208,ACTIVE,19,margate_data.json,,UNSAFE STRUCTURE (BLDG),350 CLANCEY CIR,8/02/23,189.0,NOTICE OF VIOLATION-MAIL,REINSPECTION,,8/04/23,8/19/23,Margate,23-00100208,UNSAFE STRUCTURE (BLDG),350 CLANCEY CIR,ACTIVE,8/02/23,189.0,NOTICE OF VIOLATION-MAIL,REINSPECTION,8/04/23,8/19/23,,legacy,,,,,,,
23-00100188,ACTIVE,19,margate_data.json,,WORK WITHOUT PERMIT-BUILDING,480 CLANCEY CIR,7/12/23,210.0,NOTICE OF VIOLATION-MAIL,REINSPECTION,,7/14/23,7/29/23,Margate,23-00100188,WORK WITHOUT PERMIT-BUILDING,480 CLANCEY CIR,ACTIVE,7/12/23,210.0,NOTICE OF VIOLATION-MAIL,REINSPECTION,7/14/23,7/29/23,,legacy,,,,,,,
23-00100072,ACTIVE,19,margate_data.json,,WORK WITHOUT PERMIT-BUILDING,5000 COCONUT CREEK PKWY,3/21/23,323.0,NOTICE OF VIOLATION-MAIL,REINSPECTION,,3/23/23,4/07/23,Margate,23-00100072,WORK WITHOUT PERMIT-BUILDING,5000 COCONUT CREEK PKWY,ACTIVE,3/21/23,323.0,NOTICE OF VIOLATION-MAIL,REINSPECTION,3/23/23,4/07/23,,legacy,,,,,,,
24-00100045,ACTIVE,19,margate_data.json,,40 YEAR SAFETY INSPECTIONS,5060 COCONUT CREEK PKWY,2/07/24,2.0,INITIAL INSPECTION,,,,,Margate,24-00100045,40 YEAR SAFETY INSPECTIONS,5060 COCONUT CREEK PKWY,ACTIVE,2/07/24,2.0,INITIAL INSPECTION,,,,,legacy,,,,,,,
24-00100033,ACTIVE,19,margate_data.json,,40 YEAR SAFETY INSPECTIONS,5233 COCONUT CREEK PKWY,2/07/24,2.0,INITIAL INSPECTION,,,,,Margate,24-00100033,40 YEAR SAFETY INSPECTIONS,5233 COCONUT CREEK PKWY,ACTIVE,2/07/24,2.0,INITIAL INSPECTION,,,,,legacy,,,,,,,
23-00100473,ACTIVE,19,margate_data.json,,40 YEAR SAFETY INSPECTIONS,5301 COCONUT CREEK PKWY,12/12/23,57.0,INITIAL INSPECTION,,,,,Margate,23-00100473,40 YEAR SAFETY INSPECTIONS,5301 COCONUT CREEK PKWY,ACTIVE,12/12/23,57.0,INITIAL INSPECTION,,,,,legacy,,,,,,,
23-00100333,ACTIVE,19,margate_data.json,,40 YEAR SAFETY INSPECTIONS,5800 COLONIAL DR,10/31/23,99.0,INITIAL INSPECTION,,,,,Margate,23-00100333,40 YEAR SAFETY INSPECTIONS,5800 COLONIAL DR,ACTIVE,10/31/23,99.0,INITIAL INSPECTION,,,,,legacy,,,,,,,
23-00100326,ACTIVE,19,margate_data.json,,40 YEAR SAFETY INSPECTIONS,5951 COLONIAL DR,10/31/23,99.0,INITIAL INSPECTION,,,,,Margate,23-00100326,40 YEAR SAFETY INSPECTIONS,5951 COLONIAL DR,ACTIVE,10/31/23,99.0,INITIAL INSPECTION,,,,,legacy,,,,,,,
23-00100327,ACTIVE,19,margate_data.json,,40 YEAR SAFETY INSPECTIONS,5951 COLONIAL DR,10/31/23,99.0,INITIAL INSPECTION,,,,,Margate,23-00100327,40 YEAR SAFETY INSPECTIONS,5951 COLONIAL DR,ACTIVE,10/31/23,99.0,INITIAL INSPECTION,,,,,legacy,,,,,,,
23-00100300,ACTIVE,19,margate_data.json,,50 YEAR SAFETY INSPECTIONS,6103 COLONIAL DR,10/16/23,114.0,INITIAL INSPECTION,,,,,Margate,23-00100300,50 YEAR SAFETY INSPECTIONS,6103 COLONIAL DR,ACTIVE,10/16/23,114.0,INITIAL INSPECTION,,,,,legacy,,,,,,,
24-00100037,ACTIVE,19,margate_data.json,,40 YEAR SAFETY INSPECTIONS,5100 W COPANS RD,2/07/24,2.0,INITIAL INSPECTION,,,,,Margate,24-00100037,40 YEAR SAFETY INSPECTIONS,5100 W COPANS RD,ACTIVE,2/07/24,2.0,INITIAL INSPECTION,,,,,legacy,,,,,,,
24-00100038,ACTIVE,19,margate_data.json,,40 YEAR SAFETY INSPECTIONS,5100 W COPANS RD,2/07/24,2.0,INITIAL INSPECTION,,,,,Margate,24-00100038,40 YEAR SAFETY INSPECTIONS,5100 W COPANS RD,ACTIVE,2/07/24,2.0,INITIAL INSPECTION,,,,,legacy,,,,,,,
23-00100480,ACTIVE,19,margate_data.json,,40 YEAR SAFETY INSPECTIONS,5150 W COPANS RD,12/12/23,57.0,INITIAL INSPECTION,,,,,Margate,23-00100480,40 YEAR SAFETY INSPECTIONS,5150 W COPANS RD,ACTIVE,12/12/23,57.0,INITIAL INSPECTION,,,,,legacy,,,,,,,
24-00100039,ACTIVE,23,margate_data.json,,40 YEAR SAFETY INSPECTIONS,5401 W COPANS RD # 1,2/07/24,2.0,INITIAL INSPECTION,,,,,Margate,24-00100039,40 YEAR SAFETY INSPECTIONS,5401 W COPANS RD # 1,ACTIVE,2/07/24,2.0,INITIAL INSPECTION,,,,,legacy,,,,,,,
24-00100040,ACTIVE,23,margate_data.json,,40 YEAR SAFETY INSPECTIONS,5401 W COPANS RD # 2,2/07/24,2.0,INITIAL INSPECTION,,,,,Margate,24-00100040,40 YEAR SAFETY INSPECTIONS,5401 W COPANS RD # 2,ACTIVE,2/07/24,2.0,INITIAL INSPECTION,,,,,legacy,,,,,,,
24-00100041,ACTIVE,23,margate_data.json,,40 YEAR SAFETY INSPECTIONS,5401 W COPANS RD # 3,2/07/24,2.0,INITIAL INSPECTION,,,,,Margate,24-00100041,40 YEAR SAFETY INSPECTIONS,5401 W COPANS RD # 3,ACTIVE,2/07/24,2.0,INITIAL INSPECTION,,,,,legacy,,,,,,,
23-00100255,ACTIVE,23,margate_data.json,,WORK WITHOUT PERMIT-BUILDING,5601 CORAL LAKE DR 101,9/12/23,148.0,NOTICE OF VIOLATION-SITE,RED TAG,,9/12/23,9/22/23,Margate,23-00100255,WORK WITHOUT PERMIT-BUILDING,5601 CORAL LAKE DR 101,ACTIVE,9/12/23,148.0,NOTICE OF VIOLATION-SITE,RED TAG,9/12/23,9/22/23,,legacy,,,,,,,
22-00100343,CASE CLOSED,23,margate_data.json,,WORK WITHOUT PERMIT-BUILDING,5801 CORAL LAKE DR,7/19/22,274.0,CASE CLOSED,,4/17/23,,,Margate,22-00100343,WORK WITHOUT PERMIT-BUILDING,5801 CORAL LAKE DR,CASE CLOSED,7/19/22,274.0,CASE CLOSED,,,,4/17/23,legacy,,,,,,,
23-00100144,ACTIVE,23,margate_data.json,,WORK WITHOUT PERMIT-BUILDING,5929 CORAL LAKE DR,5/24/23,259.0,NOTICE OF VIOLATION-MAIL,REINSPECTION,,5/25/23,6/09/23,Margate,23-00100144,WORK WITHOUT PERMIT-BUILDING,5929 CORAL LAKE DR,ACTIVE,5/24/23,259.0,NOTICE OF VIOLATION-MAIL,REINSPECTION,5/25/23,6/09/23,,legacy,,,,,,,
22-00100449,CASE CLOSED,23,margate_data.json,,WORK WITHOUT PERMIT-BUILDING,6603 CORAL LAKE DR 103,12/01/22,293.0,CASE CLOSED,,9/12/23,,,Margate,22-00100449,WORK WITHOUT PERMIT-BUILDING,6603 CORAL LAKE DR 103,CASE CLOSED,12/01/22,293.0,CASE CLOSED,,,,9/12/23,legacy,,,,,,,
22-00100153,CASE CLOSED,23,margate_data.json,,WORK WITHOUT PERMIT-BUILDING,6605 CORAL LAKE DR 105,4/11/22,309.0,CASE CLOSED,,2/01/23,,,Margate,22-00100153,WORK WITHOUT PERMIT-BUILDING,6605 CORAL LAKE DR 105,CASE CLOSED,4/11/22,309.0,CASE CLOSED,,,,2/01/23,legacy,,,,,,,
23-00100282,ACTIVE,23,margate_data.json,,UNSAFE STRUCTURE (BLDG),6610 CORAL LAKE DR 110,10/09/23,121.0,NOTICE OF VIOLATION-MAIL,REINSPECTION,,10/11/23,10/26/23,Margate,23-00100282,UNSAFE STRUCTURE (BLDG),6610 CORAL LAKE DR 110,ACTIVE,10/09/23,121.0,NOTICE OF VIOLATION-MAIL,REINSPECTION,10/11/23,10/26/23,,legacy,,,,,,,
23-00100270,ACTIVE,23,margate_data.json,,WORK WITHOUT PERMIT-BUILDING,161 N CORTEZ DR CIR,10/03/23,127.0,NOTICE OF VIOLATION-MAIL,REINSPECTION,,10/04/23,10/19/23,Margate,23-00100270,WORK WITHOUT PERMIT-BUILDING,161 N CORTEZ DR CIR,ACTIVE,10/03/23,127.0,NOTICE OF VIOLATION-MAIL,REINSPECTION,10/04/23,10/19/23,,legacy,,,,,,,
23-00100271,ACTIVE,23,margate_data.json,,WORK WITHOUT PERMIT-BUILDING,170 N CORTEZ DR,10/03/23,127.0,NOTICE OF VIOLATION-MAIL,REINSPECTION,,10/04/23,10/19/23,Margate,23-00100271,WORK WITHOUT PERMIT-BUILDING,170 N CORTEZ DR,ACTIVE,10/03/23,127.0,NOTICE OF VIOLATION-MAIL,REINSPECTION,10/04/23,10/19/23,,legacy,,,,,,,
23-00100086,ACTIVE,23,margate_data.json,,WORK WITHOUT PERMIT-BUILDING,239 N CORTEZ DR CIR,3/30/23,314.0,NOTICE OF VIOLATION-MAIL,REINSPECTION,,3/31/23,4/15/23,Margate,23-00100086,WORK WITHOUT PERMIT-BUILDING,239 N CORTEZ DR CIR,ACTIVE,3/30/23,314.0,NOTICE OF VIOLATION-MAIL,REINSPECTION,3/31/23,4/15/23,,legacy,,,,,,,
23-00100448,ACTIVE,23,margate_data.json,,WORK WITHOUT PERMIT-BUILDING,261 N CORTEZ DR CIR,12/05/23,64.0,NOTICE OF VIOLATION-MAIL,REINSPECTION,,12/07/23,12/22/23,Margate,23-00100448,WORK WITHOUT PERMIT-BUILDING,261 N CORTEZ DR CIR,ACTIVE,12/05/23,64.0,NOTICE OF VIOLATION-MAIL,REINSPECTION,12/07/23,12/22/23,,legacy,,,,,,,
23-00100269,ACTIVE,23,margate_data.json,,WORK WITHOUT PERMIT-BUILDING,587 N CORTEZ DR CIR,10/03/23,127.0,NOTICE OF VIOLATION-MAIL,REINSPECTION,,10/04/23,10/19/23,Margate,23-00100269,WORK WITHOUT PERMIT-BUILDING,587 N CORTEZ DR CIR,ACTIVE,10/03/23,127.0,NOTICE OF VIOLATION-MAIL,REINSPECTION,10/04/23,10/19/23,,legacy,,,,,,,
24-00100011,ACTIVE,23,margate_data.json,,WORK WITHOUT PERMIT-BUILDING,78 S CORTEZ DR CIR,1/09/24,29.0,NOTICE OF VIOLATION-MAIL,REINSPECTION,,1/11/24,1/26/24,Margate,24-00100011,WORK WITHOUT PERMIT-BUILDING,78 S CORTEZ DR CIR,ACTIVE,1/09/24,29.0,NOTICE OF VIOLATION-MAIL,REINSPECTION,1/11/24,1/26/24,,legacy,,,,,,,
24-00100019,ACTIVE,23,margate_data.json,,WORK WITHOUT PERMIT-BUILDING,138 S CORTEZ DR CIR,1/16/24,22.0,NOTICE OF VIOLATION-SITE,RED TAG,,1/16/24,1/26/24,Margate,24-00100019,WORK WITHOUT PERMIT-BUILDING,138 S CORTEZ DR CIR,ACTIVE,1/16/24,22.0,NOTICE OF VIOLATION-SITE,RED TAG,1/16/24,1/26/24,,legacy,,,,,,,
23-00100243,ACTIVE,23,margate_data.json,,WORK WITHOUT PERMIT-BUILDING,445 S CORTEZ DR CIR,8/30/23,161.0,NOTICE OF VIOLATION-MAIL,REINSPECTION,,8/30/23,9/14/23,Margate,23-00100243,WORK WITHOUT PERMIT-BUILDING,445 S CORTEZ DR CIR,ACTIVE,8/30/23,161.0,NOTICE OF VIOLATION-MAIL,REINSPECTION,8/30/23,9/14/23,,legacy,,,,,,,
21-00100409,CASE CLOSED,27,margate_data.json,,WORK WITHOUT PERMIT-BUILDING,479 S CORTEZ DR,10/05/21,498.0,NOTICE OF VIOLATION-SITE,RED TAG,,10/06/21,10/16/21,Margate,21-00100409,WORK WITHOUT PERMIT-BUILDING,479 S CORTEZ DR,CASE CLOSED,10/05/21,498.0,NOTICE OF VIOLATION-SITE,RED TAG,10/06/21,10/16/21,,legacy,,,,,,,
23-00100155,ACTIVE,27,margate_data.json,,WORK WITHOUT PERMIT-BUILDING,1000 COUNTRY CLUB DR,6/07/23,245.0,NOTICE OF VIOLATION-MAIL,REINSPECTION,,6/09/23,6/24/23,Margate,23-00100155,WORK WITHOUT PERMIT-BUILDING,1000 COUNTRY CLUB DR,ACTIVE,6/07/23,245.0,NOTICE OF VIOLATION-MAIL,REINSPECTION,6/09/23,6/24/23,,legacy,,,,,,,
22-00100185,CASE CLOSED,27,margate_data.json,,WORK WITHOUT PERMIT-BUILDING,1015 COUNTRY CLUB DR 105,5/11/22,314.0,CASE CLOSED,,3/14/23,,,Margate,22-00100185,WORK WITHOUT PERMIT-BUILDING,1015 COUNTRY CLUB DR 105,CASE CLOSED,5/11/22,314.0,CASE CLOSED,,,,3/14/23,legacy,,,,,,,
23-00100278,CASE CLOSED,27,margate_data.json,,WORK WITHOUT PERMIT-BUILDING,1015 COUNTRY CLUB DR 305,10/04/23,62.0,CASE CLOSED,,11/28/23,,,Margate,23-00100278,WORK WITHOUT PERMIT-BUILDING,1015 COUNTRY CLUB DR 305,CASE CLOSED,10/04/23,62.0,CASE CLOSED,,,,11/28/23,legacy,,,,,,,
22-00100198,CASE CLOSED,27,margate_data.json,,WORK WITHOUT PERMIT-BUILDING,1025 COUNTRY CLUB DR 304,5/18/22,342.0,CASE CLOSED,,4/20/23,,,Margate,22-00100198,WORK WITHOUT PERMIT-BUILDING,1025 COUNTRY CLUB DR 304,CASE CLOSED,5/18/22,342.0,CASE CLOSED,,,,4/20/23,legacy,,,,,,,
22-00100391,CASE CLOSED,27,margate_data.json,,WORK WITHOUT PERMIT-BUILDING,1035 COUNTRY CLUB DR,9/26/22,211.0,CASE CLOSED,,4/20/23,,,Margate,22-00100391,WORK WITHOUT PERMIT-BUILDING,1035 COUNTRY CLUB DR,CASE CLOSED,9/26/22,211.0,CASE CLOSED,,,,4/20/23,legacy,,,,,,,
23-00100083,ACTIVE,27,margate_data.json,,UNSAFE STRUCTURE (BLDG),1035 COUNTRY CLUB DR,3/28/23,316.0,NOTICE OF VIOLATION-MAIL,REINSPECTION,,3/30/23,4/14/23,Margate,23-00100083,UNSAFE STRUCTURE (BLDG),1035 COUNTRY CLUB DR,ACTIVE,3/28/23,316.0,NOTICE OF VIOLATION-MAIL,REINSPECTION,3/30/23,4/14/23,,legacy,,,,,,,
23-00100084,CASE CLOSED,27,margate_data.json,,UNSAFE STRUCTURE (BLDG),1035 COUNTRY CLUB DR,3/28/23,113.0,CASE CLOSED,,7/18/23,,,Margate,23-00100084,UNSAFE STRUCTURE (BLDG),1035 COUNTRY CLUB DR,CASE CLOSED,3/28/23,113.0,CASE CLOSED,,,,7/18/23,legacy,,,,,,,
23-00100092,ACTIVE,27,margate_data.json,,WORK WITHOUT PERMIT-BUILDING,1050 COUNTRY CLUB DR 303,4/05/23,308.0,NOTICE OF VIOLATION-MAIL,REINSPECTION,,4/07/23,4/22/23,Margate,23-00100092,WORK WITHOUT PERMIT-BUILDING,1050 COUNTRY CLUB DR 303,ACTIVE,4/05/23,308.0,NOTICE OF VIOLATION-MAIL,REINSPECTION,4/07/23,4/22/23,,legacy,,,,,,,
23-00100152,ACTIVE,27,margate_data.json,,WORK WITHOUT PERMIT-BUILDING,1050 COUNTRY CLUB DR 107,6/05/23,247.0,NOTICE OF VIOLATION-MAIL,REINSPECTION,,6/07/23,6/22/23,Margate,23-00100152,WORK WITHOUT PERMIT-BUILDING,1050 COUNTRY CLUB DR 107,ACTIVE,6/05/23,247.0,NOTICE OF VIOLATION-MAIL,REINSPECTION,6/07/23,6/22/23,,legacy,,,,,,,
24-00100024,ACTIVE,27,margate_data.json,,WORK WITHOUT PERMIT-BUILDING,1050 COUNTRY CLUB DR 104,1/22/24,16.0,NOTICE OF VIOLATION-MAIL,REINSPECTION,,1/24/24,2/08/24,Margate,24-00100024,WORK WITHOUT PERMIT-BUILDING,1050 COUNTRY CLUB DR 104,ACTIVE,1/22/24,16.0,NOTICE OF VIOLATION-MAIL,REINSPECTION,1/24/24,2/08/24,,legacy,,,,,,,
24-00100025,ACTIVE,27,margate_data.json,,UNSAFE STRUCTURE (BLDG),1050 COUNTRY CLUB DR 104,1/22/24,16.0,NOTICE OF VIOLATION-MAIL,REINSPECTION,,10/24/24,11/08/24,Margate,24-00100025,UNSAFE STRUCTURE (BLDG),1050 COUNTRY CLUB DR 104,ACTIVE,1/22/24,16.0,NOTICE OF VIOLATION-MAIL,REINSPECTION,10/24/24,11/08/24,,legacy,,,,,,,
23-00100393,CASE CLOSED,27,margate_data.json,,40 YEAR SAFETY INSPECTIONS,5521 COURTYARD DR,11/07/23,92.0,CASE CLOSED,,1/26/24,,,Margate,23-00100393,40 YEAR SAFETY INSPECTIONS,5521 COURTYARD DR,CASE CLOSED,11/07/23,92.0,CASE CLOSED,,,,1/26/24,legacy,,,,,,,
23-00100360,CASE CLOSED,27,margate_data.json,,40 YEAR SAFETY INSPECTIONS,5529 COURTYARD DR,11/07/23,72.0,CASE CLOSED,,11/03/23,,,Margate,23-00100360,40 YEAR SAFETY INSPECTIONS,5529 COURTYARD DR,CASE CLOSED,11/07/23,72.0,CASE CLOSED,,,,11/03/23,legacy,,,,,,,
23-00100391,CASE CLOSED,27,margate_data.json,,40 YEAR SAFETY INSPECTIONS,5541 COURTYARD DR,11/07/23,92.0,CASE CLOSED,,1/10/24,,,Margate,23-00100391,40 YEAR SAFETY INSPECTIONS,5541 COURTYARD DR,CASE CLOSED,11/07/23,92.0,CASE CLOSED,,,,1/10/24,legacy,,,,,,,
23-00100392,CASE CLOSED,27,margate_data.json,,40 YEAR SAFETY INSPECTIONS,5553 COURTYARD DR,11/07/23,92.0,CASE CLOSED,,1/10/24,,,Margate,23-00100392,40 YEAR SAFETY INSPECTIONS,5553 COURTYARD DR,CASE CLOSED,11/07/23,92.0,CASE CLOSED,,,,1/10/24,legacy,,,,,,,
23-00100394,CASE CLOSED,27,margate_data.json,,40 YEAR SAFETY INSPECTIONS,5561 COURTYARD DR,11/07/23,92.0,CASE CLOSED,,1/10/24,,,Margate,23-00100394,40 YEAR SAFETY INSPECTIONS,5561 COURTYARD DR,CASE CLOSED,11/07/23,92.0,CASE CLOSED,,,,1/10/24,legacy,,,,,,,
23-00100395,CASE CLOSED,31,margate_data.json,,40 YEAR SAFETY INSPECTIONS,5573 COURTYARD DR,11/07/23,92.0,CASE CLOSED,,1/10/24,,,Margate,23-00100395,40 YEAR SAFETY INSPECTIONS,5573 COURTYARD DR,CASE CLOSED,11/07/23,92.0,CASE CLOSED,,,,1/10/24,legacy,,,,,,,
23-00100396,CASE CLOSED,31,margate_data.json,,40 YEAR SAFETY INSPECTIONS,5585 COURTYARD DR,11/07/23,92.0,CASE CLOSED,,11/03/23,,,Margate,23-00100396,40 YEAR SAFETY INSPECTIONS,5585 COURTYARD DR,CASE CLOSED,11/07/23,92.0,CASE CLOSED,,,,11/03/23,legacy,,,,,,,
23-00100397,CASE CLOSED,31,margate_data.json,,40 YEAR SAFETY INSPECTIONS,5593 COURTYARD DR,11/07/23,92.0,CASE CLOSED,,11/03/23,,,Margate,23-00100397,40 YEAR SAFETY INSPECTIONS,5593 COURTYARD DR,CASE CLOSED,11/07/23,92.0,CASE CLOSED,,,,11/03/23,legacy,,,,,,,
23-00100172,CASE CLOSED,31,margate_data.json,,WORK WITHOUT PERMIT-BUILDING,2892 CRESTWOOD TER,6/21/23,9.0,CASE CLOSED,,6/29/23,,,Margate,23-00100172,WORK WITHOUT PERMIT-BUILDING,2892 CRESTWOOD TER,CASE CLOSED,6/21/23,9.0,CASE CLOSED,,,,6/29/23,legacy,,,,,,,
21-00100211,CASE CLOSED,31,margate_data.json,,WORK WITHOUT PERMIT-BUILDING,7350 CYPRESS DR,6/07/21,785.0,CASE CLOSED,,7/27/23,,,Margate,21-00100211,WORK WITHOUT PERMIT-BUILDING,7350 CYPRESS DR,CASE CLOSED,6/07/21,785.0,CASE CLOSED,,,,7/27/23,legacy,,,,,,,
22-00100123,CASE CLOSED,31,margate_data.json,,WORK WITHOUT PERMIT-BUILDING,3035 DOGWOOD LN,3/29/22,443.0,CASE CLOSED,,6/12/23,,,Margate,22-00100123,WORK WITHOUT PERMIT-BUILDING,3035 DOGWOOD LN,CASE CLOSED,3/29/22,443.0,CASE CLOSED,,,,6/12/23,legacy,,,,,,,
23-00100028,ACTIVE,31,margate_data.json,,WORK WITHOUT PERMIT-BUILDING,6200 DUVAL DR,2/07/23,365.0,NOTICE OF VIOLATION-MAIL,REINSPECTION,,2/09/23,2/24/23,Margate,23-00100028,WORK WITHOUT PERMIT-BUILDING,6200 DUVAL DR,ACTIVE,2/07/23,365.0,NOTICE OF VIOLATION-MAIL,REINSPECTION,2/09/23,2/24/23,,legacy,,,,,,,
22-00100356,CASE CLOSED,31,margate_data.json,,WORK WITHOUT PERMIT-BUILDING,6205 DUVAL DR,8/08/22,344.0,CASE CLOSED,,7/13/23,,,Margate,22-00100356,WORK WITHOUT PERMIT-BUILDING,6205 DUVAL DR,CASE CLOSED,8/08/22,344.0,CASE CLOSED,,,,7/13/23,legacy,,,,,,,
23-00100111,ACTIVE,31,margate_data.json,,WORK WITHOUT PERMIT-BUILDING,7389 FLORES WAY,4/18/23,295.0,NOTICE OF VIOLATION-MAIL,REINSPECTION,,4/20/23,5/05/23,Margate,23-00100111,WORK WITHOUT PERMIT-BUILDING,7389 FLORES WAY,ACTIVE,4/18/23,295.0,NOTICE OF VIOLATION-MAIL,REINSPECTION,4/20/23,5/05/23,,legacy,,,,,,,
23-00100431,ACTIVE,31,margate_data.json,,WORK WITHOUT PERMIT-BUILDING,6429 FRENCH ANGEL TER,11/22/23,77.0,NOTICE OF VIOLATION-MAIL,REINSPECTION,,11/24/23,12/09/23,Margate,23-00100431,WORK WITHOUT PERMIT-BUILDING,6429 FRENCH ANGEL TER,ACTIVE,11/22/23,77.0,NOTICE OF VIOLATION-MAIL,REINSPECTION,11/24/23,12/09/23,,legacy,,,,,,,
22-00100318,CASE CLOSED,31,margate_data.json,,50 YEAR SAFETY INSPECTIONS,7787 GOLF CIRCLE DR,7/11/22,218.0,CASE CLOSED,,2/09/23,,,Margate,22-00100318,50 YEAR SAFETY INSPECTIONS,7787 GOLF CIRCLE DR,CASE CLOSED,7/11/22,218.0,CASE CLOSED,,,,2/09/23,legacy,,,,,,,
21-00100563,CASE CLOSED,31,margate_data.json,,WORK WITHOUT PERMIT-BUILDING,7797 GOLF CIRCLE DR 303,12/28/21,595.0,CASE CLOSED,,7/31/23,,,Margate,21-00100563,WORK WITHOUT PERMIT-BUILDING,7797 GOLF CIRCLE DR 303,CASE CLOSED,12/28/21,595.0,CASE CLOSED,,,,7/31/23,legacy,,,,,,,
22-00100315,CASE CLOSED,31,margate_data.json,,50 YEAR SAFETY INSPECTIONS,7797 GOLF CIRCLE DR,7/11/22,218.0,CASE CLOSED,,2/09/23,,,Margate,22-00100315,50 YEAR SAFETY INSPECTIONS,7797 GOLF CIRCLE DR,CASE CLOSED,7/11/22,218.0,CASE CLOSED,,,,2/09/23,legacy,,,,,,,
23-00100060,ACTIVE,31,margate_data.json,,WORK WITHOUT PERMIT-BUILDING,7797 GOLF CIRCLE DR 104,3/13/23,331.0,NOTICE OF VIOLATION-MAIL,REINSPECTION,,3/15/23,3/30/23,Margate,23-00100060,WORK WITHOUT PERMIT-BUILDING,7797 GOLF CIRCLE DR 104,ACTIVE,3/13/23,331.0,NOTICE OF VIOLATION-MAIL,REINSPECTION,3/15/23,3/30/23,,legacy,,,,,,,
23-00100305,ACTIVE,31,margate_data.json,,UNSAFE STRUCTURE (BLDG),7797 GOLF CIRCLE DR,10/16/23,114.0,NOTICE OF VIOLATION-MAIL,REINSPECTION,,10/18/23,11/02/23,Margate,23-00100305,UNSAFE STRUCTURE (BLDG),7797 GOLF CIRCLE DR,ACTIVE,10/16/23,114.0,NOTICE OF VIOLATION-MAIL,REINSPECTION,10/18/23,11/02/23,,legacy,,,,,,,
24-00100095,ACTIVE,31,margate_data.json,,50 YEAR SAFETY INSPECTIONS,7817 GOLF CIRCLE DR,2/07/24,2.0,CASE CLOSED,,,,,Margate,24-00100095,50 YEAR SAFETY INSPECTIONS,7817 GOLF CIRCLE DR,ACTIVE,2/07/24,2.0,CASE CLOSED,,,,,legacy,,,,,,,
23-00100267,ACTIVE,31,margate_data.json,,WORK WITHOUT PERMIT-BUILDING,7827 GOLF CIRCLE DR 106,10/02/23,128.0,NOTICE OF VIOLATION-MAIL,REINSPECTION,,10/04/23,10/19/23,Margate,23-00100267,WORK WITHOUT PERMIT-BUILDING,7827 GOLF CIRCLE DR 106,ACTIVE,10/02/23,128.0,NOTICE OF VIOLATION-MAIL,REINSPECTION,10/04/23,10/19/23,,legacy,,,,,,,
22-00100312,CASE CLOSED,35,margate_data.json,,50 YEAR SAFETY INSPECTIONS,7847 GOLF CIRCLE DR,7/11/22,218.0,CASE CLOSED,,2/09/23,,,Margate,22-00100312,50 YEAR SAFETY INSPECTIONS,7847 GOLF CIRCLE DR,CASE CLOSED,7/11/22,218.0,CASE CLOSED,,,,2/09/23,legacy,,,,,,,
22-00100309,CASE CLOSED,35,margate_data.json,,50 YEAR SAFETY INSPECTIONS,7857 GOLF CIRCLE DR,7/11/22,218.0,CASE CLOSED,,2/09/23,,,Margate,22-00100309,50 YEAR SAFETY INSPECTIONS,7857 GOLF CIRCLE DR,CASE CLOSED,7/11/22,218.0,CASE CLOSED,,,,2/09/23,legacy,,,,,,,
22-00100018,CASE CLOSED,35,margate_data.json,,WORK WITHOUT PERMIT-BUILDING,7867 GOLF CIRCLE DR 202,1/26/22,414.0,CASE CLOSED,,3/06/23,,,Margate,22-00100018,WORK WITHOUT PERMIT-BUILDING,7867 GOLF CIRCLE DR 202,CASE CLOSED,1/26/22,414.0,CASE CLOSED,,,,3/06/23,legacy,,,,,,,
23-00100073,CASE CLOSED,35,margate_data.json,,WORK WITHOUT PERMIT-BUILDING,7897 GOLF CIRCLE DR,3/22/23,175.0,CASE CLOSED,,9/12/23,,,Margate,23-00100073,WORK WITHOUT PERMIT-BUILDING,7897 GOLF CIRCLE DR,CASE CLOSED,3/22/23,175.0,CASE CLOSED,,,,9/12/23,legacy,,,,,,,
24-00100091,ACTIVE,35,margate_data.json,,WORK WITHOUT PERMIT-BUILDING,7384 GRANADA WAY,2/06/24,1.0,NOTICE OF VIOLATION-MAIL,REINSPECTION,,2/08/24,2/23/24,Margate,24-00100091,WORK WITHOUT PERMIT-BUILDING,7384 GRANADA WAY,ACTIVE,2/06/24,1.0,NOTICE OF VIOLATION-MAIL,REINSPECTION,2/08/24,2/23/24,,legacy,,,,,,,
23-00100422,ACTIVE,35,margate_data.json,,WORK WITHOUT PERMIT-BUILDING,7392 GRANADA WAY,11/15/23,84.0,NOTICE OF VIOLATION-MAIL,REINSPECTION,,11/17/23,12/02/23,Margate,23-00100422,WORK WITHOUT PERMIT-BUILDING,7392 GRANADA WAY,ACTIVE,11/15/23,84.0,NOTICE OF VIOLATION-MAIL,REINSPECTION,11/17/23,12/02/23,,legacy,,,,,,,
22-00100277,CASE CLOSED,35,margate_data.json,,WORK WITHOUT PERMIT-BUILDING 6266 HARBOR BND,,6/29/22,309.0,CASE CLOSED,,4/26/23,,,Margate,22-00100277,WORK WITHOUT PERMIT-BUILDING 6266 HARBOR BND,,CASE CLOSED,6/29/22,309.0,CASE CLOSED,,,,4/26/23,legacy,,,,,,,
23-00100059,ACTIVE,35,margate_data.json,,WORK WITHOUT PERMIT-BUILDING,4726 S HEMINGWAY CIR,3/08/23,336.0,NOTICE OF VIOLATION-MAIL,REINSPECTION,,3/10/23,3/25/23,Margate,23-00100059,WORK WITHOUT PERMIT-BUILDING,4726 S HEMINGWAY CIR,ACTIVE,3/08/23,336.0,NOTICE OF VIOLATION-MAIL,REINSPECTION,3/10/23,3/25/23,,legacy,,,,,,,
23-00100047,ACTIVE,35,margate_data.json,,WORK WITHOUT PERMIT-BUILDING,254 W HEMINGWAY CIR,3/06/23,338.0,NOTICE OF VIOLATION-MAIL,REINSPECTION,,3/08/23,3/23/23,Margate,23-00100047,WORK WITHOUT PERMIT-BUILDING,254 W HEMINGWAY CIR,ACTIVE,3/06/23,338.0,NOTICE OF VIOLATION-MAIL,REINSPECTION,3/08/23,3/23/23,,legacy,,,,,,,
24-00100092,ACTIVE,35,margate_data.json,,WORK WITHOUT PERMIT-BUILDING,7697 HIGHLANDS CIR,2/06/24,1.0,NOTICE OF VIOLATION-MAIL,REINSPECTION,,2/08/24,2/23/24,Margate,24-00100092,WORK WITHOUT PERMIT-BUILDING,7697 HIGHLANDS CIR,ACTIVE,2/06/24,1.0,NOTICE OF VIOLATION-MAIL,REINSPECTION,2/08/24,2/23/24,,legacy,,,,,,,
23-00100104,ACTIVE,35,margate_data.json,,WORK WITHOUT PERMIT-BUILDING,7790 HIGHLANDS CIR,4/12/23,301.0,NOTICE OF VIOLATION-MAIL,REINSPECTION,,4/14/23,4/29/23,Margate,23-00100104,WORK WITHOUT PERMIT-BUILDING,7790 HIGHLANDS CIR,ACTIVE,4/12/23,301.0,NOTICE OF VIOLATION-MAIL,REINSPECTION,4/14/23,4/29/23,,legacy,,,,,,,
18-00100235,CASE CLOSED,35,margate_data.json,,WORK WITHOUT PERMIT-BUILDING,3040 HOLIDAY SPRINGS BLVD 210,11/08/18,1715.0,CASE CLOSED,,7/20/23,,,Margate,18-00100235,WORK WITHOUT PERMIT-BUILDING,3040 HOLIDAY SPRINGS BLVD 210,CASE CLOSED,11/08/18,1715.0,CASE CLOSED,,,,7/20/23,legacy,,,,,,,
23-00100128,ACTIVE,35,margate_data.json,,UNSAFE STRUCTURE (BLDG),3050 HOLIDAY SPRINGS BLVD,5/04/23,279.0,NOTICE OF VIOLATION-MAIL,REINSPECTION,,5/05/23,5/20/23,Margate,23-00100128,UNSAFE STRUCTURE (BLDG),3050 HOLIDAY SPRINGS BLVD,ACTIVE,5/04/23,279.0,NOTICE OF VIOLATION-MAIL,REINSPECTION,5/05/23,5/20/23,,legacy,,,,,,,
22-00100386,CASE CLOSED,35,margate_data.json,,WORK WITHOUT PERMIT-BUILDING,3051 HOLIDAY SPRINGS BLVD 101,9/15/22,196.0,CASE CLOSED,,3/29/23,,,Margate,22-00100386,WORK WITHOUT PERMIT-BUILDING,3051 HOLIDAY SPRINGS BLVD 101,CASE CLOSED,9/15/22,196.0,CASE CLOSED,,,,3/29/23,legacy,,,,,,,
17-00100016,CASE CLOSED,35,margate_data.json,,WORK WITHOUT PERMIT-BUILDING,3060 HOLIDAY SPRINGS BLVD,4/04/17,2473.0,CASE CLOSED,,1/11/24,,,Margate,17-00100016,WORK WITHOUT PERMIT-BUILDING,3060 HOLIDAY SPRINGS BLVD,CASE CLOSED,4/04/17,2473.0,CASE CLOSED,,,,1/11/24,legacy,,,,,,,
23-00100110,ACTIVE,35,margate_data.json,,UNSAFE STRUCTURE (BLDG),3130 HOLIDAY SPRINGS BLVD 203,4/17/23,296.0,NOTICE OF VIOLATION-MAIL,REINSPECTION,,4/19/23,5/04/23,Margate,23-00100110,UNSAFE STRUCTURE (BLDG),3130 HOLIDAY SPRINGS BLVD 203,ACTIVE,4/17/23,296.0,NOTICE OF VIOLATION-MAIL,REINSPECTION,4/19/23,5/04/23,,legacy,,,,,,,
23-00100287,ACTIVE,35,margate_data.json,,WORK WITHOUT PERMIT-BUILDING,3130 HOLIDAY SPRINGS BLVD,10/10/23,120.0,NOTICE OF VIOLATION-MAIL,REINSPECTION,,10/12/23,10/27/23,Margate,23-00100287,WORK WITHOUT PERMIT-BUILDING,3130 HOLIDAY SPRINGS BLVD,ACTIVE,10/10/23,120.0,NOTICE OF VIOLATION-MAIL,REINSPECTION,10/12/23,10/27/23,,legacy,,,,,,,
23-00100429,ACTIVE,39,margate_data.json,,WORK WITHOUT PERMIT-BUILDING,3130 HOLIDAY SPRINGS BLVD,11/21/23,78.0,NOTICE OF VIOLATION-MAIL,REINSPECTION,,11/24/23,12/09/23,Margate,23-00100429,WORK WITHOUT PERMIT-BUILDING,3130 HOLIDAY SPRINGS BLVD,ACTIVE,11/21/23,78.0,NOTICE OF VIOLATION-MAIL,REINSPECTION,11/24/23,12/09/23,,legacy,,,,,,,
23-00100440,ACTIVE,39,margate_data.json,,WORK WITHOUT PERMIT-BUILDING,3130 HOLIDAY SPRINGS BLVD,11/30/23,69.0,NOTICE OF VIOLATION-MAIL,REINSPECTION,,12/02/23,12/17/23,Margate,23-00100440,WORK WITHOUT PERMIT-BUILDING,3130 HOLIDAY SPRINGS BLVD,ACTIVE,11/30/23,69.0,NOTICE OF VIOLATION-MAIL,REINSPECTION,12/02/23,12/17/23,,legacy,,,,,,,
23-00100441,ACTIVE,39,margate_data.json,,UNSAFE STRUCTURE (BLDG),3130 HOLIDAY SPRINGS BLVD,11/30/23,69.0,NOTICE OF VIOLATION-MAIL,REINSPECTION,,12/02/23,12/17/23,Margate,23-00100441,UNSAFE STRUCTURE (BLDG),3130 HOLIDAY SPRINGS BLVD,ACTIVE,11/30/23,69.0,NOTICE OF VIOLATION-MAIL,REINSPECTION,12/02/23,12/17/23,,legacy,,,,,,,
23-00100308,ACTIVE,39,margate_data.json,,WORK WITHOUT PERMIT-BUILDING,3150 HOLIDAY SPRINGS BLVD 8,10/18/23,112.0,NOTICE OF VIOLATION-SITE,RED TAG,,10/18/23,10/28/23,Margate,23-00100308,WORK WITHOUT PERMIT-BUILDING,3150 HOLIDAY SPRINGS BLVD 8,ACTIVE,10/18/23,112.0,NOTICE OF VIOLATION-SITE,RED TAG,10/18/23,10/28/23,,legacy,,,,,,,
22-00100342,CASE CLOSED,39,margate_data.json,,WORK WITHOUT PERMIT-BUILDING,3160 HOLIDAY SPRINGS BLVD 7,7/19/22,240.0,CASE CLOSED,,3/07/23,,,Margate,22-00100342,WORK WITHOUT PERMIT-BUILDING,3160 HOLIDAY SPRINGS BLVD 7,CASE CLOSED,7/19/22,240.0,CASE CLOSED,,,,3/07/23,legacy,,,,,,,
23-00100087,CASE CLOSED,39,margate_data.json,,WORK WITHOUT PERMIT-BUILDING,3160 HOLIDAY SPRINGS BLVD 7,3/30/23,180.0,CASE CLOSED,,9/25/23,,,Margate,23-00100087,WORK WITHOUT PERMIT-BUILDING,3160 HOLIDAY SPRINGS BLVD 7,CASE CLOSED,3/30/23,180.0,CASE CLOSED,,,,9/25/23,legacy,,,,,,,
23-00100414,ACTIVE,39,margate_data.json,,WORK WITHOUT PERMIT-BUILDING,3170 HOLIDAY SPRINGS BLVD,11/06/23,93.0,NOTICE OF VIOLATION-MAIL,REINSPECTION,,11/08/23,11/23/23,Margate,23-00100414,WORK WITHOUT PERMIT-BUILDING,3170 HOLIDAY SPRINGS BLVD,ACTIVE,11/06/23,93.0,NOTICE OF VIOLATION-MAIL,REINSPECTION,11/08/23,11/23/23,,legacy,,,,,,,
23-00100216,ACTIVE,39,margate_data.json,,WORK WITHOUT PERMIT-BUILDING,3185 HOLIDAY SPRINGS BLVD,8/07/23,184.0,NOTICE OF VIOLATION-MAIL,REINSPECTION,,8/09/23,8/24/23,Margate,23-00100216,WORK WITHOUT PERMIT-BUILDING,3185 HOLIDAY SPRINGS BLVD,ACTIVE,8/07/23,184.0,NOTICE OF VIOLATION-MAIL,REINSPECTION,8/09/23,8/24/23,,legacy,,,,,,,
23-00100194,ACTIVE,39,margate_data.json,,UNSAFE STRUCTURE (BLDG),3210 HOLIDAY SPRINGS BLVD,7/17/23,205.0,NOTICE OF VIOLATION-MAIL,REINSPECTION,,7/19/23,8/03/23,Margate,23-00100194,UNSAFE STRUCTURE (BLDG),3210 HOLIDAY SPRINGS BLVD,ACTIVE,7/17/23,205.0,NOTICE OF VIOLATION-MAIL,REINSPECTION,7/19/23,8/03/23,,legacy,,,,,,,
23-00100443,ACTIVE,39,margate_data.json,,WORK WITHOUT PERMIT-BUILDING,3220 HOLIDAY SPRINGS BLVD 1,12/04/23,65.0,NOTICE OF VIOLATION-MAIL,REINSPECTION,,12/06/23,12/21/23,Margate,23-00100443,WORK WITHOUT PERMIT-BUILDING,3220 HOLIDAY SPRINGS BLVD 1,ACTIVE,12/04/23,65.0,NOTICE OF VIOLATION-MAIL,REINSPECTION,12/06/23,12/21/23,,legacy,,,,,,,
23-00100315,ACTIVE,39,margate_data.json,,40 YEAR SAFETY INSPECTIONS,3228 HOLIDAY SPRINGS BLVD,10/31/23,99.0,INITIAL INSPECTION,,,,,Margate,23-00100315,40 YEAR SAFETY INSPECTIONS,3228 HOLIDAY SPRINGS BLVD,ACTIVE,10/31/23,99.0,INITIAL INSPECTION,,,,,legacy,,,,,,,
23-00100252,ACTIVE,39,margate_data.json,,WORK WITHOUT PERMIT-BUILDING,3231 HOLIDAY SPRINGS BLVD,9/06/23,154.0,NOTICE OF VIOLATION-MAIL,REINSPECTION,,9/08/23,9/23/23,Margate,23-00100252,WORK WITHOUT PERMIT-BUILDING,3231 HOLIDAY SPRINGS BLVD,ACTIVE,9/06/23,154.0,NOTICE OF VIOLATION-MAIL,REINSPECTION,9/08/23,9/23/23,,legacy,,,,,,,
23-00100321,ACTIVE,39,margate_data.json,,40 YEAR SAFETY INSPECTIONS,3231 HOLIDAY SPRINGS BLVD,10/31/23,99.0,INITIAL INSPECTION,,,,,Margate,23-00100321,40 YEAR SAFETY INSPECTIONS,3231 HOLIDAY SPRINGS BLVD,ACTIVE,10/31/23,99.0,INITIAL INSPECTION,,,,,legacy,,,,,,,
23-00100427,ACTIVE,39,margate_data.json,,WORK WITHOUT PERMIT-BUILDING,3231 HOLIDAY SPRINGS BLVD,11/21/23,78.0,NOTICE OF VIOLATION-MAIL,REINSPECTION,,11/24/23,12/09/23,Margate,23-00100427,WORK WITHOUT PERMIT-BUILDING,3231 HOLIDAY SPRINGS BLVD,ACTIVE,11/21/23,78.0,NOTICE OF VIOLATION-MAIL,REINSPECTION,11/24/23,12/09/23,,legacy,,,,,,,
23-00100318,ACTIVE,39,margate_data.json,,40 YEAR SAFETY INSPECTIONS,3241 HOLIDAY SPRINGS BLVD,10/31/23,99.0,INITIAL INSPECTION,,,,,Margate,23-00100318,40 YEAR SAFETY INSPECTIONS,3241 HOLIDAY SPRINGS BLVD,ACTIVE,10/31/23,99.0,INITIAL INSPECTION,,,,,legacy,,,,,,,
16-00100130,CASE CLOSED,39,margate_data.json,,WORK WITHOUT PERMIT-BUILDING,3251 HOLIDAY SPRINGS BLVD,3/22/16,2876.0,CASE CLOSED,,2/05/24,,,Margate,16-00100130,WORK WITHOUT PERMIT-BUILDING,3251 HOLIDAY SPRINGS BLVD,CASE CLOSED,3/22/16,2876.0,CASE CLOSED,,,,2/05/24,legacy,,,,,,,
23-00100251,ACTIVE,39,margate_data.json,,WORK WITHOUT PERMIT-BUILDING,6214 JAMES ST,9/06/23,154.0,RED TAG NOTICE OF VIOLATION-MAIL,,,9/06/23,9/16/23,Margate,23-00100251,WORK WITHOUT PERMIT-BUILDING,6214 JAMES ST,ACTIVE,9/06/23,154.0,RED TAG NOTICE OF VIOLATION-MAIL,,9/06/23,9/16/23,,legacy,,,,,,,
23-00100289,ACTIVE,43,margate_data.json,,WORK WITHOUT PERMIT-BUILDING,320 KATHY LN,10/12/23,118.0,NOTICE OF VIOLATION-MAIL,REINSPECTION,,10/21/23,11/05/23,Margate,23-00100289,WORK WITHOUT PERMIT-BUILDING,320 KATHY LN,ACTIVE,10/12/23,118.0,NOTICE OF VIOLATION-MAIL,REINSPECTION,10/21/23,11/05/23,,legacy,,,,,,,
22-00100331,CASE CLOSED,43,margate_data.json,,50 YEAR SAFETY INSPECTIONS,561 KATHY LN,7/11/22,575.0,CASE CLOSED,,2/01/24,,,Margate,22-00100331,50 YEAR SAFETY INSPECTIONS,561 KATHY LN,CASE CLOSED,7/11/22,575.0,CASE CLOSED,,,,2/01/24,legacy,,,,,,,
23-00100078,CASE CLOSED,43,margate_data.json,,UNSAFE STRUCTURE (BLDG),591 KATHY LN,3/27/23,226.0,CASE CLOSED,,11/07/23,,,Margate,23-00100078,UNSAFE STRUCTURE (BLDG),591 KATHY LN,CASE CLOSED,3/27/23,226.0,CASE CLOSED,,,,11/07/23,legacy,,,,,,,
23-00100079,CASE CLOSED,43,margate_data.json,,UNSAFE STRUCTURE (BLDG),611 KATHY LN,3/27/23,226.0,CASE CLOSED,,11/07/23,,,Margate,23-00100079,UNSAFE STRUCTURE (BLDG),611 KATHY LN,CASE CLOSED,3/27/23,226.0,CASE CLOSED,,,,11/07/23,legacy,,,,,,,
23-00100080,CASE CLOSED,43,margate_data.json,,UNSAFE STRUCTURE (BLDG),631 KATHY LN,3/27/23,226.0,CASE CLOSED,,11/07/23,,,Margate,23-00100080,UNSAFE STRUCTURE (BLDG),631 KATHY LN,CASE CLOSED,3/27/23,226.0,CASE CLOSED,,,,11/07/23,legacy,,,,,,,
23-00100081,CASE CLOSED,43,margate_data.json,,UNSAFE STRUCTURE (BLDG),651 KATHY LN,3/27/23,226.0,CASE CLOSED,,11/07/23,,,Margate,23-00100081,UNSAFE STRUCTURE (BLDG),651 KATHY LN,CASE CLOSED,3/27/23,226.0,CASE CLOSED,,,,11/07/23,legacy,,,,,,,
21-00100507,CASE CLOSED,43,margate_data.json,,40 YEAR SAFETY INSPECTIONS,7210 LAKE CIRCLE DR,12/02/21,607.0,CASE CLOSED,,,,,Margate,21-00100507,40 YEAR SAFETY INSPECTIONS,7210 LAKE CIRCLE DR,CASE CLOSED,12/02/21,607.0,CASE CLOSED,,,,,legacy,,,,,,,
23-00100193,ACTIVE,43,margate_data.json,,WORK WITHOUT PERMIT-BUILDING,7340 LAKE CIRCLE DR,7/17/23,205.0,NOTICE OF VIOLATION-MAIL,REINSPECTION,,7/19/23,8/03/23,Margate,23-00100193,WORK WITHOUT PERMIT-BUILDING,7340 LAKE CIRCLE DR,ACTIVE,7/17/23,205.0,NOTICE OF VIOLATION-MAIL,REINSPECTION,7/19/23,8/03/23,,legacy,,,,,,,
23-00100280,ACTIVE,43,margate_data.json,,UNSAFE STRUCTURE (BLDG),7340 LAKE CIRCLE DR 205,10/05/23,125.0,NOTICE OF VIOLATION-MAIL,REINSPECTION,,10/09/23,10/24/23,Margate,23-00100280,UNSAFE STRUCTURE (BLDG),7340 LAKE CIRCLE DR 205,ACTIVE,10/05/23,125.0,NOTICE OF VIOLATION-MAIL,REINSPECTION,10/09/23,10/24/23,,legacy,,,,,,,
22-00100255,CASE CLOSED,43,margate_data.json,,WORK WITHOUT PERMIT-BUILDING,6288 LAKESHORE DR,6/07/22,331.0,CASE CLOSED,,4/25/23,,,Margate,22-00100255,WORK WITHOUT PERMIT-BUILDING,6288 LAKESHORE DR,CASE CLOSED,6/07/22,331.0,CASE CLOSED,,,,4/25/23,legacy,,,,,,,
24-00100051,ACTIVE,43,margate_data.json,,40 YEAR SAFETY INSPECTIONS,402 LAKESIDE DR,2/07/24,2.0,INITIAL INSPECTION,,,,,Margate,24-00100051,40 YEAR SAFETY INSPECTIONS,402 LAKESIDE DR,ACTIVE,2/07/24,2.0,INITIAL INSPECTION,,,,,legacy,,,,,,,
24-00100052,ACTIVE,43,margate_data.json,,40 YEAR SAFETY INSPECTIONS,406 LAKESIDE DR,2/07/24,2.0,INITIAL INSPECTION,,,,,Margate,24-00100052,40 YEAR SAFETY INSPECTIONS,406 LAKESIDE DR,ACTIVE,2/07/24,2.0,INITIAL INSPECTION,,,,,legacy,,,,,,,
24-00100053,ACTIVE,43,margate_data.json,,40 YEAR SAFETY INSPECTIONS,412 LAKESIDE DR,2/07/24,2.0,INITIAL INSPECTION,,,,,Margate,24-00100053,40 YEAR SAFETY INSPECTIONS,412 LAKESIDE DR,ACTIVE,2/07/24,2.0,INITIAL INSPECTION,,,,,legacy,,,,,,,
24-00100054,ACTIVE,43,margate_data.json,,40 YEAR SAFETY INSPECTIONS,416 LAKESIDE DR,2/07/24,2.0,INITIAL INSPECTION,,,,,Margate,24-00100054,40 YEAR SAFETY INSPECTIONS,416 LAKESIDE DR,ACTIVE,2/07/24,2.0,INITIAL INSPECTION,,,,,legacy,,,,,,,
24-00100056,ACTIVE,43,margate_data.json,,40 YEAR SAFETY INSPECTIONS,422 LAKESIDE DR,2/07/24,2.0,INITIAL INSPECTION,,,,,Margate,24-00100056,40 YEAR SAFETY INSPECTIONS,422 LAKESIDE DR,ACTIVE,2/07/24,2.0,INITIAL INSPECTION,,,,,legacy,,,,,,,
24-00100057,ACTIVE,43,margate_data.json,,40 YEAR SAFETY INSPECTIONS,426 LAKESIDE DR,2/07/24,2.0,INITIAL INSPECTION,,,,,Margate,24-00100057,40 YEAR SAFETY INSPECTIONS,426 LAKESIDE DR,ACTIVE,2/07/24,2.0,INITIAL INSPECTION,,,,,legacy,,,,,,,
24-00100058,ACTIVE,43,margate_data.json,,40 YEAR SAFETY INSPECTIONS,432 LAKESIDE DR,2/07/24,2.0,INITIAL INSPECTION,,,,,Margate,24-00100058,40 YEAR SAFETY INSPECTIONS,432 LAKESIDE DR,ACTIVE,2/07/24,2.0,INITIAL INSPECTION,,,,,legacy,,,,,,,
24-00100067,ACTIVE,47,margate_data.json,,40 YEAR SAFETY INSPECTIONS,5501 LAKESIDE DR,2/07/24,2.0,INITIAL INSPECTION,,,,,Margate,24-00100067,40 YEAR SAFETY INSPECTIONS,5501 LAKESIDE DR,ACTIVE,2/07/24,2.0,INITIAL INSPECTION,,,,,legacy,,,,,,,
24-00100068,ACTIVE,47,margate_data.json,,40 YEAR SAFETY INSPECTIONS,5510 LAKESIDE DR,2/07/24,2.0,INITIAL INSPECTION,,,,,Margate,24-00100068,40 YEAR SAFETY INSPECTIONS,5510 LAKESIDE DR,ACTIVE,2/07/24,2.0,INITIAL INSPECTION,,,,,legacy,,,,,,,
24-00100066,ACTIVE,47,margate_data.json,,40 YEAR SAFETY INSPECTIONS,5511 LAKESIDE DR,2/07/24,2.0,INITIAL INSPECTION,,,,,Margate,24-00100066,40 YEAR SAFETY INSPECTIONS,5511 LAKESIDE DR,ACTIVE,2/07/24,2.0,INITIAL INSPECTION,,,,,legacy,,,,,,,
22-00100278,CASE CLOSED,47,margate_data.json,,WORK WITHOUT PERMIT-BUILDING,5520 LAKESIDE DR 207,6/29/22,587.0,CASE CLOSED,,1/29/24,,,Margate,22-00100278,WORK WITHOUT PERMIT-BUILDING,5520 LAKESIDE DR 207,CASE CLOSED,6/29/22,587.0,CASE CLOSED,,,,1/29/24,legacy,,,,,,,
24-00100071,ACTIVE,47,margate_data.json,,40 YEAR SAFETY INSPECTIONS,5520 LAKESIDE DR,2/07/24,2.0,INITIAL INSPECTION,,,,,Margate,24-00100071,40 YEAR SAFETY INSPECTIONS,5520 LAKESIDE DR,ACTIVE,2/07/24,2.0,INITIAL INSPECTION,,,,,legacy,,,,,,,
24-00100078,ACTIVE,47,margate_data.json,,40 YEAR SAFETY INSPECTIONS,5521 LAKESIDE DR,2/07/24,2.0,INITIAL INSPECTION,,,,,Margate,24-00100078,40 YEAR SAFETY INSPECTIONS,5521 LAKESIDE DR,ACTIVE,2/07/24,2.0,INITIAL INSPECTION,,,,,legacy,,,,,,,
24-00100072,ACTIVE,47,margate_data.json,,40 YEAR SAFETY INSPECTIONS,5530 LAKESIDE DR,2/07/24,2.0,INITIAL INSPECTION,,,,,Margate,24-00100072,40 YEAR SAFETY INSPECTIONS,5530 LAKESIDE DR,ACTIVE,2/07/24,2.0,INITIAL INSPECTION,,,,,legacy,,,,,,,
24-00100077,ACTIVE,47,margate_data.json,,40 YEAR SAFETY INSPECTIONS,5531 LAKESIDE DR,2/07/24,2.0,INITIAL INSPECTION,,,,,Margate,24-00100077,40 YEAR SAFETY INSPECTIONS,5531 LAKESIDE DR,ACTIVE,2/07/24,2.0,INITIAL INSPECTION,,,,,legacy,,,,,,,
23-00100262,ACTIVE,47,margate_data.json,,UNSAFE STRUCTURE (BLDG),5537 LAKESIDE DR GRD,9/25/23,135.0,NOTICE OF VIOLATION-MAIL,REINSPECTION,,9/27/23,10/12/23,Margate,23-00100262,UNSAFE STRUCTURE (BLDG),5537 LAKESIDE DR GRD,ACTIVE,9/25/23,135.0,NOTICE OF VIOLATION-MAIL,REINSPECTION,9/27/23,10/12/23,,legacy,,,,,,,
24-00100076,ACTIVE,47,margate_data.json,,40 YEAR SAFETY INSPECTIONS,5540 LAKESIDE DR,2/07/24,2.0,INITIAL INSPECTION,,,,,Margate,24-00100076,40 YEAR SAFETY INSPECTIONS,5540 LAKESIDE DR,ACTIVE,2/07/24,2.0,INITIAL INSPECTION,,,,,legacy,,,,,,,
24-00100062,ACTIVE,47,margate_data.json,,40 YEAR SAFETY INSPECTIONS,5541 LAKESIDE DR,2/07/24,2.0,INITIAL INSPECTION,,,,,Margate,24-00100062,40 YEAR SAFETY INSPECTIONS,5541 LAKESIDE DR,ACTIVE,2/07/24,2.0,INITIAL INSPECTION,,,,,legacy,,,,,,,
24-00100075,ACTIVE,47,margate_data.json,,40 YEAR SAFETY INSPECTIONS,5550 LAKESIDE DR,2/07/24,2.0,INITIAL INSPECTION,,,,,Margate,24-00100075,40 YEAR SAFETY INSPECTIONS,5550 LAKESIDE DR,ACTIVE,2/07/24,2.0,INITIAL INSPECTION,,,,,legacy,,,,,,,
22-00100188,CASE CLOSED,47,margate_data.json,,WORK WITHOUT PERMIT-BUILDING,5551 LAKESIDE DR 201,5/16/22,424.0,CASE CLOSED,,7/13/23,,,Margate,22-00100188,WORK WITHOUT PERMIT-BUILDING,5551 LAKESIDE DR 201,CASE CLOSED,5/16/22,424.0,CASE CLOSED,,,,7/13/23,legacy,,,,,,,
24-00100063,ACTIVE,47,margate_data.json,,40 YEAR SAFETY INSPECTIONS,5551 LAKESIDE DR,2/07/24,2.0,INITIAL INSPECTION,,,,,Margate,24-00100063,40 YEAR SAFETY INSPECTIONS,5551 LAKESIDE DR,ACTIVE,2/07/24,2.0,INITIAL INSPECTION,,,,,legacy,,,,,,,
24-00100070,ACTIVE,47,margate_data.json,,40 YEAR SAFETY INSPECTIONS,5560 LAKESIDE DR,2/07/24,2.0,INITIAL INSPECTION,,,,,Margate,24-00100070,40 YEAR SAFETY INSPECTIONS,5560 LAKESIDE DR,ACTIVE,2/07/24,2.0,INITIAL INSPECTION,,,,,legacy,,,,,,,
24-00100064,ACTIVE,47,margate_data.json,,40 YEAR SAFETY INSPECTIONS,5561 LAKESIDE DR,2/07/24,2.0,INITIAL INSPECTION,,,,,Margate,24-00100064,40 YEAR SAFETY INSPECTIONS,5561 LAKESIDE DR,ACTIVE,2/07/24,2.0,INITIAL INSPECTION,,,,,legacy,,,,,,,
24-00100074,ACTIVE,47,margate_data.json,,40 YEAR SAFETY INSPECTIONS,5570 LAKESIDE DR,2/07/24,2.0,INITIAL INSPECTION,,,,,Margate,24-00100074,40 YEAR SAFETY INSPECTIONS,5570 LAKESIDE DR,ACTIVE,2/07/24,2.0,INITIAL INSPECTION,,,,,legacy,,,,,,,
24-00100065,ACTIVE,51,margate_data.json,,40 YEAR SAFETY INSPECTIONS,5571 LAKESIDE DR,2/07/24,2.0,INITIAL INSPECTION,,,,,Margate,24-00100065,40 YEAR SAFETY INSPECTIONS,5571 LAKESIDE DR,ACTIVE,2/07/24,2.0,INITIAL INSPECTION,,,,,legacy,,,,,,,
24-00100073,ACTIVE,51,margate_data.json,,40 YEAR SAFETY INSPECTIONS,5580 LAKESIDE DR,2/07/24,2.0,INITIAL INSPECTION,,,,,Margate,24-00100073,40 YEAR SAFETY INSPECTIONS,5580 LAKESIDE DR,ACTIVE,2/07/24,2.0,INITIAL INSPECTION,,,,,legacy,,,,,,,
24-00100069,ACTIVE,51,margate_data.json,,40 YEAR SAFETY INSPECTIONS,5590 LAKESIDE DR,2/07/24,2.0,INITIAL INSPECTION,,,,,Margate,24-00100069,40 YEAR SAFETY INSPECTIONS,5590 LAKESIDE DR,ACTIVE,2/07/24,2.0,INITIAL INSPECTION,,,,,legacy,,,,,,,
23-00100403,ACTIVE,51,margate_data.json,,UNSAFE STRUCTURE (BLDG),5750 LAKESIDE DR # 1,11/01/23,98.0,NOTICE OF VIOLATION-SITE,RED TAG,,11/01/23,11/11/23,Margate,23-00100403,UNSAFE STRUCTURE (BLDG),5750 LAKESIDE DR # 1,ACTIVE,11/01/23,98.0,NOTICE OF VIOLATION-SITE,RED TAG,11/01/23,11/11/23,,legacy,,,,,,,
24-00100046,ACTIVE,51,margate_data.json,,40 YEAR SAFETY INSPECTIONS,5750 LAKESIDE DR # 1,2/07/24,2.0,INITIAL INSPECTION,,,,,Margate,24-00100046,40 YEAR SAFETY INSPECTIONS,5750 LAKESIDE DR # 1,ACTIVE,2/07/24,2.0,INITIAL INSPECTION,,,,,legacy,,,,,,,
24-00100047,ACTIVE,51,margate_data.json,,40 YEAR SAFETY INSPECTIONS,5750 LAKESIDE DR # 2,2/07/24,2.0,INITIAL INSPECTION,,,,,Margate,24-00100047,40 YEAR SAFETY INSPECTIONS,5750 LAKESIDE DR # 2,ACTIVE,2/07/24,2.0,INITIAL INSPECTION,,,,,legacy,,,,,,,
23-00100145,ACTIVE,51,margate_data.json,,WORK WITHOUT PERMIT-BUILDING,250 LAKEWOOD CIR,5/24/23,259.0,NOTICE OF VIOLATION-MAIL,REINSPECTION,,5/26/23,6/10/23,Margate,23-00100145,WORK WITHOUT PERMIT-BUILDING,250 LAKEWOOD CIR,ACTIVE,5/24/23,259.0,NOTICE OF VIOLATION-MAIL,REINSPECTION,5/26/23,6/10/23,,legacy,,,,,,,
24-00100094,ACTIVE,51,margate_data.json,,UNSAFE STRUCTURE (BLDG),250 LAKEWOOD CIR,2/06/24,1.0,NOTICE OF VIOLATION-MAIL,REINSPECTION,,2/08/24,2/23/24,Margate,24-00100094,UNSAFE STRUCTURE (BLDG),250 LAKEWOOD CIR,ACTIVE,2/06/24,1.0,NOTICE OF VIOLATION-MAIL,REINSPECTION,2/08/24,2/23/24,,legacy,,,,,,,
23-00100495,ACTIVE,51,margate_data.json,,UNSAFE STRUCTURE (BLDG),300 LAKEWOOD CIR,12/26/23,43.0,NOTICE OF VIOLATION-SITE,RED TAG,,12/26/23,1/05/24,Margate,23-00100495,UNSAFE STRUCTURE (BLDG),300 LAKEWOOD CIR,ACTIVE,12/26/23,43.0,NOTICE OF VIOLATION-SITE,RED TAG,12/26/23,1/05/24,,legacy,,,,,,,
23-00100091,CASE CLOSED,51,margate_data.json,,UNSAFE STRUCTURE (BLDG),330 LAKEWOOD CIR,4/04/23,269.0,NOTICE OF VIOLATION-SITE,RED TAG,,4/05/23,4/15/23,Margate,23-00100091,UNSAFE STRUCTURE (BLDG),330 LAKEWOOD CIR,CASE CLOSED,4/04/23,269.0,NOTICE OF VIOLATION-SITE,RED TAG,4/05/23,4/15/23,,legacy,,,,,,,
21-00100401,CASE CLOSED,51,margate_data.json,,UNSAFE STRUCTURE (BLDG),5400 LAKEWOOD CIR,9/29/21,751.0,CASE CLOSED,,10/19/23,,,Margate,21-00100401,UNSAFE STRUCTURE (BLDG),5400 LAKEWOOD CIR,CASE CLOSED,9/29/21,751.0,CASE CLOSED,,,,10/19/23,legacy,,,,,,,
23-00100032,ACTIVE,51,margate_data.json,,UNSAFE STRUCTURE (BLDG),5500 LAKEWOOD CIR,2/09/23,363.0,NOTICE OF VIOLATION-MAIL,REINSPECTION,,2/10/23,2/25/23,Margate,23-00100032,UNSAFE STRUCTURE (BLDG),5500 LAKEWOOD CIR,ACTIVE,2/09/23,363.0,NOTICE OF VIOLATION-MAIL,REINSPECTION,2/10/23,2/25/23,,legacy,,,,,,,
22-00100394,CASE CLOSED,51,margate_data.json,,WORK WITHOUT PERMIT-BUILDING,5534 LAKEWOOD CIR,9/27/22,233.0,CASE CLOSED,,5/09/23,,,Margate,22-00100394,WORK WITHOUT PERMIT-BUILDING,5534 LAKEWOOD CIR,CASE CLOSED,9/27/22,233.0,CASE CLOSED,,,,5/09/23,legacy,,,,,,,
22-00100272,CASE CLOSED,51,margate_data.json,,WORK WITHOUT PERMIT-BUILDING,5546 LAKEWOOD CIR,6/27/22,480.0,CASE CLOSED,,10/19/23,,,Margate,22-00100272,WORK WITHOUT PERMIT-BUILDING,5546 LAKEWOOD CIR,CASE CLOSED,6/27/22,480.0,CASE CLOSED,,,,10/19/23,legacy,,,,,,,
21-00100431,CASE CLOSED,51,margate_data.json,,WORK WITHOUT PERMIT-BUILDING,5550 LAKEWOOD CIR,10/27/21,496.0,CASE CLOSED,,3/06/23,,,Margate,21-00100431,WORK WITHOUT PERMIT-BUILDING,5550 LAKEWOOD CIR,CASE CLOSED,10/27/21,496.0,CASE CLOSED,,,,3/06/23,legacy,,,,,,,
24-00100093,ACTIVE,51,margate_data.json,,WORK WITHOUT PERMIT-BUILDING,5550 LAKEWOOD CIR,2/06/24,1.0,NOTICE OF VIOLATION-MAIL,REINSPECTION,,2/08/24,2/23/24,Margate,24-00100093,WORK WITHOUT PERMIT-BUILDING,5550 LAKEWOOD CIR,ACTIVE,2/06/24,1.0,NOTICE OF VIOLATION-MAIL,REINSPECTION,2/08/24,2/23/24,,legacy,,,,,,,
23-00100123,ACTIVE,51,margate_data.json,,WORK WITHOUT PERMIT-BUILDING E LAUREL DR,,4/27/23,286.0,NOTICE OF VIOLATION-MAIL,REINSPECTION,,4/27/23,5/12/23,Margate,23-00100123,WORK WITHOUT PERMIT-BUILDING E LAUREL DR,,ACTIVE,4/27/23,286.0,NOTICE OF VIOLATION-MAIL,REINSPECTION,4/27/23,5/12/23,,legacy,,,,,,,
23-00100124,ACTIVE,55,margate_data.json,,UNSAFE STRUCTURE (BLDG) E LAUREL DR,,4/27/23,286.0,NOTICE OF VIOLATION-MAIL,REINSPECTION,,4/27/23,5/12/23,Margate,23-00100124,UNSAFE STRUCTURE (BLDG) E LAUREL DR,,ACTIVE,4/27/23,286.0,NOTICE OF VIOLATION-MAIL,REINSPECTION,4/27/23,5/12/23,,legacy,,,,,,,
23-00100492,ACTIVE,55,margate_data.json,,WORK WITHOUT PERMIT-BUILDING,395 N LAUREL DR,12/20/23,49.0,NOTICE OF VIOLATION-MAIL,REINSPECTION,,12/22/23,1/06/24,Margate,23-00100492,WORK WITHOUT PERMIT-BUILDING,395 N LAUREL DR,ACTIVE,12/20/23,49.0,NOTICE OF VIOLATION-MAIL,REINSPECTION,12/22/23,1/06/24,,legacy,,,,,,,
22-00100236,IN COMPLIANCE/OPEN FINES,55,margate_data.json,,40 YEAR SAFETY INSPECTIONS,470 N LAUREL DR,5/25/22,623.0,CASE CLOSED,,,,,Margate,22-00100236,40 YEAR SAFETY INSPECTIONS,470 N LAUREL DR,IN COMPLIANCE/OPEN FINES,5/25/22,623.0,CASE CLOSED,,,,,legacy,,,,,,,
22-00100235,IN COMPLIANCE/OPEN FINES,55,margate_data.json,,40 YEAR SAFETY INSPECTIONS,480 N LAUREL DR,5/25/22,623.0,INITIAL INSPECTION CASE CLOSED,,,5/25/22,5/25/22,Margate,22-00100235,40 YEAR SAFETY INSPECTIONS,480 N LAUREL DR,IN COMPLIANCE/OPEN FINES,5/25/22,623.0,INITIAL INSPECTION CASE CLOSED,,5/25/22,5/25/22,,legacy,,,,,,,
22-00100234,IN COMPLIANCE/OPEN FINES,55,margate_data.json,,40 YEAR SAFETY INSPECTIONS,490 N LAUREL DR,5/25/22,623.0,CASE CLOSED,,,,,Margate,22-00100234,40 YEAR SAFETY INSPECTIONS,490 N LAUREL DR,IN COMPLIANCE/OPEN FINES,5/25/22,623.0,CASE CLOSED,,,,,legacy,,,,,,,
17-00100019,CASE CLOSED,55,margate_data.json,,WORK WITHOUT PERMIT-BUILDING,120 S LAUREL DR,4/06/17,2470.0,REINSPECTION CASE CLOSED,,,1/10/24,1/10/24,Margate,17-00100019,WORK WITHOUT PERMIT-BUILDING,120 S LAUREL DR,CASE CLOSED,4/06/17,2470.0,REINSPECTION CASE CLOSED,,1/10/24,1/10/24,,legacy,,,,,,,
21-00100299,CASE CLOSED,55,margate_data.json,,WORK WITHOUT PERMIT-BUILDING,142 S LAUREL DR,7/22/21,642.0,CASE CLOSED,,4/24/23,,,Margate,21-00100299,WORK WITHOUT PERMIT-BUILDING,142 S LAUREL DR,CASE CLOSED,7/22/21,642.0,CASE CLOSED,,,,4/24/23,legacy,,,,,,,
20-00100363,CASE CLOSED,55,margate_data.json,,WORK WITHOUT PERMIT-BUILDING,325 W LAUREL DR,5/11/20,1327.0,CASE CLOSED,,11/21/23,,,Margate,20-00100363,WORK WITHOUT PERMIT-BUILDING,325 W LAUREL DR,CASE CLOSED,5/11/20,1327.0,CASE CLOSED,,,,11/21/23,legacy,,,,,,,
23-00100219,ACTIVE,55,margate_data.json,,UNSAFE STRUCTURE (BLDG),335 W LAUREL DR,8/08/23,183.0,NOTICE OF VIOLATION-MAIL,REINSPECTION,,8/10/23,8/25/23,Margate,23-00100219,UNSAFE STRUCTURE (BLDG),335 W LAUREL DR,ACTIVE,8/08/23,183.0,NOTICE OF VIOLATION-MAIL,REINSPECTION,8/10/23,8/25/23,,legacy,,,,,,,
23-00100275,ACTIVE,55,margate_data.json,,WORK WITHOUT PERMIT-BUILDING,3078 LIGHTHOUSE PL,10/04/23,126.0,NOTICE OF VIOLATION-SITE,RED TAG,,10/04/23,10/14/23,Margate,23-00100275,WORK WITHOUT PERMIT-BUILDING,3078 LIGHTHOUSE PL,ACTIVE,10/04/23,126.0,NOTICE OF VIOLATION-SITE,RED TAG,10/04/23,10/14/23,,legacy,,,,,,,
23-00100342,ACTIVE,55,margate_data.json,,40 YEAR SAFETY INSPECTIONS,202 MARGATE CT,10/31/23,99.0,INITIAL INSPECTION,,,,,Margate,23-00100342,40 YEAR SAFETY INSPECTIONS,202 MARGATE CT,ACTIVE,10/31/23,99.0,INITIAL INSPECTION,,,,,legacy,,,,,,,
20-00100502,CASE CLOSED,55,margate_data.json,,WORK WITHOUT PERMIT-BUILDING,5800 MARGATE BLVD 235,10/19/20,878.0,CASE CLOSED,,12/07/20,,,Margate,20-00100502,WORK WITHOUT PERMIT-BUILDING,5800 MARGATE BLVD 235,CASE CLOSED,10/19/20,878.0,CASE CLOSED,,,,12/07/20,legacy,,,,,,,
22-00100422,CASE CLOSED,55,margate_data.json,,UNSAFE STRUCTURE (BLDG),5800 MARGATE BLVD # 3,10/18/22,135.0,CASE CLOSED,,3/01/23,,,Margate,22-00100422,UNSAFE STRUCTURE (BLDG),5800 MARGATE BLVD # 3,CASE CLOSED,10/18/22,135.0,CASE CLOSED,,,,3/01/23,legacy,,,,,,,
22-00100425,CASE CLOSED,55,margate_data.json,,WORK WITHOUT PERMIT-BUILDING,5850 MARGATE BLVD # 1,10/24/22,471.0,REINSPECTION CASE CLOSED,,,2/06/24,2/06/24,Margate,22-00100425,WORK WITHOUT PERMIT-BUILDING,5850 MARGATE BLVD # 1,CASE CLOSED,10/24/22,471.0,REINSPECTION CASE CLOSED,,2/06/24,2/06/24,,legacy,,,,,,,
22-00100426,CASE CLOSED,55,margate_data.json,,WORK WITHOUT PERMIT-BUILDING,5850 MARGATE BLVD # 1,10/24/22,423.0,CASE CLOSED,,12/20/23,,,Margate,22-00100426,WORK WITHOUT PERMIT-BUILDING,5850 MARGATE BLVD # 1,CASE CLOSED,10/24/22,423.0,CASE CLOSED,,,,12/20/23,legacy,,,,,,,
23-00100187,CASE CLOSED,55,margate_data.json,,WORK WITHOUT PERMIT-BUILDING,6206 MARGATE BLVD,7/12/23,146.0,CASE CLOSED,,11/27/23,,,Margate,23-00100187,WORK WITHOUT PERMIT-BUILDING,6206 MARGATE BLVD,CASE CLOSED,7/12/23,146.0,CASE CLOSED,,,,11/27/23,legacy,,,,,,,
23-00100260,ACTIVE,55,margate_data.json,,WORK WITHOUT PERMIT-BUILDING,6760 MARGATE BLVD,9/18/23,142.0,NOTICE OF VIOLATION-MAIL,REINSPECTION,,9/20/23,10/05/23,Margate,23-00100260,WORK WITHOUT PERMIT-BUILDING,6760 MARGATE BLVD,ACTIVE,9/18/23,142.0,NOTICE OF VIOLATION-MAIL,REINSPECTION,9/20/23,10/05/23,,legacy,,,,,,,
23-00100090,ACTIVE,59,margate_data.json,,WORK WITHOUT PERMIT-BUILDING,6810 MARGATE BLVD,3/30/23,314.0,NOTICE OF VIOLATION-MAIL,REINSPECTION,,3/31/23,4/15/23,Margate,23-00100090,WORK WITHOUT PERMIT-BUILDING,6810 MARGATE BLVD,ACTIVE,3/30/23,314.0,NOTICE OF VIOLATION-MAIL,REINSPECTION,3/31/23,4/15/23,,legacy,,,,,,,
23-00100146,CASE CLOSED,59,margate_data.json,,WORK WITHOUT PERMIT-BUILDING,6860 MARGATE BLVD,5/24/23,106.0,CASE CLOSED,,9/06/23,,,Margate,23-00100146,WORK WITHOUT PERMIT-BUILDING,6860 MARGATE BLVD,CASE CLOSED,5/24/23,106.0,CASE CLOSED,,,,9/06/23,legacy,,,,,,,
22-00100442,CASE CLOSED,59,margate_data.json,,WORK WITHOUT PERMIT-BUILDING,7520 MARGATE BLVD,11/14/22,386.0,CASE CLOSED,,12/04/23,,,Margate,22-00100442,WORK WITHOUT PERMIT-BUILDING,7520 MARGATE BLVD,CASE CLOSED,11/14/22,386.0,CASE CLOSED,,,,12/04/23,legacy,,,,,,,
23-00100068,ACTIVE,59,margate_data.json,,WORK WITHOUT PERMIT-BUILDING,7530 MARGATE BLVD,3/20/23,324.0,NOTICE OF VIOLATION-MAIL,REINSPECTION,,3/23/23,4/07/23,Margate,23-00100068,WORK WITHOUT PERMIT-BUILDING,7530 MARGATE BLVD,ACTIVE,3/20/23,324.0,NOTICE OF VIOLATION-MAIL,REINSPECTION,3/23/23,4/07/23,,legacy,,,,,,,
23-00100066,ACTIVE,59,margate_data.json,,WORK WITHOUT PERMIT-BUILDING,7580 MARGATE BLVD,3/20/23,324.0,NOTICE OF VIOLATION-MAIL,REINSPECTION,,3/22/23,4/06/23,Margate,23-00100066,WORK WITHOUT PERMIT-BUILDING,7580 MARGATE BLVD,ACTIVE,3/20/23,324.0,NOTICE OF VIOLATION-MAIL,REINSPECTION,3/22/23,4/06/23,,legacy,,,,,,,
22-00100283,CASE CLOSED,59,margate_data.json,,WORK WITHOUT PERMIT-BUILDING,3020 MARION AVE,6/30/22,310.0,CASE CLOSED,,5/03/23,,,Margate,22-00100283,WORK WITHOUT PERMIT-BUILDING,3020 MARION AVE,CASE CLOSED,6/30/22,310.0,CASE CLOSED,,,,5/03/23,legacy,,,,,,,
21-00100062,CASE CLOSED,59,margate_data.json,,WORK WITHOUT PERMIT-BUILDING,6870 MARTIN RD,2/09/21,1010.0,CASE CLOSED,,11/15/23,,,Margate,21-00100062,WORK WITHOUT PERMIT-BUILDING,6870 MARTIN RD,CASE CLOSED,2/09/21,1010.0,CASE CLOSED,,,,11/15/23,legacy,,,,,,,
22-00100297,CASE CLOSED,59,margate_data.json,,WORK WITHOUT PERMIT-BUILDING,1936 MEARS PKWY,7/11/22,331.0,CASE CLOSED,,6/01/23,,,Margate,22-00100297,WORK WITHOUT PERMIT-BUILDING,1936 MEARS PKWY,CASE CLOSED,7/11/22,331.0,CASE CLOSED,,,,6/01/23,legacy,,,,,,,
22-00100305,CASE CLOSED,59,margate_data.json,,40 YEAR SAFETY INSPECTIONS,1950 MEARS PKWY,7/11/22,218.0,,,,,,Margate,22-00100305,40 YEAR SAFETY INSPECTIONS,1950 MEARS PKWY,CASE CLOSED,7/11/22,218.0,,,,,,legacy,,,,,,,
22-00100412,CASE CLOSED,59,margate_data.json,,WORK WITHOUT PERMIT-BUILDING,1973 MEARS PKWY,10/11/22,155.0,CASE CLOSED,,2/28/23,,,Margate,22-00100412,WORK WITHOUT PERMIT-BUILDING,1973 MEARS PKWY,CASE CLOSED,10/11/22,155.0,CASE CLOSED,,,,2/28/23,legacy,,,,,,,
19-00100100,CASE CLOSED,59,margate_data.json,,WORK WITHOUT PERMIT-BUILDING,2050 MEARS PKWY,5/05/19,1452.0,CASE CLOSED,,4/26/23,,,Margate,19-00100100,WORK WITHOUT PERMIT-BUILDING,2050 MEARS PKWY,CASE CLOSED,5/05/19,1452.0,CASE CLOSED,,,,4/26/23,legacy,,,,,,,
23-00100472,ACTIVE,59,margate_data.json,,40 YEAR SAFETY INSPECTIONS,2200 MEARS PKWY,12/12/23,57.0,INITIAL INSPECTION,,,,,Margate,23-00100472,40 YEAR SAFETY INSPECTIONS,2200 MEARS PKWY,ACTIVE,12/12/23,57.0,INITIAL INSPECTION,,,,,legacy,,,,,,,
23-00100254,ACTIVE,59,margate_data.json,,WORK WITHOUT PERMIT-BUILDING,2244 MEARS PKWY,9/11/23,149.0,NOTICE OF VIOLATION-MAIL,REINSPECTION,,9/11/23,9/26/23,Margate,23-00100254,WORK WITHOUT PERMIT-BUILDING,2244 MEARS PKWY,ACTIVE,9/11/23,149.0,NOTICE OF VIOLATION-MAIL,REINSPECTION,9/11/23,9/26/23,,legacy,,,,,,,
23-00100490,ACTIVE,59,margate_data.json,,WORK WITHOUT PERMIT-BUILDING,7630 NORMANDE CT,12/19/23,50.0,NOTICE OF VIOLATION-SITE,RED TAG,,12/19/23,12/29/23,Margate,23-00100490,WORK WITHOUT PERMIT-BUILDING,7630 NORMANDE CT,ACTIVE,12/19/23,50.0,NOTICE OF VIOLATION-SITE,RED TAG,12/19/23,12/29/23,,legacy,,,,,,,
22-00100026,CASE CLOSED,59,margate_data.json,,WORK WITHOUT PERMIT-BUILDING,6295 OCEAN DR,1/31/22,547.0,REINSPECTION CASE CLOSED,,,7/24/23,7/24/23,Margate,22-00100026,WORK WITHOUT PERMIT-BUILDING,6295 OCEAN DR,CASE CLOSED,1/31/22,547.0,REINSPECTION CASE CLOSED,,7/24/23,7/24/23,,legacy,,,,,,,
22-00100127,CASE CLOSED,59,margate_data.json,,WORK WITHOUT PERMIT-BUILDING,6295 OCEAN DR,3/29/22,401.0,CASE CLOSED,,4/25/23,,,Margate,22-00100127,WORK WITHOUT PERMIT-BUILDING,6295 OCEAN DR,CASE CLOSED,3/29/22,401.0,CASE CLOSED,,,,4/25/23,legacy,,,,,,,
22-00100104,CASE CLOSED,59,margate_data.json,,WORK WITHOUT PERMIT-BUILDING,3120 PALM PL,3/21/22,577.0,CASE CLOSED,,10/17/23,,,Margate,22-00100104,WORK WITHOUT PERMIT-BUILDING,3120 PALM PL,CASE CLOSED,3/21/22,577.0,CASE CLOSED,,,,10/17/23,legacy,,,,,,,
23-00100169,ACTIVE,63,margate_data.json,,WORK WITHOUT PERMIT-BUILDING,72 W PALM DR,6/19/23,233.0,NOTICE OF VIOLATION-MAIL,REINSPECTION,,6/21/23,7/06/23,Margate,23-00100169,WORK WITHOUT PERMIT-BUILDING,72 W PALM DR,ACTIVE,6/19/23,233.0,NOTICE OF VIOLATION-MAIL,REINSPECTION,6/21/23,7/06/23,,legacy,,,,,,,
23-00100248,ACTIVE,63,margate_data.json,,WORK WITHOUT PERMIT-BUILDING,5817 PARK DR,8/31/23,160.0,NOTICE OF VIOLATION-MAIL,REINSPECTION,,9/05/23,9/20/23,Margate,23-00100248,WORK WITHOUT PERMIT-BUILDING,5817 PARK DR,ACTIVE,8/31/23,160.0,NOTICE OF VIOLATION-MAIL,REINSPECTION,9/05/23,9/20/23,,legacy,,,,,,,
23-00100453,ACTIVE,63,margate_data.json,,40 YEAR SAFETY INSPECTIONS,210 E PARKWAY DR,12/12/23,57.0,INITIAL INSPECTION,,,,,Margate,23-00100453,40 YEAR SAFETY INSPECTIONS,210 E PARKWAY DR,ACTIVE,12/12/23,57.0,INITIAL INSPECTION,,,,,legacy,,,,,,,
23-00100454,ACTIVE,63,margate_data.json,,40 YEAR SAFETY INSPECTIONS,6608 N PARKWAY DR,12/12/23,57.0,INITIAL INSPECTION,,,,,Margate,23-00100454,40 YEAR SAFETY INSPECTIONS,6608 N PARKWAY DR,ACTIVE,12/12/23,57.0,INITIAL INSPECTION,,,,,legacy,,,,,,,
23-00100460,ACTIVE,63,margate_data.json,,40 YEAR SAFETY INSPECTIONS,6617 N PARKWAY DR,12/12/23,57.0,INITIAL INSPECTION,,,,,Margate,23-00100460,40 YEAR SAFETY INSPECTIONS,6617 N PARKWAY DR,ACTIVE,12/12/23,57.0,INITIAL INSPECTION,,,,,legacy,,,,,,,
23-00100455,ACTIVE,63,margate_data.json,,40 YEAR SAFETY INSPECTIONS,6716 N PARKWAY DR,12/12/23,57.0,INITIAL INSPECTION,,,,,Margate,23-00100455,40 YEAR SAFETY INSPECTIONS,6716 N PARKWAY DR,ACTIVE,12/12/23,57.0,INITIAL INSPECTION,,,,,legacy,,,,,,,
23-00100461,ACTIVE,63,margate_data.json,,40 YEAR SAFETY INSPECTIONS,6721 N PARKWAY DR,12/12/23,57.0,INITIAL INSPECTION,,,,,Margate,23-00100461,40 YEAR SAFETY INSPECTIONS,6721 N PARKWAY DR,ACTIVE,12/12/23,57.0,INITIAL INSPECTION,,,,,legacy,,,,,,,
23-00100456,ACTIVE,63,margate_data.json,,40 YEAR SAFETY INSPECTIONS,6723 N PARKWAY DR,12/12/23,57.0,INITIAL INSPECTION,,,,,Margate,23-00100456,40 YEAR SAFETY INSPECTIONS,6723 N PARKWAY DR,ACTIVE,12/12/23,57.0,INITIAL INSPECTION,,,,,legacy,,,,,,,
23-00100452,ACTIVE,63,margate_data.json,,40 YEAR SAFETY INSPECTIONS,6613 S PARKWAY DR,12/12/23,57.0,INITIAL INSPECTION,,,,,Margate,23-00100452,40 YEAR SAFETY INSPECTIONS,6613 S PARKWAY DR,ACTIVE,12/12/23,57.0,INITIAL INSPECTION,,,,,legacy,,,,,,,
23-00100458,ACTIVE,63,margate_data.json,,40 YEAR SAFETY INSPECTIONS,6701 S PARKWAY DR,12/12/23,57.0,INITIAL INSPECTION,,,,,Margate,23-00100458,40 YEAR SAFETY INSPECTIONS,6701 S PARKWAY DR,ACTIVE,12/12/23,57.0,INITIAL INSPECTION,,,,,legacy,,,,,,,
23-00100459,ACTIVE,63,margate_data.json,,40 YEAR SAFETY INSPECTIONS,6702 S PARKWAY DR,12/12/23,57.0,INITIAL INSPECTION,,,,,Margate,23-00100459,40 YEAR SAFETY INSPECTIONS,6702 S PARKWAY DR,ACTIVE,12/12/23,57.0,INITIAL INSPECTION,,,,,legacy,,,,,,,
23-00100457,ACTIVE,63,margate_data.json,,40 YEAR SAFETY INSPECTIONS,209 W PARKWAY DR,12/12/23,57.0,INITIAL INSPECTION,,,,,Margate,23-00100457,40 YEAR SAFETY INSPECTIONS,209 W PARKWAY DR,ACTIVE,12/12/23,57.0,INITIAL INSPECTION,,,,,legacy,,,,,,,
23-00100036,ACTIVE,63,margate_data.json,,WORK WITHOUT PERMIT-BUILDING,3460 PINEWALK DR,2/21/23,351.0,NOTICE OF VIOLATION-MAIL,REINSPECTION,,2/23/23,3/10/23,Margate,23-00100036,WORK WITHOUT PERMIT-BUILDING,3460 PINEWALK DR,ACTIVE,2/21/23,351.0,NOTICE OF VIOLATION-MAIL,REINSPECTION,2/23/23,3/10/23,,legacy,,,,,,,
24-00100032,ACTIVE,63,margate_data.json,,40 YEAR SAFETY INSPECTIONS,3495 PINEWALK DR,2/07/24,2.0,INITIAL INSPECTION,,,,,Margate,24-00100032,40 YEAR SAFETY INSPECTIONS,3495 PINEWALK DR,ACTIVE,2/07/24,2.0,INITIAL INSPECTION,,,,,legacy,,,,,,,
24-00100035,VOIDED,63,margate_data.json,,40 YEAR SAFETY INSPECTIONS,3495 PINEWALK DR,2/07/24,8.0,INITIAL INSPECTION,,,,,Margate,24-00100035,40 YEAR SAFETY INSPECTIONS,3495 PINEWALK DR,VOIDED,2/07/24,8.0,INITIAL INSPECTION,,,,,legacy,,,,,,,
20-00100275,CASE CLOSED,63,margate_data.json,,WORK WITHOUT PERMIT-BUILDING,1008 E RIVER DR,1/16/20,1268.0,CASE CLOSED,,7/06/23,,,Margate,20-00100275,WORK WITHOUT PERMIT-BUILDING,1008 E RIVER DR,CASE CLOSED,1/16/20,1268.0,CASE CLOSED,,,,7/06/23,legacy,,,,,,,
21-00100168,CASE CLOSED,63,margate_data.json,,UNSAFE STRUCTURE (BLDG),1204 E RIVER DR,5/05/21,706.0,CASE CLOSED,,4/03/23,,,Margate,21-00100168,UNSAFE STRUCTURE (BLDG),1204 E RIVER DR,CASE CLOSED,5/05/21,706.0,CASE CLOSED,,,,4/03/23,legacy,,,,,,,
23-00100074,ACTIVE,67,margate_data.json,,WORK WITHOUT PERMIT-BUILDING,1212 E RIVER DR,3/22/23,322.0,NOTICE OF VIOLATION-MAIL,REINSPECTION,,3/24/23,4/08/23,Margate,23-00100074,WORK WITHOUT PERMIT-BUILDING,1212 E RIVER DR,ACTIVE,3/22/23,322.0,NOTICE OF VIOLATION-MAIL,REINSPECTION,3/24/23,4/08/23,,legacy,,,,,,,
23-00100075,ACTIVE,67,margate_data.json,,UNSAFE STRUCTURE (BLDG),1212 E RIVER DR,3/22/23,322.0,NOTICE OF VIOLATION-MAIL,REINSPECTION,,3/24/23,4/08/23,Margate,23-00100075,UNSAFE STRUCTURE (BLDG),1212 E RIVER DR,ACTIVE,3/22/23,322.0,NOTICE OF VIOLATION-MAIL,REINSPECTION,3/24/23,4/08/23,,legacy,,,,,,,
23-00100416,ACTIVE,67,margate_data.json,,WORK WITHOUT PERMIT-BUILDING,1309 E RIVER DR,11/13/23,86.0,NOTICE OF VIOLATION-MAIL,REINSPECTION,,11/13/23,11/28/23,Margate,23-00100416,WORK WITHOUT PERMIT-BUILDING,1309 E RIVER DR,ACTIVE,11/13/23,86.0,NOTICE OF VIOLATION-MAIL,REINSPECTION,11/13/23,11/28/23,,legacy,,,,,,,
22-00100447,CASE CLOSED,67,margate_data.json,,WORK WITHOUT PERMIT-BUILDING,1401 E RIVER DR,12/01/22,85.0,CASE CLOSED,,2/22/23,,,Margate,22-00100447,WORK WITHOUT PERMIT-BUILDING,1401 E RIVER DR,CASE CLOSED,12/01/22,85.0,CASE CLOSED,,,,2/22/23,legacy,,,,,,,
23-00100043,ACTIVE,67,margate_data.json,,WORK WITHOUT PERMIT-BUILDING,1413 E RIVER DR,2/28/23,344.0,NOTICE OF VIOLATION-MAIL,REINSPECTION,,3/03/23,3/18/23,Margate,23-00100043,WORK WITHOUT PERMIT-BUILDING,1413 E RIVER DR,ACTIVE,2/28/23,344.0,NOTICE OF VIOLATION-MAIL,REINSPECTION,3/03/23,3/18/23,,legacy,,,,,,,
23-00100162,ACTIVE,67,margate_data.json,,WORK WITHOUT PERMIT-BUILDING,1504 E RIVER DR,6/14/23,238.0,NOTICE OF VIOLATION-MAIL,REINSPECTION,,6/16/23,7/01/23,Margate,23-00100162,WORK WITHOUT PERMIT-BUILDING,1504 E RIVER DR,ACTIVE,6/14/23,238.0,NOTICE OF VIOLATION-MAIL,REINSPECTION,6/16/23,7/01/23,,legacy,,,,,,,
23-00100199,ACTIVE,67,margate_data.json,,WORK WITHOUT PERMIT-BUILDING,1600 E RIVER DR,7/25/23,197.0,NOTICE OF VIOLATION-MAIL,REINSPECTION,,7/27/23,8/11/23,Margate,23-00100199,WORK WITHOUT PERMIT-BUILDING,1600 E RIVER DR,ACTIVE,7/25/23,197.0,NOTICE OF VIOLATION-MAIL,REINSPECTION,7/27/23,8/11/23,,legacy,,,,,,,
23-00100142,ACTIVE,67,margate_data.json,,WORK WITHOUT PERMIT-BUILDING,1612 E RIVER DR,5/22/23,261.0,NOTICE OF VIOLATION-MAIL,REINSPECTION,,5/22/23,6/06/23,Margate,23-00100142,WORK WITHOUT PERMIT-BUILDING,1612 E RIVER DR,ACTIVE,5/22/23,261.0,NOTICE OF VIOLATION-MAIL,REINSPECTION,5/22/23,6/06/23,,legacy,,,,,,,
21-00100340,CASE CLOSED,67,margate_data.json,,50 YEAR SAFETY INSPECTIONS,1189 W RIVER DR # 1,8/04/21,559.0,CASE CLOSED,,11/14/22,,,Margate,21-00100340,50 YEAR SAFETY INSPECTIONS,1189 W RIVER DR # 1,CASE CLOSED,8/04/21,559.0,CASE CLOSED,,,,11/14/22,legacy,,,,,,,
23-00100116,ACTIVE,67,margate_data.json,,WORK WITHOUT PERMIT-BUILDING,1189 W RIVER DR # 1,4/20/23,293.0,NOTICE OF VIOLATION-MAIL,REINSPECTION,,4/22/23,5/07/23,Margate,23-00100116,WORK WITHOUT PERMIT-BUILDING,1189 W RIVER DR # 1,ACTIVE,4/20/23,293.0,NOTICE OF VIOLATION-MAIL,REINSPECTION,4/22/23,5/07/23,,legacy,,,,,,,
23-00100052,ACTIVE,67,margate_data.json,,UNSAFE STRUCTURE (BLDG),1208 W RIVER DR,3/06/23,338.0,NOTICE OF VIOLATION-MAIL,REINSPECTION,,3/08/23,3/23/23,Margate,23-00100052,UNSAFE STRUCTURE (BLDG),1208 W RIVER DR,ACTIVE,3/06/23,338.0,NOTICE OF VIOLATION-MAIL,REINSPECTION,3/08/23,3/23/23,,legacy,,,,,,,
19-00100210,CASE CLOSED,67,margate_data.json,,WORK WITHOUT PERMIT-BUILDING,1231 W RIVER DR,10/16/19,1363.0,CASE CLOSED,,7/10/23,,,Margate,19-00100210,WORK WITHOUT PERMIT-BUILDING,1231 W RIVER DR,CASE CLOSED,10/16/19,1363.0,CASE CLOSED,,,,7/10/23,legacy,,,,,,,
23-00100180,ACTIVE,67,margate_data.json,,WORK WITHOUT PERMIT-BUILDING,1231 W RIVER DR,7/10/23,212.0,NOTICE OF VIOLATION-MAIL,REINSPECTION,,7/12/23,7/27/23,Margate,23-00100180,WORK WITHOUT PERMIT-BUILDING,1231 W RIVER DR,ACTIVE,7/10/23,212.0,NOTICE OF VIOLATION-MAIL,REINSPECTION,7/12/23,7/27/23,,legacy,,,,,,,
23-00100181,ACTIVE,67,margate_data.json,,WORK WITHOUT PERMIT-BUILDING,1235 W RIVER DR,7/10/23,212.0,NOTICE OF VIOLATION-MAIL,REINSPECTION,,7/12/23,7/27/23,Margate,23-00100181,WORK WITHOUT PERMIT-BUILDING,1235 W RIVER DR,ACTIVE,7/10/23,212.0,NOTICE OF VIOLATION-MAIL,REINSPECTION,7/12/23,7/27/23,,legacy,,,,,,,
21-00100336,CASE CLOSED,67,margate_data.json,,50 YEAR SAFETY INSPECTIONS,1251 W RIVER DR,8/04/21,888.0,CASE CLOSED,,10/24/23,,,Margate,21-00100336,50 YEAR SAFETY INSPECTIONS,1251 W RIVER DR,CASE CLOSED,8/04/21,888.0,CASE CLOSED,,,,10/24/23,legacy,,,,,,,
23-00100493,ACTIVE,67,margate_data.json,,WORK WITHOUT PERMIT-BUILDING,1314 W RIVER DR,12/21/23,48.0,NOTICE OF VIOLATION-SITE,RED TAG,,12/21/23,12/31/23,Margate,23-00100493,WORK WITHOUT PERMIT-BUILDING,1314 W RIVER DR,ACTIVE,12/21/23,48.0,NOTICE OF VIOLATION-SITE,RED TAG,12/21/23,12/31/23,,legacy,,,,,,,
23-00100159,ACTIVE,67,margate_data.json,,UNSAFE STRUCTURE (BLDG),1600 W RIVER DR,6/13/23,239.0,NOTICE OF VIOLATION-MAIL,REINSPECTION,,6/15/23,6/30/23,Margate,23-00100159,UNSAFE STRUCTURE (BLDG),1600 W RIVER DR,ACTIVE,6/13/23,239.0,NOTICE OF VIOLATION-MAIL,REINSPECTION,6/15/23,6/30/23,,legacy,,,,,,,
23-00100415,ACTIVE,71,margate_data.json,,WORK WITHOUT PERMIT-BUILDING,1600 W RIVER DR,11/06/23,93.0,NOTICE OF VIOLATION-MAIL,REINSPECTION,,11/08/23,11/23/23,Margate,23-00100415,WORK WITHOUT PERMIT-BUILDING,1600 W RIVER DR,ACTIVE,11/06/23,93.0,NOTICE OF VIOLATION-MAIL,REINSPECTION,11/08/23,11/23/23,,legacy,,,,,,,
23-00100285,ACTIVE,71,margate_data.json,,WORK WITHOUT PERMIT-BUILDING,2204 W RIVER DR,10/09/23,121.0,NOTICE OF VIOLATION-MAIL,REINSPECTION,,10/11/23,10/26/23,Margate,23-00100285,WORK WITHOUT PERMIT-BUILDING,2204 W RIVER DR,ACTIVE,10/09/23,121.0,NOTICE OF VIOLATION-MAIL,REINSPECTION,10/11/23,10/26/23,,legacy,,,,,,,
21-00100384,CASE CLOSED,71,margate_data.json,,WORK WITHOUT PERMIT-BUILDING,6443 ROCK BEAUTY TER,9/01/21,653.0,CASE CLOSED,,6/06/23,,,Margate,21-00100384,WORK WITHOUT PERMIT-BUILDING,6443 ROCK BEAUTY TER,CASE CLOSED,9/01/21,653.0,CASE CLOSED,,,,6/06/23,legacy,,,,,,,
23-00100215,ACTIVE,71,margate_data.json,,WORK WITHOUT PERMIT-BUILDING,378 N ROCK ISLAND RD,8/07/23,184.0,NOTICE OF VIOLATION-MAIL,REINSPECTION,,8/09/23,8/24/23,Margate,23-00100215,WORK WITHOUT PERMIT-BUILDING,378 N ROCK ISLAND RD,ACTIVE,8/07/23,184.0,NOTICE OF VIOLATION-MAIL,REINSPECTION,8/09/23,8/24/23,,legacy,,,,,,,
23-00100149,ACTIVE,71,margate_data.json,,WORK WITHOUT PERMIT-BUILDING,1165 N ROCK ISLAND RD,5/30/23,253.0,NOTICE OF VIOLATION-MAIL,REINSPECTION,,5/31/23,6/15/23,Margate,23-00100149,WORK WITHOUT PERMIT-BUILDING,1165 N ROCK ISLAND RD,ACTIVE,5/30/23,253.0,NOTICE OF VIOLATION-MAIL,REINSPECTION,5/31/23,6/15/23,,legacy,,,,,,,
20-00100274,CASE CLOSED,71,margate_data.json,,WORK WITHOUT PERMIT-BUILDING,2269 N ROCK ISLAND RD,1/14/20,1368.0,CASE CLOSED,,10/12/23,,,Margate,20-00100274,WORK WITHOUT PERMIT-BUILDING,2269 N ROCK ISLAND RD,CASE CLOSED,1/14/20,1368.0,CASE CLOSED,,,,10/12/23,legacy,,,,,,,
23-00100316,ACTIVE,71,margate_data.json,,40 YEAR SAFETY INSPECTIONS,2701 N ROCK ISLAND RD,10/31/23,99.0,INITIAL INSPECTION,,,,,Margate,23-00100316,40 YEAR SAFETY INSPECTIONS,2701 N ROCK ISLAND RD,ACTIVE,10/31/23,99.0,INITIAL INSPECTION,,,,,legacy,,,,,,,
23-00100317,ACTIVE,71,margate_data.json,,40 YEAR SAFETY INSPECTIONS,2701 N ROCK ISLAND RD,10/31/23,99.0,INITIAL INSPECTION,,,,,Margate,23-00100317,40 YEAR SAFETY INSPECTIONS,2701 N ROCK ISLAND RD,ACTIVE,10/31/23,99.0,INITIAL INSPECTION,,,,,legacy,,,,,,,
23-00100297,ACTIVE,71,margate_data.json,,50 YEAR SAFETY INSPECTIONS,3011 N ROCK ISLAND RD,10/16/23,114.0,INITIAL INSPECTION,,,,,Margate,23-00100297,50 YEAR SAFETY INSPECTIONS,3011 N ROCK ISLAND RD,ACTIVE,10/16/23,114.0,INITIAL INSPECTION,,,,,legacy,,,,,,,
23-00100063,CASE CLOSED,71,margate_data.json,,UNSAFE STRUCTURE (BLDG),5700 ROYAL PALM BLVD,3/14/23,31.0,CASE CLOSED,,4/13/23,,,Margate,23-00100063,UNSAFE STRUCTURE (BLDG),5700 ROYAL PALM BLVD,CASE CLOSED,3/14/23,31.0,CASE CLOSED,,,,4/13/23,legacy,,,,,,,
23-00100085,ACTIVE,71,margate_data.json,,WORK WITHOUT PERMIT-BUILDING,5700 ROYAL PALM BLVD,3/28/23,316.0,NOTICE OF VIOLATION-MAIL,REINSPECTION,,3/28/23,4/12/23,Margate,23-00100085,WORK WITHOUT PERMIT-BUILDING,5700 ROYAL PALM BLVD,ACTIVE,3/28/23,316.0,NOTICE OF VIOLATION-MAIL,REINSPECTION,3/28/23,4/12/23,,legacy,,,,,,,
23-00100498,ACTIVE,71,margate_data.json,,UNSAFE STRUCTURE (BLDG),6550 ROYAL PALM BLVD,12/28/23,41.0,NOTICE OF VIOLATION-MAIL,REINSPECTION,,12/30/23,1/14/24,Margate,23-00100498,UNSAFE STRUCTURE (BLDG),6550 ROYAL PALM BLVD,ACTIVE,12/28/23,41.0,NOTICE OF VIOLATION-MAIL,REINSPECTION,12/30/23,1/14/24,,legacy,,,,,,,
23-00100198,ACTIVE,71,margate_data.json,,WORK WITHOUT PERMIT-BUILDING,6650 ROYAL PALM BLVD,7/24/23,198.0,NOTICE OF VIOLATION-MAIL,REINSPECTION,,7/26/23,8/10/23,Margate,23-00100198,WORK WITHOUT PERMIT-BUILDING,6650 ROYAL PALM BLVD,ACTIVE,7/24/23,198.0,NOTICE OF VIOLATION-MAIL,REINSPECTION,7/26/23,8/10/23,,legacy,,,,,,,
21-00100275,CASE CLOSED,71,margate_data.json,,40 YEAR SAFETY INSPECTIONS,6700 ROYAL PALM BLVD,7/15/21,579.0,CASE CLOSED,,2/09/23,,,Margate,21-00100275,40 YEAR SAFETY INSPECTIONS,6700 ROYAL PALM BLVD,CASE CLOSED,7/15/21,579.0,CASE CLOSED,,,,2/09/23,legacy,,,,,,,
23-00100170,ACTIVE,71,margate_data.json,,WORK WITHOUT PERMIT-BUILDING,6700 ROYAL PALM BLVD,6/19/23,233.0,NOTICE OF VIOLATION-MAIL,REINSPECTION,,6/21/23,7/06/23,Margate,23-00100170,WORK WITHOUT PERMIT-BUILDING,6700 ROYAL PALM BLVD,ACTIVE,6/19/23,233.0,NOTICE OF VIOLATION-MAIL,REINSPECTION,6/21/23,7/06/23,,legacy,,,,,,,
23-00100158,ACTIVE,71,margate_data.json,,UNSAFE STRUCTURE (BLDG),6750 ROYAL PALM BLVD,6/12/23,240.0,NOTICE OF VIOLATION-MAIL,REINSPECTION,,6/14/23,6/29/23,Margate,23-00100158,UNSAFE STRUCTURE (BLDG),6750 ROYAL PALM BLVD,ACTIVE,6/12/23,240.0,NOTICE OF VIOLATION-MAIL,REINSPECTION,6/14/23,6/29/23,,legacy,,,,,,,
23-00100273,ACTIVE,71,margate_data.json,,UNSAFE STRUCTURE (BLDG),6890 ROYAL PALM BLVD 204,10/03/23,127.0,NOTICE OF VIOLATION-MAIL,REINSPECTION,,10/05/23,10/20/23,Margate,23-00100273,UNSAFE STRUCTURE (BLDG),6890 ROYAL PALM BLVD 204,ACTIVE,10/03/23,127.0,NOTICE OF VIOLATION-MAIL,REINSPECTION,10/05/23,10/20/23,,legacy,,,,,,,
23-00100335,ACTIVE,75,margate_data.json,,40 YEAR SAFETY INSPECTIONS,7432 ROYAL PALM BLVD,10/31/23,99.0,INITIAL INSPECTION,,,,,Margate,23-00100335,40 YEAR SAFETY INSPECTIONS,7432 ROYAL PALM BLVD,ACTIVE,10/31/23,99.0,INITIAL INSPECTION,,,,,legacy,,,,,,,
20-00100290,CASE CLOSED,75,margate_data.json,,WORK WITHOUT PERMIT-BUILDING,7456 ROYAL PALM BLVD,2/18/20,1087.0,CASE CLOSED,,7/27/21,,,Margate,20-00100290,WORK WITHOUT PERMIT-BUILDING,7456 ROYAL PALM BLVD,CASE CLOSED,2/18/20,1087.0,CASE CLOSED,,,,7/27/21,legacy,,,,,,,
14-00100191,CASE CLOSED,75,margate_data.json,,WORK WITHOUT PERMIT-BUILDING,2940 E SABLE CIR,12/01/14,3152.0,CASE CLOSED,,7/20/23,,,Margate,14-00100191,WORK WITHOUT PERMIT-BUILDING,2940 E SABLE CIR,CASE CLOSED,12/01/14,3152.0,CASE CLOSED,,,,7/20/23,legacy,,,,,,,
23-00100129,CASE CLOSED,75,margate_data.json,,WORK WITHOUT PERMIT-BUILDING,6727 SALTAIRE TER,5/08/23,240.0,CASE CLOSED,,12/12/23,,,Margate,23-00100129,WORK WITHOUT PERMIT-BUILDING,6727 SALTAIRE TER,CASE CLOSED,5/08/23,240.0,CASE CLOSED,,,,12/12/23,legacy,,,,,,,
23-00100354,ACTIVE,75,margate_data.json,,40 YEAR SAFETY INSPECTIONS,5100 W SAMPLE RD,11/07/23,92.0,INITIAL INSPECTION,,,,,Margate,23-00100354,40 YEAR SAFETY INSPECTIONS,5100 W SAMPLE RD,ACTIVE,11/07/23,92.0,INITIAL INSPECTION,,,,,legacy,,,,,,,
23-00100439,ACTIVE,75,margate_data.json,,WORK WITHOUT PERMIT-BUILDING,5100 W SAMPLE RD,11/29/23,70.0,NOTICE OF VIOLATION-MAIL,REINSPECTION,,12/01/23,12/16/23,Margate,23-00100439,WORK WITHOUT PERMIT-BUILDING,5100 W SAMPLE RD,ACTIVE,11/29/23,70.0,NOTICE OF VIOLATION-MAIL,REINSPECTION,12/01/23,12/16/23,,legacy,,,,,,,
23-00100390,ACTIVE,75,margate_data.json,,40 YEAR SAFETY INSPECTIONS,5200 W SAMPLE RD,11/07/23,92.0,INITIAL INSPECTION,,,,,Margate,23-00100390,40 YEAR SAFETY INSPECTIONS,5200 W SAMPLE RD,ACTIVE,11/07/23,92.0,INITIAL INSPECTION,,,,,legacy,,,,,,,
23-00100355,ACTIVE,75,margate_data.json,,40 YEAR SAFETY INSPECTIONS,5400 W SAMPLE RD,11/07/23,92.0,INITIAL INSPECTION,,,,,Margate,23-00100355,40 YEAR SAFETY INSPECTIONS,5400 W SAMPLE RD,ACTIVE,11/07/23,92.0,INITIAL INSPECTION,,,,,legacy,,,,,,,
23-00100389,ACTIVE,75,margate_data.json,,40 YEAR SAFETY INSPECTIONS,5400 W SAMPLE RD,11/07/23,92.0,INITIAL INSPECTION,,,,,Margate,23-00100389,40 YEAR SAFETY INSPECTIONS,5400 W SAMPLE RD,ACTIVE,11/07/23,92.0,INITIAL INSPECTION,,,,,legacy,,,,,,,
23-00100138,ACTIVE,75,margate_data.json,,WORK WITHOUT PERMIT-BUILDING,5478 W SAMPLE RD,5/17/23,266.0,NOTICE OF VIOLATION-MAIL,REINSPECTION,,5/19/23,6/03/23,Margate,23-00100138,WORK WITHOUT PERMIT-BUILDING,5478 W SAMPLE RD,ACTIVE,5/17/23,266.0,NOTICE OF VIOLATION-MAIL,REINSPECTION,5/19/23,6/03/23,,legacy,,,,,,,
24-00100006,ACTIVE,75,margate_data.json,,WORK WITHOUT PERMIT-BUILDING,5502 W SAMPLE RD,1/04/24,34.0,NOTICE OF VIOLATION-MAIL,REINSPECTION,,1/06/24,1/21/24,Margate,24-00100006,WORK WITHOUT PERMIT-BUILDING,5502 W SAMPLE RD,ACTIVE,1/04/24,34.0,NOTICE OF VIOLATION-MAIL,REINSPECTION,1/06/24,1/21/24,,legacy,,,,,,,
23-00100356,CASE CLOSED,75,margate_data.json,,40 YEAR SAFETY INSPECTIONS,5590 W SAMPLE RD,11/07/23,92.0,CASE CLOSED,,1/19/24,,,Margate,23-00100356,40 YEAR SAFETY INSPECTIONS,5590 W SAMPLE RD,CASE CLOSED,11/07/23,92.0,CASE CLOSED,,,,1/19/24,legacy,,,,,,,
23-00100223,ACTIVE,75,margate_data.json,,UNSAFE STRUCTURE (BLDG),5610 W SAMPLE RD,8/10/23,181.0,NOTICE OF VIOLATION-SITE,RED TAG,,8/14/23,8/24/23,Margate,23-00100223,UNSAFE STRUCTURE (BLDG),5610 W SAMPLE RD,ACTIVE,8/10/23,181.0,NOTICE OF VIOLATION-SITE,RED TAG,8/14/23,8/24/23,,legacy,,,,,,,
23-00100314,CASE CLOSED,75,margate_data.json,,40 YEAR SAFETY INSPECTIONS,7912 W SAMPLE RD,10/31/23,99.0,CASE CLOSED,,11/26/13,,,Margate,23-00100314,40 YEAR SAFETY INSPECTIONS,7912 W SAMPLE RD,CASE CLOSED,10/31/23,99.0,CASE CLOSED,,,,11/26/13,legacy,,,,,,,
23-00100236,ACTIVE,75,margate_data.json,,WORK WITHOUT PERMIT-BUILDING,8036 W SAMPLE RD,8/22/23,169.0,NOTICE OF VIOLATION-MAIL,REINSPECTION,,8/24/23,9/08/23,Margate,23-00100236,WORK WITHOUT PERMIT-BUILDING,8036 W SAMPLE RD,ACTIVE,8/22/23,169.0,NOTICE OF VIOLATION-MAIL,REINSPECTION,8/24/23,9/08/23,,legacy,,,,,,,
23-00100279,ACTIVE,75,margate_data.json,,UNSAFE STRUCTURE (BLDG),7465 SANTA MONICA DR,10/05/23,125.0,NOTICE OF VIOLATION-MAIL,REINSPECTION,,10/06/23,10/21/23,Margate,23-00100279,UNSAFE STRUCTURE (BLDG),7465 SANTA MONICA DR,ACTIVE,10/05/23,125.0,NOTICE OF VIOLATION-MAIL,REINSPECTION,10/06/23,10/21/23,,legacy,,,,,,,
23-00100436,ACTIVE,75,margate_data.json,,WORK WITHOUT PERMIT-BUILDING,6363 SEAGRAPE CIR,11/28/23,71.0,NOTICE OF VIOLATION-SITE,RED TAG,,11/28/23,12/08/23,Margate,23-00100436,WORK WITHOUT PERMIT-BUILDING,6363 SEAGRAPE CIR,ACTIVE,11/28/23,71.0,NOTICE OF VIOLATION-SITE,RED TAG,11/28/23,12/08/23,,legacy,,,,,,,
24-00100023,ACTIVE,79,margate_data.json,,WORK WITHOUT PERMIT-BUILDING,6173 SEMINOLE TER,1/18/24,20.0,NOTICE OF VIOLATION-MAIL,REINSPECTION,,1/20/24,2/04/24,Margate,24-00100023,WORK WITHOUT PERMIT-BUILDING,6173 SEMINOLE TER,ACTIVE,1/18/24,20.0,NOTICE OF VIOLATION-MAIL,REINSPECTION,1/20/24,2/04/24,,legacy,,,,,,,
23-00100212,ACTIVE,79,margate_data.json,,WORK WITHOUT PERMIT-BUILDING,5729 SETON DR,8/07/23,184.0,NOTICE OF VIOLATION-SITE,RED TAG,,8/07/23,8/17/23,Margate,23-00100212,WORK WITHOUT PERMIT-BUILDING,5729 SETON DR,ACTIVE,8/07/23,184.0,NOTICE OF VIOLATION-SITE,RED TAG,8/07/23,8/17/23,,legacy,,,,,,,
24-00100086,ACTIVE,79,margate_data.json,,WORK WITHOUT PERMIT-BUILDING,5729 SETON DR,1/31/24,7.0,NOTICE OF VIOLATION-MAIL,REINSPECTION,,2/02/24,2/17/24,Margate,24-00100086,WORK WITHOUT PERMIT-BUILDING,5729 SETON DR,ACTIVE,1/31/24,7.0,NOTICE OF VIOLATION-MAIL,REINSPECTION,2/02/24,2/17/24,,legacy,,,,,,,
22-00100407,CASE CLOSED,79,margate_data.json,,WORK WITHOUT PERMIT-BUILDING,6114 SOUTHGATE BLVD,10/04/22,126.0,CASE CLOSED,,2/06/23,,,Margate,22-00100407,WORK WITHOUT PERMIT-BUILDING,6114 SOUTHGATE BLVD,CASE CLOSED,10/04/22,126.0,CASE CLOSED,,,,2/06/23,legacy,,,,,,,
23-00100024,ACTIVE,79,margate_data.json,,UNSAFE STRUCTURE (BLDG),6118 SOUTHGATE BLVD,2/07/23,365.0,NOTICE OF VIOLATION-MAIL,REINSPECTION,,2/09/23,2/24/23,Margate,23-00100024,UNSAFE STRUCTURE (BLDG),6118 SOUTHGATE BLVD,ACTIVE,2/07/23,365.0,NOTICE OF VIOLATION-MAIL,REINSPECTION,2/09/23,2/24/23,,legacy,,,,,,,
23-00100057,CASE CLOSED,79,margate_data.json,,UNSAFE STRUCTURE (BLDG),6123 SOUTHGATE BLVD,3/07/23,43.0,CASE CLOSED,,4/17/23,,,Margate,23-00100057,UNSAFE STRUCTURE (BLDG),6123 SOUTHGATE BLVD,CASE CLOSED,3/07/23,43.0,CASE CLOSED,,,,4/17/23,legacy,,,,,,,
23-00100054,CASE CLOSED,79,margate_data.json,,WORK WITHOUT PERMIT-BUILDING,6127 SOUTHGATE BLVD,3/07/23,79.0,CASE CLOSED,,5/24/23,,,Margate,23-00100054,WORK WITHOUT PERMIT-BUILDING,6127 SOUTHGATE BLVD,CASE CLOSED,3/07/23,79.0,CASE CLOSED,,,,5/24/23,legacy,,,,,,,
22-00100047,CASE CLOSED,79,margate_data.json,,WORK WITHOUT PERMIT-BUILDING,6326 SOUTHGATE BLVD,2/11/22,691.0,CASE CLOSED,,12/19/23,,,Margate,22-00100047,WORK WITHOUT PERMIT-BUILDING,6326 SOUTHGATE BLVD,CASE CLOSED,2/11/22,691.0,CASE CLOSED,,,,12/19/23,legacy,,,,,,,
23-00100228,ACTIVE,79,margate_data.json,,WORK WITHOUT PERMIT-BUILDING,6338 SOUTHGATE BLVD,8/15/23,176.0,NOTICE OF VIOLATION-MAIL,REINSPECTION,,8/17/23,9/01/23,Margate,23-00100228,WORK WITHOUT PERMIT-BUILDING,6338 SOUTHGATE BLVD,ACTIVE,8/15/23,176.0,NOTICE OF VIOLATION-MAIL,REINSPECTION,8/17/23,9/01/23,,legacy,,,,,,,
24-00100002,ACTIVE,79,margate_data.json,,WORK WITHOUT PERMIT-BUILDING 250 N STATE ROAD 7,,1/03/24,35.0,NOTICE OF VIOLATION-MAIL,REINSPECTION,,1/05/24,1/20/24,Margate,24-00100002,WORK WITHOUT PERMIT-BUILDING 250 N STATE ROAD 7,,ACTIVE,1/03/24,35.0,NOTICE OF VIOLATION-MAIL,REINSPECTION,1/05/24,1/20/24,,legacy,,,,,,,
23-00100430,ACTIVE,79,margate_data.json,,WORK WITHOUT PERMIT-BUILDING 301 N STATE ROAD 7,,11/22/23,77.0,NOTICE OF VIOLATION-MAIL,REINSPECTION,,11/24/23,12/09/23,Margate,23-00100430,WORK WITHOUT PERMIT-BUILDING 301 N STATE ROAD 7,,ACTIVE,11/22/23,77.0,NOTICE OF VIOLATION-MAIL,REINSPECTION,11/24/23,12/09/23,,legacy,,,,,,,
22-00100204,CASE CLOSED,79,margate_data.json,,UNSAFE STRUCTURE (BLDG) 490 N STATE ROAD 7,,5/19/22,432.0,CASE CLOSED,,7/24/23,,,Margate,22-00100204,UNSAFE STRUCTURE (BLDG) 490 N STATE ROAD 7,,CASE CLOSED,5/19/22,432.0,CASE CLOSED,,,,7/24/23,legacy,,,,,,,
23-00100309,ACTIVE,79,margate_data.json,,WORK WITHOUT PERMIT-BUILDING 490 N STATE ROAD 7,,10/19/23,111.0,NOTICE OF VIOLATION-SITE,RED TAG,,10/19/23,10/29/23,Margate,23-00100309,WORK WITHOUT PERMIT-BUILDING 490 N STATE ROAD 7,,ACTIVE,10/19/23,111.0,NOTICE OF VIOLATION-SITE,RED TAG,10/19/23,10/29/23,,legacy,,,,,,,
23-00100484,ACTIVE,79,margate_data.json,,UNSAFE STRUCTURE (BLDG) 537 N STATE ROAD 7,,12/07/23,62.0,NOTICE OF VIOLATION-SITE,RED TAG,,12/11/23,12/21/23,Margate,23-00100484,UNSAFE STRUCTURE (BLDG) 537 N STATE ROAD 7,,ACTIVE,12/07/23,62.0,NOTICE OF VIOLATION-SITE,RED TAG,12/11/23,12/21/23,,legacy,,,,,,,
23-00100343,CASE CLOSED,79,margate_data.json,,40 YEAR SAFETY INSPECTIONS 550 N STATE ROAD 7 # 1,,10/31/23,99.0,CASE CLOSED,,1/19/24,,,Margate,23-00100343,40 YEAR SAFETY INSPECTIONS 550 N STATE ROAD 7 # 1,,CASE CLOSED,10/31/23,99.0,CASE CLOSED,,,,1/19/24,legacy,,,,,,,
23-00100291,ACTIVE,79,margate_data.json,,50 YEAR SAFETY INSPECTIONS 1308 N STATE ROAD 7,,10/16/23,114.0,INITIAL INSPECTION,,,,,Margate,23-00100291,50 YEAR SAFETY INSPECTIONS 1308 N STATE ROAD 7,,ACTIVE,10/16/23,114.0,INITIAL INSPECTION,,,,,legacy,,,,,,,
23-00100299,ACTIVE,79,margate_data.json,,50 YEAR SAFETY INSPECTIONS 1308 N STATE ROAD 7,,10/16/23,114.0,INITIAL INSPECTION,,,,,Margate,23-00100299,50 YEAR SAFETY INSPECTIONS 1308 N STATE ROAD 7,,ACTIVE,10/16/23,114.0,INITIAL INSPECTION,,,,,legacy,,,,,,,
23-00100362,ACTIVE,83,margate_data.json,,40 YEAR SAFETY INSPECTIONS 1360 N STATE ROAD 7,,11/07/23,92.0,INITIAL INSPECTION,,,,,Margate,23-00100362,40 YEAR SAFETY INSPECTIONS 1360 N STATE ROAD 7,,ACTIVE,11/07/23,92.0,INITIAL INSPECTION,,,,,legacy,,,,,,,
24-00100026,ACTIVE,83,margate_data.json,,WORK WITHOUT PERMIT-BUILDING 1440 N STATE ROAD 7,,1/22/24,16.0,RED TAG NOTICE OF VIOLATION-MAIL,,,10/19/24,10/29/24,Margate,24-00100026,WORK WITHOUT PERMIT-BUILDING 1440 N STATE ROAD 7,,ACTIVE,1/22/24,16.0,RED TAG NOTICE OF VIOLATION-MAIL,,10/19/24,10/29/24,,legacy,,,,,,,
23-00100347,ACTIVE,83,margate_data.json,,WORK WITHOUT PERMIT-BUILDING 1500 N STATE ROAD 7,,10/31/23,99.0,NOTICE OF VIOLATION-MAIL,REINSPECTION,,11/02/23,11/17/23,Margate,23-00100347,WORK WITHOUT PERMIT-BUILDING 1500 N STATE ROAD 7,,ACTIVE,10/31/23,99.0,NOTICE OF VIOLATION-MAIL,REINSPECTION,11/02/23,11/17/23,,legacy,,,,,,,
23-00100292,ACTIVE,83,margate_data.json,,50 YEAR SAFETY INSPECTIONS 1507 N STATE ROAD 7,,10/16/23,114.0,INITIAL INSPECTION,,,,,Margate,23-00100292,50 YEAR SAFETY INSPECTIONS 1507 N STATE ROAD 7,,ACTIVE,10/16/23,114.0,INITIAL INSPECTION,,,,,legacy,,,,,,,
23-00100334,ACTIVE,83,margate_data.json,,40 YEAR SAFETY INSPECTIONS 1609 N STATE ROAD 7,,10/31/23,99.0,INITIAL INSPECTION,,,,,Margate,23-00100334,40 YEAR SAFETY INSPECTIONS 1609 N STATE ROAD 7,,ACTIVE,10/31/23,99.0,INITIAL INSPECTION,,,,,legacy,,,,,,,
21-00100537,CASE CLOSED,83,margate_data.json,,WORK WITHOUT PERMIT-BUILDING 1700 N STATE ROAD 7 CNTR,,12/14/21,554.0,CASE CLOSED,,6/13/23,,,Margate,21-00100537,WORK WITHOUT PERMIT-BUILDING 1700 N STATE ROAD 7 CNTR,,CASE CLOSED,12/14/21,554.0,CASE CLOSED,,,,6/13/23,legacy,,,,,,,
23-00100322,ACTIVE,83,margate_data.json,,40 YEAR SAFETY INSPECTIONS 1815 N STATE ROAD 7 # 1,,10/31/23,99.0,INITIAL INSPECTION,,,,,Margate,23-00100322,40 YEAR SAFETY INSPECTIONS 1815 N STATE ROAD 7 # 1,,ACTIVE,10/31/23,99.0,INITIAL INSPECTION,,,,,legacy,,,,,,,
23-00100167,ACTIVE,83,margate_data.json,,WORK WITHOUT PERMIT-BUILDING 1875 N STATE ROAD 7,,6/19/23,233.0,NOTICE OF VIOLATION-MAIL,REINSPECTION,,6/21/23,7/06/23,Margate,23-00100167,WORK WITHOUT PERMIT-BUILDING 1875 N STATE ROAD 7,,ACTIVE,6/19/23,233.0,NOTICE OF VIOLATION-MAIL,REINSPECTION,6/21/23,7/06/23,,legacy,,,,,,,
23-00100470,ACTIVE,83,margate_data.json,,40 YEAR SAFETY INSPECTIONS 1880 N STATE ROAD 7 # 1,,12/12/23,57.0,INITIAL INSPECTION,,,,,Margate,23-00100470,40 YEAR SAFETY INSPECTIONS 1880 N STATE ROAD 7 # 1,,ACTIVE,12/12/23,57.0,INITIAL INSPECTION,,,,,legacy,,,,,,,
23-00100471,ACTIVE,83,margate_data.json,,40 YEAR SAFETY INSPECTIONS 1880 N STATE ROAD 7 # 2,,12/12/23,57.0,INITIAL INSPECTION,,,,,Margate,23-00100471,40 YEAR SAFETY INSPECTIONS 1880 N STATE ROAD 7 # 2,,ACTIVE,12/12/23,57.0,INITIAL INSPECTION,,,,,legacy,,,,,,,
23-00100469,ACTIVE,83,margate_data.json,,40 YEAR SAFETY INSPECTIONS 1982 N STATE ROAD 7,,12/12/23,57.0,INITIAL INSPECTION,,,,,Margate,23-00100469,40 YEAR SAFETY INSPECTIONS 1982 N STATE ROAD 7,,ACTIVE,12/12/23,57.0,INITIAL INSPECTION,,,,,legacy,,,,,,,
23-00100131,CASE CLOSED,83,margate_data.json,,WORK WITHOUT PERMIT-BUILDING 2000 N STATE ROAD 7,,5/15/23,128.0,CASE CLOSED,,9/06/23,,,Margate,23-00100131,WORK WITHOUT PERMIT-BUILDING 2000 N STATE ROAD 7,,CASE CLOSED,5/15/23,128.0,CASE CLOSED,,,,9/06/23,legacy,,,,,,,
22-00100065,CASE CLOSED,83,margate_data.json,,50 YEAR SAFETY INSPECTIONS 2001 N STATE ROAD 7,,2/26/22,432.0,CASE CLOSED,,5/02/23,,,Margate,22-00100065,50 YEAR SAFETY INSPECTIONS 2001 N STATE ROAD 7,,CASE CLOSED,2/26/22,432.0,CASE CLOSED,,,,5/02/23,legacy,,,,,,,
22-00100461,CASE CLOSED,83,margate_data.json,,WORK WITHOUT PERMIT-BUILDING 2001 N STATE ROAD 7,,12/14/22,141.0,CASE CLOSED,,5/01/23,,,Margate,22-00100461,WORK WITHOUT PERMIT-BUILDING 2001 N STATE ROAD 7,,CASE CLOSED,12/14/22,141.0,CASE CLOSED,,,,5/01/23,legacy,,,,,,,
23-00100132,ACTIVE,83,margate_data.json,,WORK WITHOUT PERMIT-BUILDING 2020 N STATE ROAD 7,,5/15/23,268.0,NOTICE OF VIOLATION-MAIL,REINSPECTION,,5/17/23,6/01/23,Margate,23-00100132,WORK WITHOUT PERMIT-BUILDING 2020 N STATE ROAD 7,,ACTIVE,5/15/23,268.0,NOTICE OF VIOLATION-MAIL,REINSPECTION,5/17/23,6/01/23,,legacy,,,,,,,
21-00100396,CASE CLOSED,83,margate_data.json,,WORK WITHOUT PERMIT-BUILDING 2099 N STATE ROAD 7,,9/22/21,534.0,CASE CLOSED,,3/09/23,,,Margate,21-00100396,WORK WITHOUT PERMIT-BUILDING 2099 N STATE ROAD 7,,CASE CLOSED,9/22/21,534.0,CASE CLOSED,,,,3/09/23,legacy,,,,,,,
23-00100021,ACTIVE,83,margate_data.json,,UNSAFE STRUCTURE (BLDG) 2121 N STATE ROAD 7,,2/06/23,366.0,NOTICE OF VIOLATION-MAIL,REINSPECTION,,2/07/23,2/22/23,Margate,23-00100021,UNSAFE STRUCTURE (BLDG) 2121 N STATE ROAD 7,,ACTIVE,2/06/23,366.0,NOTICE OF VIOLATION-MAIL,REINSPECTION,2/07/23,2/22/23,,legacy,,,,,,,
23-00100418,CASE CLOSED,87,margate_data.json,,WORK WITHOUT PERMIT-BUILDING 2121 N STATE ROAD 7,,11/13/23,36.0,CASE CLOSED,,12/18/23,,,Margate,23-00100418,WORK WITHOUT PERMIT-BUILDING 2121 N STATE ROAD 7,,CASE CLOSED,11/13/23,36.0,CASE CLOSED,,,,12/18/23,legacy,,,,,,,
23-00100298,ACTIVE,87,margate_data.json,,50 YEAR SAFETY INSPECTIONS 2155 N STATE ROAD 7 # B,,10/16/23,114.0,INITIAL INSPECTION,,,,,Margate,23-00100298,50 YEAR SAFETY INSPECTIONS 2155 N STATE ROAD 7 # B,,ACTIVE,10/16/23,114.0,INITIAL INSPECTION,,,,,legacy,,,,,,,
24-00100034,ACTIVE,87,margate_data.json,,40 YEAR SAFETY INSPECTIONS 2402 N STATE ROAD 7,,2/07/24,2.0,INITIAL INSPECTION,,,,,Margate,24-00100034,40 YEAR SAFETY INSPECTIONS 2402 N STATE ROAD 7,,ACTIVE,2/07/24,2.0,INITIAL INSPECTION,,,,,legacy,,,,,,,
22-00100217,CASE CLOSED,87,margate_data.json,,WORK WITHOUT PERMIT-BUILDING 2452 N STATE ROAD 7,,6/03/22,257.0,CASE CLOSED,,2/09/23,,,Margate,22-00100217,WORK WITHOUT PERMIT-BUILDING 2452 N STATE ROAD 7,,CASE CLOSED,6/03/22,257.0,CASE CLOSED,,,,2/09/23,legacy,,,,,,,
23-00100451,ACTIVE,87,margate_data.json,,WORK WITHOUT PERMIT-BUILDING 2708 N STATE ROAD 7,,12/07/23,62.0,NOTICE OF VIOLATION-MAIL,REINSPECTION,,12/11/23,12/26/23,Margate,23-00100451,WORK WITHOUT PERMIT-BUILDING 2708 N STATE ROAD 7,,ACTIVE,12/07/23,62.0,NOTICE OF VIOLATION-MAIL,REINSPECTION,12/11/23,12/26/23,,legacy,,,,,,,
23-00100353,ACTIVE,87,margate_data.json,,40 YEAR SAFETY INSPECTIONS 2800 N STATE ROAD 7 # 1,,11/07/23,92.0,INITIAL INSPECTION,,,,,Margate,23-00100353,40 YEAR SAFETY INSPECTIONS 2800 N STATE ROAD 7 # 1,,ACTIVE,11/07/23,92.0,INITIAL INSPECTION,,,,,legacy,,,,,,,
23-00100364,ACTIVE,87,margate_data.json,,40 YEAR SAFETY INSPECTIONS 2800 N STATE ROAD 7 # 1,,11/07/23,92.0,INITIAL INSPECTION,,,,,Margate,23-00100364,40 YEAR SAFETY INSPECTIONS 2800 N STATE ROAD 7 # 1,,ACTIVE,11/07/23,92.0,INITIAL INSPECTION,,,,,legacy,,,,,,,
23-00100323,ACTIVE,87,margate_data.json,,40 YEAR SAFETY INSPECTIONS 2801 N STATE ROAD 7 # 1,,10/31/23,99.0,INITIAL INSPECTION,,,,,Margate,23-00100323,40 YEAR SAFETY INSPECTIONS 2801 N STATE ROAD 7 # 1,,ACTIVE,10/31/23,99.0,INITIAL INSPECTION,,,,,legacy,,,,,,,
23-00100332,ACTIVE,87,margate_data.json,,40 YEAR SAFETY INSPECTIONS 2851 N STATE ROAD 7,,10/31/23,99.0,INITIAL INSPECTION,,,,,Margate,23-00100332,40 YEAR SAFETY INSPECTIONS 2851 N STATE ROAD 7,,ACTIVE,10/31/23,99.0,INITIAL INSPECTION,,,,,legacy,,,,,,,
23-00100331,ACTIVE,87,margate_data.json,,40 YEAR SAFETY INSPECTIONS 3101 N STATE ROAD 7 # A,,10/31/23,99.0,INITIAL INSPECTION,,,,,Margate,23-00100331,40 YEAR SAFETY INSPECTIONS 3101 N STATE ROAD 7 # A,,ACTIVE,10/31/23,99.0,INITIAL INSPECTION,,,,,legacy,,,,,,,
23-00100329,ACTIVE,87,margate_data.json,,40 YEAR SAFETY INSPECTIONS 3105 N STATE ROAD 7,,10/31/23,99.0,INITIAL INSPECTION,,,,,Margate,23-00100329,40 YEAR SAFETY INSPECTIONS 3105 N STATE ROAD 7,,ACTIVE,10/31/23,99.0,INITIAL INSPECTION,,,,,legacy,,,,,,,
23-00100330,ACTIVE,87,margate_data.json,,40 YEAR SAFETY INSPECTIONS 3175 N STATE ROAD 7,,10/31/23,99.0,INITIAL INSPECTION,,,,,Margate,23-00100330,40 YEAR SAFETY INSPECTIONS 3175 N STATE ROAD 7,,ACTIVE,10/31/23,99.0,INITIAL INSPECTION,,,,,legacy,,,,,,,
23-00100027,ACTIVE,87,margate_data.json,,WORK WITHOUT PERMIT-BUILDING 3251 N STATE ROAD 7,,2/07/23,365.0,NOTICE OF VIOLATION-MAIL,REINSPECTION,,2/09/23,2/24/23,Margate,23-00100027,WORK WITHOUT PERMIT-BUILDING 3251 N STATE ROAD 7,,ACTIVE,2/07/23,365.0,NOTICE OF VIOLATION-MAIL,REINSPECTION,2/09/23,2/24/23,,legacy,,,,,,,
23-00100351,IN COMPLIANCE/OPEN FINES,87,margate_data.json,,40 YEAR SAFETY INSPECTIONS 125 S STATE ROAD 7,,11/07/23,92.0,INITIAL INSPECTION,,,,,Margate,23-00100351,40 YEAR SAFETY INSPECTIONS 125 S STATE ROAD 7,,IN COMPLIANCE/OPEN FINES,11/07/23,92.0,INITIAL INSPECTION,,,,,legacy,,,,,,,
23-00100302,ACTIVE,87,margate_data.json,,50 YEAR SAFETY INSPECTIONS 167 S STATE ROAD 7,,10/16/23,114.0,INITIAL INSPECTION,,,,,Margate,23-00100302,50 YEAR SAFETY INSPECTIONS 167 S STATE ROAD 7,,ACTIVE,10/16/23,114.0,INITIAL INSPECTION,,,,,legacy,,,,,,,
23-00100126,ACTIVE,87,margate_data.json,,WORK WITHOUT PERMIT-BUILDING 267 S STATE ROAD 7,,5/01/23,282.0,NOTICE OF VIOLATION-MAIL,REINSPECTION,,5/03/23,5/18/23,Margate,23-00100126,WORK WITHOUT PERMIT-BUILDING 267 S STATE ROAD 7,,ACTIVE,5/01/23,282.0,NOTICE OF VIOLATION-MAIL,REINSPECTION,5/03/23,5/18/23,,legacy,,,,,,,
20-00100472,CASE CLOSED,87,margate_data.json,,WORK WITHOUT PERMIT-BUILDING 320 S STATE ROAD 7,,9/08/20,1094.0,CASE CLOSED,,9/06/23,,,Margate,20-00100472,WORK WITHOUT PERMIT-BUILDING 320 S STATE ROAD 7,,CASE CLOSED,9/08/20,1094.0,CASE CLOSED,,,,9/06/23,legacy,,,,,,,
24-00100082,ACTIVE,91,margate_data.json,,40 YEAR SAFETY INSPECTIONS 441 S STATE ROAD 7,,2/07/24,2.0,INITIAL INSPECTION,,,,,Margate,24-00100082,40 YEAR SAFETY INSPECTIONS 441 S STATE ROAD 7,,ACTIVE,2/07/24,2.0,INITIAL INSPECTION,,,,,legacy,,,,,,,
24-00100083,ACTIVE,91,margate_data.json,,40 YEAR SAFETY INSPECTIONS 541 S STATE ROAD 7,,2/07/24,2.0,INITIAL INSPECTION,,,,,Margate,24-00100083,40 YEAR SAFETY INSPECTIONS 541 S STATE ROAD 7,,ACTIVE,2/07/24,2.0,INITIAL INSPECTION,,,,,legacy,,,,,,,
23-00100001,IN COMPLIANCE/OPEN FINES,91,margate_data.json,,40 YEAR SAFETY INSPECTIONS 607 S STATE ROAD 7,,1/11/23,392.0,CASE CLOSED CASE CLOSED,,,6/07/23,6/07/23,Margate,23-00100001,40 YEAR SAFETY INSPECTIONS 607 S STATE ROAD 7,,IN COMPLIANCE/OPEN FINES,1/11/23,392.0,CASE CLOSED CASE CLOSED,,6/07/23,6/07/23,,legacy,,,,,,,
01-00102667,CASE CLOSED,91,margate_data.json,,EXISTING BLDG VIOLATIONS (BLDG) 624 S STATE ROAD 7,,5/16/01,8009.0,CASE CLOSED,,4/24/23,,,Margate,01-00102667,EXISTING BLDG VIOLATIONS (BLDG) 624 S STATE ROAD 7,,CASE CLOSED,5/16/01,8009.0,CASE CLOSED,,,,4/24/23,legacy,,,,,,,
23-00100038,ACTIVE,91,margate_data.json,,WORK WITHOUT PERMIT-BUILDING 628 S STATE ROAD 7,,2/23/23,349.0,NOTICE OF VIOLATION-MAIL,REINSPECTION,,2/25/23,3/12/23,Margate,23-00100038,WORK WITHOUT PERMIT-BUILDING 628 S STATE ROAD 7,,ACTIVE,2/23/23,349.0,NOTICE OF VIOLATION-MAIL,REINSPECTION,2/25/23,3/12/23,,legacy,,,,,,,
24-00100081,ACTIVE,91,margate_data.json,,40 YEAR SAFETY INSPECTIONS 767 S STATE ROAD 7,,2/07/24,2.0,INITIAL INSPECTION,,,,,Margate,24-00100081,40 YEAR SAFETY INSPECTIONS 767 S STATE ROAD 7,,ACTIVE,2/07/24,2.0,INITIAL INSPECTION,,,,,legacy,,,,,,,
24-00100079,ACTIVE,91,margate_data.json,,40 YEAR SAFETY INSPECTIONS 777 S STATE ROAD 7,,2/07/24,2.0,INITIAL INSPECTION,,,,,Margate,24-00100079,40 YEAR SAFETY INSPECTIONS 777 S STATE ROAD 7,,ACTIVE,2/07/24,2.0,INITIAL INSPECTION,,,,,legacy,,,,,,,
23-00100096,CASE CLOSED,91,margate_data.json,,WORK WITHOUT PERMIT-BUILDING 1100 S STATE ROAD 7 103,,4/12/23,28.0,CASE CLOSED,,5/09/23,,,Margate,23-00100096,WORK WITHOUT PERMIT-BUILDING 1100 S STATE ROAD 7 103,,CASE CLOSED,4/12/23,28.0,CASE CLOSED,,,,5/09/23,legacy,,,,,,,
23-00100238,ACTIVE,91,margate_data.json,,WORK WITHOUT PERMIT-BUILDING,373 SUNDIAL CIR CIR,8/28/23,163.0,NOTICE OF VIOLATION-MAIL,REINSPECTION,,8/28/23,9/12/23,Margate,23-00100238,WORK WITHOUT PERMIT-BUILDING,373 SUNDIAL CIR CIR,ACTIVE,8/28/23,163.0,NOTICE OF VIOLATION-MAIL,REINSPECTION,8/28/23,9/12/23,,legacy,,,,,,,
23-00100272,ACTIVE,91,margate_data.json,,WORK WITHOUT PERMIT-BUILDING,392 SUNDIAL CIR CIR,10/03/23,127.0,NOTICE OF VIOLATION-MAIL,REINSPECTION,,10/04/23,10/19/23,Margate,23-00100272,WORK WITHOUT PERMIT-BUILDING,392 SUNDIAL CIR CIR,ACTIVE,10/03/23,127.0,NOTICE OF VIOLATION-MAIL,REINSPECTION,10/04/23,10/19/23,,legacy,,,,,,,
23-00100221,ACTIVE,91,margate_data.json,,UNSAFE STRUCTURE (BLDG),7615 SUNFLOWER DR,8/08/23,183.0,NOTICE OF VIOLATION-MAIL,REINSPECTION,,8/10/23,8/25/23,Margate,23-00100221,UNSAFE STRUCTURE (BLDG),7615 SUNFLOWER DR,ACTIVE,8/08/23,183.0,NOTICE OF VIOLATION-MAIL,REINSPECTION,8/10/23,8/25/23,,legacy,,,,,,,
23-00100030,CASE CLOSED,91,margate_data.json,,WORK WITHOUT PERMIT-BUILDING,3004 SUNSET LN,2/08/23,37.0,CASE CLOSED,,3/16/23,,,Margate,23-00100030,WORK WITHOUT PERMIT-BUILDING,3004 SUNSET LN,CASE CLOSED,2/08/23,37.0,CASE CLOSED,,,,3/16/23,legacy,,,,,,,
23-00100029,CASE CLOSED,91,margate_data.json,,WORK WITHOUT PERMIT-BUILDING,3010 SUNSET LN,2/07/23,100.0,CASE CLOSED,,5/10/23,,,Margate,23-00100029,WORK WITHOUT PERMIT-BUILDING,3010 SUNSET LN,CASE CLOSED,2/07/23,100.0,CASE CLOSED,,,,5/10/23,legacy,,,,,,,
21-00100144,CASE CLOSED,91,margate_data.json,,WORK WITHOUT PERMIT-BUILDING,3136 SUNSET CIR,4/19/21,660.0,CASE CLOSED,,8/10/21,,,Margate,21-00100144,WORK WITHOUT PERMIT-BUILDING,3136 SUNSET CIR,CASE CLOSED,4/19/21,660.0,CASE CLOSED,,,,8/10/21,legacy,,,,,,,
23-00100005,CASE CLOSED,91,margate_data.json,,WORK WITHOUT PERMIT-BUILDING,3136 SUNSET CIR,1/23/23,57.0,CASE CLOSED,,3/16/23,,,Margate,23-00100005,WORK WITHOUT PERMIT-BUILDING,3136 SUNSET CIR,CASE CLOSED,1/23/23,57.0,CASE CLOSED,,,,3/16/23,legacy,,,,,,,
24-00100055,ACTIVE,91,margate_data.json,,WORK WITHOUT PERMIT-BUILDING,7464 VISCAYA CIR,1/31/24,7.0,NOTICE OF VIOLATION-MAIL,REINSPECTION,,2/02/24,2/17/24,Margate,24-00100055,WORK WITHOUT PERMIT-BUILDING,7464 VISCAYA CIR,ACTIVE,1/31/24,7.0,NOTICE OF VIOLATION-MAIL,REINSPECTION,2/02/24,2/17/24,,legacy,,,,,,,
23-00100345,ACTIVE,91,margate_data.json,,WORK WITHOUT PERMIT-BUILDING,5755 WINFIELD BLVD,10/26/23,104.0,NOTICE OF VIOLATION-MAIL,REINSPECTION,,10/27/23,11/11/23,Margate,23-00100345,WORK WITHOUT PERMIT-BUILDING,5755 WINFIELD BLVD,ACTIVE,10/26/23,104.0,NOTICE OF VIOLATION-MAIL,REINSPECTION,10/27/23,11/11/23,,legacy,,,,,,,
24-00100028,ACTIVE,95,margate_data.json,,WORK WITHOUT PERMIT-BUILDING,6118 WINFIELD BLVD,1/24/24,14.0,NOTICE OF VIOLATION-SITE,RED TAG,,1/24/24,2/03/24,Margate,24-00100028,WORK WITHOUT PERMIT-BUILDING,6118 WINFIELD BLVD,ACTIVE,1/24/24,14.0,NOTICE OF VIOLATION-SITE,RED TAG,1/24/24,2/03/24,,legacy,,,,,,,
23-00100100,ACTIVE,95,margate_data.json,,WORK WITHOUT PERMIT-BUILDING,6129 WINFIELD BLVD,4/12/23,301.0,NOTICE OF VIOLATION-MAIL,REINSPECTION,,4/14/23,4/29/23,Margate,23-00100100,WORK WITHOUT PERMIT-BUILDING,6129 WINFIELD BLVD,ACTIVE,4/12/23,301.0,NOTICE OF VIOLATION-MAIL,REINSPECTION,4/14/23,4/29/23,,legacy,,,,,,,
23-00100101,CASE CLOSED,95,margate_data.json,,WORK WITHOUT PERMIT-BUILDING,6344 WINFIELD BLVD,4/12/23,44.0,CASE CLOSED,,5/25/23,,,Margate,23-00100101,WORK WITHOUT PERMIT-BUILDING,6344 WINFIELD BLVD,CASE CLOSED,4/12/23,44.0,CASE CLOSED,,,,5/25/23,legacy,,,,,,,
23-00100293,ACTIVE,95,margate_data.json,,50 YEAR SAFETY INSPECTIONS,6500 WINFIELD BLVD,10/16/23,114.0,INITIAL INSPECTION,,,,,Margate,23-00100293,50 YEAR SAFETY INSPECTIONS,6500 WINFIELD BLVD,ACTIVE,10/16/23,114.0,INITIAL INSPECTION,,,,,legacy,,,,,,,
21-00100346,CASE CLOSED,95,margate_data.json,,40 YEAR SAFETY INSPECTIONS,6501 WINFIELD BLVD,8/04/21,638.0,CASE CLOSED,,9/28/21,,,Margate,21-00100346,40 YEAR SAFETY INSPECTIONS,6501 WINFIELD BLVD,CASE CLOSED,8/04/21,638.0,CASE CLOSED,,,,9/28/21,legacy,,,,,,,
23-00100112,ACTIVE,95,margate_data.json,,UNSAFE STRUCTURE (BLDG),6505 WINFIELD BLVD,4/19/23,294.0,NOTICE OF VIOLATION-MAIL,REINSPECTION,,4/24/23,5/09/23,Margate,23-00100112,UNSAFE STRUCTURE (BLDG),6505 WINFIELD BLVD,ACTIVE,4/19/23,294.0,NOTICE OF VIOLATION-MAIL,REINSPECTION,4/24/23,5/09/23,,legacy,,,,,,,
21-00100276,CASE CLOSED,95,margate_data.json,,WORK WITHOUT PERMIT-BUILDING,6507 WINFIELD BLVD 202,7/15/21,649.0,CASE CLOSED,,4/20/23,,,Margate,21-00100276,WORK WITHOUT PERMIT-BUILDING,6507 WINFIELD BLVD 202,CASE CLOSED,7/15/21,649.0,CASE CLOSED,,,,4/20/23,legacy,,,,,,,
23-00100294,ACTIVE,95,margate_data.json,,50 YEAR SAFETY INSPECTIONS,6510 WINFIELD BLVD,10/16/23,114.0,INITIAL INSPECTION,,,,,Margate,23-00100294,50 YEAR SAFETY INSPECTIONS,6510 WINFIELD BLVD,ACTIVE,10/16/23,114.0,INITIAL INSPECTION,,,,,legacy,,,,,,,
23-00100290,ACTIVE,95,margate_data.json,,50 YEAR SAFETY INSPECTIONS,6520 WINFIELD BLVD,10/16/23,114.0,INITIAL INSPECTION,,,,,Margate,23-00100290,50 YEAR SAFETY INSPECTIONS,6520 WINFIELD BLVD,ACTIVE,10/16/23,114.0,INITIAL INSPECTION,,,,,legacy,,,,,,,
23-00100295,ACTIVE,95,margate_data.json,,50 YEAR SAFETY INSPECTIONS,6550 WINFIELD BLVD,10/16/23,114.0,INITIAL INSPECTION,,,,,Margate,23-00100295,50 YEAR SAFETY INSPECTIONS,6550 WINFIELD BLVD,ACTIVE,10/16/23,114.0,INITIAL INSPECTION,,,,,legacy,,,,,,,
23-00100296,ACTIVE,95,margate_data.json,,50 YEAR SAFETY INSPECTIONS,6560 WINFIELD BLVD,10/16/23,114.0,INITIAL INSPECTION,,,,,Margate,23-00100296,50 YEAR SAFETY INSPECTIONS,6560 WINFIELD BLVD,ACTIVE,10/16/23,114.0,INITIAL INSPECTION,,,,,legacy,,,,,,,
23-00100201,CASE CLOSED,95,margate_data.json,,WORK WITHOUT PERMIT-BUILDING,6705 WINFIELD BLVD,7/26/23,38.0,CASE CLOSED,,8/29/23,,,Margate,23-00100201,WORK WITHOUT PERMIT-BUILDING,6705 WINFIELD BLVD,CASE CLOSED,7/26/23,38.0,CASE CLOSED,,,,8/29/23,legacy,,,,,,,
23-00100164,CASE CLOSED,95,margate_data.json,,WORK WITHOUT PERMIT-BUILDING,3025 WOODLANDS DR,6/19/23,127.0,CASE CLOSED,,10/23/23,,,Margate,23-00100164,WORK WITHOUT PERMIT-BUILDING,3025 WOODLANDS DR,CASE CLOSED,6/19/23,127.0,CASE CLOSED,,,,10/23/23,legacy,,,,,,,
23-00100349,ACTIVE,95,margate_data.json,,40 YEAR SAFETY INSPECTIONS,6246 NW 1ST ST,11/07/23,92.0,INITIAL INSPECTION,,,,,Margate,23-00100349,40 YEAR SAFETY INSPECTIONS,6246 NW 1ST ST,ACTIVE,11/07/23,92.0,INITIAL INSPECTION,,,,,legacy,,,,,,,
23-00100147,ACTIVE,95,margate_data.json,,WORK WITHOUT PERMIT-BUILDING,6972 NW 1ST ST,5/25/23,258.0,NOTICE OF VIOLATION-MAIL,REINSPECTION,,5/27/23,6/11/23,Margate,23-00100147,WORK WITHOUT PERMIT-BUILDING,6972 NW 1ST ST,ACTIVE,5/25/23,258.0,NOTICE OF VIOLATION-MAIL,REINSPECTION,5/27/23,6/11/23,,legacy,,,,,,,
23-00100189,ACTIVE,95,margate_data.json,,UNSAFE STRUCTURE (BLDG),7310 NW 1ST ST 205,7/13/23,209.0,NOTICE OF VIOLATION-MAIL,REINSPECTION,,7/15/23,7/30/23,Margate,23-00100189,UNSAFE STRUCTURE (BLDG),7310 NW 1ST ST 205,ACTIVE,7/13/23,209.0,NOTICE OF VIOLATION-MAIL,REINSPECTION,7/15/23,7/30/23,,legacy,,,,,,,
08-00100058,CASE CLOSED,95,margate_data.json,,WORK WITHOUT PERMIT-BUILDING,7640 NW 1ST ST BDG82,9/04/08,5345.0,CASE CLOSED,,9/20/08,,,Margate,08-00100058,WORK WITHOUT PERMIT-BUILDING,7640 NW 1ST ST BDG82,CASE CLOSED,9/04/08,5345.0,CASE CLOSED,,,,9/20/08,legacy,,,,,,,
23-00100196,ACTIVE,99,margate_data.json,,WORK WITHOUT PERMIT-BUILDING,7640 NW 1ST ST 204,7/18/23,204.0,NOTICE OF VIOLATION-MAIL,REINSPECTION,,7/20/23,8/04/23,Margate,23-00100196,WORK WITHOUT PERMIT-BUILDING,7640 NW 1ST ST 204,ACTIVE,7/18/23,204.0,NOTICE OF VIOLATION-MAIL,REINSPECTION,7/20/23,8/04/23,,legacy,,,,,,,
20-00100438,CASE CLOSED,99,margate_data.json,,WORK WITHOUT PERMIT-BUILDING,6302 SW 1ST ST,7/21/20,1036.0,CASE CLOSED,,2/23/21,,,Margate,20-00100438,WORK WITHOUT PERMIT-BUILDING,6302 SW 1ST ST,CASE CLOSED,7/21/20,1036.0,CASE CLOSED,,,,2/23/21,legacy,,,,,,,
23-00100050,ACTIVE,99,margate_data.json,,WORK WITHOUT PERMIT-BUILDING,7234 SW 1ST ST,3/06/23,338.0,NOTICE OF VIOLATION-MAIL,REINSPECTION,,3/08/23,3/23/23,Margate,23-00100050,WORK WITHOUT PERMIT-BUILDING,7234 SW 1ST ST,ACTIVE,3/06/23,338.0,NOTICE OF VIOLATION-MAIL,REINSPECTION,3/08/23,3/23/23,,legacy,,,,,,,
21-00100112,CASE CLOSED,99,margate_data.json,,WORK WITHOUT PERMIT-BUILDING,7330 SW 1ST ST,3/22/21,1019.0,CASE CLOSED,,1/04/24,,,Margate,21-00100112,WORK WITHOUT PERMIT-BUILDING,7330 SW 1ST ST,CASE CLOSED,3/22/21,1019.0,CASE CLOSED,,,,1/04/24,legacy,,,,,,,
15-00100033,CASE CLOSED,99,margate_data.json,,WORK WITHOUT PERMIT-BUILDING,7470 SW 1ST ST,5/12/15,2987.0,CASE CLOSED,,7/17/23,,,Margate,15-00100033,WORK WITHOUT PERMIT-BUILDING,7470 SW 1ST ST,CASE CLOSED,5/12/15,2987.0,CASE CLOSED,,,,7/17/23,legacy,,,,,,,
23-00100105,ACTIVE,99,margate_data.json,,UNSAFE STRUCTURE (BLDG),5165 SW 10TH CT,4/17/23,296.0,NOTICE OF VIOLATION-MAIL,REINSPECTION,,4/19/23,5/04/23,Margate,23-00100105,UNSAFE STRUCTURE (BLDG),5165 SW 10TH CT,ACTIVE,4/17/23,296.0,NOTICE OF VIOLATION-MAIL,REINSPECTION,4/19/23,5/04/23,,legacy,,,,,,,
23-00100153,ACTIVE,99,margate_data.json,,WORK WITHOUT PERMIT-BUILDING,5571 SW 10TH PL,6/05/23,247.0,NOTICE OF VIOLATION-MAIL,REINSPECTION,,6/07/23,6/22/23,Margate,23-00100153,WORK WITHOUT PERMIT-BUILDING,5571 SW 10TH PL,ACTIVE,6/05/23,247.0,NOTICE OF VIOLATION-MAIL,REINSPECTION,6/07/23,6/22/23,,legacy,,,,,,,
23-00100048,CASE CLOSED,99,margate_data.json,,WORK WITHOUT PERMIT-BUILDING,6795 NW 11TH CT,3/06/23,232.0,REINSPECTION CASE CLOSED,,,10/23/23,10/23/23,Margate,23-00100048,WORK WITHOUT PERMIT-BUILDING,6795 NW 11TH CT,CASE CLOSED,3/06/23,232.0,REINSPECTION CASE CLOSED,,10/23/23,10/23/23,,legacy,,,,,,,
23-00100242,ACTIVE,99,margate_data.json,,WORK WITHOUT PERMIT-BUILDING,6795 NW 11TH CT,8/30/23,161.0,NOTICE OF VIOLATION-MAIL,REINSPECTION,,8/31/23,9/15/23,Margate,23-00100242,WORK WITHOUT PERMIT-BUILDING,6795 NW 11TH CT,ACTIVE,8/30/23,161.0,NOTICE OF VIOLATION-MAIL,REINSPECTION,8/31/23,9/15/23,,legacy,,,,,,,
23-00100497,ACTIVE,99,margate_data.json,,UNSAFE STRUCTURE (BLDG),6860 NW 11TH CT,12/28/23,41.0,NOTICE OF VIOLATION-MAIL,REINSPECTION,,12/30/23,1/14/24,Margate,23-00100497,UNSAFE STRUCTURE (BLDG),6860 NW 11TH CT,ACTIVE,12/28/23,41.0,NOTICE OF VIOLATION-MAIL,REINSPECTION,12/30/23,1/14/24,,legacy,,,,,,,
23-00100077,CASE CLOSED,99,margate_data.json,,WORK WITHOUT PERMIT-BUILDING,6940 NW 11TH CT,3/23/23,131.0,CASE CLOSED,,7/27/23,,,Margate,23-00100077,WORK WITHOUT PERMIT-BUILDING,6940 NW 11TH CT,CASE CLOSED,3/23/23,131.0,CASE CLOSED,,,,7/27/23,legacy,,,,,,,
23-00100222,ACTIVE,99,margate_data.json,,WORK WITHOUT PERMIT-BUILDING,8081 NW 11TH ST,8/09/23,182.0,NOTICE OF VIOLATION-MAIL,REINSPECTION,,8/11/23,8/26/23,Margate,23-00100222,WORK WITHOUT PERMIT-BUILDING,8081 NW 11TH ST,ACTIVE,8/09/23,182.0,NOTICE OF VIOLATION-MAIL,REINSPECTION,8/11/23,8/26/23,,legacy,,,,,,,
21-00100043,CASE CLOSED,99,margate_data.json,,WORK WITHOUT PERMIT-BUILDING,4908 SW 11TH PL,2/01/21,1040.0,CASE CLOSED,,12/07/23,,,Margate,21-00100043,WORK WITHOUT PERMIT-BUILDING,4908 SW 11TH PL,CASE CLOSED,2/01/21,1040.0,CASE CLOSED,,,,12/07/23,legacy,,,,,,,
23-00100163,ACTIVE,99,margate_data.json,,UNSAFE STRUCTURE (BLDG),5451 SW 11TH ST # 1D,6/14/23,238.0,NOTICE OF VIOLATION-MAIL,REINSPECTION,,6/16/23,7/01/23,Margate,23-00100163,UNSAFE STRUCTURE (BLDG),5451 SW 11TH ST # 1D,ACTIVE,6/14/23,238.0,NOTICE OF VIOLATION-MAIL,REINSPECTION,6/16/23,7/01/23,,legacy,,,,,,,
24-00100085,ACTIVE,99,margate_data.json,,40 YEAR SAFETY INSPECTIONS,5451 SW 11TH ST,2/07/24,2.0,INITIAL INSPECTION,,,,,Margate,24-00100085,40 YEAR SAFETY INSPECTIONS,5451 SW 11TH ST,ACTIVE,2/07/24,2.0,INITIAL INSPECTION,,,,,legacy,,,,,,,
24-00100084,ACTIVE,99,margate_data.json,,40 YEAR SAFETY INSPECTIONS,5501 SW 11TH ST,2/07/24,2.0,INITIAL INSPECTION,,,,,Margate,24-00100084,40 YEAR SAFETY INSPECTIONS,5501 SW 11TH ST,ACTIVE,2/07/24,2.0,INITIAL INSPECTION,,,,,legacy,,,,,,,
23-00100244,CASE CLOSED,99,margate_data.json,,WORK WITHOUT PERMIT-BUILDING,6715 NW 12TH ST,8/30/23,48.0,CASE CLOSED,,10/12/23,,,Margate,23-00100244,WORK WITHOUT PERMIT-BUILDING,6715 NW 12TH ST,CASE CLOSED,8/30/23,48.0,CASE CLOSED,,,,10/12/23,legacy,,,,,,,
24-00100007,ACTIVE,103,margate_data.json,,WORK WITHOUT PERMIT-BUILDING,6715 NW 12TH ST,1/04/24,34.0,NOTICE OF VIOLATION-MAIL,REINSPECTION,,1/06/24,1/21/24,Margate,24-00100007,WORK WITHOUT PERMIT-BUILDING,6715 NW 12TH ST,ACTIVE,1/04/24,34.0,NOTICE OF VIOLATION-MAIL,REINSPECTION,1/06/24,1/21/24,,legacy,,,,,,,
23-00100195,CASE CLOSED,103,margate_data.json,,UNSAFE STRUCTURE (BLDG),6800 NW 12TH ST,7/17/23,135.0,CASE CLOSED,,11/28/23,,,Margate,23-00100195,UNSAFE STRUCTURE (BLDG),6800 NW 12TH ST,CASE CLOSED,7/17/23,135.0,CASE CLOSED,,,,11/28/23,legacy,,,,,,,
23-00100437,ACTIVE,103,margate_data.json,,WORK WITHOUT PERMIT-BUILDING,6800 NW 12TH ST,11/28/23,71.0,NOTICE OF VIOLATION-MAIL,REINSPECTION,,11/30/23,12/15/23,Margate,23-00100437,WORK WITHOUT PERMIT-BUILDING,6800 NW 12TH ST,ACTIVE,11/28/23,71.0,NOTICE OF VIOLATION-MAIL,REINSPECTION,11/30/23,12/15/23,,legacy,,,,,,,
23-00100361,ACTIVE,103,margate_data.json,,40 YEAR SAFETY INSPECTIONS,5100 NW 15TH ST,11/07/23,92.0,INITIAL INSPECTION,,,,,Margate,23-00100361,40 YEAR SAFETY INSPECTIONS,5100 NW 15TH ST,ACTIVE,11/07/23,92.0,INITIAL INSPECTION,,,,,legacy,,,,,,,
23-00100363,ACTIVE,103,margate_data.json,,40 YEAR SAFETY INSPECTIONS,5183 NW 15TH ST,11/07/23,92.0,INITIAL INSPECTION,,,,,Margate,23-00100363,40 YEAR SAFETY INSPECTIONS,5183 NW 15TH ST,ACTIVE,11/07/23,92.0,INITIAL INSPECTION,,,,,legacy,,,,,,,
23-00100398,ACTIVE,103,margate_data.json,,40 YEAR SAFETY INSPECTIONS,5183 NW 15TH ST,11/07/23,92.0,INITIAL INSPECTION,,,,,Margate,23-00100398,40 YEAR SAFETY INSPECTIONS,5183 NW 15TH ST,ACTIVE,11/07/23,92.0,INITIAL INSPECTION,,,,,legacy,,,,,,,
23-00100399,ACTIVE,103,margate_data.json,,40 YEAR SAFETY INSPECTIONS,5183 NW 15TH ST,11/07/23,92.0,INITIAL INSPECTION,,,,,Margate,23-00100399,40 YEAR SAFETY INSPECTIONS,5183 NW 15TH ST,ACTIVE,11/07/23,92.0,INITIAL INSPECTION,,,,,legacy,,,,,,,
23-00100400,ACTIVE,103,margate_data.json,,40 YEAR SAFETY INSPECTIONS,5183 NW 15TH ST,11/07/23,92.0,INITIAL INSPECTION,,,,,Margate,23-00100400,40 YEAR SAFETY INSPECTIONS,5183 NW 15TH ST,ACTIVE,11/07/23,92.0,INITIAL INSPECTION,,,,,legacy,,,,,,,
21-00100568,CASE CLOSED,103,margate_data.json,,WORK WITHOUT PERMIT-BUILDING,5199 NW 15TH ST B7,12/29/21,497.0,CASE CLOSED,,5/04/23,,,Margate,21-00100568,WORK WITHOUT PERMIT-BUILDING,5199 NW 15TH ST B7,CASE CLOSED,12/29/21,497.0,CASE CLOSED,,,,5/04/23,legacy,,,,,,,
24-00100043,ACTIVE,103,margate_data.json,,40 YEAR SAFETY INSPECTIONS,5415 NW 15TH ST 01,2/07/24,2.0,INITIAL INSPECTION,,,,,Margate,24-00100043,40 YEAR SAFETY INSPECTIONS,5415 NW 15TH ST 01,ACTIVE,2/07/24,2.0,INITIAL INSPECTION,,,,,legacy,,,,,,,
24-00100044,ACTIVE,103,margate_data.json,,40 YEAR SAFETY INSPECTIONS,5415 NW 15TH ST 01,2/07/24,2.0,INITIAL INSPECTION,,,,,Margate,24-00100044,40 YEAR SAFETY INSPECTIONS,5415 NW 15TH ST 01,ACTIVE,2/07/24,2.0,INITIAL INSPECTION,,,,,legacy,,,,,,,
23-00100467,ACTIVE,103,margate_data.json,,40 YEAR SAFETY INSPECTIONS,5431 NW 15TH ST #1,12/12/23,57.0,INITIAL INSPECTION,,,,,Margate,23-00100467,40 YEAR SAFETY INSPECTIONS,5431 NW 15TH ST #1,ACTIVE,12/12/23,57.0,INITIAL INSPECTION,,,,,legacy,,,,,,,
23-00100468,ACTIVE,103,margate_data.json,,40 YEAR SAFETY INSPECTIONS,5431 NW 15TH ST #2,12/12/23,57.0,INITIAL INSPECTION,,,,,Margate,23-00100468,40 YEAR SAFETY INSPECTIONS,5431 NW 15TH ST #2,ACTIVE,12/12/23,57.0,INITIAL INSPECTION,,,,,legacy,,,,,,,
23-00100462,ACTIVE,103,margate_data.json,,40 YEAR SAFETY INSPECTIONS,5491 NW 15TH ST # 1,12/12/23,57.0,INITIAL INSPECTION,,,,,Margate,23-00100462,40 YEAR SAFETY INSPECTIONS,5491 NW 15TH ST # 1,ACTIVE,12/12/23,57.0,INITIAL INSPECTION,,,,,legacy,,,,,,,
23-00100463,ACTIVE,103,margate_data.json,,40 YEAR SAFETY INSPECTIONS,5501 NW 15TH ST,12/12/23,57.0,INITIAL INSPECTION,,,,,Margate,23-00100463,40 YEAR SAFETY INSPECTIONS,5501 NW 15TH ST,ACTIVE,12/12/23,57.0,INITIAL INSPECTION,,,,,legacy,,,,,,,
23-00100160,ACTIVE,103,margate_data.json,,WORK WITHOUT PERMIT-BUILDING,5800 NW 15TH ST,6/13/23,239.0,RED TAG NOTICE OF VIOLATION-MAIL,,,6/13/23,6/23/23,Margate,23-00100160,WORK WITHOUT PERMIT-BUILDING,5800 NW 15TH ST,ACTIVE,6/13/23,239.0,RED TAG NOTICE OF VIOLATION-MAIL,,6/13/23,6/23/23,,legacy,,,,,,,
23-00100209,ACTIVE,103,margate_data.json,,WORK WITHOUT PERMIT-BUILDING,5804 NW 15TH ST,8/02/23,189.0,NOTICE OF VIOLATION-MAIL,REINSPECTION,,8/04/23,8/19/23,Margate,23-00100209,WORK WITHOUT PERMIT-BUILDING,5804 NW 15TH ST,ACTIVE,8/02/23,189.0,NOTICE OF VIOLATION-MAIL,REINSPECTION,8/04/23,8/19/23,,legacy,,,,,,,
23-00100259,ACTIVE,107,margate_data.json,,WORK WITHOUT PERMIT-BUILDING,6003 NW 15TH CT,9/18/23,142.0,NOTICE OF VIOLATION-MAIL,REINSPECTION,,9/20/23,10/05/23,Margate,23-00100259,WORK WITHOUT PERMIT-BUILDING,6003 NW 15TH CT,ACTIVE,9/18/23,142.0,NOTICE OF VIOLATION-MAIL,REINSPECTION,9/20/23,10/05/23,,legacy,,,,,,,
24-00100090,ACTIVE,107,margate_data.json,,WORK WITHOUT PERMIT-BUILDING,6103 NW 15TH ST,2/05/24,2.0,NOTICE OF VIOLATION-MAIL,REINSPECTION,,2/07/24,2/22/24,Margate,24-00100090,WORK WITHOUT PERMIT-BUILDING,6103 NW 15TH ST,ACTIVE,2/05/24,2.0,NOTICE OF VIOLATION-MAIL,REINSPECTION,2/07/24,2/22/24,,legacy,,,,,,,
24-00100010,ACTIVE,107,margate_data.json,,WORK WITHOUT PERMIT-BUILDING,6233 NW 15TH CT,1/08/24,30.0,NOTICE OF VIOLATION-MAIL,REINSPECTION,,1/10/24,1/25/24,Margate,24-00100010,WORK WITHOUT PERMIT-BUILDING,6233 NW 15TH CT,ACTIVE,1/08/24,30.0,NOTICE OF VIOLATION-MAIL,REINSPECTION,1/10/24,1/25/24,,legacy,,,,,,,
22-00100106,CASE CLOSED,107,margate_data.json,,WORK WITHOUT PERMIT-BUILDING,6675 NW 15TH ST,3/21/22,653.0,CASE CLOSED,,1/02/24,,,Margate,22-00100106,WORK WITHOUT PERMIT-BUILDING,6675 NW 15TH ST,CASE CLOSED,3/21/22,653.0,CASE CLOSED,,,,1/02/24,legacy,,,,,,,
22-00100419,CASE CLOSED,107,margate_data.json,,WORK WITHOUT PERMIT-BUILDING,6075 NW 16TH CT,10/18/22,129.0,CASE CLOSED,,2/21/23,,,Margate,22-00100419,WORK WITHOUT PERMIT-BUILDING,6075 NW 16TH CT,CASE CLOSED,10/18/22,129.0,CASE CLOSED,,,,2/21/23,legacy,,,,,,,
23-00100442,ACTIVE,107,margate_data.json,,UNSAFE STRUCTURE (BLDG),6075 NW 16TH CT,11/30/23,69.0,NOTICE OF VIOLATION-MAIL,REINSPECTION,,12/02/23,12/17/23,Margate,23-00100442,UNSAFE STRUCTURE (BLDG),6075 NW 16TH CT,ACTIVE,11/30/23,69.0,NOTICE OF VIOLATION-MAIL,REINSPECTION,12/02/23,12/17/23,,legacy,,,,,,,
23-00100176,ACTIVE,107,margate_data.json,,WORK WITHOUT PERMIT-BUILDING,6256 NW 16TH CT,7/03/23,219.0,NOTICE OF VIOLATION-MAIL,REINSPECTION,,7/06/23,7/21/23,Margate,23-00100176,WORK WITHOUT PERMIT-BUILDING,6256 NW 16TH CT,ACTIVE,7/03/23,219.0,NOTICE OF VIOLATION-MAIL,REINSPECTION,7/06/23,7/21/23,,legacy,,,,,,,
23-00100139,CASE CLOSED,107,margate_data.json,,WORK WITHOUT PERMIT-BUILDING,6522 NW 16TH CT,5/18/23,111.0,CASE CLOSED,,8/29/23,,,Margate,23-00100139,WORK WITHOUT PERMIT-BUILDING,6522 NW 16TH CT,CASE CLOSED,5/18/23,111.0,CASE CLOSED,,,,8/29/23,legacy,,,,,,,
23-00100207,ACTIVE,107,margate_data.json,,WORK WITHOUT PERMIT-BUILDING,6890 NW 16TH ST,8/01/23,190.0,NOTICE OF VIOLATION-MAIL,REINSPECTION,,8/04/23,8/19/23,Margate,23-00100207,WORK WITHOUT PERMIT-BUILDING,6890 NW 16TH ST,ACTIVE,8/01/23,190.0,NOTICE OF VIOLATION-MAIL,REINSPECTION,8/04/23,8/19/23,,legacy,,,,,,,
23-00100476,ACTIVE,107,margate_data.json,,40 YEAR SAFETY INSPECTIONS,5151 NW 17TH ST,12/12/23,57.0,INITIAL INSPECTION,,,,,Margate,23-00100476,40 YEAR SAFETY INSPECTIONS,5151 NW 17TH ST,ACTIVE,12/12/23,57.0,INITIAL INSPECTION,,,,,legacy,,,,,,,
23-00100477,ACTIVE,107,margate_data.json,,40 YEAR SAFETY INSPECTIONS,5151 NW 17TH ST #2,12/12/23,57.0,INITIAL INSPECTION,,,,,Margate,23-00100477,40 YEAR SAFETY INSPECTIONS,5151 NW 17TH ST #2,ACTIVE,12/12/23,57.0,INITIAL INSPECTION,,,,,legacy,,,,,,,
23-00100141,CASE CLOSED,107,margate_data.json,,WORK WITHOUT PERMIT-BUILDING,5801 NW 18TH ST,5/22/23,199.0,CASE CLOSED,,12/06/23,,,Margate,23-00100141,WORK WITHOUT PERMIT-BUILDING,5801 NW 18TH ST,CASE CLOSED,5/22/23,199.0,CASE CLOSED,,,,12/06/23,legacy,,,,,,,
23-00100045,CASE CLOSED,107,margate_data.json,,WORK WITHOUT PERMIT-BUILDING,5813 NW 18TH ST,3/01/23,244.0,CASE CLOSED,,10/24/23,,,Margate,23-00100045,WORK WITHOUT PERMIT-BUILDING,5813 NW 18TH ST,CASE CLOSED,3/01/23,244.0,CASE CLOSED,,,,10/24/23,legacy,,,,,,,
22-00100115,CASE CLOSED,107,margate_data.json,,WORK WITHOUT PERMIT-BUILDING,6121 NW 18TH ST,3/28/22,416.0,CASE CLOSED,,5/17/23,,,Margate,22-00100115,WORK WITHOUT PERMIT-BUILDING,6121 NW 18TH ST,CASE CLOSED,3/28/22,416.0,CASE CLOSED,,,,5/17/23,legacy,,,,,,,
23-00100324,ACTIVE,107,margate_data.json,,40 YEAR SAFETY INSPECTIONS,7365 NW 18TH ST,10/31/23,99.0,INITIAL INSPECTION,,,,,Margate,23-00100324,40 YEAR SAFETY INSPECTIONS,7365 NW 18TH ST,ACTIVE,10/31/23,99.0,INITIAL INSPECTION,,,,,legacy,,,,,,,
24-00100012,ACTIVE,107,margate_data.json,,WORK WITHOUT PERMIT-BUILDING,7410 NW 18TH ST,1/09/24,29.0,NOTICE OF VIOLATION-MAIL,REINSPECTION,,1/11/24,1/26/24,Margate,24-00100012,WORK WITHOUT PERMIT-BUILDING,7410 NW 18TH ST,ACTIVE,1/09/24,29.0,NOTICE OF VIOLATION-MAIL,REINSPECTION,1/11/24,1/26/24,,legacy,,,,,,,
23-00100012,CASE CLOSED,107,margate_data.json,,WORK WITHOUT PERMIT-BUILDING,7430 NW 18TH ST 205,1/30/23,152.0,CASE CLOSED,,6/30/23,,,Margate,23-00100012,WORK WITHOUT PERMIT-BUILDING,7430 NW 18TH ST 205,CASE CLOSED,1/30/23,152.0,CASE CLOSED,,,,6/30/23,legacy,,,,,,,
24-00100008,ACTIVE,111,margate_data.json,,WORK WITHOUT PERMIT-BUILDING,7610 NW 18TH ST 302,1/08/24,30.0,NOTICE OF VIOLATION-MAIL,REINSPECTION,,1/10/24,1/25/24,Margate,24-00100008,WORK WITHOUT PERMIT-BUILDING,7610 NW 18TH ST 302,ACTIVE,1/08/24,30.0,NOTICE OF VIOLATION-MAIL,REINSPECTION,1/10/24,1/25/24,,legacy,,,,,,,
11-00100076,CASE CLOSED,111,margate_data.json,,WORK WITHOUT PERMIT-BUILDING,7640 NW 18TH ST 301,6/01/11,4409.0,CASE CLOSED,,6/22/23,,,Margate,11-00100076,WORK WITHOUT PERMIT-BUILDING,7640 NW 18TH ST 301,CASE CLOSED,6/01/11,4409.0,CASE CLOSED,,,,6/22/23,legacy,,,,,,,
21-00100324,CASE CLOSED,111,margate_data.json,,40 YEAR SAFETY INSPECTIONS,7800 NW 18TH ST,8/02/21,711.0,NOTICE OF HEARING INITIAL INSPECTION,,,8/02/21,8/02/21,Margate,21-00100324,40 YEAR SAFETY INSPECTIONS,7800 NW 18TH ST,CASE CLOSED,8/02/21,711.0,NOTICE OF HEARING INITIAL INSPECTION,,8/02/21,8/02/21,,legacy,,,,,,,
23-00100486,ACTIVE,111,margate_data.json,,WORK WITHOUT PERMIT-BUILDING,7800 NW 18TH ST 402,12/14/23,55.0,NOTICE OF VIOLATION-MAIL,REINSPECTION,,12/18/23,1/02/24,Margate,23-00100486,WORK WITHOUT PERMIT-BUILDING,7800 NW 18TH ST 402,ACTIVE,12/14/23,55.0,NOTICE OF VIOLATION-MAIL,REINSPECTION,12/18/23,1/02/24,,legacy,,,,,,,
23-00100303,ACTIVE,111,margate_data.json,,WORK WITHOUT PERMIT-BUILDING,7905 NW 18TH PL,10/16/23,114.0,NOTICE OF VIOLATION-SITE,RED TAG,,10/16/23,10/26/23,Margate,23-00100303,WORK WITHOUT PERMIT-BUILDING,7905 NW 18TH PL,ACTIVE,10/16/23,114.0,NOTICE OF VIOLATION-SITE,RED TAG,10/16/23,10/26/23,,legacy,,,,,,,
23-00100202,ACTIVE,111,margate_data.json,,UNSAFE STRUCTURE (BLDG),6570 NW 2ND ST,7/27/23,195.0,NOTICE OF VIOLATION-MAIL,REINSPECTION,,7/29/23,8/13/23,Margate,23-00100202,UNSAFE STRUCTURE (BLDG),6570 NW 2ND ST,ACTIVE,7/27/23,195.0,NOTICE OF VIOLATION-MAIL,REINSPECTION,7/29/23,8/13/23,,legacy,,,,,,,
23-00100214,ACTIVE,111,margate_data.json,,WORK WITHOUT PERMIT-BUILDING,6599 NW 2ND ST,8/07/23,184.0,NOTICE OF VIOLATION-MAIL,REINSPECTION,,8/09/23,8/24/23,Margate,23-00100214,WORK WITHOUT PERMIT-BUILDING,6599 NW 2ND ST,ACTIVE,8/07/23,184.0,NOTICE OF VIOLATION-MAIL,REINSPECTION,8/09/23,8/24/23,,legacy,,,,,,,
23-00100213,ACTIVE,111,margate_data.json,,WORK WITHOUT PERMIT-BUILDING,6601 NW 2ND ST,8/07/23,184.0,NOTICE OF VIOLATION-MAIL,REINSPECTION,,8/09/23,8/24/23,Margate,23-00100213,WORK WITHOUT PERMIT-BUILDING,6601 NW 2ND ST,ACTIVE,8/07/23,184.0,NOTICE OF VIOLATION-MAIL,REINSPECTION,8/09/23,8/24/23,,legacy,,,,,,,
23-00100217,ACTIVE,111,margate_data.json,,WORK WITHOUT PERMIT-BUILDING,6778 NW 2ND ST,8/07/23,184.0,NOTICE OF VIOLATION-MAIL,REINSPECTION,,8/09/23,8/24/23,Margate,23-00100217,WORK WITHOUT PERMIT-BUILDING,6778 NW 2ND ST,ACTIVE,8/07/23,184.0,NOTICE OF VIOLATION-MAIL,REINSPECTION,8/09/23,8/24/23,,legacy,,,,,,,
22-00100093,CASE CLOSED,111,margate_data.json,,WORK WITHOUT PERMIT-BUILDING,6136 SW 2ND ST,3/09/22,650.0,CASE CLOSED,,12/18/23,,,Margate,22-00100093,WORK WITHOUT PERMIT-BUILDING,6136 SW 2ND ST,CASE CLOSED,3/09/22,650.0,CASE CLOSED,,,,12/18/23,legacy,,,,,,,
22-00100433,CASE CLOSED,111,margate_data.json,,WORK WITHOUT PERMIT-BUILDING,6139 SW 2ND ST,10/31/22,163.0,CASE CLOSED,,4/10/23,,,Margate,22-00100433,WORK WITHOUT PERMIT-BUILDING,6139 SW 2ND ST,CASE CLOSED,10/31/22,163.0,CASE CLOSED,,,,4/10/23,legacy,,,,,,,
22-00100427,CASE CLOSED,111,margate_data.json,,WORK WITHOUT PERMIT-BUILDING,6140 SW 2ND ST,10/24/22,176.0,REINSPECTION CASE CLOSED,,,3/01/23,3/01/23,Margate,22-00100427,WORK WITHOUT PERMIT-BUILDING,6140 SW 2ND ST,CASE CLOSED,10/24/22,176.0,REINSPECTION CASE CLOSED,,3/01/23,3/01/23,,legacy,,,,,,,
23-00100233,ACTIVE,111,margate_data.json,,WORK WITHOUT PERMIT-BUILDING,6155 SW 2ND ST,8/22/23,169.0,NOTICE OF VIOLATION-MAIL,REINSPECTION,,8/24/23,9/08/23,Margate,23-00100233,WORK WITHOUT PERMIT-BUILDING,6155 SW 2ND ST,ACTIVE,8/22/23,169.0,NOTICE OF VIOLATION-MAIL,REINSPECTION,8/24/23,9/08/23,,legacy,,,,,,,
23-00100234,ACTIVE,111,margate_data.json,,UNSAFE STRUCTURE (BLDG),6155 SW 2ND ST,8/22/23,169.0,NOTICE OF VIOLATION-MAIL,REINSPECTION,,8/24/23,9/08/23,Margate,23-00100234,UNSAFE STRUCTURE (BLDG),6155 SW 2ND ST,ACTIVE,8/22/23,169.0,NOTICE OF VIOLATION-MAIL,REINSPECTION,8/24/23,9/08/23,,legacy,,,,,,,
23-00100235,ACTIVE,111,margate_data.json,,WORK WITHOUT PERMIT-BUILDING,6159 SW 2ND ST,8/22/23,169.0,NOTICE OF VIOLATION-MAIL,REINSPECTION,,8/24/23,9/08/23,Margate,23-00100235,WORK WITHOUT PERMIT-BUILDING,6159 SW 2ND ST,ACTIVE,8/22/23,169.0,NOTICE OF VIOLATION-MAIL,REINSPECTION,8/24/23,9/08/23,,legacy,,,,,,,
17-00100090,CASE CLOSED,111,margate_data.json,,WORK WITHOUT PERMIT-BUILDING,6302 SW 2ND ST,11/16/17,2013.0,CASE CLOSED,,4/14/20,,,Margate,17-00100090,WORK WITHOUT PERMIT-BUILDING,6302 SW 2ND ST,CASE CLOSED,11/16/17,2013.0,CASE CLOSED,,,,4/14/20,legacy,,,,,,,
23-00100264,ACTIVE,111,margate_data.json,,WORK WITHOUT PERMIT-BUILDING,6314 SW 2ND ST,9/26/23,134.0,NOTICE OF VIOLATION-MAIL,REINSPECTION,,9/28/23,10/13/23,Margate,23-00100264,WORK WITHOUT PERMIT-BUILDING,6314 SW 2ND ST,ACTIVE,9/26/23,134.0,NOTICE OF VIOLATION-MAIL,REINSPECTION,9/28/23,10/13/23,,legacy,,,,,,,
23-00100041,CASE CLOSED,115,margate_data.json,,WORK WITHOUT PERMIT-BUILDING,6347 SW 2ND ST,2/27/23,241.0,CASE CLOSED,,10/25/23,,,Margate,23-00100041,WORK WITHOUT PERMIT-BUILDING,6347 SW 2ND ST,CASE CLOSED,2/27/23,241.0,CASE CLOSED,,,,10/25/23,legacy,,,,,,,
24-00100049,ACTIVE,115,margate_data.json,,WORK WITHOUT PERMIT-BUILDING,6466 NW 20TH ST,1/30/24,8.0,NOTICE OF VIOLATION-SITE,RED TAG,,1/31/24,2/10/24,Margate,24-00100049,WORK WITHOUT PERMIT-BUILDING,6466 NW 20TH ST,ACTIVE,1/30/24,8.0,NOTICE OF VIOLATION-SITE,RED TAG,1/31/24,2/10/24,,legacy,,,,,,,
24-00100004,ACTIVE,115,margate_data.json,,WORK WITHOUT PERMIT-BUILDING,6453 NW 21ST CT,1/04/24,34.0,NOTICE OF VIOLATION-MAIL,REINSPECTION,,1/06/24,1/21/24,Margate,24-00100004,WORK WITHOUT PERMIT-BUILDING,6453 NW 21ST CT,ACTIVE,1/04/24,34.0,NOTICE OF VIOLATION-MAIL,REINSPECTION,1/06/24,1/21/24,,legacy,,,,,,,
24-00100005,ACTIVE,115,margate_data.json,,UNSAFE STRUCTURE (BLDG),6453 NW 21ST CT,1/04/24,34.0,NOTICE OF VIOLATION-MAIL,REINSPECTION,,1/06/24,1/21/24,Margate,24-00100005,UNSAFE STRUCTURE (BLDG),6453 NW 21ST CT,ACTIVE,1/04/24,34.0,NOTICE OF VIOLATION-MAIL,REINSPECTION,1/06/24,1/21/24,,legacy,,,,,,,
23-00100500,ACTIVE,115,margate_data.json,,UNSAFE STRUCTURE,7421 NW 21ST ST (BLDG),12/28/23,41.0,NOTICE OF VIOLATION-MAIL,REINSPECTION,,12/30/23,1/14/24,Margate,23-00100500,UNSAFE STRUCTURE,7421 NW 21ST ST (BLDG),ACTIVE,12/28/23,41.0,NOTICE OF VIOLATION-MAIL,REINSPECTION,12/30/23,1/14/24,,legacy,,,,,,,
22-00100440,CASE CLOSED,115,margate_data.json,,WORK WITHOUT PERMIT-BUILDING,6330 NW 22ND CT,11/14/22,114.0,CASE CLOSED,,3/07/23,,,Margate,22-00100440,WORK WITHOUT PERMIT-BUILDING,6330 NW 22ND CT,CASE CLOSED,11/14/22,114.0,CASE CLOSED,,,,3/07/23,legacy,,,,,,,
23-00100058,CASE CLOSED,115,margate_data.json,,UNSAFE STRUCTURE,6350 NW 22ND CT (BLDG),3/07/23,100.0,CASE CLOSED,,6/07/23,,,Margate,23-00100058,UNSAFE STRUCTURE,6350 NW 22ND CT (BLDG),CASE CLOSED,3/07/23,100.0,CASE CLOSED,,,,6/07/23,legacy,,,,,,,
24-00100003,ACTIVE,115,margate_data.json,,WORK WITHOUT PERMIT-BUILDING,6370 NW 22ND CT,1/03/24,35.0,NOTICE OF VIOLATION-MAIL,REINSPECTION,,1/03/24,1/18/24,Margate,24-00100003,WORK WITHOUT PERMIT-BUILDING,6370 NW 22ND CT,ACTIVE,1/03/24,35.0,NOTICE OF VIOLATION-MAIL,REINSPECTION,1/03/24,1/18/24,,legacy,,,,,,,
23-00100432,ACTIVE,115,margate_data.json,,UNSAFE STRUCTURE,6447 NW 22ND ST (BLDG),11/27/23,72.0,NOTICE OF VIOLATION-MAIL,REINSPECTION,,11/30/23,12/15/23,Margate,23-00100432,UNSAFE STRUCTURE,6447 NW 22ND ST (BLDG),ACTIVE,11/27/23,72.0,NOTICE OF VIOLATION-MAIL,REINSPECTION,11/30/23,12/15/23,,legacy,,,,,,,
23-00100231,ACTIVE,115,margate_data.json,,WORK WITHOUT PERMIT-BUILDING,6621 NW 22ND ST,8/21/23,170.0,NOTICE OF VIOLATION-MAIL,REINSPECTION,,8/24/23,9/08/23,Margate,23-00100231,WORK WITHOUT PERMIT-BUILDING,6621 NW 22ND ST,ACTIVE,8/21/23,170.0,NOTICE OF VIOLATION-MAIL,REINSPECTION,8/24/23,9/08/23,,legacy,,,,,,,
23-00100173,ACTIVE,115,margate_data.json,,WORK WITHOUT PERMIT-BUILDING,6661 NW 23RD ST,6/21/23,231.0,NOTICE OF VIOLATION-MAIL,REINSPECTION,,6/23/23,7/08/23,Margate,23-00100173,WORK WITHOUT PERMIT-BUILDING,6661 NW 23RD ST,ACTIVE,6/21/23,231.0,NOTICE OF VIOLATION-MAIL,REINSPECTION,6/23/23,7/08/23,,legacy,,,,,,,
23-00100357,ACTIVE,115,margate_data.json,,40 YEAR SAFETY INSPECTIONS,5355 NW 24TH ST,11/07/23,92.0,INITIAL INSPECTION,,,,,Margate,23-00100357,40 YEAR SAFETY INSPECTIONS,5355 NW 24TH ST,ACTIVE,11/07/23,92.0,INITIAL INSPECTION,,,,,legacy,,,,,,,
24-00100042,ACTIVE,115,margate_data.json,,40 YEAR SAFETY INSPECTIONS,5410 NW 24TH ST #1,2/07/24,2.0,INITIAL INSPECTION,,,,,Margate,24-00100042,40 YEAR SAFETY INSPECTIONS,5410 NW 24TH ST #1,ACTIVE,2/07/24,2.0,INITIAL INSPECTION,,,,,legacy,,,,,,,
23-00100053,ACTIVE,115,margate_data.json,,WORK WITHOUT PERMIT-BUILDING,5445 NW 24TH ST # 1,3/07/23,337.0,NOTICE OF VIOLATION-MAIL,REINSPECTION,,3/08/23,3/23/23,Margate,23-00100053,WORK WITHOUT PERMIT-BUILDING,5445 NW 24TH ST # 1,ACTIVE,3/07/23,337.0,NOTICE OF VIOLATION-MAIL,REINSPECTION,3/08/23,3/23/23,,legacy,,,,,,,
24-00100036,ACTIVE,115,margate_data.json,,40 YEAR SAFETY INSPECTIONS,5455 NW 24TH ST,2/07/24,2.0,INITIAL INSPECTION,,,,,Margate,24-00100036,40 YEAR SAFETY INSPECTIONS,5455 NW 24TH ST,ACTIVE,2/07/24,2.0,INITIAL INSPECTION,,,,,legacy,,,,,,,
23-00100240,ACTIVE,115,margate_data.json,,WORK WITHOUT PERMIT-BUILDING,6092 NW 24TH CT,8/29/23,162.0,NOTICE OF VIOLATION-MAIL,REINSPECTION,,8/31/23,9/15/23,Margate,23-00100240,WORK WITHOUT PERMIT-BUILDING,6092 NW 24TH CT,ACTIVE,8/29/23,162.0,NOTICE OF VIOLATION-MAIL,REINSPECTION,8/31/23,9/15/23,,legacy,,,,,,,
23-00100450,ACTIVE,115,margate_data.json,,WORK WITHOUT PERMIT-BUILDING,6117 NW 24TH CT,12/07/23,62.0,NOTICE OF VIOLATION-MAIL,REINSPECTION,,12/09/23,12/24/23,Margate,23-00100450,WORK WITHOUT PERMIT-BUILDING,6117 NW 24TH CT,ACTIVE,12/07/23,62.0,NOTICE OF VIOLATION-MAIL,REINSPECTION,12/09/23,12/24/23,,legacy,,,,,,,
21-00100560,CASE CLOSED,119,margate_data.json,PERMIT-BUILDING CT,WORK WITHOUT 6124 NW 24TH,,12/20/21,612.0,CASE CLOSED,,8/16/23,,,Margate,21-00100560,WORK WITHOUT 6124 NW 24TH,,CASE CLOSED,12/20/21,612.0,CASE CLOSED,,,,8/16/23,legacy,,,,,,,
23-00100239,ACTIVE,119,margate_data.json,PERMIT-BUILDING CT,WORK WITHOUT 6135 NW 24TH,,8/29/23,162.0,NOTICE OF VIOLATION-MAIL,REINSPECTION,,8/31/23,9/15/23,Margate,23-00100239,WORK WITHOUT 6135 NW 24TH,,ACTIVE,8/29/23,162.0,NOTICE OF VIOLATION-MAIL,REINSPECTION,8/31/23,9/15/23,,legacy,,,,,,,
24-00100017,ACTIVE,119,margate_data.json,PERMIT-BUILDING CT,WORK WITHOUT 6161 NW 24TH,,1/11/24,27.0,NOTICE OF VIOLATION-MAIL,REINSPECTION,,1/13/24,1/28/24,Margate,24-00100017,WORK WITHOUT 6161 NW 24TH,,ACTIVE,1/11/24,27.0,NOTICE OF VIOLATION-MAIL,REINSPECTION,1/13/24,1/28/24,,legacy,,,,,,,
24-00100016,ACTIVE,119,margate_data.json,PERMIT-BUILDING CT,WORK WITHOUT 6184 NW 24TH,,1/10/24,28.0,NOTICE OF VIOLATION-MAIL,REINSPECTION,,1/12/24,1/27/24,Margate,24-00100016,WORK WITHOUT 6184 NW 24TH,,ACTIVE,1/10/24,28.0,NOTICE OF VIOLATION-MAIL,REINSPECTION,1/12/24,1/27/24,,legacy,,,,,,,
23-00100257,ACTIVE,119,margate_data.json,PERMIT-BUILDING CT,WORK WITHOUT 6337 NW 24TH,,9/12/23,148.0,NOTICE OF VIOLATION-MAIL,REINSPECTION,,9/14/23,9/29/23,Margate,23-00100257,WORK WITHOUT 6337 NW 24TH,,ACTIVE,9/12/23,148.0,NOTICE OF VIOLATION-MAIL,REINSPECTION,9/14/23,9/29/23,,legacy,,,,,,,
21-00100100,CASE CLOSED,119,margate_data.json,PERMIT-BUILDING CT,WORK WITHOUT 6721 NW 24TH,,3/10/21,707.0,CASE CLOSED,,2/14/23,,,Margate,21-00100100,WORK WITHOUT 6721 NW 24TH,,CASE CLOSED,3/10/21,707.0,CASE CLOSED,,,,2/14/23,legacy,,,,,,,
22-00100107,CASE CLOSED,119,margate_data.json,PERMIT-BUILDING CT,WORK WITHOUT 6731 NW 24TH,,3/23/22,546.0,CASE CLOSED,,9/13/23,,,Margate,22-00100107,WORK WITHOUT 6731 NW 24TH,,CASE CLOSED,3/23/22,546.0,CASE CLOSED,,,,9/13/23,legacy,,,,,,,
23-00100325,ACTIVE,119,margate_data.json,PERMIT-BUILDING ST,WORK WITHOUT 7497 NW 25TH,,10/25/23,105.0,NOTICE OF VIOLATION-MAIL,REINSPECTION,,10/27/23,11/11/23,Margate,23-00100325,WORK WITHOUT 7497 NW 25TH,,ACTIVE,10/25/23,105.0,NOTICE OF VIOLATION-MAIL,REINSPECTION,10/27/23,11/11/23,,legacy,,,,,,,
23-00100143,CASE CLOSED,119,margate_data.json,PERMIT-BUILDING ST,WORK WITHOUT 6944 NW 26TH,,5/24/23,258.0,CASE CLOSED,,1/30/24,,,Margate,23-00100143,WORK WITHOUT 6944 NW 26TH,,CASE CLOSED,5/24/23,258.0,CASE CLOSED,,,,1/30/24,legacy,,,,,,,
21-00100394,CASE CLOSED,119,margate_data.json,PERMIT-BUILDING ST,WORK WITHOUT 5405 NW 27TH,,9/21/21,575.0,CASE CLOSED,,4/17/23,,,Margate,21-00100394,WORK WITHOUT 5405 NW 27TH,,CASE CLOSED,9/21/21,575.0,CASE CLOSED,,,,4/17/23,legacy,,,,,,,
19-00100214,CASE CLOSED,119,margate_data.json,PERMIT-BUILDING ST,WORK WITHOUT 5730 NW 27TH,,10/24/19,1264.0,CASE CLOSED,,4/06/23,,,Margate,19-00100214,WORK WITHOUT 5730 NW 27TH,,CASE CLOSED,10/24/19,1264.0,CASE CLOSED,,,,4/06/23,legacy,,,,,,,
23-00100117,ACTIVE,119,margate_data.json,PERMIT-BUILDING ST,WORK WITHOUT 5753 NW 27TH,,4/24/23,289.0,NOTICE OF VIOLATION-MAIL,REINSPECTION,,4/26/23,5/11/23,Margate,23-00100117,WORK WITHOUT 5753 NW 27TH,,ACTIVE,4/24/23,289.0,NOTICE OF VIOLATION-MAIL,REINSPECTION,4/26/23,5/11/23,,legacy,,,,,,,
23-00100064,ACTIVE,119,margate_data.json,PERMIT-BUILDING ST,WORK WITHOUT 5797 NW 27TH,,3/14/23,330.0,NOTICE OF VIOLATION-MAIL,REINSPECTION,,3/16/23,3/31/23,Margate,23-00100064,WORK WITHOUT 5797 NW 27TH,,ACTIVE,3/14/23,330.0,NOTICE OF VIOLATION-MAIL,REINSPECTION,3/16/23,3/31/23,,legacy,,,,,,,
23-00100179,ACTIVE,119,margate_data.json,PERMIT-BUILDING ST,WORK WITHOUT 5797 NW 27TH,,7/06/23,216.0,NOTICE OF VIOLATION-MAIL,REINSPECTION,,7/07/23,7/22/23,Margate,23-00100179,WORK WITHOUT 5797 NW 27TH,,ACTIVE,7/06/23,216.0,NOTICE OF VIOLATION-MAIL,REINSPECTION,7/07/23,7/22/23,,legacy,,,,,,,
23-00100446,ACTIVE,119,margate_data.json,CURE (BLDG) ST,UNSAFE STRUCT 5797 NW 27TH,,12/04/23,65.0,NOTICE OF VIOLATION-MAIL,REINSPECTION,,12/06/23,12/21/23,Margate,23-00100446,UNSAFE STRUCT 5797 NW 27TH,,ACTIVE,12/04/23,65.0,NOTICE OF VIOLATION-MAIL,REINSPECTION,12/06/23,12/21/23,,legacy,,,,,,,
23-00100102,ACTIVE,119,margate_data.json,PERMIT-BUILDING ST,WORK WITHOUT 6073 NW 27TH,,4/12/23,301.0,NOTICE OF VIOLATION-MAIL,REINSPECTION,,4/14/23,4/29/23,Margate,23-00100102,WORK WITHOUT 6073 NW 27TH,,ACTIVE,4/12/23,301.0,NOTICE OF VIOLATION-MAIL,REINSPECTION,4/14/23,4/29/23,,legacy,,,,,,,
22-00100002,CASE CLOSED,119,margate_data.json,CURE (BLDG) ST,UNSAFE STRUCT 6970 NW 28TH,,1/04/22,732.0,CASE CLOSED,,1/05/24,,,Margate,22-00100002,UNSAFE STRUCT 6970 NW 28TH,,CASE CLOSED,1/04/22,732.0,CASE CLOSED,,,,1/05/24,legacy,,,,,,,
23-00100227,ACTIVE,123,margate_data.json,,UNSAFE STRUCTURE (BLDG),5643 NW 29TH ST,8/14/23,177.0,NOTICE OF VIOLATION-MAIL,REINSPECTION,,8/16/23,8/31/23,Margate,23-00100227,UNSAFE STRUCTURE (BLDG),5643 NW 29TH ST,ACTIVE,8/14/23,177.0,NOTICE OF VIOLATION-MAIL,REINSPECTION,8/16/23,8/31/23,,legacy,,,,,,,
23-00100358,ACTIVE,123,margate_data.json,,40 YEAR SAFETY INSPECTIONS,5643 NW 29TH ST,11/07/23,92.0,INITIAL INSPECTION,,,,,Margate,23-00100358,40 YEAR SAFETY INSPECTIONS,5643 NW 29TH ST,ACTIVE,11/07/23,92.0,INITIAL INSPECTION,,,,,legacy,,,,,,,
23-00100359,ACTIVE,123,margate_data.json,,40 YEAR SAFETY INSPECTIONS,5661 NW 29TH ST,11/07/23,92.0,INITIAL INSPECTION,,,,,Margate,23-00100359,40 YEAR SAFETY INSPECTIONS,5661 NW 29TH ST,ACTIVE,11/07/23,92.0,INITIAL INSPECTION,,,,,legacy,,,,,,,
23-00100258,CASE CLOSED,123,margate_data.json,,WORK WITHOUT PERMIT-BUILDING,6975 NW 29TH CT,9/13/23,15.0,CASE CLOSED,,9/27/23,,,Margate,23-00100258,WORK WITHOUT PERMIT-BUILDING,6975 NW 29TH CT,CASE CLOSED,9/13/23,15.0,CASE CLOSED,,,,9/27/23,legacy,,,,,,,
23-00100094,ACTIVE,123,margate_data.json,,UNSAFE STRUCTURE (BLDG),6087 NW 3RD ST,4/06/23,307.0,NOTICE OF VIOLATION-MAIL,REINSPECTION,,4/07/23,4/22/23,Margate,23-00100094,UNSAFE STRUCTURE (BLDG),6087 NW 3RD ST,ACTIVE,4/06/23,307.0,NOTICE OF VIOLATION-MAIL,REINSPECTION,4/07/23,4/22/23,,legacy,,,,,,,
23-00100099,ACTIVE,123,margate_data.json,,WORK WITHOUT PERMIT-BUILDING,6087 NW 3RD ST,4/12/23,301.0,NOTICE OF VIOLATION-MAIL,REINSPECTION,,4/14/23,4/29/23,Margate,23-00100099,WORK WITHOUT PERMIT-BUILDING,6087 NW 3RD ST,ACTIVE,4/12/23,301.0,NOTICE OF VIOLATION-MAIL,REINSPECTION,4/14/23,4/29/23,,legacy,,,,,,,
23-00100424,ACTIVE,123,margate_data.json,,WORK WITHOUT PERMIT-BUILDING,6599 NW 3RD ST,11/20/23,79.0,NOTICE OF VIOLATION-MAIL,REINSPECTION,,11/22/23,12/07/23,Margate,23-00100424,WORK WITHOUT PERMIT-BUILDING,6599 NW 3RD ST,ACTIVE,11/20/23,79.0,NOTICE OF VIOLATION-MAIL,REINSPECTION,11/22/23,12/07/23,,legacy,,,,,,,
23-00100166,ACTIVE,123,margate_data.json,,WORK WITHOUT PERMIT-BUILDING,6712 NW 3RD ST,6/19/23,233.0,NOTICE OF VIOLATION-MAIL,REINSPECTION,,6/21/23,7/06/23,Margate,23-00100166,WORK WITHOUT PERMIT-BUILDING,6712 NW 3RD ST,ACTIVE,6/19/23,233.0,NOTICE OF VIOLATION-MAIL,REINSPECTION,6/21/23,7/06/23,,legacy,,,,,,,
23-00100033,ACTIVE,123,margate_data.json,,WORK WITHOUT PERMIT-BUILDING,6853 NW 3RD ST,2/09/23,363.0,NOTICE OF VIOLATION-MAIL,REINSPECTION,,2/10/23,2/25/23,Margate,23-00100033,WORK WITHOUT PERMIT-BUILDING,6853 NW 3RD ST,ACTIVE,2/09/23,363.0,NOTICE OF VIOLATION-MAIL,REINSPECTION,2/10/23,2/25/23,,legacy,,,,,,,
23-00100499,ACTIVE,123,margate_data.json,,UNSAFE STRUCTURE (BLDG),7971 NW 3RD PL,12/28/23,41.0,NOTICE OF VIOLATION-MAIL,REINSPECTION,,12/30/23,1/14/24,Margate,23-00100499,UNSAFE STRUCTURE (BLDG),7971 NW 3RD PL,ACTIVE,12/28/23,41.0,NOTICE OF VIOLATION-MAIL,REINSPECTION,12/30/23,1/14/24,,legacy,,,,,,,
23-00100103,CASE CLOSED,123,margate_data.json,,WORK WITHOUT PERMIT-BUILDING,5660 SW 3RD PL 217,4/12/23,56.0,CASE CLOSED,,6/01/23,,,Margate,23-00100103,WORK WITHOUT PERMIT-BUILDING,5660 SW 3RD PL 217,CASE CLOSED,4/12/23,56.0,CASE CLOSED,,,,6/01/23,legacy,,,,,,,
23-00100178,ACTIVE,123,margate_data.json,,WORK WITHOUT PERMIT-BUILDING,5680 SW 3RD PL BL900,7/03/23,219.0,NOTICE OF VIOLATION-MAIL,REINSPECTION,,7/06/23,7/21/23,Margate,23-00100178,WORK WITHOUT PERMIT-BUILDING,5680 SW 3RD PL BL900,ACTIVE,7/03/23,219.0,NOTICE OF VIOLATION-MAIL,REINSPECTION,7/06/23,7/21/23,,legacy,,,,,,,
23-00100226,ACTIVE,123,margate_data.json,,WORK WITHOUT PERMIT-BUILDING,6107 SW 3RD ST,8/14/23,177.0,NOTICE OF VIOLATION-MAIL,REINSPECTION,,8/16/23,8/31/23,Margate,23-00100226,WORK WITHOUT PERMIT-BUILDING,6107 SW 3RD ST,ACTIVE,8/14/23,177.0,NOTICE OF VIOLATION-MAIL,REINSPECTION,8/16/23,8/31/23,,legacy,,,,,,,
23-00100405,ACTIVE,123,margate_data.json,,WORK WITHOUT PERMIT-BUILDING,6107 SW 3RD ST,11/01/23,98.0,NOTICE OF VIOLATION-MAIL,REINSPECTION,,11/03/23,11/18/23,Margate,23-00100405,WORK WITHOUT PERMIT-BUILDING,6107 SW 3RD ST,ACTIVE,11/01/23,98.0,NOTICE OF VIOLATION-MAIL,REINSPECTION,11/03/23,11/18/23,,legacy,,,,,,,
24-00100013,ACTIVE,123,margate_data.json,,WORK WITHOUT PERMIT-BUILDING,6721 SW 3RD ST,1/09/24,29.0,NOTICE OF VIOLATION-MAIL,REINSPECTION,,1/11/24,1/26/24,Margate,24-00100013,WORK WITHOUT PERMIT-BUILDING,6721 SW 3RD ST,ACTIVE,1/09/24,29.0,NOTICE OF VIOLATION-MAIL,REINSPECTION,1/11/24,1/26/24,,legacy,,,,,,,
22-00100225,CASE CLOSED,123,margate_data.json,,WORK WITHOUT PERMIT-BUILDING,5151 NW 31ST ST,6/03/22,537.0,CASE CLOSED,,11/21/23,,,Margate,22-00100225,WORK WITHOUT PERMIT-BUILDING,5151 NW 31ST ST,CASE CLOSED,6/03/22,537.0,CASE CLOSED,,,,11/21/23,legacy,,,,,,,
24-00100014,ACTIVE,123,margate_data.json,,UNSAFE STRUCTURE (BLDG),5321 NW 31ST ST,1/10/24,28.0,NOTICE OF VIOLATION-MAIL,REINSPECTION,,1/12/24,1/27/24,Margate,24-00100014,UNSAFE STRUCTURE (BLDG),5321 NW 31ST ST,ACTIVE,1/10/24,28.0,NOTICE OF VIOLATION-MAIL,REINSPECTION,1/12/24,1/27/24,,legacy,,,,,,,
23-00100328,ACTIVE,127,margate_data.json,,40 YEAR SAFETY INSPECTIONS,6101 NW 31ST ST,10/31/23,99.0,INITIAL INSPECTION,,,,,Margate,23-00100328,40 YEAR SAFETY INSPECTIONS,6101 NW 31ST ST,ACTIVE,10/31/23,99.0,INITIAL INSPECTION,,,,,legacy,,,,,,,
23-00100313,ACTIVE,127,margate_data.json,,WORK WITHOUT PERMIT-BUILDING,7121 NW 32ND ST,10/24/23,106.0,NOTICE OF VIOLATION-MAIL,REINSPECTION,,10/25/23,11/09/23,Margate,23-00100313,WORK WITHOUT PERMIT-BUILDING,7121 NW 32ND ST,ACTIVE,10/24/23,106.0,NOTICE OF VIOLATION-MAIL,REINSPECTION,10/25/23,11/09/23,,legacy,,,,,,,
24-00100089,ACTIVE,127,margate_data.json,,WORK WITHOUT PERMIT-BUILDING,6858 NW 33RD ST,2/05/24,2.0,NOTICE OF VIOLATION-MAIL,REINSPECTION,,2/07/24,2/22/24,Margate,24-00100089,WORK WITHOUT PERMIT-BUILDING,6858 NW 33RD ST,ACTIVE,2/05/24,2.0,NOTICE OF VIOLATION-MAIL,REINSPECTION,2/07/24,2/22/24,,legacy,,,,,,,
23-00100165,ACTIVE,127,margate_data.json,,WORK WITHOUT PERMIT-BUILDING,6756 NW 4TH ST,6/19/23,233.0,NOTICE OF VIOLATION-MAIL,REINSPECTION,,6/21/23,7/06/23,Margate,23-00100165,WORK WITHOUT PERMIT-BUILDING,6756 NW 4TH ST,ACTIVE,6/19/23,233.0,NOTICE OF VIOLATION-MAIL,REINSPECTION,6/21/23,7/06/23,,legacy,,,,,,,
23-00100175,ACTIVE,127,margate_data.json,,WORK WITHOUT PERMIT-BUILDING,7355 NW 4TH PL,7/03/23,219.0,NOTICE OF VIOLATION-MAIL,REINSPECTION,,7/06/23,7/21/23,Margate,23-00100175,WORK WITHOUT PERMIT-BUILDING,7355 NW 4TH PL,ACTIVE,7/03/23,219.0,NOTICE OF VIOLATION-MAIL,REINSPECTION,7/06/23,7/21/23,,legacy,,,,,,,
23-00100263,ACTIVE,127,margate_data.json,,WORK WITHOUT PERMIT-BUILDING,7600 NW 4TH PL,9/26/23,134.0,NOTICE OF VIOLATION-MAIL,REINSPECTION,,9/28/23,10/13/23,Margate,23-00100263,WORK WITHOUT PERMIT-BUILDING,7600 NW 4TH PL,ACTIVE,9/26/23,134.0,NOTICE OF VIOLATION-MAIL,REINSPECTION,9/28/23,10/13/23,,legacy,,,,,,,
22-00100158,CASE CLOSED,127,margate_data.json,,WORK WITHOUT PERMIT-BUILDING,7605 NW 4TH PL 108,4/18/22,302.0,CASE CLOSED,,2/02/23,,,Margate,22-00100158,WORK WITHOUT PERMIT-BUILDING,7605 NW 4TH PL 108,CASE CLOSED,4/18/22,302.0,CASE CLOSED,,,,2/02/23,legacy,,,,,,,
23-00100265,ACTIVE,127,margate_data.json,,WORK WITHOUT PERMIT-BUILDING,7605 NW 4TH PL,9/26/23,134.0,NOTICE OF VIOLATION-MAIL,REINSPECTION,,9/27/23,10/12/23,Margate,23-00100265,WORK WITHOUT PERMIT-BUILDING,7605 NW 4TH PL,ACTIVE,9/26/23,134.0,NOTICE OF VIOLATION-MAIL,REINSPECTION,9/27/23,10/12/23,,legacy,,,,,,,
23-00100206,ACTIVE,127,margate_data.json,,WORK WITHOUT PERMIT-BUILDING,4979 SW 4TH ST,7/31/23,191.0,NOTICE OF VIOLATION-MAIL,REINSPECTION,,8/03/23,8/18/23,Margate,23-00100206,WORK WITHOUT PERMIT-BUILDING,4979 SW 4TH ST,ACTIVE,7/31/23,191.0,NOTICE OF VIOLATION-MAIL,REINSPECTION,8/03/23,8/18/23,,legacy,,,,,,,
23-00100205,ACTIVE,127,margate_data.json,,UNSAFE STRUCTURE (BLDG),4983 SW 4TH ST,7/31/23,191.0,NOTICE OF VIOLATION-MAIL,REINSPECTION,,8/03/23,8/18/23,Margate,23-00100205,UNSAFE STRUCTURE (BLDG),4983 SW 4TH ST,ACTIVE,7/31/23,191.0,NOTICE OF VIOLATION-MAIL,REINSPECTION,8/03/23,8/18/23,,legacy,,,,,,,
23-00100115,ACTIVE,127,margate_data.json,,WORK WITHOUT PERMIT-BUILDING,6351 SW 4TH ST,4/19/23,294.0,NOTICE OF VIOLATION-MAIL,REINSPECTION,,4/24/23,5/09/23,Margate,23-00100115,WORK WITHOUT PERMIT-BUILDING,6351 SW 4TH ST,ACTIVE,4/19/23,294.0,NOTICE OF VIOLATION-MAIL,REINSPECTION,4/24/23,5/09/23,,legacy,,,,,,,
23-00100197,ACTIVE,127,margate_data.json,,WORK WITHOUT PERMIT-BUILDING,850 SW 49TH WAY,7/20/23,202.0,NOTICE OF VIOLATION-MAIL,REINSPECTION,,7/24/23,8/08/23,Margate,23-00100197,WORK WITHOUT PERMIT-BUILDING,850 SW 49TH WAY,ACTIVE,7/20/23,202.0,NOTICE OF VIOLATION-MAIL,REINSPECTION,7/24/23,8/08/23,,legacy,,,,,,,
23-00100192,ACTIVE,127,margate_data.json,,UNSAFE STRUCTURE (BLDG),1013 SW 49TH AVE,7/17/23,205.0,NOTICE OF VIOLATION-MAIL,REINSPECTION,,7/19/23,8/03/23,Margate,23-00100192,UNSAFE STRUCTURE (BLDG),1013 SW 49TH AVE,ACTIVE,7/17/23,205.0,NOTICE OF VIOLATION-MAIL,REINSPECTION,7/19/23,8/03/23,,legacy,,,,,,,
24-00100080,ACTIVE,127,margate_data.json,,WORK WITHOUT PERMIT-BUILDING,1024 SW 49TH WAY,1/31/24,7.0,NOTICE OF VIOLATION-MAIL,REINSPECTION,,2/02/24,2/17/24,Margate,24-00100080,WORK WITHOUT PERMIT-BUILDING,1024 SW 49TH WAY,ACTIVE,1/31/24,7.0,NOTICE OF VIOLATION-MAIL,REINSPECTION,2/02/24,2/17/24,,legacy,,,,,,,
23-00100444,ACTIVE,127,margate_data.json,,UNSAFE STRUCTURE (BLDG),6912 NW 5TH CT,12/04/23,65.0,NOTICE OF VIOLATION-MAIL,REINSPECTION,,12/06/23,12/21/23,Margate,23-00100444,UNSAFE STRUCTURE (BLDG),6912 NW 5TH CT,ACTIVE,12/04/23,65.0,NOTICE OF VIOLATION-MAIL,REINSPECTION,12/06/23,12/21/23,,legacy,,,,,,,
23-00100031,ACTIVE,127,margate_data.json,,WORK WITHOUT PERMIT-BUILDING,6945 NW 5TH PL,2/08/23,364.0,NOTICE OF VIOLATION-MAIL,REINSPECTION,,2/09/23,2/24/23,Margate,23-00100031,WORK WITHOUT PERMIT-BUILDING,6945 NW 5TH PL,ACTIVE,2/08/23,364.0,NOTICE OF VIOLATION-MAIL,REINSPECTION,2/09/23,2/24/23,,legacy,,,,,,,
23-00100496,ACTIVE,127,margate_data.json,,WORK WITHOUT PERMIT-BUILDING,7305 NW 5TH PL,12/27/23,42.0,NOTICE OF VIOLATION-MAIL,REINSPECTION,,12/29/23,1/13/24,Margate,23-00100496,WORK WITHOUT PERMIT-BUILDING,7305 NW 5TH PL,ACTIVE,12/27/23,42.0,NOTICE OF VIOLATION-MAIL,REINSPECTION,12/29/23,1/13/24,,legacy,,,,,,,
22-00100409,CASE CLOSED,131,margate_data.json,,WORK WITHOUT PERMIT-BUILDING,7505 NW 5TH CT,10/05/22,188.0,CASE CLOSED,,4/06/23,,,Margate,22-00100409,WORK WITHOUT PERMIT-BUILDING,7505 NW 5TH CT,CASE CLOSED,10/05/22,188.0,CASE CLOSED,,,,4/06/23,legacy,,,,,,,
23-00100174,ACTIVE,131,margate_data.json,,WORK WITHOUT PERMIT-BUILDING,7855 NW 5TH CT 108,6/28/23,224.0,NOTICE OF VIOLATION-MAIL,REINSPECTION,,6/29/23,7/14/23,Margate,23-00100174,WORK WITHOUT PERMIT-BUILDING,7855 NW 5TH CT 108,ACTIVE,6/28/23,224.0,NOTICE OF VIOLATION-MAIL,REINSPECTION,6/29/23,7/14/23,,legacy,,,,,,,
23-00100413,ACTIVE,131,margate_data.json,,UNSAFE STRUCTURE (BLDG),7955 NW 5TH CT 103,11/02/23,97.0,NOTICE OF VIOLATION-MAIL,REINSPECTION,,11/08/23,11/23/23,Margate,23-00100413,UNSAFE STRUCTURE (BLDG),7955 NW 5TH CT 103,ACTIVE,11/02/23,97.0,NOTICE OF VIOLATION-MAIL,REINSPECTION,11/08/23,11/23/23,,legacy,,,,,,,
24-00100018,CASE CLOSED,131,margate_data.json,,UNSAFE STRUCTURE (BLDG),4955 SW 5TH CT,1/11/24,27.0,CASE CLOSED,,2/06/24,,,Margate,24-00100018,UNSAFE STRUCTURE (BLDG),4955 SW 5TH CT,CASE CLOSED,1/11/24,27.0,CASE CLOSED,,,,2/06/24,legacy,,,,,,,
24-00100022,ACTIVE,131,margate_data.json,,WORK WITHOUT PERMIT-BUILDING,4964 SW 5TH CT,1/17/24,21.0,NOTICE OF VIOLATION-MAIL,REINSPECTION,,1/19/24,2/03/24,Margate,24-00100022,WORK WITHOUT PERMIT-BUILDING,4964 SW 5TH CT,ACTIVE,1/17/24,21.0,NOTICE OF VIOLATION-MAIL,REINSPECTION,1/19/24,2/03/24,,legacy,,,,,,,
24-00100021,ACTIVE,131,margate_data.json,,WORK WITHOUT PERMIT-BUILDING,4967 SW 5TH CT,1/16/24,22.0,NOTICE OF VIOLATION-MAIL,REINSPECTION,,1/18/24,2/02/24,Margate,24-00100021,WORK WITHOUT PERMIT-BUILDING,4967 SW 5TH CT,ACTIVE,1/16/24,22.0,NOTICE OF VIOLATION-MAIL,REINSPECTION,1/18/24,2/02/24,,legacy,,,,,,,
09-00100134,CASE CLOSED,131,margate_data.json,,WORK WITHOUT PERMIT-BUILDING,4992 SW 5TH ST,11/05/09,4958.0,CASE CLOSED,,6/05/23,,,Margate,09-00100134,WORK WITHOUT PERMIT-BUILDING,4992 SW 5TH ST,CASE CLOSED,11/05/09,4958.0,CASE CLOSED,,,,6/05/23,legacy,,,,,,,
23-00100203,ACTIVE,131,margate_data.json,,UNSAFE STRUCTURE (BLDG),5200 SW 5TH ST,7/27/23,195.0,NOTICE OF VIOLATION-MAIL,REINSPECTION,,7/29/23,8/13/23,Margate,23-00100203,UNSAFE STRUCTURE (BLDG),5200 SW 5TH ST,ACTIVE,7/27/23,195.0,NOTICE OF VIOLATION-MAIL,REINSPECTION,7/29/23,8/13/23,,legacy,,,,,,,
22-00100271,CASE CLOSED,131,margate_data.json,,WORK WITHOUT PERMIT-BUILDING,570 SW 50TH TER,6/27/22,430.0,CASE CLOSED,,8/30/23,,,Margate,22-00100271,WORK WITHOUT PERMIT-BUILDING,570 SW 50TH TER,CASE CLOSED,6/27/22,430.0,CASE CLOSED,,,,8/30/23,legacy,,,,,,,
23-00100218,ACTIVE,131,margate_data.json,,WORK WITHOUT PERMIT-BUILDING,570 SW 50TH TER,8/07/23,184.0,NOTICE OF VIOLATION-MAIL,REINSPECTION,,8/09/23,8/24/23,Margate,23-00100218,WORK WITHOUT PERMIT-BUILDING,570 SW 50TH TER,ACTIVE,8/07/23,184.0,NOTICE OF VIOLATION-MAIL,REINSPECTION,8/09/23,8/24/23,,legacy,,,,,,,
24-00100001,ACTIVE,131,margate_data.json,,WORK WITHOUT PERMIT-BUILDING,571 SW 50TH TER,1/02/24,36.0,NOTICE OF VIOLATION-MAIL,REINSPECTION,,1/04/24,1/19/24,Margate,24-00100001,WORK WITHOUT PERMIT-BUILDING,571 SW 50TH TER,ACTIVE,1/02/24,36.0,NOTICE OF VIOLATION-MAIL,REINSPECTION,1/04/24,1/19/24,,legacy,,,,,,,
23-00100211,ACTIVE,131,margate_data.json,,UNSAFE STRUCTURE (BLDG),860 SW 50TH TER,8/02/23,189.0,NOTICE OF VIOLATION-MAIL,REINSPECTION,,8/04/23,8/19/23,Margate,23-00100211,UNSAFE STRUCTURE (BLDG),860 SW 50TH TER,ACTIVE,8/02/23,189.0,NOTICE OF VIOLATION-MAIL,REINSPECTION,8/04/23,8/19/23,,legacy,,,,,,,
23-00100220,ACTIVE,131,margate_data.json,,UNSAFE STRUCTURE (BLDG),990 SW 50TH TER,8/08/23,183.0,NOTICE OF VIOLATION-MAIL,REINSPECTION,,8/10/23,8/25/23,Margate,23-00100220,UNSAFE STRUCTURE (BLDG),990 SW 50TH TER,ACTIVE,8/08/23,183.0,NOTICE OF VIOLATION-MAIL,REINSPECTION,8/10/23,8/25/23,,legacy,,,,,,,
23-00100113,ACTIVE,131,margate_data.json,,UNSAFE STRUCTURE (BLDG),1050 SW 50TH TER,4/19/23,294.0,NOTICE OF VIOLATION-MAIL,REINSPECTION,,4/21/23,5/06/23,Margate,23-00100113,UNSAFE STRUCTURE (BLDG),1050 SW 50TH TER,ACTIVE,4/19/23,294.0,NOTICE OF VIOLATION-MAIL,REINSPECTION,4/21/23,5/06/23,,legacy,,,,,,,
23-00100182,ACTIVE,131,margate_data.json,,WORK WITHOUT PERMIT-BUILDING,2810 NW 51ST TER,7/10/23,212.0,NOTICE OF VIOLATION-MAIL,REINSPECTION,,7/12/23,7/27/23,Margate,23-00100182,WORK WITHOUT PERMIT-BUILDING,2810 NW 51ST TER,ACTIVE,7/10/23,212.0,NOTICE OF VIOLATION-MAIL,REINSPECTION,7/12/23,7/27/23,,legacy,,,,,,,
23-00100311,ACTIVE,131,margate_data.json,,UNSAFE STRUCTURE (BLDG),3200 NW 51ST TER,10/23/23,107.0,NOTICE OF VIOLATION-SITE,RED TAG,,10/23/23,11/02/23,Margate,23-00100311,UNSAFE STRUCTURE (BLDG),3200 NW 51ST TER,ACTIVE,10/23/23,107.0,NOTICE OF VIOLATION-SITE,RED TAG,10/23/23,11/02/23,,legacy,,,,,,,
23-00100408,ACTIVE,131,margate_data.json,,WORK WITHOUT PERMIT-BUILDING,695 SW 51ST AVE,11/01/23,98.0,NOTICE OF VIOLATION-MAIL,REINSPECTION,,11/03/23,11/18/23,Margate,23-00100408,WORK WITHOUT PERMIT-BUILDING,695 SW 51ST AVE,ACTIVE,11/01/23,98.0,NOTICE OF VIOLATION-MAIL,REINSPECTION,11/03/23,11/18/23,,legacy,,,,,,,
16-00100114,CASE CLOSED,135,margate_data.json,,WORK WITHOUT PERMIT-BUILDING,2931 NW 53RD TER,2/25/16,2602.0,CASE CLOSED,,3/29/18,,,Margate,16-00100114,WORK WITHOUT PERMIT-BUILDING,2931 NW 53RD TER,CASE CLOSED,2/25/16,2602.0,CASE CLOSED,,,,3/29/18,legacy,,,,,,,
22-00100438,CASE CLOSED,135,margate_data.json,,WORK WITHOUT PERMIT-BUILDING,601 SW 54TH AVE,11/10/22,316.0,CASE CLOSED,,9/20/23,,,Margate,22-00100438,WORK WITHOUT PERMIT-BUILDING,601 SW 54TH AVE,CASE CLOSED,11/10/22,316.0,CASE CLOSED,,,,9/20/23,legacy,,,,,,,
23-00100404,ACTIVE,135,margate_data.json,,WORK WITHOUT PERMIT-BUILDING,641 SW 54TH AVE,11/01/23,98.0,NOTICE OF VIOLATION-MAIL,REINSPECTION,,11/03/23,11/18/23,Margate,23-00100404,WORK WITHOUT PERMIT-BUILDING,641 SW 54TH AVE,ACTIVE,11/01/23,98.0,NOTICE OF VIOLATION-MAIL,REINSPECTION,11/03/23,11/18/23,,legacy,,,,,,,
19-00100212,CASE CLOSED,135,margate_data.json,,WORK WITHOUT PERMIT-BUILDING,850 SW 55TH TER,10/24/19,1469.0,CASE CLOSED,,11/01/23,,,Margate,19-00100212,WORK WITHOUT PERMIT-BUILDING,850 SW 55TH TER,CASE CLOSED,10/24/19,1469.0,CASE CLOSED,,,,11/01/23,legacy,,,,,,,
23-00100076,ACTIVE,135,margate_data.json,,UNSAFE STRUCTURE (BLDG),260 SW 56TH AVE,3/22/23,322.0,NOTICE OF VIOLATION-MAIL,REINSPECTION,,3/25/23,4/09/23,Margate,23-00100076,UNSAFE STRUCTURE (BLDG),260 SW 56TH AVE,ACTIVE,3/22/23,322.0,NOTICE OF VIOLATION-MAIL,REINSPECTION,3/25/23,4/09/23,,legacy,,,,,,,
22-00100321,CASE CLOSED,135,margate_data.json,,50 YEAR SAFETY INSPECTIONS,280 SW 56TH TER,7/11/22,218.0,CASE CLOSED,,2/09/23,,,Margate,22-00100321,50 YEAR SAFETY INSPECTIONS,280 SW 56TH TER,CASE CLOSED,7/11/22,218.0,CASE CLOSED,,,,2/09/23,legacy,,,,,,,
23-00100035,ACTIVE,135,margate_data.json,,WORK WITHOUT PERMIT-BUILDING,2461 NW 57TH TER,2/21/23,351.0,NOTICE OF VIOLATION-MAIL,REINSPECTION,,2/23/23,3/10/23,Margate,23-00100035,WORK WITHOUT PERMIT-BUILDING,2461 NW 57TH TER,ACTIVE,2/21/23,351.0,NOTICE OF VIOLATION-MAIL,REINSPECTION,2/23/23,3/10/23,,legacy,,,,,,,
21-00100419,CASE CLOSED,135,margate_data.json,,WORK WITHOUT PERMIT-BUILDING,1317 NW 58TH AVE,10/19/21,476.0,CASE CLOSED,,2/06/23,,,Margate,21-00100419,WORK WITHOUT PERMIT-BUILDING,1317 NW 58TH AVE,CASE CLOSED,10/19/21,476.0,CASE CLOSED,,,,2/06/23,legacy,,,,,,,
21-00100420,CASE CLOSED,135,margate_data.json,,UNSAFE STRUCTURE (BLDG),1317 NW 58TH AVE,10/19/21,728.0,CASE CLOSED,,10/16/23,,,Margate,21-00100420,UNSAFE STRUCTURE (BLDG),1317 NW 58TH AVE,CASE CLOSED,10/19/21,728.0,CASE CLOSED,,,,10/16/23,legacy,,,,,,,
23-00100009,CASE CLOSED,135,margate_data.json,,CODE VIOLATION-MUNICIPAL (BLDG),1409 NW 58TH AVE,1/26/23,43.0,CASE CLOSED,,3/09/23,,,Margate,23-00100009,CODE VIOLATION-MUNICIPAL (BLDG),1409 NW 58TH AVE,CASE CLOSED,1/26/23,43.0,CASE CLOSED,,,,3/09/23,legacy,,,,,,,
20-00100394,CASE CLOSED,135,margate_data.json,,WORK WITHOUT PERMIT-BUILDING,1616 NW 58TH AVE,6/17/20,988.0,CASE CLOSED,,3/01/23,,,Margate,20-00100394,WORK WITHOUT PERMIT-BUILDING,1616 NW 58TH AVE,CASE CLOSED,6/17/20,988.0,CASE CLOSED,,,,3/01/23,legacy,,,,,,,
23-00100133,CASE CLOSED,135,margate_data.json,,WORK WITHOUT PERMIT-BUILDING,2585 NW 59TH AVE,5/16/23,37.0,CASE CLOSED,,6/21/23,,,Margate,23-00100133,WORK WITHOUT PERMIT-BUILDING,2585 NW 59TH AVE,CASE CLOSED,5/16/23,37.0,CASE CLOSED,,,,6/21/23,legacy,,,,,,,
23-00100134,CASE CLOSED,135,margate_data.json,,WORK WITHOUT PERMIT-BUILDING,2611 NW 59TH AVE,5/16/23,154.0,CASE CLOSED,,10/11/23,,,Margate,23-00100134,WORK WITHOUT PERMIT-BUILDING,2611 NW 59TH AVE,CASE CLOSED,5/16/23,154.0,CASE CLOSED,,,,10/11/23,legacy,,,,,,,
23-00100136,CASE CLOSED,135,margate_data.json,,WORK WITHOUT PERMIT-BUILDING,2627 NW 59TH AVE,5/16/23,30.0,CASE CLOSED,,6/06/23,,,Margate,23-00100136,WORK WITHOUT PERMIT-BUILDING,2627 NW 59TH AVE,CASE CLOSED,5/16/23,30.0,CASE CLOSED,,,,6/06/23,legacy,,,,,,,
23-00100135,CASE CLOSED,135,margate_data.json,,WORK WITHOUT PERMIT-BUILDING,2649 NW 59TH AVE,5/16/23,45.0,CASE CLOSED,,6/22/23,,,Margate,23-00100135,WORK WITHOUT PERMIT-BUILDING,2649 NW 59TH AVE,CASE CLOSED,5/16/23,45.0,CASE CLOSED,,,,6/22/23,legacy,,,,,,,
23-00100340,ACTIVE,135,margate_data.json,,40 YEAR SAFETY INSPECTIONS,6100 NW 6TH ST,10/31/23,99.0,INITIAL INSPECTION,,,,,Margate,23-00100340,40 YEAR SAFETY INSPECTIONS,6100 NW 6TH ST,ACTIVE,10/31/23,99.0,INITIAL INSPECTION,,,,,legacy,,,,,,,
23-00100494,ACTIVE,135,margate_data.json,,WORK WITHOUT PERMIT-BUILDING,6710 NW 6TH ST,12/21/23,48.0,NOTICE OF VIOLATION-MAIL,REINSPECTION,,12/22/23,1/06/24,Margate,23-00100494,WORK WITHOUT PERMIT-BUILDING,6710 NW 6TH ST,ACTIVE,12/21/23,48.0,NOTICE OF VIOLATION-MAIL,REINSPECTION,12/22/23,1/06/24,,legacy,,,,,,,
23-00100434,ACTIVE,139,margate_data.json,,WORK WITHOUT PERMIT-BUILDING,6821 NW 6TH ST,11/27/23,72.0,NOTICE OF VIOLATION-MAIL,REINSPECTION,,11/30/23,12/15/23,Margate,23-00100434,WORK WITHOUT PERMIT-BUILDING,6821 NW 6TH ST,ACTIVE,11/27/23,72.0,NOTICE OF VIOLATION-MAIL,REINSPECTION,11/30/23,12/15/23,,legacy,,,,,,,
23-00100171,ACTIVE,139,margate_data.json,,UNSAFE STRUCTURE (BLDG),7480 NW 6TH CT,6/19/23,233.0,RED TAG NOTICE OF VIOLATION-MAIL,,,6/13/23,6/23/23,Margate,23-00100171,UNSAFE STRUCTURE (BLDG),7480 NW 6TH CT,ACTIVE,6/19/23,233.0,RED TAG NOTICE OF VIOLATION-MAIL,,6/13/23,6/23/23,,legacy,,,,,,,
23-00100409,ACTIVE,139,margate_data.json,,WORK WITHOUT PERMIT-BUILDING,4978 SW 6TH ST,11/02/23,97.0,NOTICE OF VIOLATION-MAIL,REINSPECTION,,11/04/23,11/19/23,Margate,23-00100409,WORK WITHOUT PERMIT-BUILDING,4978 SW 6TH ST,ACTIVE,11/02/23,97.0,NOTICE OF VIOLATION-MAIL,REINSPECTION,11/04/23,11/19/23,,legacy,,,,,,,
23-00100319,ACTIVE,139,margate_data.json,,WORK WITHOUT PERMIT-BUILDING,4982 SW 6TH ST,10/24/23,106.0,NOTICE OF VIOLATION-MAIL,REINSPECTION,,10/26/23,11/10/23,Margate,23-00100319,WORK WITHOUT PERMIT-BUILDING,4982 SW 6TH ST,ACTIVE,10/24/23,106.0,NOTICE OF VIOLATION-MAIL,REINSPECTION,10/26/23,11/10/23,,legacy,,,,,,,
23-00100411,ACTIVE,139,margate_data.json,,WORK WITHOUT PERMIT-BUILDING,4986 SW 6TH ST,11/02/23,97.0,NOTICE OF VIOLATION-MAIL,REINSPECTION,,11/04/23,11/19/23,Margate,23-00100411,WORK WITHOUT PERMIT-BUILDING,4986 SW 6TH ST,ACTIVE,11/02/23,97.0,NOTICE OF VIOLATION-MAIL,REINSPECTION,11/04/23,11/19/23,,legacy,,,,,,,
23-00100410,ACTIVE,139,margate_data.json,,WORK WITHOUT PERMIT-BUILDING,4990 SW 6TH ST,11/02/23,97.0,NOTICE OF VIOLATION-MAIL,REINSPECTION,,11/04/23,11/19/23,Margate,23-00100410,WORK WITHOUT PERMIT-BUILDING,4990 SW 6TH ST,ACTIVE,11/02/23,97.0,NOTICE OF VIOLATION-MAIL,REINSPECTION,11/04/23,11/19/23,,legacy,,,,,,,
23-00100412,ACTIVE,139,margate_data.json,,WORK WITHOUT PERMIT-BUILDING,5161 SW 6TH CT,11/02/23,97.0,NOTICE OF VIOLATION-MAIL,REINSPECTION,,11/04/23,11/19/23,Margate,23-00100412,WORK WITHOUT PERMIT-BUILDING,5161 SW 6TH CT,ACTIVE,11/02/23,97.0,NOTICE OF VIOLATION-MAIL,REINSPECTION,11/04/23,11/19/23,,legacy,,,,,,,
23-00100352,ACTIVE,139,margate_data.json,,WORK WITHOUT PERMIT-BUILDING,5400 SW 6TH PL,10/31/23,99.0,NOTICE OF VIOLATION-MAIL,REINSPECTION,,10/31/23,11/15/23,Margate,23-00100352,WORK WITHOUT PERMIT-BUILDING,5400 SW 6TH PL,ACTIVE,10/31/23,99.0,NOTICE OF VIOLATION-MAIL,REINSPECTION,10/31/23,11/15/23,,legacy,,,,,,,
22-00100140,CASE CLOSED,139,margate_data.json,,WORK WITHOUT PERMIT-BUILDING,5560 SW 6TH ST,4/04/22,317.0,CASE CLOSED,,1/31/23,,,Margate,22-00100140,WORK WITHOUT PERMIT-BUILDING,5560 SW 6TH ST,CASE CLOSED,4/04/22,317.0,CASE CLOSED,,,,1/31/23,legacy,,,,,,,
23-00100225,ACTIVE,139,margate_data.json,,WORK WITHOUT PERMIT-BUILDING,6705 SW 6TH ST,8/14/23,177.0,NOTICE OF VIOLATION-MAIL,REINSPECTION,,8/16/23,8/31/23,Margate,23-00100225,WORK WITHOUT PERMIT-BUILDING,6705 SW 6TH ST,ACTIVE,8/14/23,177.0,NOTICE OF VIOLATION-MAIL,REINSPECTION,8/16/23,8/31/23,,legacy,,,,,,,
23-00100055,ACTIVE,139,margate_data.json,,WORK WITHOUT PERMIT-BUILDING,6790 SW 6TH ST,3/07/23,337.0,NOTICE OF VIOLATION-MAIL,REINSPECTION,,3/09/23,3/24/23,Margate,23-00100055,WORK WITHOUT PERMIT-BUILDING,6790 SW 6TH ST,ACTIVE,3/07/23,337.0,NOTICE OF VIOLATION-MAIL,REINSPECTION,3/09/23,3/24/23,,legacy,,,,,,,
23-00100056,ACTIVE,139,margate_data.json,,UNSAFE STRUCTURE (BLDG),6790 SW 6TH ST,3/07/23,337.0,NOTICE OF VIOLATION-MAIL,REINSPECTION,,3/09/23,3/24/23,Margate,23-00100056,UNSAFE STRUCTURE (BLDG),6790 SW 6TH ST,ACTIVE,3/07/23,337.0,NOTICE OF VIOLATION-MAIL,REINSPECTION,3/09/23,3/24/23,,legacy,,,,,,,
23-00100464,ACTIVE,139,margate_data.json,,40 YEAR SAFETY INSPECTIONS,116 NW 60TH AVE,12/12/23,57.0,INITIAL INSPECTION,,,,,Margate,23-00100464,40 YEAR SAFETY INSPECTIONS,116 NW 60TH AVE,ACTIVE,12/12/23,57.0,INITIAL INSPECTION,,,,,legacy,,,,,,,
23-00100465,ACTIVE,139,margate_data.json,,40 YEAR SAFETY INSPECTIONS,130 NW 60TH AVE,12/12/23,57.0,INITIAL INSPECTION,,,,,Margate,23-00100465,40 YEAR SAFETY INSPECTIONS,130 NW 60TH AVE,ACTIVE,12/12/23,57.0,INITIAL INSPECTION,,,,,legacy,,,,,,,
23-00100466,ACTIVE,139,margate_data.json,,40 YEAR SAFETY INSPECTIONS,156 NW 60TH AVE,12/12/23,57.0,INITIAL INSPECTION,,,,,Margate,23-00100466,40 YEAR SAFETY INSPECTIONS,156 NW 60TH AVE,ACTIVE,12/12/23,57.0,INITIAL INSPECTION,,,,,legacy,,,,,,,
24-00100020,ACTIVE,139,margate_data.json,,WORK WITHOUT PERMIT-BUILDING,232 NW 60TH AVE,1/16/24,22.0,NOTICE OF VIOLATION-MAIL,REINSPECTION,,1/18/24,2/02/24,Margate,24-00100020,WORK WITHOUT PERMIT-BUILDING,232 NW 60TH AVE,ACTIVE,1/16/24,22.0,NOTICE OF VIOLATION-MAIL,REINSPECTION,1/18/24,2/02/24,,legacy,,,,,,,
24-00100088,ACTIVE,139,margate_data.json,,WORK WITHOUT PERMIT-BUILDING,1534 NW 61ST AVE,2/01/24,6.0,NOTICE OF VIOLATION-MAIL,REINSPECTION,,2/03/24,2/18/24,Margate,24-00100088,WORK WITHOUT PERMIT-BUILDING,1534 NW 61ST AVE,ACTIVE,2/01/24,6.0,NOTICE OF VIOLATION-MAIL,REINSPECTION,2/03/24,2/18/24,,legacy,,,,,,,
23-00100098,CASE CLOSED,143,margate_data.json,,WORK WITHOUT PERMIT-BUILDING,2531 NW 61ST AVE,4/12/23,134.0,CASE CLOSED,,8/16/23,,,Margate,23-00100098,WORK WITHOUT PERMIT-BUILDING,2531 NW 61ST AVE,CASE CLOSED,4/12/23,134.0,CASE CLOSED,,,,8/16/23,legacy,,,,,,,
24-00100087,ACTIVE,143,margate_data.json,,WORK WITHOUT PERMIT-BUILDING,2546 NW 61ST AVE,1/31/24,7.0,NOTICE OF VIOLATION-MAIL,REINSPECTION,,2/02/24,2/17/24,Margate,24-00100087,WORK WITHOUT PERMIT-BUILDING,2546 NW 61ST AVE,ACTIVE,1/31/24,7.0,NOTICE OF VIOLATION-MAIL,REINSPECTION,2/02/24,2/17/24,,legacy,,,,,,,
24-00100029,ACTIVE,143,margate_data.json,,WORK WITHOUT PERMIT-BUILDING,2558 NW 61ST AVE,1/25/24,13.0,NOTICE OF VIOLATION-SITE,RED TAG,,1/25/24,2/04/24,Margate,24-00100029,WORK WITHOUT PERMIT-BUILDING,2558 NW 61ST AVE,ACTIVE,1/25/24,13.0,NOTICE OF VIOLATION-SITE,RED TAG,1/25/24,2/04/24,,legacy,,,,,,,
24-00100031,ACTIVE,143,margate_data.json,,WORK WITHOUT PERMIT-BUILDING,2569 NW 61ST AVE,1/30/24,8.0,NOTICE OF VIOLATION-MAIL,REINSPECTION,,1/31/24,2/15/24,Margate,24-00100031,WORK WITHOUT PERMIT-BUILDING,2569 NW 61ST AVE,ACTIVE,1/30/24,8.0,NOTICE OF VIOLATION-MAIL,REINSPECTION,1/31/24,2/15/24,,legacy,,,,,,,
24-00100030,ACTIVE,143,margate_data.json,,WORK WITHOUT PERMIT-BUILDING,2588 NW 61ST AVE,1/29/24,9.0,NOTICE OF VIOLATION-MAIL,REINSPECTION,,1/31/24,2/15/24,Margate,24-00100030,WORK WITHOUT PERMIT-BUILDING,2588 NW 61ST AVE,ACTIVE,1/29/24,9.0,NOTICE OF VIOLATION-MAIL,REINSPECTION,1/31/24,2/15/24,,legacy,,,,,,,
23-00100127,ACTIVE,143,margate_data.json,,WORK WITHOUT PERMIT-BUILDING,1113 NW 62ND AVE,5/01/23,282.0,NOTICE OF VIOLATION-MAIL,REINSPECTION,,5/03/23,5/18/23,Margate,23-00100127,WORK WITHOUT PERMIT-BUILDING,1113 NW 62ND AVE,ACTIVE,5/01/23,282.0,NOTICE OF VIOLATION-MAIL,REINSPECTION,5/03/23,5/18/23,,legacy,,,,,,,
23-00100025,ACTIVE,143,margate_data.json,,WORK WITHOUT PERMIT-BUILDING,1372 NW 62ND WAY,2/07/23,365.0,NOTICE OF VIOLATION-MAIL,REINSPECTION,,2/09/23,2/24/23,Margate,23-00100025,WORK WITHOUT PERMIT-BUILDING,1372 NW 62ND WAY,ACTIVE,2/07/23,365.0,NOTICE OF VIOLATION-MAIL,REINSPECTION,2/09/23,2/24/23,,legacy,,,,,,,
23-00100042,ACTIVE,143,margate_data.json,,UNSAFE STRUCTURE (BLDG),1411 NW 62ND WAY,2/28/23,344.0,NOTICE OF VIOLATION-MAIL,REINSPECTION,,3/03/23,3/18/23,Margate,23-00100042,UNSAFE STRUCTURE (BLDG),1411 NW 62ND WAY,ACTIVE,2/28/23,344.0,NOTICE OF VIOLATION-MAIL,REINSPECTION,3/03/23,3/18/23,,legacy,,,,,,,
22-00100214,CASE CLOSED,143,margate_data.json,,WORK WITHOUT PERMIT-BUILDING,1417 NW 62ND AVE,6/02/22,580.0,CASE CLOSED,,12/28/23,,,Margate,22-00100214,WORK WITHOUT PERMIT-BUILDING,1417 NW 62ND AVE,CASE CLOSED,6/02/22,580.0,CASE CLOSED,,,,12/28/23,legacy,,,,,,,
21-00100445,CASE CLOSED,143,margate_data.json,,WORK WITHOUT PERMIT-BUILDING,2513 NW 62ND AVE,11/02/21,795.0,CASE CLOSED,,1/05/24,,,Margate,21-00100445,WORK WITHOUT PERMIT-BUILDING,2513 NW 62ND AVE,CASE CLOSED,11/02/21,795.0,CASE CLOSED,,,,1/05/24,legacy,,,,,,,
23-00100070,CASE CLOSED,143,margate_data.json,,WORK WITHOUT PERMIT-BUILDING,2615 NW 62ND AVE,3/21/23,231.0,REINSPECTION CASE CLOSED,,,11/02/23,11/02/23,Margate,23-00100070,WORK WITHOUT PERMIT-BUILDING,2615 NW 62ND AVE,CASE CLOSED,3/21/23,231.0,REINSPECTION CASE CLOSED,,11/02/23,11/02/23,,legacy,,,,,,,
23-00100246,ACTIVE,143,margate_data.json,,WORK WITHOUT PERMIT-BUILDING,2615 NW 62ND AVE,8/31/23,160.0,NOTICE OF VIOLATION-MAIL,REINSPECTION,,9/05/23,9/20/23,Margate,23-00100246,WORK WITHOUT PERMIT-BUILDING,2615 NW 62ND AVE,ACTIVE,8/31/23,160.0,NOTICE OF VIOLATION-MAIL,REINSPECTION,9/05/23,9/20/23,,legacy,,,,,,,
23-00100071,ACTIVE,143,margate_data.json,,WORK WITHOUT PERMIT-BUILDING,2631 NW 62ND AVE,3/21/23,323.0,NOTICE OF VIOLATION-MAIL,REINSPECTION,,3/23/23,4/07/23,Margate,23-00100071,WORK WITHOUT PERMIT-BUILDING,2631 NW 62ND AVE,ACTIVE,3/21/23,323.0,NOTICE OF VIOLATION-MAIL,REINSPECTION,3/23/23,4/07/23,,legacy,,,,,,,
24-00100027,ACTIVE,143,margate_data.json,,WORK WITHOUT PERMIT-BUILDING,2671 NW 62ND AVE,1/24/24,14.0,NOTICE OF VIOLATION-SITE,RED TAG,,1/24/24,2/03/24,Margate,24-00100027,WORK WITHOUT PERMIT-BUILDING,2671 NW 62ND AVE,ACTIVE,1/24/24,14.0,NOTICE OF VIOLATION-SITE,RED TAG,1/24/24,2/03/24,,legacy,,,,,,,
23-00100283,ACTIVE,143,margate_data.json,,WORK WITHOUT PERMIT-BUILDING,3250 NW 62ND AVE,10/09/23,121.0,NOTICE OF VIOLATION-MAIL,REINSPECTION,,10/11/23,10/26/23,Margate,23-00100283,WORK WITHOUT PERMIT-BUILDING,3250 NW 62ND AVE,ACTIVE,10/09/23,121.0,NOTICE OF VIOLATION-MAIL,REINSPECTION,10/11/23,10/26/23,,legacy,,,,,,,
23-00100284,ACTIVE,143,margate_data.json,,WORK WITHOUT PERMIT-BUILDING,3270 NW 62ND AVE,10/09/23,121.0,NOTICE OF VIOLATION-MAIL,REINSPECTION,,10/11/23,10/26/23,Margate,23-00100284,WORK WITHOUT PERMIT-BUILDING,3270 NW 62ND AVE,ACTIVE,10/09/23,121.0,NOTICE OF VIOLATION-MAIL,REINSPECTION,10/11/23,10/26/23,,legacy,,,,,,,
23-00100417,ACTIVE,143,margate_data.json,,WORK WITHOUT PERMIT-BUILDING,510 SW 62ND AVE,11/13/23,86.0,NOTICE OF VIOLATION-MAIL,REINSPECTION,,11/13/23,11/28/23,Margate,23-00100417,WORK WITHOUT PERMIT-BUILDING,510 SW 62ND AVE,ACTIVE,11/13/23,86.0,NOTICE OF VIOLATION-MAIL,REINSPECTION,11/13/23,11/28/23,,legacy,,,,,,,
21-00100288,IN COMPLIANCE/OPEN FINES,147,margate_data.json,,UNSAFE STRUCTURE (BLDG),2583 NW 63RD AVE,7/21/21,931.0,NOTICE OF VIOLATION-SITE,RED TAG,,7/22/21,8/01/21,Margate,21-00100288,UNSAFE STRUCTURE (BLDG),2583 NW 63RD AVE,IN COMPLIANCE/OPEN FINES,7/21/21,931.0,NOTICE OF VIOLATION-SITE,RED TAG,7/22/21,8/01/21,,legacy,,,,,,,
21-00100289,IN COMPLIANCE/OPEN FINES,147,margate_data.json,,WORK WITHOUT PERMIT-BUILDING,2583 NW 63RD AVE,7/21/21,931.0,NOTICE OF VIOLATION-SITE,RED TAG,,7/22/21,8/01/21,Margate,21-00100289,WORK WITHOUT PERMIT-BUILDING,2583 NW 63RD AVE,IN COMPLIANCE/OPEN FINES,7/21/21,931.0,NOTICE OF VIOLATION-SITE,RED TAG,7/22/21,8/01/21,,legacy,,,,,,,
23-00100022,ACTIVE,147,margate_data.json,,WORK WITHOUT PERMIT-BUILDING,2583 NW 63RD AVE,2/06/23,366.0,NOTICE OF VIOLATION-MAIL,REINSPECTION,,2/08/23,2/23/23,Margate,23-00100022,WORK WITHOUT PERMIT-BUILDING,2583 NW 63RD AVE,ACTIVE,2/06/23,366.0,NOTICE OF VIOLATION-MAIL,REINSPECTION,2/08/23,2/23/23,,legacy,,,,,,,
23-00100130,ACTIVE,147,margate_data.json,,WORK WITHOUT PERMIT-BUILDING,2630 NW 63RD TER,5/08/23,275.0,NOTICE OF VIOLATION-MAIL,REINSPECTION,,5/10/23,5/25/23,Margate,23-00100130,WORK WITHOUT PERMIT-BUILDING,2630 NW 63RD TER,ACTIVE,5/08/23,275.0,NOTICE OF VIOLATION-MAIL,REINSPECTION,5/10/23,5/25/23,,legacy,,,,,,,
23-00100186,ACTIVE,147,margate_data.json,,UNSAFE STRUCTURE (BLDG),2660 NW 63RD TER,7/12/23,210.0,NOTICE OF VIOLATION-MAIL,REINSPECTION,,7/14/23,7/29/23,Margate,23-00100186,UNSAFE STRUCTURE (BLDG),2660 NW 63RD TER,ACTIVE,7/12/23,210.0,NOTICE OF VIOLATION-MAIL,REINSPECTION,7/14/23,7/29/23,,legacy,,,,,,,
23-00100140,CASE CLOSED,147,margate_data.json,,WORK WITHOUT PERMIT-BUILDING,2661 NW 63RD TER,5/22/23,107.0,CASE CLOSED,,8/29/23,,,Margate,23-00100140,WORK WITHOUT PERMIT-BUILDING,2661 NW 63RD TER,CASE CLOSED,5/22/23,107.0,CASE CLOSED,,,,8/29/23,legacy,,,,,,,
23-00100061,CASE CLOSED,147,margate_data.json,,WORK WITHOUT PERMIT-BUILDING,2574 NW 64TH AVE,3/13/23,100.0,CASE CLOSED,,6/14/23,,,Margate,23-00100061,WORK WITHOUT PERMIT-BUILDING,2574 NW 64TH AVE,CASE CLOSED,3/13/23,100.0,CASE CLOSED,,,,6/14/23,legacy,,,,,,,
23-00100288,ACTIVE,147,margate_data.json,,WORK WITHOUT PERMIT-BUILDING,2576 NW 64TH TER,10/10/23,120.0,NOTICE OF VIOLATION-MAIL,REINSPECTION,,10/12/23,10/27/23,Margate,23-00100288,WORK WITHOUT PERMIT-BUILDING,2576 NW 64TH TER,ACTIVE,10/10/23,120.0,NOTICE OF VIOLATION-MAIL,REINSPECTION,10/12/23,10/27/23,,legacy,,,,,,,
22-00100396,CASE CLOSED,147,margate_data.json,,WORK WITHOUT PERMIT-BUILDING,2661 NW 64TH TER,9/28/22,429.0,CASE CLOSED,,11/30/23,,,Margate,22-00100396,WORK WITHOUT PERMIT-BUILDING,2661 NW 64TH TER,CASE CLOSED,9/28/22,429.0,CASE CLOSED,,,,11/30/23,legacy,,,,,,,
23-00100137,ACTIVE,147,margate_data.json,,WORK WITHOUT PERMIT-BUILDING,100 NW 65TH AVE,5/17/23,266.0,NOTICE OF VIOLATION-MAIL,REINSPECTION,,5/19/23,6/03/23,Margate,23-00100137,WORK WITHOUT PERMIT-BUILDING,100 NW 65TH AVE,ACTIVE,5/17/23,266.0,NOTICE OF VIOLATION-MAIL,REINSPECTION,5/19/23,6/03/23,,legacy,,,,,,,
23-00100049,ACTIVE,147,margate_data.json,,UNSAFE STRUCTURE (BLDG),430 NW 65TH TER,3/06/23,338.0,NOTICE OF VIOLATION-MAIL,REINSPECTION,,3/08/23,3/23/23,Margate,23-00100049,UNSAFE STRUCTURE (BLDG),430 NW 65TH TER,ACTIVE,3/06/23,338.0,NOTICE OF VIOLATION-MAIL,REINSPECTION,3/08/23,3/23/23,,legacy,,,,,,,
23-00100230,ACTIVE,147,margate_data.json,,WORK WITHOUT PERMIT-BUILDING,661 NW 65TH TER,8/22/23,169.0,NOTICE OF VIOLATION-MAIL,REINSPECTION,,8/24/23,9/08/23,Margate,23-00100230,WORK WITHOUT PERMIT-BUILDING,661 NW 65TH TER,ACTIVE,8/22/23,169.0,NOTICE OF VIOLATION-MAIL,REINSPECTION,8/24/23,9/08/23,,legacy,,,,,,,
23-00100034,ACTIVE,147,margate_data.json,,WORK WITHOUT PERMIT-BUILDING,2501 NW 65TH AVE,2/09/23,363.0,NOTICE OF VIOLATION-SITE,RED TAG,,2/09/23,2/19/23,Margate,23-00100034,WORK WITHOUT PERMIT-BUILDING,2501 NW 65TH AVE,ACTIVE,2/09/23,363.0,NOTICE OF VIOLATION-SITE,RED TAG,2/09/23,2/19/23,,legacy,,,,,,,
23-00100344,ACTIVE,147,margate_data.json,,WORK WITHOUT PERMIT-BUILDING,2501 NW 65TH AVE,10/26/23,104.0,NOTICE OF VIOLATION-MAIL,REINSPECTION,,10/27/23,11/11/23,Margate,23-00100344,WORK WITHOUT PERMIT-BUILDING,2501 NW 65TH AVE,ACTIVE,10/26/23,104.0,NOTICE OF VIOLATION-MAIL,REINSPECTION,10/27/23,11/11/23,,legacy,,,,,,,
23-00100023,ACTIVE,147,margate_data.json,,UNSAFE STRUCTURE (BLDG),2509 NW 65TH AVE,2/07/23,365.0,NOTICE OF VIOLATION-MAIL,REINSPECTION,,2/09/23,2/24/23,Margate,23-00100023,UNSAFE STRUCTURE (BLDG),2509 NW 65TH AVE,ACTIVE,2/07/23,365.0,NOTICE OF VIOLATION-MAIL,REINSPECTION,2/09/23,2/24/23,,legacy,,,,,,,
23-00100008,CASE CLOSED,147,margate_data.json,,WORK WITHOUT PERMIT-BUILDING,2523 NW 65TH AVE,1/25/23,273.0,CASE CLOSED,,10/24/23,,,Margate,23-00100008,WORK WITHOUT PERMIT-BUILDING,2523 NW 65TH AVE,CASE CLOSED,1/25/23,273.0,CASE CLOSED,,,,10/24/23,legacy,,,,,,,
23-00100200,CASE CLOSED,147,margate_data.json,,WORK WITHOUT PERMIT-BUILDING,2532 NW 65TH AVE,7/25/23,191.0,CASE CLOSED,,1/31/24,,,Margate,23-00100200,WORK WITHOUT PERMIT-BUILDING,2532 NW 65TH AVE,CASE CLOSED,7/25/23,191.0,CASE CLOSED,,,,1/31/24,legacy,,,,,,,
23-00100097,ACTIVE,151,margate_data.json,,WORK WITHOUT PERMIT-BUILDING,2550 NW 65TH AVE,4/12/23,301.0,NOTICE OF VIOLATION-MAIL,REINSPECTION,,4/12/23,4/27/23,Margate,23-00100097,WORK WITHOUT PERMIT-BUILDING,2550 NW 65TH AVE,ACTIVE,4/12/23,301.0,NOTICE OF VIOLATION-MAIL,REINSPECTION,4/12/23,4/27/23,,legacy,,,,,,,
23-00100304,ACTIVE,151,margate_data.json,,WORK WITHOUT PERMIT-BUILDING,2624 NW 65TH AVE,10/16/23,114.0,NOTICE OF VIOLATION-SITE,RED TAG,,10/16/23,10/26/23,Margate,23-00100304,WORK WITHOUT PERMIT-BUILDING,2624 NW 65TH AVE,ACTIVE,10/16/23,114.0,NOTICE OF VIOLATION-SITE,RED TAG,10/16/23,10/26/23,,legacy,,,,,,,
23-00100107,ACTIVE,151,margate_data.json,,UNSAFE STRUCTURE (BLDG),2679 NW 65TH AVE,4/17/23,296.0,NOTICE OF VIOLATION-MAIL,REINSPECTION,,4/19/23,5/04/23,Margate,23-00100107,UNSAFE STRUCTURE (BLDG),2679 NW 65TH AVE,ACTIVE,4/17/23,296.0,NOTICE OF VIOLATION-MAIL,REINSPECTION,4/19/23,5/04/23,,legacy,,,,,,,
23-00100168,ACTIVE,151,margate_data.json,,WORK WITHOUT PERMIT-BUILDING,318 SW 65TH AVE,6/19/23,233.0,NOTICE OF VIOLATION-MAIL,REINSPECTION,,6/21/23,7/06/23,Margate,23-00100168,WORK WITHOUT PERMIT-BUILDING,318 SW 65TH AVE,ACTIVE,6/19/23,233.0,NOTICE OF VIOLATION-MAIL,REINSPECTION,6/21/23,7/06/23,,legacy,,,,,,,
23-00100119,ACTIVE,151,margate_data.json,,UNSAFE STRUCTURE (BLDG),383 SW 65TH AVE,4/25/23,288.0,NOTICE OF VIOLATION-MAIL,REINSPECTION,,4/26/23,5/11/23,Margate,23-00100119,UNSAFE STRUCTURE (BLDG),383 SW 65TH AVE,ACTIVE,4/25/23,288.0,NOTICE OF VIOLATION-MAIL,REINSPECTION,4/26/23,5/11/23,,legacy,,,,,,,
23-00100118,CASE CLOSED,151,margate_data.json,,WORK WITHOUT PERMIT-BUILDING,391 SW 65TH AVE,4/25/23,224.0,CASE CLOSED,,11/30/23,,,Margate,23-00100118,WORK WITHOUT PERMIT-BUILDING,391 SW 65TH AVE,CASE CLOSED,4/25/23,224.0,CASE CLOSED,,,,11/30/23,legacy,,,,,,,
24-00100009,ACTIVE,151,margate_data.json,,WORK WITHOUT PERMIT-BUILDING,601 NW 66TH AVE,1/08/24,30.0,NOTICE OF VIOLATION-SITE,RED TAG,,1/08/24,1/18/24,Margate,24-00100009,WORK WITHOUT PERMIT-BUILDING,601 NW 66TH AVE,ACTIVE,1/08/24,30.0,NOTICE OF VIOLATION-SITE,RED TAG,1/08/24,1/18/24,,legacy,,,,,,,
23-00100069,CASE CLOSED,151,margate_data.json,,WORK WITHOUT PERMIT-BUILDING,700 NW 66TH AVE,3/21/23,192.0,CASE CLOSED,,9/28/23,,,Margate,23-00100069,WORK WITHOUT PERMIT-BUILDING,700 NW 66TH AVE,CASE CLOSED,3/21/23,192.0,CASE CLOSED,,,,9/28/23,legacy,,,,,,,
23-00100346,ACTIVE,151,margate_data.json,,WORK WITHOUT PERMIT-BUILDING,1390 NW 66TH TER,10/30/23,100.0,NOTICE OF VIOLATION-MAIL,REINSPECTION,,11/02/23,11/17/23,Margate,23-00100346,WORK WITHOUT PERMIT-BUILDING,1390 NW 66TH TER,ACTIVE,10/30/23,100.0,NOTICE OF VIOLATION-MAIL,REINSPECTION,11/02/23,11/17/23,,legacy,,,,,,,
23-00100310,ACTIVE,151,margate_data.json,,WORK WITHOUT PERMIT-BUILDING,1510 NW 66TH TER,10/23/23,107.0,NOTICE OF VIOLATION-SITE,RED TAG,,10/23/23,11/02/23,Margate,23-00100310,WORK WITHOUT PERMIT-BUILDING,1510 NW 66TH TER,ACTIVE,10/23/23,107.0,NOTICE OF VIOLATION-SITE,RED TAG,10/23/23,11/02/23,,legacy,,,,,,,
22-00100293,CASE CLOSED,151,margate_data.json,,WORK WITHOUT PERMIT-BUILDING,1520 NW 66TH AVE,7/07/22,307.0,CASE CLOSED,,5/04/23,,,Margate,22-00100293,WORK WITHOUT PERMIT-BUILDING,1520 NW 66TH AVE,CASE CLOSED,7/07/22,307.0,CASE CLOSED,,,,5/04/23,legacy,,,,,,,
22-00100437,CASE CLOSED,151,margate_data.json,,UNSAFE STRUCTURE (BLDG),1694 NW 66TH AVE,11/10/22,110.0,CASE CLOSED,,2/27/23,,,Margate,22-00100437,UNSAFE STRUCTURE (BLDG),1694 NW 66TH AVE,CASE CLOSED,11/10/22,110.0,CASE CLOSED,,,,2/27/23,legacy,,,,,,,
22-00100404,CASE CLOSED,151,margate_data.json,,UNSAFE STRUCTURE (BLDG),1735 NW 66TH AVE,10/04/22,212.0,CASE CLOSED,,4/27/23,,,Margate,22-00100404,UNSAFE STRUCTURE (BLDG),1735 NW 66TH AVE,CASE CLOSED,10/04/22,212.0,CASE CLOSED,,,,4/27/23,legacy,,,,,,,
23-00100204,ACTIVE,151,margate_data.json,,WORK WITHOUT PERMIT-BUILDING,1836 NW 66TH AVE,7/31/23,191.0,NOTICE OF VIOLATION-MAIL,REINSPECTION,,8/02/23,8/17/23,Margate,23-00100204,WORK WITHOUT PERMIT-BUILDING,1836 NW 66TH AVE,ACTIVE,7/31/23,191.0,NOTICE OF VIOLATION-MAIL,REINSPECTION,8/02/23,8/17/23,,legacy,,,,,,,
23-00100062,CASE CLOSED,151,margate_data.json,,WORK WITHOUT PERMIT-BUILDING,675 SW 66TH AVE,3/13/23,8.0,CASE CLOSED,,3/20/23,,,Margate,23-00100062,WORK WITHOUT PERMIT-BUILDING,675 SW 66TH AVE,CASE CLOSED,3/13/23,8.0,CASE CLOSED,,,,3/20/23,legacy,,,,,,,
23-00100093,ACTIVE,151,margate_data.json,,WORK WITHOUT PERMIT-BUILDING,675 SW 66TH AVE,4/06/23,307.0,NOTICE OF VIOLATION-MAIL,REINSPECTION,,4/08/23,4/23/23,Margate,23-00100093,WORK WITHOUT PERMIT-BUILDING,675 SW 66TH AVE,ACTIVE,4/06/23,307.0,NOTICE OF VIOLATION-MAIL,REINSPECTION,4/08/23,4/23/23,,legacy,,,,,,,
22-00100455,CASE CLOSED,151,margate_data.json,,WORK WITHOUT PERMIT-BUILDING,985 NW 67TH TER,12/14/22,155.0,CASE CLOSED,,5/17/23,,,Margate,22-00100455,WORK WITHOUT PERMIT-BUILDING,985 NW 67TH TER,CASE CLOSED,12/14/22,155.0,CASE CLOSED,,,,5/17/23,legacy,,,,,,,
22-00100456,CASE CLOSED,155,margate_data.json,,UNSAFE STRUCTURE (BLDG),985 NW 67TH TER,12/14/22,155.0,CASE CLOSED,,5/17/23,,,Margate,22-00100456,UNSAFE STRUCTURE (BLDG),985 NW 67TH TER,CASE CLOSED,12/14/22,155.0,CASE CLOSED,,,,5/17/23,legacy,,,,,,,
23-00100312,ACTIVE,155,margate_data.json,,WORK WITHOUT PERMIT-BUILDING,1020 NW 67TH AVE,10/23/23,107.0,NOTICE OF VIOLATION-SITE,RED TAG,,10/24/23,11/03/23,Margate,23-00100312,WORK WITHOUT PERMIT-BUILDING,1020 NW 67TH AVE,ACTIVE,10/23/23,107.0,NOTICE OF VIOLATION-SITE,RED TAG,10/24/23,11/03/23,,legacy,,,,,,,
23-00100154,CASE CLOSED,155,margate_data.json,,WORK WITHOUT PERMIT-BUILDING,1055 NW 68TH AVE,6/06/23,64.0,CASE CLOSED,,8/07/23,,,Margate,23-00100154,WORK WITHOUT PERMIT-BUILDING,1055 NW 68TH AVE,CASE CLOSED,6/06/23,64.0,CASE CLOSED,,,,8/07/23,legacy,,,,,,,
23-00100108,ACTIVE,155,margate_data.json,,UNSAFE STRUCTURE (BLDG),2421 NW 68TH TER,4/17/23,296.0,NOTICE OF VIOLATION-MAIL,REINSPECTION,,4/17/23,5/02/23,Margate,23-00100108,UNSAFE STRUCTURE (BLDG),2421 NW 68TH TER,ACTIVE,4/17/23,296.0,NOTICE OF VIOLATION-MAIL,REINSPECTION,4/17/23,5/02/23,,legacy,,,,,,,
23-00100109,ACTIVE,155,margate_data.json,,UNSAFE STRUCTURE (BLDG),2421 NW 68TH TER,4/17/23,296.0,NOTICE OF VIOLATION-MAIL,REINSPECTION,,4/19/23,5/04/23,Margate,23-00100109,UNSAFE STRUCTURE (BLDG),2421 NW 68TH TER,ACTIVE,4/17/23,296.0,NOTICE OF VIOLATION-MAIL,REINSPECTION,4/19/23,5/04/23,,legacy,,,,,,,
23-00100006,CASE CLOSED,155,margate_data.json,,WORK WITHOUT PERMIT-BUILDING,2656 NW 68TH TER,1/18/23,279.0,CASE CLOSED,,10/23/23,,,Margate,23-00100006,WORK WITHOUT PERMIT-BUILDING,2656 NW 68TH TER,CASE CLOSED,1/18/23,279.0,CASE CLOSED,,,,10/23/23,legacy,,,,,,,
23-00100445,ACTIVE,155,margate_data.json,,UNSAFE STRUCTURE (BLDG),2684 NW 68TH AVE,12/04/23,65.0,NOTICE OF VIOLATION-MAIL,REINSPECTION,,12/06/23,12/21/23,Margate,23-00100445,UNSAFE STRUCTURE (BLDG),2684 NW 68TH AVE,ACTIVE,12/04/23,65.0,NOTICE OF VIOLATION-MAIL,REINSPECTION,12/06/23,12/21/23,,legacy,,,,,,,
21-00100498,CASE CLOSED,155,margate_data.json,,WORK WITHOUT PERMIT-BUILDING,2860 NW 68TH LN,12/02/21,566.0,CASE CLOSED,,6/16/23,,,Margate,21-00100498,WORK WITHOUT PERMIT-BUILDING,2860 NW 68TH LN,CASE CLOSED,12/02/21,566.0,CASE CLOSED,,,,6/16/23,legacy,,,,,,,
23-00100046,CASE CLOSED,155,margate_data.json,,UNSAFE STRUCTURE (BLDG),401 SW 68TH TER,3/02/23,55.0,CASE CLOSED,,4/25/23,,,Margate,23-00100046,UNSAFE STRUCTURE (BLDG),401 SW 68TH TER,CASE CLOSED,3/02/23,55.0,CASE CLOSED,,,,4/25/23,legacy,,,,,,,
23-00100125,ACTIVE,155,margate_data.json,,WORK WITHOUT PERMIT-BUILDING,401 SW 68TH TER,5/01/23,282.0,NOTICE OF VIOLATION-MAIL,REINSPECTION,,5/03/23,5/18/23,Margate,23-00100125,WORK WITHOUT PERMIT-BUILDING,401 SW 68TH TER,ACTIVE,5/01/23,282.0,NOTICE OF VIOLATION-MAIL,REINSPECTION,5/03/23,5/18/23,,legacy,,,,,,,
23-00100040,ACTIVE,155,margate_data.json,,WORK WITHOUT PERMIT-BUILDING,534 NW 69TH TER,2/27/23,345.0,NOTICE OF VIOLATION-MAIL,REINSPECTION,,2/28/23,3/15/23,Margate,23-00100040,WORK WITHOUT PERMIT-BUILDING,534 NW 69TH TER,ACTIVE,2/27/23,345.0,NOTICE OF VIOLATION-MAIL,REINSPECTION,2/28/23,3/15/23,,legacy,,,,,,,
03-00100273,CASE CLOSED,155,margate_data.json,,WORK WITHOUT PERMIT-BUILDING,594 NW 69TH TER,10/10/03,7408.0,CASE CLOSED,,1/25/24,,,Margate,03-00100273,WORK WITHOUT PERMIT-BUILDING,594 NW 69TH TER,CASE CLOSED,10/10/03,7408.0,CASE CLOSED,,,,1/25/24,legacy,,,,,,,
19-00100138,CASE CLOSED,155,margate_data.json,,WORK WITHOUT PERMIT-BUILDING,664 NW 69TH TER,7/18/19,1483.0,CASE CLOSED,,8/09/23,,,Margate,19-00100138,WORK WITHOUT PERMIT-BUILDING,664 NW 69TH TER,CASE CLOSED,7/18/19,1483.0,CASE CLOSED,,,,8/09/23,legacy,,,,,,,
22-00100454,CASE CLOSED,155,margate_data.json,,WORK WITHOUT PERMIT-BUILDING,741 NW 69TH AVE,12/12/22,309.0,CASE CLOSED,,10/12/23,,,Margate,22-00100454,WORK WITHOUT PERMIT-BUILDING,741 NW 69TH AVE,CASE CLOSED,12/12/22,309.0,CASE CLOSED,,,,10/12/23,legacy,,,,,,,
23-00100148,ACTIVE,155,margate_data.json,,WORK WITHOUT PERMIT-BUILDING,980 NW 69TH AVE,5/30/23,253.0,NOTICE OF VIOLATION-MAIL,REINSPECTION,,6/01/23,6/16/23,Margate,23-00100148,WORK WITHOUT PERMIT-BUILDING,980 NW 69TH AVE,ACTIVE,5/30/23,253.0,NOTICE OF VIOLATION-MAIL,REINSPECTION,6/01/23,6/16/23,,legacy,,,,,,,
21-00100277,CASE CLOSED,155,margate_data.json,,WORK WITHOUT PERMIT-BUILDING,1455 NW 69TH AVE,7/13/21,878.0,CASE CLOSED,,12/29/21,,,Margate,21-00100277,WORK WITHOUT PERMIT-BUILDING,1455 NW 69TH AVE,CASE CLOSED,7/13/21,878.0,CASE CLOSED,,,,12/29/21,legacy,,,,,,,
21-00100187,CASE CLOSED,155,margate_data.json,,WORK WITHOUT PERMIT-BUILDING,2050 NW 69TH TER,5/27/21,750.0,CASE CLOSED,,12/23/21,,,Margate,21-00100187,WORK WITHOUT PERMIT-BUILDING,2050 NW 69TH TER,CASE CLOSED,5/27/21,750.0,CASE CLOSED,,,,12/23/21,legacy,,,,,,,
23-00100095,ACTIVE,159,margate_data.json,,WORK WITHOUT PERMIT-BUILDING,2685 NW 69TH AVE,4/10/23,303.0,NOTICE OF VIOLATION-MAIL,REINSPECTION,,4/12/23,4/27/23,Margate,23-00100095,WORK WITHOUT PERMIT-BUILDING,2685 NW 69TH AVE,ACTIVE,4/10/23,303.0,NOTICE OF VIOLATION-MAIL,REINSPECTION,4/12/23,4/27/23,,legacy,,,,,,,
23-00100491,ACTIVE,159,margate_data.json,,WORK WITHOUT PERMIT-BUILDING,120 SW 69TH TER,12/19/23,50.0,NOTICE OF VIOLATION-MAIL,REINSPECTION,,12/22/23,1/06/24,Margate,23-00100491,WORK WITHOUT PERMIT-BUILDING,120 SW 69TH TER,ACTIVE,12/19/23,50.0,NOTICE OF VIOLATION-MAIL,REINSPECTION,12/22/23,1/06/24,,legacy,,,,,,,
23-00100089,ACTIVE,159,margate_data.json,,WORK WITHOUT PERMIT-BUILDING,6110 NW 7TH ST,3/30/23,314.0,NOTICE OF VIOLATION-MAIL,REINSPECTION,,3/31/23,4/15/23,Margate,23-00100089,WORK WITHOUT PERMIT-BUILDING,6110 NW 7TH ST,ACTIVE,3/30/23,314.0,NOTICE OF VIOLATION-MAIL,REINSPECTION,3/31/23,4/15/23,,legacy,,,,,,,
23-00100438,ACTIVE,159,margate_data.json,,WORK WITHOUT PERMIT-BUILDING,4976 SW 7TH ST,11/28/23,71.0,NOTICE OF VIOLATION-MAIL,REINSPECTION,,11/30/23,12/15/23,Margate,23-00100438,WORK WITHOUT PERMIT-BUILDING,4976 SW 7TH ST,ACTIVE,11/28/23,71.0,NOTICE OF VIOLATION-MAIL,REINSPECTION,11/30/23,12/15/23,,legacy,,,,,,,
23-00100106,ACTIVE,159,margate_data.json,,UNSAFE STRUCTURE (BLDG),4980 SW 7TH ST,4/17/23,296.0,NOTICE OF VIOLATION-MAIL,REINSPECTION,,4/19/23,5/04/23,Margate,23-00100106,UNSAFE STRUCTURE (BLDG),4980 SW 7TH ST,ACTIVE,4/17/23,296.0,NOTICE OF VIOLATION-MAIL,REINSPECTION,4/19/23,5/04/23,,legacy,,,,,,,
23-00100407,ACTIVE,159,margate_data.json,,WORK WITHOUT PERMIT-BUILDING,5231 SW 7TH ST,11/01/23,98.0,NOTICE OF VIOLATION-MAIL,REINSPECTION,,11/03/23,11/18/23,Margate,23-00100407,WORK WITHOUT PERMIT-BUILDING,5231 SW 7TH ST,ACTIVE,11/01/23,98.0,NOTICE OF VIOLATION-MAIL,REINSPECTION,11/03/23,11/18/23,,legacy,,,,,,,
23-00100406,ACTIVE,159,margate_data.json,,WORK WITHOUT PERMIT-BUILDING,5261 SW 7TH ST,11/01/23,98.0,NOTICE OF VIOLATION-MAIL,REINSPECTION,,11/03/23,11/18/23,Margate,23-00100406,WORK WITHOUT PERMIT-BUILDING,5261 SW 7TH ST,ACTIVE,11/01/23,98.0,NOTICE OF VIOLATION-MAIL,REINSPECTION,11/03/23,11/18/23,,legacy,,,,,,,
23-00100426,ACTIVE,159,margate_data.json,,WORK WITHOUT PERMIT-BUILDING,5360 SW 7TH ST,11/21/23,78.0,NOTICE OF VIOLATION-MAIL,REINSPECTION,,11/24/23,12/09/23,Margate,23-00100426,WORK WITHOUT PERMIT-BUILDING,5360 SW 7TH ST,ACTIVE,11/21/23,78.0,NOTICE OF VIOLATION-MAIL,REINSPECTION,11/24/23,12/09/23,,legacy,,,,,,,
23-00100224,CASE CLOSED,159,margate_data.json,,WORK WITHOUT PERMIT-BUILDING,5507 SW 7TH CT,8/14/23,3.0,CASE CLOSED,,8/16/23,,,Margate,23-00100224,WORK WITHOUT PERMIT-BUILDING,5507 SW 7TH CT,CASE CLOSED,8/14/23,3.0,CASE CLOSED,,,,8/16/23,legacy,,,,,,,
23-00100151,ACTIVE,159,margate_data.json,,WORK WITHOUT PERMIT-BUILDING,5560 SW 7TH PL,6/05/23,247.0,NOTICE OF VIOLATION-MAIL,REINSPECTION,,6/06/23,6/21/23,Margate,23-00100151,WORK WITHOUT PERMIT-BUILDING,5560 SW 7TH PL,ACTIVE,6/05/23,247.0,NOTICE OF VIOLATION-MAIL,REINSPECTION,6/06/23,6/21/23,,legacy,,,,,,,
22-00100384,CASE CLOSED,159,margate_data.json,,WORK WITHOUT PERMIT-BUILDING,5564 SW 7TH CT,9/12/22,254.0,CASE CLOSED,,5/22/23,,,Margate,22-00100384,WORK WITHOUT PERMIT-BUILDING,5564 SW 7TH CT,CASE CLOSED,9/12/22,254.0,CASE CLOSED,,,,5/22/23,legacy,,,,,,,
23-00100037,ACTIVE,159,margate_data.json,,UNSAFE STRUCTURE (BLDG),5580 SW 7TH CT,2/21/23,351.0,NOTICE OF VIOLATION-MAIL,REINSPECTION,,2/23/23,3/10/23,Margate,23-00100037,UNSAFE STRUCTURE (BLDG),5580 SW 7TH CT,ACTIVE,2/21/23,351.0,NOTICE OF VIOLATION-MAIL,REINSPECTION,2/23/23,3/10/23,,legacy,,,,,,,
23-00100286,CASE CLOSED,159,margate_data.json,,WORK WITHOUT PERMIT-BUILDING,6100 SW 7TH ST,10/09/23,2.0,NOTICE OF VIOLATION-MAIL,REINSPECTION,,10/11/23,10/26/23,Margate,23-00100286,WORK WITHOUT PERMIT-BUILDING,6100 SW 7TH ST,CASE CLOSED,10/09/23,2.0,NOTICE OF VIOLATION-MAIL,REINSPECTION,10/11/23,10/26/23,,legacy,,,,,,,
23-00100185,ACTIVE,159,margate_data.json,,WORK WITHOUT PERMIT-BUILDING,6206 SW 7TH ST,7/11/23,211.0,NOTICE OF VIOLATION-MAIL,REINSPECTION,,7/13/23,7/28/23,Margate,23-00100185,WORK WITHOUT PERMIT-BUILDING,6206 SW 7TH ST,ACTIVE,7/11/23,211.0,NOTICE OF VIOLATION-MAIL,REINSPECTION,7/13/23,7/28/23,,legacy,,,,,,,
22-00100258,CASE CLOSED,159,margate_data.json,,UNSAFE STRUCTURE (BLDG),6218 SW 7TH ST,6/09/22,475.0,CASE CLOSED,,9/26/23,,,Margate,22-00100258,UNSAFE STRUCTURE (BLDG),6218 SW 7TH ST,CASE CLOSED,6/09/22,475.0,CASE CLOSED,,,,9/26/23,legacy,,,,,,,
23-00100249,CASE CLOSED,159,margate_data.json,,WORK WITHOUT PERMIT-BUILDING,6220 SW 7TH ST,9/06/23,100.0,CASE CLOSED,,12/06/23,,,Margate,23-00100249,WORK WITHOUT PERMIT-BUILDING,6220 SW 7TH ST,CASE CLOSED,9/06/23,100.0,CASE CLOSED,,,,12/06/23,legacy,,,,,,,
23-00100250,ACTIVE,159,margate_data.json,,UNSAFE STRUCTURE (BLDG),6220 SW 7TH ST,9/06/23,154.0,NOTICE OF VIOLATION-MAIL,REINSPECTION,,9/09/23,9/24/23,Margate,23-00100250,UNSAFE STRUCTURE (BLDG),6220 SW 7TH ST,ACTIVE,9/06/23,154.0,NOTICE OF VIOLATION-MAIL,REINSPECTION,9/09/23,9/24/23,,legacy,,,,,,,
23-00100256,ACTIVE,163,margate_data.json,,WORK WITHOUT PERMIT-BUILDING,6242 SW 7TH ST,9/12/23,148.0,NOTICE OF VIOLATION-MAIL,REINSPECTION,,9/13/23,9/28/23,Margate,23-00100256,WORK WITHOUT PERMIT-BUILDING,6242 SW 7TH ST,ACTIVE,9/12/23,148.0,NOTICE OF VIOLATION-MAIL,REINSPECTION,9/13/23,9/28/23,,legacy,,,,,,,
21-00100021,CASE CLOSED,163,margate_data.json,,WORK WITHOUT PERMIT-BUILDING,6291 SW 7TH CT,1/07/21,1062.0,CASE CLOSED,,11/28/23,,,Margate,21-00100021,WORK WITHOUT PERMIT-BUILDING,6291 SW 7TH CT,CASE CLOSED,1/07/21,1062.0,CASE CLOSED,,,,11/28/23,legacy,,,,,,,
22-00100285,CASE CLOSED,163,margate_data.json,,WORK WITHOUT PERMIT-BUILDING,705 NW 70TH WAY,7/05/22,254.0,CASE CLOSED,,3/02/23,,,Margate,22-00100285,WORK WITHOUT PERMIT-BUILDING,705 NW 70TH WAY,CASE CLOSED,7/05/22,254.0,CASE CLOSED,,,,3/02/23,legacy,,,,,,,
23-00100268,ACTIVE,163,margate_data.json,,UNSAFE STRUCTURE (BLDG),2870 NW 70TH AVE,10/02/23,128.0,NOTICE OF VIOLATION-MAIL,REINSPECTION,,10/04/23,10/19/23,Margate,23-00100268,UNSAFE STRUCTURE (BLDG),2870 NW 70TH AVE,ACTIVE,10/02/23,128.0,NOTICE OF VIOLATION-MAIL,REINSPECTION,10/04/23,10/19/23,,legacy,,,,,,,
18-00100169,CASE CLOSED,163,margate_data.json,,WORK WITHOUT PERMIT-BUILDING,160 SW 70TH WAY,5/17/18,1939.0,CASE CLOSED,,9/07/23,,,Margate,18-00100169,WORK WITHOUT PERMIT-BUILDING,160 SW 70TH WAY,CASE CLOSED,5/17/18,1939.0,CASE CLOSED,,,,9/07/23,legacy,,,,,,,
23-00100277,ACTIVE,163,margate_data.json,,UNSAFE STRUCTURE (BLDG),1135 NW 72ND TER,10/04/23,126.0,NOTICE OF VIOLATION-MAIL,REINSPECTION,,10/05/23,10/20/23,Margate,23-00100277,UNSAFE STRUCTURE (BLDG),1135 NW 72ND TER,ACTIVE,10/04/23,126.0,NOTICE OF VIOLATION-MAIL,REINSPECTION,10/05/23,10/20/23,,legacy,,,,,,,
23-00100088,ACTIVE,163,margate_data.json,,WORK WITHOUT PERMIT-BUILDING,150 SW 72ND TER,3/30/23,314.0,NOTICE OF VIOLATION-MAIL,REINSPECTION,,3/31/23,4/15/23,Margate,23-00100088,WORK WITHOUT PERMIT-BUILDING,150 SW 72ND TER,ACTIVE,3/30/23,314.0,NOTICE OF VIOLATION-MAIL,REINSPECTION,3/31/23,4/15/23,,legacy,,,,,,,
22-00100207,CASE CLOSED,163,margate_data.json,,WORK WITHOUT PERMIT-BUILDING,1020 NW 73RD TER,5/26/22,313.0,CASE CLOSED,,4/03/23,,,Margate,22-00100207,WORK WITHOUT PERMIT-BUILDING,1020 NW 73RD TER,CASE CLOSED,5/26/22,313.0,CASE CLOSED,,,,4/03/23,legacy,,,,,,,
23-00100014,CASE CLOSED,163,margate_data.json,,WORK WITHOUT PERMIT-BUILDING,183 SW 73RD TER,1/30/23,135.0,CASE CLOSED,,6/12/23,,,Margate,23-00100014,WORK WITHOUT PERMIT-BUILDING,183 SW 73RD TER,CASE CLOSED,1/30/23,135.0,CASE CLOSED,,,,6/12/23,legacy,,,,,,,
23-00100253,ACTIVE,163,margate_data.json,,UNSAFE STRUCTURE (BLDG),720 NW 74TH WAY,9/11/23,149.0,RED TAG NOTICE OF VIOLATION-MAIL,,,9/11/23,9/21/23,Margate,23-00100253,UNSAFE STRUCTURE (BLDG),720 NW 74TH WAY,ACTIVE,9/11/23,149.0,RED TAG NOTICE OF VIOLATION-MAIL,,9/11/23,9/21/23,,legacy,,,,,,,
23-00100067,CASE CLOSED,163,margate_data.json,,WORK WITHOUT PERMIT-BUILDING,995 NW 74TH AVE,3/20/23,86.0,CASE CLOSED,,6/13/23,,,Margate,23-00100067,WORK WITHOUT PERMIT-BUILDING,995 NW 74TH AVE,CASE CLOSED,3/20/23,86.0,CASE CLOSED,,,,6/13/23,legacy,,,,,,,
22-00100174,CASE CLOSED,163,margate_data.json,,WORK WITHOUT PERMIT-BUILDING,1140 NW 74TH AVE,5/03/22,627.0,CASE CLOSED,,8/04/22,,,Margate,22-00100174,WORK WITHOUT PERMIT-BUILDING,1140 NW 74TH AVE,CASE CLOSED,5/03/22,627.0,CASE CLOSED,,,,8/04/22,legacy,,,,,,,
23-00100307,ACTIVE,163,margate_data.json,,UNSAFE STRUCTURE (BLDG),191 SW 74TH AVE,10/17/23,113.0,NOTICE OF VIOLATION-MAIL,REINSPECTION,,10/19/23,11/03/23,Margate,23-00100307,UNSAFE STRUCTURE (BLDG),191 SW 74TH AVE,ACTIVE,10/17/23,113.0,NOTICE OF VIOLATION-MAIL,REINSPECTION,10/19/23,11/03/23,,legacy,,,,,,,
23-00100241,ACTIVE,163,margate_data.json,,WORK WITHOUT PERMIT-BUILDING,745 NW 75TH TER,8/30/23,161.0,NOTICE OF VIOLATION-MAIL,REINSPECTION,,8/31/23,9/15/23,Margate,23-00100241,WORK WITHOUT PERMIT-BUILDING,745 NW 75TH TER,ACTIVE,8/30/23,161.0,NOTICE OF VIOLATION-MAIL,REINSPECTION,8/31/23,9/15/23,,legacy,,,,,,,
23-00100044,ACTIVE,163,margate_data.json,,WORK WITHOUT PERMIT-BUILDING,331 NW 76TH AVE 208,3/01/23,343.0,NOTICE OF VIOLATION-MAIL,REINSPECTION,,3/03/23,3/18/23,Margate,23-00100044,WORK WITHOUT PERMIT-BUILDING,331 NW 76TH AVE 208,ACTIVE,3/01/23,343.0,NOTICE OF VIOLATION-MAIL,REINSPECTION,3/03/23,3/18/23,,legacy,,,,,,,
21-00100514,CASE CLOSED,163,margate_data.json,,40 YEAR SAFETY INSPECTIONS,480 NW 76TH AVE,12/02/21,546.0,CASE CLOSED,,,,,Margate,21-00100514,40 YEAR SAFETY INSPECTIONS,480 NW 76TH AVE,CASE CLOSED,12/02/21,546.0,CASE CLOSED,,,,,legacy,,,,,,,
23-00100177,ACTIVE,163,margate_data.json,,WORK WITHOUT PERMIT-BUILDING,2140 NW 76TH TER,7/03/23,219.0,NOTICE OF VIOLATION-MAIL,REINSPECTION,,7/06/23,7/21/23,Margate,23-00100177,WORK WITHOUT PERMIT-BUILDING,2140 NW 76TH TER,ACTIVE,7/03/23,219.0,NOTICE OF VIOLATION-MAIL,REINSPECTION,7/06/23,7/21/23,,legacy,,,,,,,
18-00100107,CASE CLOSED,167,margate_data.json,,WORK WITHOUT PERMIT-BUILDING,2260 NW 76TH AVE,1/02/08,5848.0,CASE CLOSED,,12/15/21,,,Margate,18-00100107,WORK WITHOUT PERMIT-BUILDING,2260 NW 76TH AVE,CASE CLOSED,1/02/08,5848.0,CASE CLOSED,,,,12/15/21,legacy,,,,,,,
23-00100420,ACTIVE,167,margate_data.json,,WORK WITHOUT PERMIT-BUILDING,181 SW 76TH TER,11/14/23,85.0,RED TAG NOTICE OF VIOLATION-MAIL,,,11/14/23,11/24/23,Margate,23-00100420,WORK WITHOUT PERMIT-BUILDING,181 SW 76TH TER,ACTIVE,11/14/23,85.0,RED TAG NOTICE OF VIOLATION-MAIL,,11/14/23,11/24/23,,legacy,,,,,,,
12-00100044,CASE CLOSED,167,margate_data.json,,WORK WITHOUT PERMIT-BUILDING,124 NW 77TH AVE,7/30/12,4108.0,CASE CLOSED,,10/30/23,,,Margate,12-00100044,WORK WITHOUT PERMIT-BUILDING,124 NW 77TH AVE,CASE CLOSED,7/30/12,4108.0,CASE CLOSED,,,,10/30/23,legacy,,,,,,,
23-00100191,ACTIVE,167,margate_data.json,,WORK WITHOUT PERMIT-BUILDING,217 NW 77TH AVE,7/17/23,205.0,NOTICE OF VIOLATION-MAIL,REINSPECTION,,7/19/23,8/03/23,Margate,23-00100191,WORK WITHOUT PERMIT-BUILDING,217 NW 77TH AVE,ACTIVE,7/17/23,205.0,NOTICE OF VIOLATION-MAIL,REINSPECTION,7/19/23,8/03/23,,legacy,,,,,,,
23-00100320,CASE CLOSED,167,margate_data.json,,WORK WITHOUT PERMIT-BUILDING,2192 NW 77TH TER,10/24/23,77.0,REINSPECTION CASE CLOSED,,,1/08/24,1/08/24,Margate,23-00100320,WORK WITHOUT PERMIT-BUILDING,2192 NW 77TH TER,CASE CLOSED,10/24/23,77.0,REINSPECTION CASE CLOSED,,1/08/24,1/08/24,,legacy,,,,,,,
20-00100552,CASE CLOSED,167,margate_data.json,,WORK WITHOUT PERMIT-BUILDING,132 NW 78TH AVE,12/07/20,1079.0,CASE CLOSED,,11/16/23,,,Margate,20-00100552,WORK WITHOUT PERMIT-BUILDING,132 NW 78TH AVE,CASE CLOSED,12/07/20,1079.0,CASE CLOSED,,,,11/16/23,legacy,,,,,,,
07-00100014,CASE CLOSED,167,margate_data.json,,WORK WITHOUT PERMIT-BUILDING,201 NW 78TH TER,9/07/07,5679.0,CASE CLOSED,,3/29/23,,,Margate,07-00100014,WORK WITHOUT PERMIT-BUILDING,201 NW 78TH TER,CASE CLOSED,9/07/07,5679.0,CASE CLOSED,,,,3/29/23,legacy,,,,,,,
11-00100113,CASE CLOSED,167,margate_data.json,,WORK WITHOUT PERMIT-BUILDING,201 NW 78TH TER,10/25/11,4171.0,CASE CLOSED,,3/29/23,,,Margate,11-00100113,WORK WITHOUT PERMIT-BUILDING,201 NW 78TH TER,CASE CLOSED,10/25/11,4171.0,CASE CLOSED,,,,3/29/23,legacy,,,,,,,
23-00100423,ACTIVE,167,margate_data.json,,WORK WITHOUT PERMIT-BUILDING,208 NW 78TH TER,11/20/23,79.0,NOTICE OF VIOLATION-MAIL,REINSPECTION,,11/22/23,12/07/23,Margate,23-00100423,WORK WITHOUT PERMIT-BUILDING,208 NW 78TH TER,ACTIVE,11/20/23,79.0,NOTICE OF VIOLATION-MAIL,REINSPECTION,11/22/23,12/07/23,,legacy,,,,,,,
23-00100020,ACTIVE,167,margate_data.json,,WORK WITHOUT PERMIT-BUILDING,257 NW 78TH AVE,2/06/23,366.0,NOTICE OF VIOLATION-MAIL,REINSPECTION,,2/07/23,2/22/23,Margate,23-00100020,WORK WITHOUT PERMIT-BUILDING,257 NW 78TH AVE,ACTIVE,2/06/23,366.0,NOTICE OF VIOLATION-MAIL,REINSPECTION,2/07/23,2/22/23,,legacy,,,,,,,
23-00100425,ACTIVE,167,margate_data.json,,WORK WITHOUT PERMIT-BUILDING,601 NW 78TH AVE BDG49,11/21/23,78.0,NOTICE OF VIOLATION-MAIL,REINSPECTION,,11/23/23,12/08/23,Margate,23-00100425,WORK WITHOUT PERMIT-BUILDING,601 NW 78TH AVE BDG49,ACTIVE,11/21/23,78.0,NOTICE OF VIOLATION-MAIL,REINSPECTION,11/23/23,12/08/23,,legacy,,,,,,,
23-00100435,ACTIVE,167,margate_data.json,,UNSAFE STRUCTURE (BLDG),601 NW 78TH AVE BDG49,11/27/23,72.0,NOTICE OF VIOLATION-MAIL,REINSPECTION,,11/30/23,12/15/23,Margate,23-00100435,UNSAFE STRUCTURE (BLDG),601 NW 78TH AVE BDG49,ACTIVE,11/27/23,72.0,NOTICE OF VIOLATION-MAIL,REINSPECTION,11/30/23,12/15/23,,legacy,,,,,,,
22-00100177,CASE CLOSED,167,margate_data.json,,WORK WITHOUT PERMIT-BUILDING,1907 NW 78TH AVE,5/09/22,430.0,CASE CLOSED,,7/06/23,,,Margate,22-00100177,WORK WITHOUT PERMIT-BUILDING,1907 NW 78TH AVE,CASE CLOSED,5/09/22,430.0,CASE CLOSED,,,,7/06/23,legacy,,,,,,,
23-00100247,ACTIVE,167,margate_data.json,,WORK WITHOUT PERMIT-BUILDING,5610 NW 8TH ST,8/31/23,160.0,NOTICE OF VIOLATION-MAIL,REINSPECTION,,9/05/23,9/20/23,Margate,23-00100247,WORK WITHOUT PERMIT-BUILDING,5610 NW 8TH ST,ACTIVE,8/31/23,160.0,NOTICE OF VIOLATION-MAIL,REINSPECTION,9/05/23,9/20/23,,legacy,,,,,,,
23-00100336,ACTIVE,167,margate_data.json,,40 YEAR SAFETY INSPECTIONS,5613 NW 8TH ST,10/31/23,99.0,INITIAL INSPECTION,,,,,Margate,23-00100336,40 YEAR SAFETY INSPECTIONS,5613 NW 8TH ST,ACTIVE,10/31/23,99.0,INITIAL INSPECTION,,,,,legacy,,,,,,,
23-00100301,ACTIVE,167,margate_data.json,,50 YEAR SAFETY INSPECTIONS,6095 NW 8TH ST,10/16/23,114.0,INITIAL INSPECTION,,,,,Margate,23-00100301,50 YEAR SAFETY INSPECTIONS,6095 NW 8TH ST,ACTIVE,10/16/23,114.0,INITIAL INSPECTION,,,,,legacy,,,,,,,
23-00100485,ACTIVE,167,margate_data.json,,WORK WITHOUT PERMIT-BUILDING,6095 NW 8TH ST,12/12/23,57.0,RED TAG NOTICE OF VIOLATION-MAIL,,,12/11/23,12/21/23,Margate,23-00100485,WORK WITHOUT PERMIT-BUILDING,6095 NW 8TH ST,ACTIVE,12/12/23,57.0,RED TAG NOTICE OF VIOLATION-MAIL,,12/11/23,12/21/23,,legacy,,,,,,,
23-00100274,ACTIVE,171,margate_data.json,,UNSAFE STRUCTURE,6581 NW 8TH CT (BLDG),10/03/23,127.0,NOTICE OF VIOLATION-MAIL,REINSPECTION,,10/05/23,10/20/23,Margate,23-00100274,UNSAFE STRUCTURE,6581 NW 8TH CT (BLDG),ACTIVE,10/03/23,127.0,NOTICE OF VIOLATION-MAIL,REINSPECTION,10/05/23,10/20/23,,legacy,,,,,,,
23-00100190,CASE CLOSED,171,margate_data.json,,UNSAFE STRUCTURE,6945 NW 8TH ST (BLDG),7/13/23,69.0,CASE CLOSED,,9/14/23,,,Margate,23-00100190,UNSAFE STRUCTURE,6945 NW 8TH ST (BLDG),CASE CLOSED,7/13/23,69.0,CASE CLOSED,,,,9/14/23,legacy,,,,,,,
23-00100183,ACTIVE,171,margate_data.json,,WORK WITHOUT PERMIT-BUILDING,6948 NW 8TH CT,7/11/23,211.0,NOTICE OF VIOLATION-MAIL,REINSPECTION,,7/13/23,7/28/23,Margate,23-00100183,WORK WITHOUT PERMIT-BUILDING,6948 NW 8TH CT,ACTIVE,7/11/23,211.0,NOTICE OF VIOLATION-MAIL,REINSPECTION,7/13/23,7/28/23,,legacy,,,,,,,
23-00100184,ACTIVE,171,margate_data.json,,UNSAFE STRUCTURE,6948 NW 8TH CT (BLDG),7/11/23,211.0,NOTICE OF VIOLATION-MAIL,REINSPECTION,,7/13/23,7/28/23,Margate,23-00100184,UNSAFE STRUCTURE,6948 NW 8TH CT (BLDG),ACTIVE,7/11/23,211.0,NOTICE OF VIOLATION-MAIL,REINSPECTION,7/13/23,7/28/23,,legacy,,,,,,,
22-00100363,CASE CLOSED,171,margate_data.json,,WORK WITHOUT PERMIT-BUILDING,7255 NW 8TH ST,8/11/22,217.0,CASE CLOSED,,3/09/23,,,Margate,22-00100363,WORK WITHOUT PERMIT-BUILDING,7255 NW 8TH ST,CASE CLOSED,8/11/22,217.0,CASE CLOSED,,,,3/09/23,legacy,,,,,,,
23-00100161,CASE CLOSED,171,margate_data.json,,WORK WITHOUT PERMIT-BUILDING,4985 SW 8TH CT,6/14/23,44.0,CASE CLOSED,,7/27/23,,,Margate,23-00100161,WORK WITHOUT PERMIT-BUILDING,4985 SW 8TH CT,CASE CLOSED,6/14/23,44.0,CASE CLOSED,,,,7/27/23,legacy,,,,,,,
23-00100157,ACTIVE,171,margate_data.json,,UNSAFE STRUCTURE (BLDG),5560 SW 8TH ST,6/12/23,240.0,NOTICE OF VIOLATION-MAIL,REINSPECTION,,6/14/23,6/29/23,Margate,23-00100157,UNSAFE STRUCTURE (BLDG),5560 SW 8TH ST,ACTIVE,6/12/23,240.0,NOTICE OF VIOLATION-MAIL,REINSPECTION,6/14/23,6/29/23,,legacy,,,,,,,
21-00100260,CASE CLOSED,171,margate_data.json,,WORK WITHOUT PERMIT-BUILDING,5574 SW 8TH ST,7/07/21,769.0,CASE CLOSED,,8/10/23,,,Margate,21-00100260,WORK WITHOUT PERMIT-BUILDING,5574 SW 8TH ST,CASE CLOSED,7/07/21,769.0,CASE CLOSED,,,,8/10/23,legacy,,,,,,,
23-00100011,CASE CLOSED,171,margate_data.json,,WORK WITHOUT PERMIT-BUILDING,172 NW 80TH AVE,1/30/23,71.0,CASE CLOSED,,3/23/23,,,Margate,23-00100011,WORK WITHOUT PERMIT-BUILDING,172 NW 80TH AVE,CASE CLOSED,1/30/23,71.0,CASE CLOSED,,,,3/23/23,legacy,,,,,,,
23-00100121,ACTIVE,171,margate_data.json,,WORK WITHOUT PERMIT-BUILDING,225 NW 80TH AVE,4/26/23,287.0,CASE CLOSED,,7/27/23,,,Margate,23-00100121,WORK WITHOUT PERMIT-BUILDING,225 NW 80TH AVE,ACTIVE,4/26/23,287.0,CASE CLOSED,,,,7/27/23,legacy,,,,,,,
23-00100122,CASE CLOSED,171,margate_data.json,,WORK WITHOUT PERMIT-BUILDING,232 NW 80TH TER,4/26/23,286.0,CASE CLOSED,,1/29/24,,,Margate,23-00100122,WORK WITHOUT PERMIT-BUILDING,232 NW 80TH TER,CASE CLOSED,4/26/23,286.0,CASE CLOSED,,,,1/29/24,legacy,,,,,,,
23-00100026,CASE CLOSED,171,margate_data.json,,WORK WITHOUT PERMIT-BUILDING,551 NW 80TH TER BDG63,2/07/23,7.0,CASE CLOSED,,2/13/23,,,Margate,23-00100026,WORK WITHOUT PERMIT-BUILDING,551 NW 80TH TER BDG63,CASE CLOSED,2/07/23,7.0,CASE CLOSED,,,,2/13/23,legacy,,,,,,,
23-00100447,CASE CLOSED,171,margate_data.json,,WORK WITHOUT PERMIT-BUILDING,1060 NW 80TH AVE 202,12/04/23,46.0,CASE CLOSED,,1/18/24,,,Margate,23-00100447,WORK WITHOUT PERMIT-BUILDING,1060 NW 80TH AVE 202,CASE CLOSED,12/04/23,46.0,CASE CLOSED,,,,1/18/24,legacy,,,,,,,
23-00100421,ACTIVE,171,margate_data.json,,WORK WITHOUT PERMIT-BUILDING,1150 NW 80TH AVE,11/15/23,84.0,NOTICE OF VIOLATION-MAIL,REINSPECTION,,11/17/23,12/02/23,Margate,23-00100421,WORK WITHOUT PERMIT-BUILDING,1150 NW 80TH AVE,ACTIVE,11/15/23,84.0,NOTICE OF VIOLATION-MAIL,REINSPECTION,11/17/23,12/02/23,,legacy,,,,,,,
23-00100156,ACTIVE,171,margate_data.json,,UNSAFE STRUCTURE (BLDG),1417 NW 80TH AVE,6/12/23,240.0,NOTICE OF VIOLATION-MAIL,REINSPECTION,,6/14/23,6/29/23,Margate,23-00100156,UNSAFE STRUCTURE (BLDG),1417 NW 80TH AVE,ACTIVE,6/12/23,240.0,NOTICE OF VIOLATION-MAIL,REINSPECTION,6/14/23,6/29/23,,legacy,,,,,,,
21-00100286,CASE CLOSED,171,margate_data.json,,40 YEAR SAFETY INSPECTIONS,1460 NW 80TH AVE,7/21/21,601.0,CASE CLOSED,,3/02/23,,,Margate,21-00100286,40 YEAR SAFETY INSPECTIONS,1460 NW 80TH AVE,CASE CLOSED,7/21/21,601.0,CASE CLOSED,,,,3/02/23,legacy,,,,,,,
23-00100082,ACTIVE,171,margate_data.json,,WORK WITHOUT PERMIT-BUILDING,1500 NW 80TH AVE,3/27/23,317.0,NOTICE OF VIOLATION-MAIL,REINSPECTION,,3/29/23,4/13/23,Margate,23-00100082,WORK WITHOUT PERMIT-BUILDING,1500 NW 80TH AVE,ACTIVE,3/27/23,317.0,NOTICE OF VIOLATION-MAIL,REINSPECTION,3/29/23,4/13/23,,legacy,,,,,,,
23-00100237,CASE CLOSED,175,margate_data.json,,WORK WITHOUT PERMIT-BUILDING,1633 NW 80TH AVE,8/24/23,103.0,CASE CLOSED,,11/28/23,,,Margate,23-00100237,WORK WITHOUT PERMIT-BUILDING,1633 NW 80TH AVE,CASE CLOSED,8/24/23,103.0,CASE CLOSED,,,,11/28/23,legacy,,,,,,,
11-00100012,CASE CLOSED,175,margate_data.json,,ANY THING NOT LISTED (BLDG),1803 NW 80TH AVE,3/09/11,4637.0,REINSPECTION CASE CLOSED,,,11/20/23,12/20/23,Margate,11-00100012,ANY THING NOT LISTED (BLDG),1803 NW 80TH AVE,CASE CLOSED,3/09/11,4637.0,REINSPECTION CASE CLOSED,,11/20/23,12/20/23,,legacy,,,,,,,
23-00100488,ACTIVE,175,margate_data.json,,40 YEAR SAFETY INSPECTIONS,6030 NW 9TH ST,12/14/23,55.0,INITIAL INSPECTION,,,,,Margate,23-00100488,40 YEAR SAFETY INSPECTIONS,6030 NW 9TH ST,ACTIVE,12/14/23,55.0,INITIAL INSPECTION,,,,,legacy,,,,,,,
23-00100489,ACTIVE,175,margate_data.json,,WORK WITHOUT PERMIT-BUILDING,6117 NW 9TH ST,12/18/23,51.0,NOTICE OF VIOLATION-MAIL,REINSPECTION,,12/21/23,1/05/24,Margate,23-00100489,WORK WITHOUT PERMIT-BUILDING,6117 NW 9TH ST,ACTIVE,12/18/23,51.0,NOTICE OF VIOLATION-MAIL,REINSPECTION,12/21/23,1/05/24,,legacy,,,,,,,
23-00100483,ACTIVE,175,margate_data.json,,WORK WITHOUT PERMIT-BUILDING,6360 NW 9TH ST,12/07/23,62.0,NOTICE OF VIOLATION-MAIL,REINSPECTION,,12/11/23,12/26/23,Margate,23-00100483,WORK WITHOUT PERMIT-BUILDING,6360 NW 9TH ST,ACTIVE,12/07/23,62.0,NOTICE OF VIOLATION-MAIL,REINSPECTION,12/11/23,12/26/23,,legacy,,,,,,,
23-00100261,ACTIVE,175,margate_data.json,,WORK WITHOUT PERMIT-BUILDING,6790 NW 9TH ST,9/19/23,141.0,NOTICE OF VIOLATION-MAIL,REINSPECTION,,9/20/23,10/05/23,Margate,23-00100261,WORK WITHOUT PERMIT-BUILDING,6790 NW 9TH ST,ACTIVE,9/19/23,141.0,NOTICE OF VIOLATION-MAIL,REINSPECTION,9/20/23,10/05/23,,legacy,,,,,,,
22-00100457,CASE CLOSED,175,margate_data.json,,WORK WITHOUT PERMIT-BUILDING,6805 NW 9TH CT,12/14/22,328.0,CASE CLOSED,,11/06/23,,,Margate,22-00100457,WORK WITHOUT PERMIT-BUILDING,6805 NW 9TH CT,CASE CLOSED,12/14/22,328.0,CASE CLOSED,,,,11/06/23,legacy,,,,,,,
23-00100232,CASE CLOSED,175,margate_data.json,,UNSAFE STRUCTURE (BLDG),6805 NW 9TH CT,8/21/23,78.0,CASE CLOSED,,11/06/23,,,Margate,23-00100232,UNSAFE STRUCTURE (BLDG),6805 NW 9TH CT,CASE CLOSED,8/21/23,78.0,CASE CLOSED,,,,11/06/23,legacy,,,,,,,
23-00100306,ACTIVE,175,margate_data.json,,UNSAFE STRUCTURE (BLDG),5390 SW 9TH ST,10/17/23,113.0,NOTICE OF VIOLATION-MAIL,REINSPECTION,,10/19/23,11/03/23,Margate,23-00100306,UNSAFE STRUCTURE (BLDG),5390 SW 9TH ST,ACTIVE,10/17/23,113.0,NOTICE OF VIOLATION-MAIL,REINSPECTION,10/19/23,11/03/23,,legacy,,,,,,,
10-00100053,CASE CLOSED,175,margate_data.json,,WORK WITHOUT PERMIT-BUILDING,5570 SW 9TH CT,12/13/10,4467.0,CASE CLOSED,,3/09/23,,,Margate,10-00100053,WORK WITHOUT PERMIT-BUILDING,5570 SW 9TH CT,CASE CLOSED,12/13/10,4467.0,CASE CLOSED,,,,3/09/23,legacy,,,,,,,
23 09003645,ACTIVE,4,pompanoViolations_20240124-30p.json,,NUISANCE; STATE OF REPAIR,598 E ATLANTIC BL,11/27/2023,52.0,NOTICE VIOLATION/ HEARING (CC),COMPLIANCE DEADLINE INSP.,,231220.0,02/02/2024,Pompano Beach,23 09003645,NUISANCE; STATE OF REPAIR,598 E ATLANTIC BL,ACTIVE,11/27/2023,52.0,NOTICE VIOLATION/ HEARING (CC),COMPLIANCE DEADLINE INSP.,231220.0,02/02/2024,,legacy,CO 96.26(D)(4),Public,,,,,
23 09003645,ACTIVE,4,pompanoViolations_20240124-30p.json,,NUISANCE; BARRIER CONDITION,598 E ATLANTIC BL,11/27/2023,52.0,NOTICE VIOLATION/ HEARING (CC),COMPLIANCE DEADLINE INSP.,,231220.0,02/02/2024,Pompano Beach,23 09003645,NUISANCE; BARRIER CONDITION,598 E ATLANTIC BL,ACTIVE,11/27/2023,52.0,NOTICE VIOLATION/ HEARING (CC),COMPLIANCE DEADLINE INSP.,231220.0,02/02/2024,,legacy,CO 96.26(D)(5),Public,,,,,
23 09003597,ACTIVE,4,pompanoViolations_20240124-30p.json,,LANDSCAPING; TREE REMOVAL,901 E ATLANTIC BL,11/22/2023,57.0,AFFIDAVIT OF SERVICE (CC),COMPLIANCE DEADLINE INSP.,,231222.0,02/02/2024,Pompano Beach,23 09003597,LANDSCAPING; TREE REMOVAL,901 E ATLANTIC BL,ACTIVE,11/22/2023,57.0,AFFIDAVIT OF SERVICE (CC),COMPLIANCE DEADLINE INSP.,231222.0,02/02/2024,,legacy,CO 155.5203(B)(6)(c),Public,,,,,
23 09003597,ACTIVE,4,pompanoViolations_20240124-30p.json,,LANDSCAPING; MAINTENANCE,901 E ATLANTIC BL,11/22/2023,57.0,AFFIDAVIT OF SERVICE (CC),COMPLIANCE DEADLINE INSP.,,231222.0,02/02/2024,Pompano Beach,23 09003597,LANDSCAPING; MAINTENANCE,901 E ATLANTIC BL,ACTIVE,11/22/2023,57.0,AFFIDAVIT OF SERVICE (CC),COMPLIANCE DEADLINE INSP.,231222.0,02/02/2024,,legacy,CO 155.5203(B)(6)(a),Public,,,,,
23 09003597,ACTIVE,4,pompanoViolations_20240124-30p.json,,TREES; ABUSE PROHIBITED,901 E ATLANTIC BL,11/22/2023,57.0,AFFIDAVIT OF SERVICE (CC),COMPLIANCE DEADLINE INSP.,,231222.0,02/02/2024,Pompano Beach,23 09003597,TREES; ABUSE PROHIBITED,901 E ATLANTIC BL,ACTIVE,11/22/2023,57.0,AFFIDAVIT OF SERVICE (CC),COMPLIANCE DEADLINE INSP.,231222.0,02/02/2024,,legacy,CO 155.5204(G)(1)(a)(i),Public,,,,,
23 09003558,ACTIVE,4,pompanoViolations_20240124-30p.json,,RENTAL; CEILINGS CONDITION,1000 E ATLANTIC BL,11/15/2023,64.0,COURTESY NOTICE LETTER (CC),RE INSPECTION,,231115.0,11/22/2023,Pompano Beach,23 09003558,RENTAL; CEILINGS CONDITION,1000 E ATLANTIC BL,ACTIVE,11/15/2023,64.0,COURTESY NOTICE LETTER (CC),RE INSPECTION,231115.0,11/22/2023,,legacy,CO 153.23(E)(7)(a),Public,,,,,
23 09003558,ACTIVE,4,pompanoViolations_20240124-30p.json,,NUISANCE; ROOF CONDITION,1000 E ATLANTIC BL,11/15/2023,64.0,COURTESY NOTICE LETTER (CC),RE INSPECTION,,231115.0,11/22/2023,Pompano Beach,23 09003558,NUISANCE; ROOF CONDITION,1000 E ATLANTIC BL,ACTIVE,11/15/2023,64.0,COURTESY NOTICE LETTER (CC),RE INSPECTION,231115.0,11/22/2023,,legacy,CO 96.26(D)(3),Public,,,,,
23 09003558,ACTIVE,4,pompanoViolations_20240124-30p.json,,RENTAL; WATER CLOSET REQUIRED,1000 E ATLANTIC BL,11/15/2023,64.0,COURTESY NOTICE LETTER (CC),RE INSPECTION,,231115.0,11/22/2023,Pompano Beach,23 09003558,RENTAL; WATER CLOSET REQUIRED,1000 E ATLANTIC BL,ACTIVE,11/15/2023,64.0,COURTESY NOTICE LETTER (CC),RE INSPECTION,231115.0,11/22/2023,,legacy,CO 153.23(C)(1)(a),Public,,,,,
23 09003653,ACTIVE,4,pompanoViolations_20240124-30p.json,,SPECIFIC VIOL; OCCUPY STUCTURE,771 W ATLANTIC BL,11/30/2023,49.0,COURTESY NOTICE LETTER (CC),RE INSPECTION,,231130.0,12/07/2023,Pompano Beach,23 09003653,SPECIFIC VIOL; OCCUPY STUCTURE,771 W ATLANTIC BL,ACTIVE,11/30/2023,49.0,COURTESY NOTICE LETTER (CC),RE INSPECTION,231130.0,12/07/2023,,legacy,CO 155.8202(B),Public,,,,,
23 09004012,ACTIVE,4,pompanoViolations_20240124-30p.json,,BTR; RENTAL HOUSING,213 SW AVONDALE DR,12/29/2023,20.0,COURTESY NOTICE LETTER (CC),RE INSPECTION,,231229.0,01/05/2024,Pompano Beach,23 09004012,BTR; RENTAL HOUSING,213 SW AVONDALE DR,ACTIVE,12/29/2023,20.0,COURTESY NOTICE LETTER (CC),RE INSPECTION,231229.0,01/05/2024,,legacy,CO 113.41(A),Public,,,,,
23 09004012,ACTIVE,4,pompanoViolations_20240124-30p.json,,SPECIFIC VIOL; DISTUB LANDSCAP,213 SW AVONDALE DR,12/29/2023,20.0,COURTESY NOTICE LETTER (CC),RE INSPECTION,,231229.0,01/05/2024,Pompano Beach,23 09004012,SPECIFIC VIOL; DISTUB LANDSCAP,213 SW AVONDALE DR,ACTIVE,12/29/2023,20.0,COURTESY NOTICE LETTER (CC),RE INSPECTION,231229.0,01/05/2024,,legacy,CO 155.8202(F),Public,,,,,
23 09004012,ACTIVE,4,pompanoViolations_20240124-30p.json,,PARKING; SURFACE STANDARDS,213 SW AVONDALE DR,12/29/2023,20.0,COURTESY NOTICE LETTER (CC),RE INSPECTION,,231229.0,01/05/2024,Pompano Beach,23 09004012,PARKING; SURFACE STANDARDS,213 SW AVONDALE DR,ACTIVE,12/29/2023,20.0,COURTESY NOTICE LETTER (CC),RE INSPECTION,231229.0,01/05/2024,,legacy,CO 155.4303(X)(4)(e),Public,,,,,
23 09004012,ACTIVE,12,pompanoViolations_20240124-30p.json,,"""City Ordinance"" 152.01 (B)",213 SW AVONDALE DR,12/29/2023,20.0,COURTESY NOTICE LETTER (CC),RE INSPECTION,,231229.0,01/05/2024,Pompano Beach,23 09004012,"""City Ordinance"" 152.01 (B)",213 SW AVONDALE DR,ACTIVE,12/29/2023,20.0,COURTESY NOTICE LETTER (CC),RE INSPECTION,231229.0,01/05/2024,,legacy,C.O. 152.01 ORD.ADOPTION,Public,,,,,
23 09004012,ACTIVE,12,pompanoViolations_20240124-30p.json,,BTR; RENTAL HOUSING INSPECTION,213 SW AVONDALE DR,12/29/2023,20.0,COURTESY NOTICE LETTER (CC),RE INSPECTION,,231229.0,01/05/2024,Pompano Beach,23 09004012,BTR; RENTAL HOUSING INSPECTION,213 SW AVONDALE DR,ACTIVE,12/29/2023,20.0,COURTESY NOTICE LETTER (CC),RE INSPECTION,231229.0,01/05/2024,,legacy,CO 113.41(C)(1),Public,,,,,
24 09004052,ACTIVE,12,pompanoViolations_20240124-30p.json,,ZONING; TREE PERMIT REQ,2202 BAY DR,01/03/2024,15.0,,RE INSPECTION,,,02/05/2024,Pompano Beach,24 09004052,ZONING; TREE PERMIT REQ,2202 BAY DR,ACTIVE,01/03/2024,15.0,,RE INSPECTION,,02/05/2024,,legacy,CO 155.2411(B)(1),Public,,,,,
24 09004052,ACTIVE,12,pompanoViolations_20240124-30p.json,,"""City Ordinance"" 152.01 (B)",2202 BAY DR,01/03/2024,15.0,,RE INSPECTION,,,02/05/2024,Pompano Beach,24 09004052,"""City Ordinance"" 152.01 (B)",2202 BAY DR,ACTIVE,01/03/2024,15.0,,RE INSPECTION,,02/05/2024,,legacy,C.O. 152.01 ORD.ADOPTION,Public,,,,,
23 09003728,ACTIVE,12,pompanoViolations_20240124-30p.json,,DRIVEWAY; CONNECTION UNSAFE,3205 COLONY CLUB RD,12/07/2023,42.0,COURTESY NOTICE LETTER (CC),RE INSPECTION,,231207.0,01/15/2024,Pompano Beach,23 09003728,DRIVEWAY; CONNECTION UNSAFE,3205 COLONY CLUB RD,ACTIVE,12/07/2023,42.0,COURTESY NOTICE LETTER (CC),RE INSPECTION,231207.0,01/15/2024,,legacy,CO 100.02(C),Public,,,,,
23 09003940,ACTIVE,12,pompanoViolations_20240124-30p.json,,"""City Ordinance"" 152.01 (B)",1900 W COPANS RD,12/21/2023,28.0,COURTESY NOTICE LETTER (CC),RE INSPECTION,,231227.0,12/29/2023,Pompano Beach,23 09003940,"""City Ordinance"" 152.01 (B)",1900 W COPANS RD,ACTIVE,12/21/2023,28.0,COURTESY NOTICE LETTER (CC),RE INSPECTION,231227.0,12/29/2023,,legacy,C.O. 152.01 ORD.ADOPTION,Public,,,,,
23 09003940,ACTIVE,12,pompanoViolations_20240124-30p.json,,NUISANCE; GARBAGE ACCUMULATION,1900 W COPANS RD,12/21/2023,28.0,COURTESY NOTICE LETTER (CC),RE INSPECTION,,231227.0,12/29/2023,Pompano Beach,23 09003940,NUISANCE; GARBAGE ACCUMULATION,1900 W COPANS RD,ACTIVE,12/21/2023,28.0,COURTESY NOTICE LETTER (CC),RE INSPECTION,231227.0,12/29/2023,,legacy,CO 96.26(C)(1),Public,,,,,
23 09003500,ACTIVE,12,pompanoViolations_20240124-30p.json,,BTR; REQUIRED,2701 N COURSE DR,11/07/2023,72.0,AFFIDAVIT OF SERVICE (CC),COMPLIANCE DEADLINE INSP.,,231221.0,02/02/2024,Pompano Beach,23 09003500,BTR; REQUIRED,2701 N COURSE DR,ACTIVE,11/07/2023,72.0,AFFIDAVIT OF SERVICE (CC),COMPLIANCE DEADLINE INSP.,231221.0,02/02/2024,,legacy,CO 113.20(A),Public,,,,,
23 09003500,ACTIVE,12,pompanoViolations_20240124-30p.json,,Prohibited Signs; Portable,2701 N COURSE DR,11/07/2023,72.0,AFFIDAVIT OF SERVICE (CC),COMPLIANCE DEADLINE INSP.,,231221.0,02/02/2024,Pompano Beach,23 09003500,Prohibited Signs; Portable,2701 N COURSE DR,ACTIVE,11/07/2023,72.0,AFFIDAVIT OF SERVICE (CC),COMPLIANCE DEADLINE INSP.,231221.0,02/02/2024,,legacy,CO 156.12 (H),Public,,,,,
24 09004087,ACTIVE,12,pompanoViolations_20240124-30p.json,,RENTAL; STOVE BURNERS/ ELEMENTS,2825 N COURSE DR,01/16/2024,2.0,COURTESY NOTICE LETTER (CC),RE INSPECTION,,240116.0,01/23/2024,Pompano Beach,24 09004087,RENTAL; STOVE BURNERS/ ELEMENTS,2825 N COURSE DR,ACTIVE,01/16/2024,2.0,COURTESY NOTICE LETTER (CC),RE INSPECTION,240116.0,01/23/2024,,legacy,CO 153.23(E)(4)(a),Public,,,,,
24 09004087,ACTIVE,12,pompanoViolations_20240124-30p.json,,RENTAL; WALLS CONDITION,2825 N COURSE DR,01/16/2024,2.0,COURTESY NOTICE LETTER (CC),RE INSPECTION,,240116.0,01/23/2024,Pompano Beach,24 09004087,RENTAL; WALLS CONDITION,2825 N COURSE DR,ACTIVE,01/16/2024,2.0,COURTESY NOTICE LETTER (CC),RE INSPECTION,240116.0,01/23/2024,,legacy,CO 153.23(E)(6)(a),Public,,,,,
23 09003955,ACTIVE,12,pompanoViolations_20240124-30p.json,,BTR; RENTAL HOUSING,2827 N COURSE DR,12/22/2023,27.0,COURTESY NOTICE LETTER (CC),AFFIDAVIT OF ALLEGED VIOLATION,,231228.0,12/28/2023,Pompano Beach,23 09003955,BTR; RENTAL HOUSING,2827 N COURSE DR,ACTIVE,12/22/2023,27.0,COURTESY NOTICE LETTER (CC),AFFIDAVIT OF ALLEGED VIOLATION,231228.0,12/28/2023,,legacy,CO 113.41(A),Public,,,,,
23 09003955,ACTIVE,12,pompanoViolations_20240124-30p.json,,RENTAL; WINDOWS WORKING COND.,2827 N COURSE DR,12/22/2023,27.0,COURTESY NOTICE LETTER (CC),AFFIDAVIT OF ALLEGED VIOLATION,,231228.0,12/28/2023,Pompano Beach,23 09003955,RENTAL; WINDOWS WORKING COND.,2827 N COURSE DR,ACTIVE,12/22/2023,27.0,COURTESY NOTICE LETTER (CC),AFFIDAVIT OF ALLEGED VIOLATION,231228.0,12/28/2023,,legacy,CO 153.25(D)(1),Public,,,,,
23 09003814,ACTIVE,12,pompanoViolations_20240124-30p.json,,NUISANCE; GRASS,230 S,12/12/2023,37.0,COURTESY,RE INSPECTION,,231213.0,12/20/2023,Pompano Beach,23 09003814,NUISANCE; GRASS,230 S,ACTIVE,12/12/2023,37.0,COURTESY,RE INSPECTION,231213.0,12/20/2023,,legacy,CO 96.26(C)(3),Public,,,,,
,,20,pompanoViolations_20240124-30p.json,,OR WEEDS,CYPRESS RD,,,NOTICE LETTER (CC),,,,,Pompano Beach,,OR WEEDS,CYPRESS RD,,,,NOTICE LETTER (CC),,,,,legacy,,,,,,,
23 09003814,ACTIVE,20,pompanoViolations_20240124-30p.json,,Prohibited Signs; Attention,230 S CYPRESS RD,12/12/2023,37.0,COURTESY NOTICE LETTER (CC),RE INSPECTION,,231213.0,12/20/2023,Pompano Beach,23 09003814,Prohibited Signs; Attention,230 S CYPRESS RD,ACTIVE,12/12/2023,37.0,COURTESY NOTICE LETTER (CC),RE INSPECTION,231213.0,12/20/2023,,legacy,CO 156.12 (V),Public,,,,,
23 09003686,ACTIVE,20,pompanoViolations_20240124-30p.json,,RENTAL; ELEC MAINTAINED,707 DEL VISTA RD,11/16/2023,63.0,COURTESY NOTICE LETTER (CC),RE INSPECTION,,231204.0,12/18/2023,Pompano Beach,23 09003686,RENTAL; ELEC MAINTAINED,707 DEL VISTA RD,ACTIVE,11/16/2023,63.0,COURTESY NOTICE LETTER (CC),RE INSPECTION,231204.0,12/18/2023,,legacy,CO 153.23(B)(1),Public,,,,,
23 09003565,ACTIVE,20,pompanoViolations_20240124-30p.json,,GRAFFITI; OWNER REMOVAL,509 S DIXIE E HY,11/16/2023,63.0,,COURTESY NOTICE LETTER (CC),,,11/16/2023,Pompano Beach,23 09003565,GRAFFITI; OWNER REMOVAL,509 S DIXIE E HY,ACTIVE,11/16/2023,63.0,,COURTESY NOTICE LETTER (CC),,11/16/2023,,legacy,CO 131.16(C)(5)(c),Public,,,,,
23 09003796,ACTIVE,20,pompanoViolations_20240124-30p.json,,SPECIFIC VIOL; OCCUPY STUCTURE,627 S DIXIE E HY,12/12/2023,37.0,COURTESY NOTICE LETTER (CC),RE INSPECTION,,231212.0,12/19/2023,Pompano Beach,23 09003796,SPECIFIC VIOL; OCCUPY STUCTURE,627 S DIXIE E HY,ACTIVE,12/12/2023,37.0,COURTESY NOTICE LETTER (CC),RE INSPECTION,231212.0,12/19/2023,,legacy,CO 155.8202(B),Public,,,,,
23 09003796,ACTIVE,20,pompanoViolations_20240124-30p.json,,BTR; REQUIRED,627 S DIXIE E HY,12/12/2023,37.0,COURTESY NOTICE LETTER (CC),RE INSPECTION,,231212.0,12/19/2023,Pompano Beach,23 09003796,BTR; REQUIRED,627 S DIXIE E HY,ACTIVE,12/12/2023,37.0,COURTESY NOTICE LETTER (CC),RE INSPECTION,231212.0,12/19/2023,,legacy,CO 113.20(A),Public,,,,,
23 09003796,ACTIVE,20,pompanoViolations_20240124-30p.json,,ABANDONED VEHICLES,627 S DIXIE E HY,12/12/2023,37.0,COURTESY NOTICE LETTER (CC),RE INSPECTION,,231212.0,12/19/2023,Pompano Beach,23 09003796,ABANDONED VEHICLES,627 S DIXIE E HY,ACTIVE,12/12/2023,37.0,COURTESY NOTICE LETTER (CC),RE INSPECTION,231212.0,12/19/2023,,legacy,CO 96.40(A-B),Public,,,,,
23 09003600,ACTIVE,20,pompanoViolations_20240124-30p.json,,PARKING; MAINTAINED ALL TIMES,2291 N DIXIE HY,11/22/2023,57.0,COURTESY NOTICE LETTER (CC),AFFIDAVIT OF ALLEGED VIOLATION,,231122.0,01/11/2024,Pompano Beach,23 09003600,PARKING; MAINTAINED ALL TIMES,2291 N DIXIE HY,ACTIVE,11/22/2023,57.0,COURTESY NOTICE LETTER (CC),AFFIDAVIT OF ALLEGED VIOLATION,231122.0,01/11/2024,,legacy,CO 155.5102(C) (10)(a),Public,,,,,
23 09003600,ACTIVE,20,pompanoViolations_20240124-30p.json,,BTR; REQUIRED,2291 N DIXIE HY,11/22/2023,57.0,COURTESY NOTICE LETTER (CC),AFFIDAVIT OF ALLEGED VIOLATION,,231122.0,01/11/2024,Pompano Beach,23 09003600,BTR; REQUIRED,2291 N DIXIE HY,ACTIVE,11/22/2023,57.0,COURTESY NOTICE LETTER (CC),AFFIDAVIT OF ALLEGED VIOLATION,231122.0,01/11/2024,,legacy,CO 113.20(A),Public,,,,,
23 09003600,ACTIVE,20,pompanoViolations_20240124-30p.json,,SPECIFIC VIOL; DISTURB LAND,2291 N DIXIE HY,11/22/2023,57.0,COURTESY NOTICE LETTER (CC),AFFIDAVIT OF ALLEGED VIOLATION,,231122.0,01/11/2024,Pompano Beach,23 09003600,SPECIFIC VIOL; DISTURB LAND,2291 N DIXIE HY,ACTIVE,11/22/2023,57.0,COURTESY NOTICE LETTER (CC),AFFIDAVIT OF ALLEGED VIOLATION,231122.0,01/11/2024,,legacy,CO 155.8202(D),Public,,,,,
24 09004099,ACTIVE,20,pompanoViolations_20240124-30p.json,,PARKING; MAINTAINED ALL TIMES,3181 N DIXIE HY,01/17/2024,1.0,COURTESY NOTICE LETTER (CC),RE INSPECTION,,240118.0,01/25/2024,Pompano Beach,24 09004099,PARKING; MAINTAINED ALL TIMES,3181 N DIXIE HY,ACTIVE,01/17/2024,1.0,COURTESY NOTICE LETTER (CC),RE INSPECTION,240118.0,01/25/2024,,legacy,CO 155.5102(C) (10)(a),Public,,,,,
24 09004099,ACTIVE,20,pompanoViolations_20240124-30p.json,,NUISANCE; ROOF CONDITION,3181 N DIXIE HY,01/17/2024,1.0,COURTESY NOTICE LETTER (CC),RE INSPECTION,,240118.0,01/25/2024,Pompano Beach,24 09004099,NUISANCE; ROOF CONDITION,3181 N DIXIE HY,ACTIVE,01/17/2024,1.0,COURTESY NOTICE LETTER (CC),RE INSPECTION,240118.0,01/25/2024,,legacy,CO 96.26(D)(3),Public,,,,,
24 09004099,ACTIVE,20,pompanoViolations_20240124-30p.json,,NUISANCE; GRASS OR WEEDS,3181 N DIXIE HY,01/17/2024,1.0,COURTESY NOTICE LETTER,RE INSPECTION,,240118.0,01/25/2024,Pompano Beach,24 09004099,NUISANCE; GRASS OR WEEDS,3181 N DIXIE HY,ACTIVE,01/17/2024,1.0,COURTESY NOTICE LETTER,RE INSPECTION,240118.0,01/25/2024,,legacy,CO 96.26(C)(3),Public,,,,,
,,28,pompanoViolations_20240124-30p.json,,,,,,(CC),,,,,Pompano Beach,,,,,,,(CC),,,,,legacy,,,,,,,
24 09004099,ACTIVE,28,pompanoViolations_20240124-30p.json,,LANDSCAPING; MAINTENANCE,3181 N DIXIE HY,01/17/2024,1.0,COURTESY NOTICE LETTER (CC),RE INSPECTION,,240118.0,01/25/2024,Pompano Beach,24 09004099,LANDSCAPING; MAINTENANCE,3181 N DIXIE HY,ACTIVE,01/17/2024,1.0,COURTESY NOTICE LETTER (CC),RE INSPECTION,240118.0,01/25/2024,,legacy,CO 155.5203(B)(6)(a),Public,,,,,
24 09004099,ACTIVE,28,pompanoViolations_20240124-30p.json,,NUISANCE; STATE OF REPAIR,3181 N DIXIE HY,01/17/2024,1.0,COURTESY NOTICE LETTER (CC),RE INSPECTION,,240118.0,01/25/2024,Pompano Beach,24 09004099,NUISANCE; STATE OF REPAIR,3181 N DIXIE HY,ACTIVE,01/17/2024,1.0,COURTESY NOTICE LETTER (CC),RE INSPECTION,240118.0,01/25/2024,,legacy,CO 96.26(D)(4),Public,,,,,
24 09004099,ACTIVE,28,pompanoViolations_20240124-30p.json,,NUISANCE; BARRIER CONDITION,3181 N DIXIE HY,01/17/2024,1.0,COURTESY NOTICE LETTER (CC),RE INSPECTION,,240118.0,01/25/2024,Pompano Beach,24 09004099,NUISANCE; BARRIER CONDITION,3181 N DIXIE HY,ACTIVE,01/17/2024,1.0,COURTESY NOTICE LETTER (CC),RE INSPECTION,240118.0,01/25/2024,,legacy,CO 96.26(D)(5),Public,,,,,
24 09004099,ACTIVE,28,pompanoViolations_20240124-30p.json,,NUISANCE; GARBAGE ACCUMULATION,3181 N DIXIE HY,01/17/2024,1.0,COURTESY NOTICE LETTER (CC),RE INSPECTION,,240118.0,01/25/2024,Pompano Beach,24 09004099,NUISANCE; GARBAGE ACCUMULATION,3181 N DIXIE HY,ACTIVE,01/17/2024,1.0,COURTESY NOTICE LETTER (CC),RE INSPECTION,240118.0,01/25/2024,,legacy,CO 96.26(C)(1),Public,,,,,
24 09004099,ACTIVE,28,pompanoViolations_20240124-30p.json,,STREET ADDRESS NUMBERS,3181 N DIXIE HY,01/17/2024,1.0,COURTESY NOTICE LETTER (CC),RE INSPECTION,,240118.0,01/25/2024,Pompano Beach,24 09004099,STREET ADDRESS NUMBERS,3181 N DIXIE HY,ACTIVE,01/17/2024,1.0,COURTESY NOTICE LETTER (CC),RE INSPECTION,240118.0,01/25/2024,,legacy,CO 100.06(A),Public,,,,,
23 09003938,ACTIVE,28,pompanoViolations_20240124-30p.json,,OFF-STREET PARKING; SURFACING,982 S DIXIE W HY,12/21/2023,28.0,COURTESY NOTICE LETTER (CC),RE INSPECTION,,231221.0,12/28/2023,Pompano Beach,23 09003938,OFF-STREET PARKING; SURFACING,982 S DIXIE W HY,ACTIVE,12/21/2023,28.0,COURTESY NOTICE LETTER (CC),RE INSPECTION,231221.0,12/28/2023,,legacy,CO 155.5102(C)(2)(a),Public,,,,,
24 09004114,ACTIVE,28,pompanoViolations_20240124-30p.json,,Signs; Permanent Non-Res Dist.,19 N FEDERAL HY,01/18/2024,0.0,COURTESY NOTICE LETTER (CC),RE INSPECTION,,240118.0,01/25/2024,Pompano Beach,24 09004114,Signs; Permanent Non-Res Dist.,19 N FEDERAL HY,ACTIVE,01/18/2024,0.0,COURTESY NOTICE LETTER (CC),RE INSPECTION,240118.0,01/25/2024,,legacy,CO 156.07(B),Public,,,,,
24 09004114,ACTIVE,28,pompanoViolations_20240124-30p.json,,NUISANCE; STATE OF REPAIR,19 N FEDERAL HY,01/18/2024,0.0,COURTESY NOTICE LETTER (CC),RE INSPECTION,,240118.0,01/25/2024,Pompano Beach,24 09004114,NUISANCE; STATE OF REPAIR,19 N FEDERAL HY,ACTIVE,01/18/2024,0.0,COURTESY NOTICE LETTER (CC),RE INSPECTION,240118.0,01/25/2024,,legacy,CO 96.26(D)(4),Public,,,,,
23 09003932,ACTIVE,28,pompanoViolations_20240124-30p.json,,Prohibited Signs; Disrepair,40 N FEDERAL HY,12/21/2023,28.0,COURTESY NOTICE LETTER (CC),RE INSPECTION,,231221.0,01/22/2024,Pompano Beach,23 09003932,Prohibited Signs; Disrepair,40 N FEDERAL HY,ACTIVE,12/21/2023,28.0,COURTESY NOTICE LETTER (CC),RE INSPECTION,231221.0,01/22/2024,,legacy,CO 156.12 (N),Public,,,,,
23 09003633,ACTIVE,28,pompanoViolations_20240124-30p.json,,LANDSCAPING; MAINTENANCE,1000 N FEDERAL HY,11/29/2023,50.0,AFFIDAVIT OF SERVICE (CC),COMPLIANCE DEADLINE INSP.,,240118.0,02/02/2024,Pompano Beach,23 09003633,LANDSCAPING; MAINTENANCE,1000 N FEDERAL HY,ACTIVE,11/29/2023,50.0,AFFIDAVIT OF SERVICE (CC),COMPLIANCE DEADLINE INSP.,240118.0,02/02/2024,,legacy,CO 155.5203(B)(6) (a),Public,,,,,
23 09003633,ACTIVE,28,pompanoViolations_20240124-30p.json,,TREES; ABUSE PROHIBITED,1000 N FEDERAL HY,11/29/2023,50.0,AFFIDAVIT OF SERVICE (CC),COMPLIANCE DEADLINE INSP.,,240118.0,02/02/2024,Pompano Beach,23 09003633,TREES; ABUSE PROHIBITED,1000 N FEDERAL HY,ACTIVE,11/29/2023,50.0,AFFIDAVIT OF SERVICE (CC),COMPLIANCE DEADLINE INSP.,240118.0,02/02/2024,,legacy,CO 155.5204(G)(1) (a)(i),Public,,,,,
23 09003633,ACTIVE,28,pompanoViolations_20240124-30p.json,,ZONING; TREE PERMIT REQ,1000 N FEDERAL,11/29/2023,50.0,AFFIDAVIT OF SERVICE (CC),COMPLIANCE DEADLINE INSP.,,240118.0,02/02/2024,Pompano Beach,23 09003633,ZONING; TREE PERMIT REQ,1000 N FEDERAL,ACTIVE,11/29/2023,50.0,AFFIDAVIT OF SERVICE (CC),COMPLIANCE DEADLINE INSP.,240118.0,02/02/2024,,legacy,CO 155.2411(B)(1),Public,,,,,
,,36,pompanoViolations_20240124-30p.json,,,HY,,,,,,,,Pompano Beach,,,HY,,,,,,,,,legacy,,,,,,,
23 09003878,ACTIVE,36,pompanoViolations_20240124-30p.json,,Prohibited Signs; Portable,3301 N FEDERAL HY,12/13/2023,36.0,COURTESY NOTICE LETTER (CC),RE INSPECTION,,231215.0,12/22/2023,Pompano Beach,23 09003878,Prohibited Signs; Portable,3301 N FEDERAL HY,ACTIVE,12/13/2023,36.0,COURTESY NOTICE LETTER (CC),RE INSPECTION,231215.0,12/22/2023,,legacy,CO 156.12 (H),Public,,,,,
23 09003846,ACTIVE,36,pompanoViolations_20240124-30p.json,,SPECIFIC VIOL; OCCUPY STUCTURE,21 S FEDERAL HY,11/30/2023,49.0,COURTESY NOTICE LETTER (CC),RE INSPECTION,,231214.0,12/21/2023,Pompano Beach,23 09003846,SPECIFIC VIOL; OCCUPY STUCTURE,21 S FEDERAL HY,ACTIVE,11/30/2023,49.0,COURTESY NOTICE LETTER (CC),RE INSPECTION,231214.0,12/21/2023,,legacy,CO 155.8202(B),Public,,,,,
23 09003846,ACTIVE,36,pompanoViolations_20240124-30p.json,,PARKING/LOADING AREAS; NON-RES,21 S FEDERAL HY,11/30/2023,49.0,COURTESY NOTICE LETTER (CC),RE INSPECTION,,231214.0,12/21/2023,Pompano Beach,23 09003846,PARKING/LOADING AREAS; NON-RES,21 S FEDERAL HY,ACTIVE,11/30/2023,49.0,COURTESY NOTICE LETTER (CC),RE INSPECTION,231214.0,12/21/2023,,legacy,CO 155.5102(C)(1)(a),Public,,,,,
23 09003846,ACTIVE,36,pompanoViolations_20240124-30p.json,,ABANDONED VEHICLES,21 S FEDERAL HY,11/30/2023,49.0,COURTESY NOTICE LETTER (CC),RE INSPECTION,,231214.0,12/21/2023,Pompano Beach,23 09003846,ABANDONED VEHICLES,21 S FEDERAL HY,ACTIVE,11/30/2023,49.0,COURTESY NOTICE LETTER (CC),RE INSPECTION,231214.0,12/21/2023,,legacy,CO 96.40(A-B),Public,,,,,
23 09003478,ACTIVE,36,pompanoViolations_20240124-30p.json,,SPECIFIC VIOL; OCCUPY STUCTURE,491 S FEDERAL HY,11/02/2023,77.0,ORDER OF CONTINUANCE,SPECIAL MAGISTRATE HEARING,,240118.0,01/18/2024,Pompano Beach,23 09003478,SPECIFIC VIOL; OCCUPY STUCTURE,491 S FEDERAL HY,ACTIVE,11/02/2023,77.0,ORDER OF CONTINUANCE,SPECIAL MAGISTRATE HEARING,240118.0,01/18/2024,,legacy,CO 155.8202(B),Public,,,,,
23 09003631,ACTIVE,36,pompanoViolations_20240124-30p.json,,Prohibited Signs; Portable,540 S FEDERAL HY,11/29/2023,50.0,,RE INSPECTION,,,12/29/2023,Pompano Beach,23 09003631,Prohibited Signs; Portable,540 S FEDERAL HY,ACTIVE,11/29/2023,50.0,,RE INSPECTION,,12/29/2023,,legacy,CO 156.12 (H),Public,,,,,
23 09003631,ACTIVE,36,pompanoViolations_20240124-30p.json,,BTR; REQUIRED,540 S FEDERAL HY,11/29/2023,50.0,,RE INSPECTION,,,12/29/2023,Pompano Beach,23 09003631,BTR; REQUIRED,540 S FEDERAL HY,ACTIVE,11/29/2023,50.0,,RE INSPECTION,,12/29/2023,,legacy,CO 113.20(A),Public,,,,,
23 09003703,ACTIVE,36,pompanoViolations_20240124-30p.json,,LANDSCAPING; TREE REMOVAL,777 S FEDERAL HY,04/25/2023,268.0,,COURTESY NOTICE (EVENT/HANGER),,,12/05/2023,Pompano Beach,23 09003703,LANDSCAPING; TREE REMOVAL,777 S FEDERAL HY,ACTIVE,04/25/2023,268.0,,COURTESY NOTICE (EVENT/HANGER),,12/05/2023,,legacy,CO 155.5203(B)(6)(c),Public,,,,,
24 09004064,ACTIVE,36,pompanoViolations_20240124-30p.json,,NOISE; CONSTRUCTION HOURS,1115 S FEDERAL HY,01/09/2024,9.0,,COURTESY NOTICE LETTER (CC),,,01/16/2024,Pompano Beach,24 09004064,NOISE; CONSTRUCTION HOURS,1115 S FEDERAL HY,ACTIVE,01/09/2024,9.0,,COURTESY NOTICE LETTER (CC),,01/16/2024,,legacy,CO 97.50(A)(1),Public,,,,,
23 09003464,ACTIVE,36,pompanoViolations_20240124-30p.json,,RENTAL; BUILDING REPAIRS,1025 S FLAGLER AV,10/27/2023,83.0,REPRINT VIOLATIONS,RE INSPECTION,,231102.0,11/22/2023,Pompano Beach,23 09003464,RENTAL; BUILDING REPAIRS,1025 S FLAGLER AV,ACTIVE,10/27/2023,83.0,REPRINT VIOLATIONS,RE INSPECTION,231102.0,11/22/2023,,legacy,CO 153.21(A),Public,,,,,
23 09003464,ACTIVE,36,pompanoViolations_20240124-30p.json,,RENTAL; WINDOWS WORKING COND.,1025 S FLAGLER AV,10/27/2023,83.0,REPRINT VIOLATIONS,RE INSPECTION,,231102.0,11/22/2023,Pompano Beach,23 09003464,RENTAL; WINDOWS WORKING COND.,1025 S FLAGLER AV,ACTIVE,10/27/2023,83.0,REPRINT VIOLATIONS,RE INSPECTION,231102.0,11/22/2023,,legacy,CO 153.25(D)(1),Public,,,,,
23 09003463,ACTIVE,36,pompanoViolations_20240124-30p.json,,,1025 S FLAGLER AV,11/01/2023,78.0,REPRINT VIOLATIONS,INITIAL INSPECTION,,231102.0,11/02/2023,Pompano Beach,23 09003463,,1025 S FLAGLER AV,ACTIVE,11/01/2023,78.0,REPRINT VIOLATIONS,INITIAL INSPECTION,231102.0,11/02/2023,,legacy,,Public,,,,,
23 09003464,ACTIVE,36,pompanoViolations_20240124-30p.json,,RENTAL; ELEC MAINTAINED,1025 S FLAGLER AV,10/27/2023,83.0,REPRINT VIOLATIONS,RE INSPECTION,,231102.0,11/22/2023,Pompano Beach,23 09003464,RENTAL; ELEC MAINTAINED,1025 S FLAGLER AV,ACTIVE,10/27/2023,83.0,REPRINT VIOLATIONS,RE INSPECTION,231102.0,11/22/2023,,legacy,CO 153.23(B)(1),Public,,,,,
23 09003464,ACTIVE,44,pompanoViolations_20240124-30p.json,,RENTAL; EXTERIOR ELECTRICAL,1025 S FLAGLER AV,10/27/2023,83.0,REPRINT VIOLATIONS,RE INSPECTION,,231102.0,11/22/2023,Pompano Beach,23 09003464,RENTAL; EXTERIOR ELECTRICAL,1025 S FLAGLER AV,ACTIVE,10/27/2023,83.0,REPRINT VIOLATIONS,RE INSPECTION,231102.0,11/22/2023,,legacy,CO 153.25(H),Public,,,,,
23 09003464,ACTIVE,44,pompanoViolations_20240124-30p.json,,BTR; RENTAL HOUSING,1025 S FLAGLER AV,10/27/2023,83.0,REPRINT VIOLATIONS,RE INSPECTION,,231102.0,11/22/2023,Pompano Beach,23 09003464,BTR; RENTAL HOUSING,1025 S FLAGLER AV,ACTIVE,10/27/2023,83.0,REPRINT VIOLATIONS,RE INSPECTION,231102.0,11/22/2023,,legacy,CO 113.41(A),Public,,,,,
23 09003464,ACTIVE,44,pompanoViolations_20240124-30p.json,,RENTAL; SMOKE DETECTORS,1025 S FLAGLER AV,10/27/2023,83.0,REPRINT VIOLATIONS,RE INSPECTION,,231102.0,11/22/2023,Pompano Beach,23 09003464,RENTAL; SMOKE DETECTORS,1025 S FLAGLER AV,ACTIVE,10/27/2023,83.0,REPRINT VIOLATIONS,RE INSPECTION,231102.0,11/22/2023,,legacy,CO 153.33(D),Public,,,,,
23 09003476,ACTIVE,44,pompanoViolations_20240124-30p.json,,NUISANCE; SIDEWALK OVERGROWTH,3260 LAKEVIEW DR,11/01/2023,78.0,NOTICE VIOLATION/ HEARING (CC),COMPLIANCE DEADLINE INSP.,,231221.0,02/02/2024,Pompano Beach,23 09003476,NUISANCE; SIDEWALK OVERGROWTH,3260 LAKEVIEW DR,ACTIVE,11/01/2023,78.0,NOTICE VIOLATION/ HEARING (CC),COMPLIANCE DEADLINE INSP.,231221.0,02/02/2024,,legacy,CO 96.26(C)(7),Public,,,,,
23 09003476,ACTIVE,44,pompanoViolations_20240124-30p.json,,NUISANCE; DENSE TREES / GROWTH,3260 LAKEVIEW DR,11/01/2023,78.0,NOTICE VIOLATION/ HEARING (CC),COMPLIANCE DEADLINE INSP.,,231221.0,02/02/2024,Pompano Beach,23 09003476,NUISANCE; DENSE TREES / GROWTH,3260 LAKEVIEW DR,ACTIVE,11/01/2023,78.0,NOTICE VIOLATION/ HEARING (CC),COMPLIANCE DEADLINE INSP.,231221.0,02/02/2024,,legacy,CO 96.26(C)(4),Public,,,,,
23 09003476,ACTIVE,44,pompanoViolations_20240124-30p.json,,SPECIFIC VIOL; OCCUPY STUCTURE,3260 LAKEVIEW DR,11/01/2023,78.0,NOTICE VIOLATION/ HEARING (CC),COMPLIANCE DEADLINE INSP.,,231221.0,02/02/2024,Pompano Beach,23 09003476,SPECIFIC VIOL; OCCUPY STUCTURE,3260 LAKEVIEW DR,ACTIVE,11/01/2023,78.0,NOTICE VIOLATION/ HEARING (CC),COMPLIANCE DEADLINE INSP.,231221.0,02/02/2024,,legacy,CO 155.8202(B),Public,,,,,
23 09003476,ACTIVE,44,pompanoViolations_20240124-30p.json,,PARKING; RES LICENSE PLATE,3260 LAKEVIEW DR,11/01/2023,78.0,NOTICE VIOLATION/ HEARING (CC),COMPLIANCE DEADLINE INSP.,,231221.0,02/02/2024,Pompano Beach,23 09003476,PARKING; RES LICENSE PLATE,3260 LAKEVIEW DR,ACTIVE,11/01/2023,78.0,NOTICE VIOLATION/ HEARING (CC),COMPLIANCE DEADLINE INSP.,231221.0,02/02/2024,,legacy,CO 155.4303(X)(4)(i)(i),Public,,,,,
23 09003605,ACTIVE,44,pompanoViolations_20240124-30p.json,,SPECIFIC VIOL; OCCUPY STUCTURE,1406 N OCEAN BL,11/16/2023,63.0,REPRINT VIOLATIONS,COMPLIANCE DEADLINE INSP.,,240111.0,01/19/2024,Pompano Beach,23 09003605,SPECIFIC VIOL; OCCUPY STUCTURE,1406 N OCEAN BL,ACTIVE,11/16/2023,63.0,REPRINT VIOLATIONS,COMPLIANCE DEADLINE INSP.,240111.0,01/19/2024,,legacy,CO 155.8202(B),Public,,,,,
23 09003981,ACTIVE,44,pompanoViolations_20240124-30p.json,,NUISANCE; SIDEWALK OVERGROWTH,2500 N OCEAN BL,12/28/2023,21.0,,RE INSPECTION,,,01/04/2024,Pompano Beach,23 09003981,NUISANCE; SIDEWALK OVERGROWTH,2500 N OCEAN BL,ACTIVE,12/28/2023,21.0,,RE INSPECTION,,01/04/2024,,legacy,CO 96.26(C)(7),Public,,,,,
23 09003582,ACTIVE,44,pompanoViolations_20240124-30p.json,,ABANDONED VEHICLES,213 S OCEAN BL,11/20/2023,59.0,AFFIDAVIT OF SERVICE (CC),COMPLIANCE DEADLINE INSP.,,231220.0,01/19/2024,Pompano Beach,23 09003582,ABANDONED VEHICLES,213 S OCEAN BL,ACTIVE,11/20/2023,59.0,AFFIDAVIT OF SERVICE (CC),COMPLIANCE DEADLINE INSP.,231220.0,01/19/2024,,legacy,CO 96.40(A-B),Public,,,,,
23 09003582,ACTIVE,44,pompanoViolations_20240124-30p.json,,"""City Ordinance"" 152.01 (B)",213 S OCEAN BL,11/20/2023,59.0,AFFIDAVIT OF SERVICE (CC),COMPLIANCE DEADLINE INSP.,,231220.0,01/19/2024,Pompano Beach,23 09003582,"""City Ordinance"" 152.01 (B)",213 S OCEAN BL,ACTIVE,11/20/2023,59.0,AFFIDAVIT OF SERVICE (CC),COMPLIANCE DEADLINE INSP.,231220.0,01/19/2024,,legacy,C.O. 152.01 ORD.ADOPTION,Public,,,,,
23 09003582,ACTIVE,44,pompanoViolations_20240124-30p.json,,BTR; RENTAL HOUSING,213 S OCEAN BL,11/20/2023,59.0,AFFIDAVIT OF SERVICE (CC),COMPLIANCE DEADLINE INSP.,,231220.0,01/19/2024,Pompano Beach,23 09003582,BTR; RENTAL HOUSING,213 S OCEAN BL,ACTIVE,11/20/2023,59.0,AFFIDAVIT OF SERVICE (CC),COMPLIANCE DEADLINE INSP.,231220.0,01/19/2024,,legacy,CO 113.41(A),Public,,,,,
23 09003582,ACTIVE,44,pompanoViolations_20240124-30p.json,,RENTAL; ELEC MAINTAINED,213 S OCEAN BL,11/20/2023,59.0,AFFIDAVIT OF SERVICE (CC),COMPLIANCE DEADLINE INSP.,,231220.0,01/19/2024,Pompano Beach,23 09003582,RENTAL; ELEC MAINTAINED,213 S OCEAN BL,ACTIVE,11/20/2023,59.0,AFFIDAVIT OF SERVICE (CC),COMPLIANCE DEADLINE INSP.,231220.0,01/19/2024,,legacy,CO 153.23(B)(1),Public,,,,,
23 09003582,ACTIVE,44,pompanoViolations_20240124-30p.json,,Prohibited Signs; Disrepair,213 S OCEAN BL,11/20/2023,59.0,AFFIDAVIT OF SERVICE (CC),COMPLIANCE DEADLINE INSP.,,231220.0,01/19/2024,Pompano Beach,23 09003582,Prohibited Signs; Disrepair,213 S OCEAN BL,ACTIVE,11/20/2023,59.0,AFFIDAVIT OF SERVICE (CC),COMPLIANCE DEADLINE INSP.,231220.0,01/19/2024,,legacy,CO 156.12 (N),Public,,,,,
23 09003582,ACTIVE,44,pompanoViolations_20240124-30p.json,,NUISANCE; STATE OF REPAIR,213 S OCEAN BL,11/20/2023,59.0,AFFIDAVIT OF SERVICE (CC),COMPLIANCE DEADLINE INSP.,,231220.0,01/19/2024,Pompano Beach,23 09003582,NUISANCE; STATE OF REPAIR,213 S OCEAN BL,ACTIVE,11/20/2023,59.0,AFFIDAVIT OF SERVICE (CC),COMPLIANCE DEADLINE INSP.,231220.0,01/19/2024,,legacy,CO 96.26(D)(4),Public,,,,,
24 09004085,ACTIVE,52,pompanoViolations_20240124-30p.json,,GARBAGE; COMM RECEPTACLES,1201 S OCEAN BL,01/16/2024,2.0,,COURTESY NOTICE LETTER (CC),,,01/16/2024,Pompano Beach,24 09004085,GARBAGE; COMM RECEPTACLES,1201 S OCEAN BL,ACTIVE,01/16/2024,2.0,,COURTESY NOTICE LETTER (CC),,01/16/2024,,legacy,CO 96.12(C)(4),Public,,,,,
24 09004085,ACTIVE,52,pompanoViolations_20240124-30p.json,,SPECIFIC VIOL; OCCUPY STUCTURE,1201 S OCEAN BL,01/16/2024,2.0,,COURTESY NOTICE LETTER (CC),,,01/16/2024,Pompano Beach,24 09004085,SPECIFIC VIOL; OCCUPY STUCTURE,1201 S OCEAN BL,ACTIVE,01/16/2024,2.0,,COURTESY NOTICE LETTER (CC),,01/16/2024,,legacy,CO 155.8202(B),Public,,,,,
23 09003499,ACTIVE,52,pompanoViolations_20240124-30p.json,,SPECIFIC VIOL; OCCUPY STUCTURE,1333 S OCEAN BL,11/06/2023,73.0,,RE INSPECTION,,,11/13/2023,Pompano Beach,23 09003499,SPECIFIC VIOL; OCCUPY STUCTURE,1333 S OCEAN BL,ACTIVE,11/06/2023,73.0,,RE INSPECTION,,11/13/2023,,legacy,CO 155.8202(B),Public,,,,,
23 09003499,ACTIVE,52,pompanoViolations_20240124-30p.json,,BTR; REQUIRED,1333 S OCEAN BL,11/06/2023,73.0,,RE INSPECTION,,,11/13/2023,Pompano Beach,23 09003499,BTR; REQUIRED,1333 S OCEAN BL,ACTIVE,11/06/2023,73.0,,RE INSPECTION,,11/13/2023,,legacy,CO 113.20(A),Public,,,,,
23 09003787,ACTIVE,52,pompanoViolations_20240124-30p.json,,BTR; REQUIRED,1333 S OCEAN BL,12/12/2023,37.0,COURTESY NOTICE LETTER (CC),RE INSPECTION,,231212.0,01/15/2024,Pompano Beach,23 09003787,BTR; REQUIRED,1333 S OCEAN BL,ACTIVE,12/12/2023,37.0,COURTESY NOTICE LETTER (CC),RE INSPECTION,231212.0,01/15/2024,,legacy,CO 113.20(A),Public,,,,,
23 09003522,ACTIVE,52,pompanoViolations_20240124-30p.json,,"""City Ordinance"" 152.01 (B)",3050 N PALM-AIRE DR,11/09/2023,70.0,REPRINT VIOLATIONS,RE INSPECTION,,240116.0,01/16/2024,Pompano Beach,23 09003522,"""City Ordinance"" 152.01 (B)",3050 N PALM-AIRE DR,ACTIVE,11/09/2023,70.0,REPRINT VIOLATIONS,RE INSPECTION,240116.0,01/16/2024,,legacy,C.O. 152.01 ORD.ADOPTION,Public,,,,,
23 09003551,ACTIVE,52,pompanoViolations_20240124-30p.json,,ZONING; TREE PERMIT REQ,3371 S PALM-AIRE DR,11/15/2023,64.0,COURTESY NOTICE LETTER (CC),RE INSPECTION,,231115.0,11/22/2023,Pompano Beach,23 09003551,ZONING; TREE PERMIT REQ,3371 S PALM-AIRE DR,ACTIVE,11/15/2023,64.0,COURTESY NOTICE LETTER (CC),RE INSPECTION,231115.0,11/22/2023,,legacy,CO 155.2411(B)(1),Public,,,,,
23 09003472,ACTIVE,52,pompanoViolations_20240124-30p.json,,MAX LIGHT HEIGHT; MULT & 200FT,4020 W PALM-AIRE DR,11/02/2023,77.0,COURTESY NOTICE LETTER (CC),RE INSPECTION,,231107.0,11/14/2023,Pompano Beach,23 09003472,MAX LIGHT HEIGHT; MULT & 200FT,4020 W PALM-AIRE DR,ACTIVE,11/02/2023,77.0,COURTESY NOTICE LETTER (CC),RE INSPECTION,231107.0,11/14/2023,,legacy,CO 155.5401(D)(1) (b),Public,,,,,
23 09003474,ACTIVE,52,pompanoViolations_20240124-30p.json,,MAX LIGHT HEIGHT; MULT & 200FT,4030 W PALM-AIRE DR,11/02/2023,77.0,COURTESY NOTICE LETTER (CC),RE INSPECTION,,231107.0,11/14/2023,Pompano Beach,23 09003474,MAX LIGHT HEIGHT; MULT & 200FT,4030 W PALM-AIRE DR,ACTIVE,11/02/2023,77.0,COURTESY NOTICE LETTER (CC),RE INSPECTION,231107.0,11/14/2023,,legacy,CO 155.5401(D)(1) (b),Public,,,,,
23 09003482,ACTIVE,52,pompanoViolations_20240124-30p.json,,NUISANCE; DENSE TREES / GROWTH,1231 N POWERLINE RD,11/02/2023,77.0,FINAL ORDER/ STIPULATED (CC),IMPOSE FINE HEARING-SCHEDULED,,240117.0,01/17/2024,Pompano Beach,23 09003482,NUISANCE; DENSE TREES / GROWTH,1231 N POWERLINE RD,ACTIVE,11/02/2023,77.0,FINAL ORDER/ STIPULATED (CC),IMPOSE FINE HEARING-SCHEDULED,240117.0,01/17/2024,,legacy,CO 96.26(C)(4),Public,,,,,
23 09003482,ACTIVE,52,pompanoViolations_20240124-30p.json,,NUISANCE; GRASS OR WEEDS,1231 N POWERLINE RD,11/02/2023,77.0,FINAL ORDER/ STIPULATED (CC),IMPOSE FINE HEARING-SCHEDULED,,240117.0,01/17/2024,Pompano Beach,23 09003482,NUISANCE; GRASS OR WEEDS,1231 N POWERLINE RD,ACTIVE,11/02/2023,77.0,FINAL ORDER/ STIPULATED (CC),IMPOSE FINE HEARING-SCHEDULED,240117.0,01/17/2024,,legacy,CO 96.26(C)(3),Public,,,,,
23 09003734,ACTIVE,52,pompanoViolations_20240124-30p.json,,NUISANCE; DISCARDED OBJECTS,518 N RIVERSIDE DR,12/07/2023,42.0,NOTICE VIOLATION/ HEARING (CC),RE INSPECTION,,240118.0,01/15/2024,Pompano Beach,23 09003734,NUISANCE; DISCARDED OBJECTS,518 N RIVERSIDE DR,ACTIVE,12/07/2023,42.0,NOTICE VIOLATION/ HEARING (CC),RE INSPECTION,240118.0,01/15/2024,,legacy,CO 96.26(C) (6),Public,,,,,
23 09003734,ACTIVE,52,pompanoViolations_20240124-30p.json,,SPECIFIC VIOL; OCCUPY STUCTURE,518 N RIVERSIDE DR,12/07/2023,42.0,NOTICE VIOLATION/ HEARING (CC),RE INSPECTION,,240118.0,01/15/2024,Pompano Beach,23 09003734,SPECIFIC VIOL; OCCUPY STUCTURE,518 N RIVERSIDE DR,ACTIVE,12/07/2023,42.0,NOTICE VIOLATION/ HEARING (CC),RE INSPECTION,240118.0,01/15/2024,,legacy,CO 155.8202(B),Public,,,,,
23 09003819,ACTIVE,52,pompanoViolations_20240124-30p.json,,"LIGHTS; FLAGS,",1210 N,12/13/2023,36.0,COURTESY,RE INSPECTION,,231213.0,01/15/2024,Pompano Beach,23 09003819,"LIGHTS; FLAGS,",1210 N,ACTIVE,12/13/2023,36.0,COURTESY,RE INSPECTION,231213.0,01/15/2024,,legacy,CO,Public,,,,,
,,60,pompanoViolations_20240124-30p.json,,"STATUES, ETC",RIVERSIDE DR,,,NOTICE LETTER (CC),,,,,Pompano Beach,,"STATUES, ETC",RIVERSIDE DR,,,,NOTICE LETTER (CC),,,,,legacy,155.5401(G)(2),,,,,,
23 09003784,ACTIVE,60,pompanoViolations_20240124-30p.json,,"""City Ordinance"" 152.01 (B)",1650 N RIVERSIDE DR,12/11/2023,38.0,COURTESY NOTICE LETTER (CC),RE INSPECTION,,231211.0,01/11/2024,Pompano Beach,23 09003784,"""City Ordinance"" 152.01 (B)",1650 N RIVERSIDE DR,ACTIVE,12/11/2023,38.0,COURTESY NOTICE LETTER (CC),RE INSPECTION,231211.0,01/11/2024,,legacy,C.O. 152.01 ORD.ADOPTION,Public,,,,,
23 09003781,ACTIVE,60,pompanoViolations_20240124-30p.json,,"""City Ordinance"" 152.01 (B)",210 S RIVERSIDE DR,12/11/2023,38.0,COURTESY NOTICE LETTER (CC),RE INSPECTION,,231211.0,01/11/2024,Pompano Beach,23 09003781,"""City Ordinance"" 152.01 (B)",210 S RIVERSIDE DR,ACTIVE,12/11/2023,38.0,COURTESY NOTICE LETTER (CC),RE INSPECTION,231211.0,01/11/2024,,legacy,C.O. 152.01 ORD.ADOPTION,Public,,,,,
23 09003683,ACTIVE,60,pompanoViolations_20240124-30p.json,,NUISANCE; STATE OF REPAIR,710 S RIVERSIDE DR,11/30/2023,49.0,COURTESY NOTICE LETTER (CC),RE INSPECTION,,231205.0,12/28/2023,Pompano Beach,23 09003683,NUISANCE; STATE OF REPAIR,710 S RIVERSIDE DR,ACTIVE,11/30/2023,49.0,COURTESY NOTICE LETTER (CC),RE INSPECTION,231205.0,12/28/2023,,legacy,CO 96.26(D)(4),Public,,,,,
23 09003683,ACTIVE,60,pompanoViolations_20240124-30p.json,,NUISANCE; SOIL ACCUMULATION,710 S RIVERSIDE DR,11/30/2023,49.0,COURTESY NOTICE LETTER (CC),RE INSPECTION,,231205.0,12/28/2023,Pompano Beach,23 09003683,NUISANCE; SOIL ACCUMULATION,710 S RIVERSIDE DR,ACTIVE,11/30/2023,49.0,COURTESY NOTICE LETTER (CC),RE INSPECTION,231205.0,12/28/2023,,legacy,CO 96.26(C)(5),Public,,,,,
24 09004022,ACTIVE,60,pompanoViolations_20240124-30p.json,,RENTAL; SHORT TERM PERMIT REQ,3401 ROBBINS RD,01/03/2024,15.0,COURTESY NOTICE LETTER (CC),RE INSPECTION,,240103.0,01/24/2024,Pompano Beach,24 09004022,RENTAL; SHORT TERM PERMIT REQ,3401 ROBBINS RD,ACTIVE,01/03/2024,15.0,COURTESY NOTICE LETTER (CC),RE INSPECTION,240103.0,01/24/2024,,legacy,CO 153.08(A),Public,,,,,
23 09003504,ACTIVE,60,pompanoViolations_20240124-30p.json,,,4071 SIENA CC,11/07/2023,72.0,,SPECIAL MAGISTRATE HEARING,,,02/07/2024,Pompano Beach,23 09003504,,4071 SIENA CC,ACTIVE,11/07/2023,72.0,,SPECIAL MAGISTRATE HEARING,,02/07/2024,,legacy,,Public,,,,,
23 09003760,ACTIVE,60,pompanoViolations_20240124-30p.json,,NUISANCE; GRASS OR WEEDS,500 NE 1 AV,12/08/2023,41.0,AFFIDAVIT OF SERVICE (CC),COMPLIANCE DEADLINE INSP.,,231213.0,01/19/2024,Pompano Beach,23 09003760,NUISANCE; GRASS OR WEEDS,500 NE 1 AV,ACTIVE,12/08/2023,41.0,AFFIDAVIT OF SERVICE (CC),COMPLIANCE DEADLINE INSP.,231213.0,01/19/2024,,legacy,CO 96.26(C)(3),Public,,,,,
23 09003760,ACTIVE,60,pompanoViolations_20240124-30p.json,,NUISANCE; GARBAGE ACCUMULATION,500 NE 1 AV,12/08/2023,41.0,AFFIDAVIT OF SERVICE (CC),COMPLIANCE DEADLINE INSP.,,231213.0,01/19/2024,Pompano Beach,23 09003760,NUISANCE; GARBAGE ACCUMULATION,500 NE 1 AV,ACTIVE,12/08/2023,41.0,AFFIDAVIT OF SERVICE (CC),COMPLIANCE DEADLINE INSP.,231213.0,01/19/2024,,legacy,CO 96.26(C)(1),Public,,,,,
24 09004031,ACTIVE,60,pompanoViolations_20240124-30p.json,,PARKING; SURFACE STANDARDS,604 NE 1 AV,01/03/2024,15.0,COURTESY NOTICE LETTER (CC),RE INSPECTION,,240103.0,01/10/2024,Pompano Beach,24 09004031,PARKING; SURFACE STANDARDS,604 NE 1 AV,ACTIVE,01/03/2024,15.0,COURTESY NOTICE LETTER (CC),RE INSPECTION,240103.0,01/10/2024,,legacy,CO 155.4303(X)(4)(e),Public,,,,,
24 09004031,ACTIVE,60,pompanoViolations_20240124-30p.json,,SPECIFIC VIOL; DISTUB LANDSCAP,604 NE 1 AV,01/03/2024,15.0,COURTESY NOTICE LETTER (CC),RE INSPECTION,,240103.0,01/10/2024,Pompano Beach,24 09004031,SPECIFIC VIOL; DISTUB LANDSCAP,604 NE 1 AV,ACTIVE,01/03/2024,15.0,COURTESY NOTICE LETTER (CC),RE INSPECTION,240103.0,01/10/2024,,legacy,CO 155.8202(F),Public,,,,,
24 09004031,ACTIVE,60,pompanoViolations_20240124-30p.json,,NUISANCE; DISCARDED OBJECTS,604 NE 1 AV,01/03/2024,15.0,COURTESY NOTICE LETTER (CC),RE INSPECTION,,240103.0,01/10/2024,Pompano Beach,24 09004031,NUISANCE; DISCARDED OBJECTS,604 NE 1 AV,ACTIVE,01/03/2024,15.0,COURTESY NOTICE LETTER (CC),RE INSPECTION,240103.0,01/10/2024,,legacy,CO 96.26(C)(6),Public,,,,,
24 09004031,ACTIVE,60,pompanoViolations_20240124-30p.json,,NUISANCE; BARRIER,604 NE 1 AV,01/03/2024,15.0,COURTESY NOTICE LETTER,RE INSPECTION,,240103.0,01/10/2024,Pompano Beach,24 09004031,NUISANCE; BARRIER,604 NE 1 AV,ACTIVE,01/03/2024,15.0,COURTESY NOTICE LETTER,RE INSPECTION,240103.0,01/10/2024,,legacy,CO 96.26(D)(5),Public,,,,,
,,68,pompanoViolations_20240124-30p.json,,CONDITION,,,,(CC),,,,,Pompano Beach,,CONDITION,,,,,(CC),,,,,legacy,,,,,,,
24 09004031,ACTIVE,68,pompanoViolations_20240124-30p.json,,PARKING AREAS; MARKINGS,604 NE 1 AV,01/03/2024,15.0,COURTESY NOTICE LETTER (CC),RE INSPECTION,,240103.0,01/10/2024,Pompano Beach,24 09004031,PARKING AREAS; MARKINGS,604 NE 1 AV,ACTIVE,01/03/2024,15.0,COURTESY NOTICE LETTER (CC),RE INSPECTION,240103.0,01/10/2024,,legacy,CO 155.5102(C)(1)(c),Public,,,,,
23 09003584,ACTIVE,68,pompanoViolations_20240124-30p.json,,PARKING; MAINTAINED ALL TIMES,2031 NE 1 AV,11/20/2023,59.0,COURTESY NOTICE LETTER (CC),RE INSPECTION,,231120.0,11/27/2023,Pompano Beach,23 09003584,PARKING; MAINTAINED ALL TIMES,2031 NE 1 AV,ACTIVE,11/20/2023,59.0,COURTESY NOTICE LETTER (CC),RE INSPECTION,231120.0,11/27/2023,,legacy,CO 155.5102(C)(10)(a),Public,,,,,
23 09003584,ACTIVE,68,pompanoViolations_20240124-30p.json,,NUISANCE; GRASS OR WEEDS,2031 NE 1 AV,11/20/2023,59.0,COURTESY NOTICE LETTER (CC),RE INSPECTION,,231120.0,11/27/2023,Pompano Beach,23 09003584,NUISANCE; GRASS OR WEEDS,2031 NE 1 AV,ACTIVE,11/20/2023,59.0,COURTESY NOTICE LETTER (CC),RE INSPECTION,231120.0,11/27/2023,,legacy,CO 96.26(C)(3),Public,,,,,
23 09003584,ACTIVE,68,pompanoViolations_20240124-30p.json,,NUISANCE; DISCARDED OBJECTS,2031 NE 1 AV,11/20/2023,59.0,COURTESY NOTICE LETTER (CC),RE INSPECTION,,231120.0,11/27/2023,Pompano Beach,23 09003584,NUISANCE; DISCARDED OBJECTS,2031 NE 1 AV,ACTIVE,11/20/2023,59.0,COURTESY NOTICE LETTER (CC),RE INSPECTION,231120.0,11/27/2023,,legacy,CO 96.26(C)(6),Public,,,,,
23 09003584,ACTIVE,68,pompanoViolations_20240124-30p.json,,STREET ADDRESS NUMBERS,2031 NE 1 AV,11/20/2023,59.0,COURTESY NOTICE LETTER (CC),RE INSPECTION,,231120.0,11/27/2023,Pompano Beach,23 09003584,STREET ADDRESS NUMBERS,2031 NE 1 AV,ACTIVE,11/20/2023,59.0,COURTESY NOTICE LETTER (CC),RE INSPECTION,231120.0,11/27/2023,,legacy,CO 100.06(A),Public,,,,,
23 09003584,ACTIVE,68,pompanoViolations_20240124-30p.json,,NUISANCE; GARBAGE ACCUMULATION,2031 NE 1 AV,11/20/2023,59.0,COURTESY NOTICE LETTER (CC),RE INSPECTION,,231120.0,11/27/2023,Pompano Beach,23 09003584,NUISANCE; GARBAGE ACCUMULATION,2031 NE 1 AV,ACTIVE,11/20/2023,59.0,COURTESY NOTICE LETTER (CC),RE INSPECTION,231120.0,11/27/2023,,legacy,CO 96.26(C)(1),Public,,,,,
23 09003584,ACTIVE,68,pompanoViolations_20240124-30p.json,,ROLL CARTS; PLACEMENT,2031 NE 1 AV,11/20/2023,59.0,COURTESY NOTICE LETTER (CC),RE INSPECTION,,231120.0,11/27/2023,Pompano Beach,23 09003584,ROLL CARTS; PLACEMENT,2031 NE 1 AV,ACTIVE,11/20/2023,59.0,COURTESY NOTICE LETTER (CC),RE INSPECTION,231120.0,11/27/2023,,legacy,CO 96.12(A)(5),Public,,,,,
23 09003584,ACTIVE,68,pompanoViolations_20240124-30p.json,,NUISANCE; STATE OF REPAIR,2031 NE 1 AV,11/20/2023,59.0,COURTESY NOTICE LETTER (CC),RE INSPECTION,,231120.0,11/27/2023,Pompano Beach,23 09003584,NUISANCE; STATE OF REPAIR,2031 NE 1 AV,ACTIVE,11/20/2023,59.0,COURTESY NOTICE LETTER (CC),RE INSPECTION,231120.0,11/27/2023,,legacy,CO 96.26(D)(4),Public,,,,,
23 09003594,ACTIVE,68,pompanoViolations_20240124-30p.json,,NUISANCE; STATE OF REPAIR,1901 NW 1 AV,11/22/2023,57.0,COURTESY NOTICE LETTER (CC),RE INSPECTION,,231122.0,11/29/2023,Pompano Beach,23 09003594,NUISANCE; STATE OF REPAIR,1901 NW 1 AV,ACTIVE,11/22/2023,57.0,COURTESY NOTICE LETTER (CC),RE INSPECTION,231122.0,11/29/2023,,legacy,CO 96.26(D)(4),Public,,,,,
23 09003594,ACTIVE,68,pompanoViolations_20240124-30p.json,,STREET ADDRESS NUMBERS,1901 NW 1 AV,11/22/2023,57.0,COURTESY NOTICE LETTER (CC),RE INSPECTION,,231122.0,11/29/2023,Pompano Beach,23 09003594,STREET ADDRESS NUMBERS,1901 NW 1 AV,ACTIVE,11/22/2023,57.0,COURTESY NOTICE LETTER (CC),RE INSPECTION,231122.0,11/29/2023,,legacy,CO 100.06(A),Public,,,,,
23 09003594,ACTIVE,68,pompanoViolations_20240124-30p.json,,NUISANCE; STAGNANT WATER,1901 NW 1 AV,11/22/2023,57.0,COURTESY NOTICE LETTER (CC),RE INSPECTION,,231122.0,11/29/2023,Pompano Beach,23 09003594,NUISANCE; STAGNANT WATER,1901 NW 1 AV,ACTIVE,11/22/2023,57.0,COURTESY NOTICE LETTER (CC),RE INSPECTION,231122.0,11/29/2023,,legacy,CO 96.26(C)(2),Public,,,,,
23 09003594,ACTIVE,68,pompanoViolations_20240124-30p.json,,PARKING; MAINTAINED ALL,1901 NW 1 AV,11/22/2023,57.0,COURTESY NOTICE LETTER,RE INSPECTION,,231122.0,11/29/2023,Pompano Beach,23 09003594,PARKING; MAINTAINED ALL,1901 NW 1 AV,ACTIVE,11/22/2023,57.0,COURTESY NOTICE LETTER,RE INSPECTION,231122.0,11/29/2023,,legacy,CO 155.5102(C),Public,,,,,
,,76,pompanoViolations_20240124-30p.json,,TIMES,,,,(CC),,,,,Pompano Beach,,TIMES,,,,,(CC),,,,,legacy,(10)(a),,,,,,
23 09003594,ACTIVE,76,pompanoViolations_20240124-30p.json,,ROLL CARTS; PLACEMENT,1901 NW 1 AV,11/22/2023,57.0,COURTESY NOTICE LETTER (CC),RE INSPECTION,,231122.0,11/29/2023,Pompano Beach,23 09003594,ROLL CARTS; PLACEMENT,1901 NW 1 AV,ACTIVE,11/22/2023,57.0,COURTESY NOTICE LETTER (CC),RE INSPECTION,231122.0,11/29/2023,,legacy,CO 96.12(A)(5),Public,,,,,
24 09004068,ACTIVE,76,pompanoViolations_20240124-30p.json,,BTR; RENTAL HOUSING,461 SE 1 AV,12/21/2023,28.0,COURTESY NOTICE LETTER (CC),RE INSPECTION,,240111.0,01/18/2024,Pompano Beach,24 09004068,BTR; RENTAL HOUSING,461 SE 1 AV,ACTIVE,12/21/2023,28.0,COURTESY NOTICE LETTER (CC),RE INSPECTION,240111.0,01/18/2024,,legacy,CO 113.41(A),Public,,,,,
24 09004068,ACTIVE,76,pompanoViolations_20240124-30p.json,,NUISANCE; INFESTATION,461 SE 1 AV,12/21/2023,28.0,COURTESY NOTICE LETTER (CC),RE INSPECTION,,240111.0,01/18/2024,Pompano Beach,24 09004068,NUISANCE; INFESTATION,461 SE 1 AV,ACTIVE,12/21/2023,28.0,COURTESY NOTICE LETTER (CC),RE INSPECTION,240111.0,01/18/2024,,legacy,CO 96.26(C)(10),Public,,,,,
23 09003616,ACTIVE,76,pompanoViolations_20240124-30p.json,,RENTAL; SHORT TERM PERMIT REQ,2600 SE 1 CT,11/28/2023,51.0,AFFIDAVIT OF SERVICE (CC),COMPLIANCE DEADLINE INSP.,,240103.0,02/02/2024,Pompano Beach,23 09003616,RENTAL; SHORT TERM PERMIT REQ,2600 SE 1 CT,ACTIVE,11/28/2023,51.0,AFFIDAVIT OF SERVICE (CC),COMPLIANCE DEADLINE INSP.,240103.0,02/02/2024,,legacy,CO 153.08(A),Public,,,,,
23 09003616,ACTIVE,76,pompanoViolations_20240124-30p.json,,BTR; RENTAL HOUSING INSPECTION,2600 SE 1 CT,11/28/2023,51.0,AFFIDAVIT OF SERVICE (CC),COMPLIANCE DEADLINE INSP.,,240103.0,02/02/2024,Pompano Beach,23 09003616,BTR; RENTAL HOUSING INSPECTION,2600 SE 1 CT,ACTIVE,11/28/2023,51.0,AFFIDAVIT OF SERVICE (CC),COMPLIANCE DEADLINE INSP.,240103.0,02/02/2024,,legacy,CO 113.41(C)(1),Public,,,,,
23 09003668,ACTIVE,76,pompanoViolations_20240124-30p.json,,RENTAL; WALLS CONDITION,2645 SE 1 CT,12/04/2023,45.0,COURTESY NOTICE LETTER (CC),RE INSPECTION,,231205.0,01/04/2024,Pompano Beach,23 09003668,RENTAL; WALLS CONDITION,2645 SE 1 CT,ACTIVE,12/04/2023,45.0,COURTESY NOTICE LETTER (CC),RE INSPECTION,231205.0,01/04/2024,,legacy,CO 153.23(E)(6)(a),Public,,,,,
23 09003668,ACTIVE,76,pompanoViolations_20240124-30p.json,,RENTAL; MAINTAINED,2645 SE 1 CT,12/04/2023,45.0,COURTESY NOTICE LETTER (CC),RE INSPECTION,,231205.0,01/04/2024,Pompano Beach,23 09003668,RENTAL; MAINTAINED,2645 SE 1 CT,ACTIVE,12/04/2023,45.0,COURTESY NOTICE LETTER (CC),RE INSPECTION,231205.0,01/04/2024,,legacy,CO 153.23(B)(1),Public,,,,,
24 09004041,ACTIVE,76,pompanoViolations_20240124-30p.json,,BTR; RENTAL HOUSING INSPECTION,215 SW 1 CT,01/04/2024,14.0,COURTESY NOTICE LETTER (CC),RE INSPECTION,,240104.0,01/11/2024,Pompano Beach,24 09004041,BTR; RENTAL HOUSING INSPECTION,215 SW 1 CT,ACTIVE,01/04/2024,14.0,COURTESY NOTICE LETTER (CC),RE INSPECTION,240104.0,01/11/2024,,legacy,CO 113.41(C)(1),Public,,,,,
24 09004041,ACTIVE,76,pompanoViolations_20240124-30p.json,,NUISANCE; GARBAGE ACCUMULATION,215 SW 1 CT,01/04/2024,14.0,COURTESY NOTICE LETTER (CC),RE INSPECTION,,240104.0,01/11/2024,Pompano Beach,24 09004041,NUISANCE; GARBAGE ACCUMULATION,215 SW 1 CT,ACTIVE,01/04/2024,14.0,COURTESY NOTICE LETTER (CC),RE INSPECTION,240104.0,01/11/2024,,legacy,CO 96.26(C)(1),Public,,,,,
24 09004041,ACTIVE,76,pompanoViolations_20240124-30p.json,,STREET ADDRESS NUMBERS,215 SW 1 CT,01/04/2024,14.0,COURTESY NOTICE LETTER (CC),RE INSPECTION,,240104.0,01/11/2024,Pompano Beach,24 09004041,STREET ADDRESS NUMBERS,215 SW 1 CT,ACTIVE,01/04/2024,14.0,COURTESY NOTICE LETTER (CC),RE INSPECTION,240104.0,01/11/2024,,legacy,CO 100.06(A),Public,,,,,
24 09004041,ACTIVE,76,pompanoViolations_20240124-30p.json,,GARBAGE; RES. SCHEDULE,215 SW 1 CT,01/04/2024,14.0,COURTESY NOTICE LETTER (CC),RE INSPECTION,,240104.0,01/11/2024,Pompano Beach,24 09004041,GARBAGE; RES. SCHEDULE,215 SW 1 CT,ACTIVE,01/04/2024,14.0,COURTESY NOTICE LETTER (CC),RE INSPECTION,240104.0,01/11/2024,,legacy,CO 96.12(A)(7),Public,,,,,
24 09004041,ACTIVE,76,pompanoViolations_20240124-30p.json,,SPECIFIC VIOL; DISTUB LANDSCAP,215 SW 1 CT,01/04/2024,14.0,COURTESY NOTICE LETTER (CC),RE INSPECTION,,240104.0,01/11/2024,Pompano Beach,24 09004041,SPECIFIC VIOL; DISTUB LANDSCAP,215 SW 1 CT,ACTIVE,01/04/2024,14.0,COURTESY NOTICE LETTER (CC),RE INSPECTION,240104.0,01/11/2024,,legacy,CO 155.8202(F),Public,,,,,
24 09004041,ACTIVE,84,pompanoViolations_20240124-30p.json,,PARKING AREAS; MARKINGS,215 SW 1 CT,01/04/2024,14.0,COURTESY NOTICE LETTER (CC),RE INSPECTION,,240104.0,01/11/2024,Pompano Beach,24 09004041,PARKING AREAS; MARKINGS,215 SW 1 CT,ACTIVE,01/04/2024,14.0,COURTESY NOTICE LETTER (CC),RE INSPECTION,240104.0,01/11/2024,,legacy,CO 155.5102(C)(1)(c),Public,,,,,
24 09004041,ACTIVE,84,pompanoViolations_20240124-30p.json,,OFF-STREET PARKING; SURFACING,215 SW 1 CT,01/04/2024,14.0,COURTESY NOTICE LETTER (CC),RE INSPECTION,,240104.0,01/11/2024,Pompano Beach,24 09004041,OFF-STREET PARKING; SURFACING,215 SW 1 CT,ACTIVE,01/04/2024,14.0,COURTESY NOTICE LETTER (CC),RE INSPECTION,240104.0,01/11/2024,,legacy,CO 155.5102(C)(2)(a),Public,,,,,
24 09004041,ACTIVE,84,pompanoViolations_20240124-30p.json,,ABANDONED VEHICLES,215 SW 1 CT,01/04/2024,14.0,COURTESY NOTICE LETTER (CC),RE INSPECTION,,240104.0,01/11/2024,Pompano Beach,24 09004041,ABANDONED VEHICLES,215 SW 1 CT,ACTIVE,01/04/2024,14.0,COURTESY NOTICE LETTER (CC),RE INSPECTION,240104.0,01/11/2024,,legacy,CO 96.40(A-B),Public,,,,,
24 09004041,ACTIVE,84,pompanoViolations_20240124-30p.json,,BTR; RENTAL HOUSING,215 SW 1 CT,01/04/2024,14.0,COURTESY NOTICE LETTER (CC),RE INSPECTION,,240104.0,01/11/2024,Pompano Beach,24 09004041,BTR; RENTAL HOUSING,215 SW 1 CT,ACTIVE,01/04/2024,14.0,COURTESY NOTICE LETTER (CC),RE INSPECTION,240104.0,01/11/2024,,legacy,CO 113.41(A),Public,,,,,
23 09003817,ACTIVE,84,pompanoViolations_20240124-30p.json,,BTR; RENTAL HOUSING,216 SW 1 CT,12/13/2023,36.0,COURTESY NOTICE LETTER (CC),RE INSPECTION,,231213.0,12/20/2023,Pompano Beach,23 09003817,BTR; RENTAL HOUSING,216 SW 1 CT,ACTIVE,12/13/2023,36.0,COURTESY NOTICE LETTER (CC),RE INSPECTION,231213.0,12/20/2023,,legacy,CO 113.41(A),Public,,,,,
24 09004043,ACTIVE,84,pompanoViolations_20240124-30p.json,,PARKING AREAS; MARKINGS,217 SW 1 CT,01/04/2024,14.0,COURTESY NOTICE LETTER (CC),RE INSPECTION,,240104.0,01/11/2024,Pompano Beach,24 09004043,PARKING AREAS; MARKINGS,217 SW 1 CT,ACTIVE,01/04/2024,14.0,COURTESY NOTICE LETTER (CC),RE INSPECTION,240104.0,01/11/2024,,legacy,CO 155.5102(C)(1)(c),Public,,,,,
24 09004043,ACTIVE,84,pompanoViolations_20240124-30p.json,,SPECIFIC VIOL; DISTUB LANDSCAP,217 SW 1 CT,01/04/2024,14.0,COURTESY NOTICE LETTER (CC),RE INSPECTION,,240104.0,01/11/2024,Pompano Beach,24 09004043,SPECIFIC VIOL; DISTUB LANDSCAP,217 SW 1 CT,ACTIVE,01/04/2024,14.0,COURTESY NOTICE LETTER (CC),RE INSPECTION,240104.0,01/11/2024,,legacy,CO 155.8202(F),Public,,,,,
24 09004043,ACTIVE,84,pompanoViolations_20240124-30p.json,,GARBAGE; RES. SCHEDULE,217 SW 1 CT,01/04/2024,14.0,COURTESY NOTICE LETTER (CC),RE INSPECTION,,240104.0,01/11/2024,Pompano Beach,24 09004043,GARBAGE; RES. SCHEDULE,217 SW 1 CT,ACTIVE,01/04/2024,14.0,COURTESY NOTICE LETTER (CC),RE INSPECTION,240104.0,01/11/2024,,legacy,CO 96.12(A)(7),Public,,,,,
24 09004043,ACTIVE,84,pompanoViolations_20240124-30p.json,,BULK TRASH; VOLUME LIMIT,217 SW 1 CT,01/04/2024,14.0,COURTESY NOTICE LETTER (CC),RE INSPECTION,,240104.0,01/11/2024,Pompano Beach,24 09004043,BULK TRASH; VOLUME LIMIT,217 SW 1 CT,ACTIVE,01/04/2024,14.0,COURTESY NOTICE LETTER (CC),RE INSPECTION,240104.0,01/11/2024,,legacy,CO 96.12(A)(6)(a)(5),Public,,,,,
24 09004043,ACTIVE,84,pompanoViolations_20240124-30p.json,,NUISANCE; STATE OF REPAIR,217 SW 1 CT,01/04/2024,14.0,COURTESY NOTICE LETTER (CC),RE INSPECTION,,240104.0,01/11/2024,Pompano Beach,24 09004043,NUISANCE; STATE OF REPAIR,217 SW 1 CT,ACTIVE,01/04/2024,14.0,COURTESY NOTICE LETTER (CC),RE INSPECTION,240104.0,01/11/2024,,legacy,CO 96.26(D)(4),Public,,,,,
23 09003818,ACTIVE,84,pompanoViolations_20240124-30p.json,,BTR; RENTAL HOUSING,218 SW 1 CT,12/13/2023,36.0,COURTESY NOTICE LETTER (CC),AFFIDAVIT OF ALLEGED VIOLATION,,231213.0,01/13/2024,Pompano Beach,23 09003818,BTR; RENTAL HOUSING,218 SW 1 CT,ACTIVE,12/13/2023,36.0,COURTESY NOTICE LETTER (CC),AFFIDAVIT OF ALLEGED VIOLATION,231213.0,01/13/2024,,legacy,CO 113.41(A),Public,,,,,
23 09003818,ACTIVE,84,pompanoViolations_20240124-30p.json,,SPECIFIC VIOL; OCCUPY STUCTURE,218 SW 1 CT,12/13/2023,36.0,COURTESY NOTICE LETTER (CC),AFFIDAVIT OF ALLEGED VIOLATION,,231213.0,01/13/2024,Pompano Beach,23 09003818,SPECIFIC VIOL; OCCUPY STUCTURE,218 SW 1 CT,ACTIVE,12/13/2023,36.0,COURTESY NOTICE LETTER (CC),AFFIDAVIT OF ALLEGED VIOLATION,231213.0,01/13/2024,,legacy,CO 155.8202(B),Public,,,,,
23 09003818,ACTIVE,92,pompanoViolations_20240124-30p.json,,NUISANCE; STATE OF REPAIR,218 SW 1 CT,12/13/2023,36.0,COURTESY NOTICE LETTER (CC),AFFIDAVIT OF ALLEGED VIOLATION,,231213.0,01/13/2024,Pompano Beach,23 09003818,NUISANCE; STATE OF REPAIR,218 SW 1 CT,ACTIVE,12/13/2023,36.0,COURTESY NOTICE LETTER (CC),AFFIDAVIT OF ALLEGED VIOLATION,231213.0,01/13/2024,,legacy,CO 96.26(D)(4),Public,,,,,
23 09003818,ACTIVE,92,pompanoViolations_20240124-30p.json,,BTR; RENTAL HOUSING INSPECTION,218 SW 1 CT,12/13/2023,36.0,COURTESY NOTICE LETTER (CC),AFFIDAVIT OF ALLEGED VIOLATION,,231213.0,01/13/2024,Pompano Beach,23 09003818,BTR; RENTAL HOUSING INSPECTION,218 SW 1 CT,ACTIVE,12/13/2023,36.0,COURTESY NOTICE LETTER (CC),AFFIDAVIT OF ALLEGED VIOLATION,231213.0,01/13/2024,,legacy,CO 113.41(C)(1),Public,,,,,
23 09003826,ACTIVE,92,pompanoViolations_20240124-30p.json,,SPECIFIC VIOL; OCCUPY STUCTURE,222 SW 1 CT,12/13/2023,36.0,COURTESY NOTICE LETTER (CC),RE INSPECTION,,231213.0,12/20/2023,Pompano Beach,23 09003826,SPECIFIC VIOL; OCCUPY STUCTURE,222 SW 1 CT,ACTIVE,12/13/2023,36.0,COURTESY NOTICE LETTER (CC),RE INSPECTION,231213.0,12/20/2023,,legacy,CO 155.8202(B),Public,,,,,
23 09003826,ACTIVE,92,pompanoViolations_20240124-30p.json,,NUISANCE; PROTECTIVE COATING,222 SW 1 CT,12/13/2023,36.0,COURTESY NOTICE LETTER (CC),RE INSPECTION,,231213.0,12/20/2023,Pompano Beach,23 09003826,NUISANCE; PROTECTIVE COATING,222 SW 1 CT,ACTIVE,12/13/2023,36.0,COURTESY NOTICE LETTER (CC),RE INSPECTION,231213.0,12/20/2023,,legacy,CO 96.26(D)(1),Public,,,,,
23 09003826,ACTIVE,92,pompanoViolations_20240124-30p.json,,BTR; RENTAL HOUSING,222 SW 1 CT,12/13/2023,36.0,COURTESY NOTICE LETTER (CC),RE INSPECTION,,231213.0,12/20/2023,Pompano Beach,23 09003826,BTR; RENTAL HOUSING,222 SW 1 CT,ACTIVE,12/13/2023,36.0,COURTESY NOTICE LETTER (CC),RE INSPECTION,231213.0,12/20/2023,,legacy,CO 113.41(A),Public,,,,,
23 09003826,ACTIVE,92,pompanoViolations_20240124-30p.json,,BTR; RENTAL HOUSING INSPECTION,222 SW 1 CT,12/13/2023,36.0,COURTESY NOTICE LETTER (CC),RE INSPECTION,,231213.0,12/20/2023,Pompano Beach,23 09003826,BTR; RENTAL HOUSING INSPECTION,222 SW 1 CT,ACTIVE,12/13/2023,36.0,COURTESY NOTICE LETTER (CC),RE INSPECTION,231213.0,12/20/2023,,legacy,CO 113.41(C)(1),Public,,,,,
23 09003826,ACTIVE,92,pompanoViolations_20240124-30p.json,,NUISANCE; STATE OF REPAIR,222 SW 1 CT,12/13/2023,36.0,COURTESY NOTICE LETTER (CC),RE INSPECTION,,231213.0,12/20/2023,Pompano Beach,23 09003826,NUISANCE; STATE OF REPAIR,222 SW 1 CT,ACTIVE,12/13/2023,36.0,COURTESY NOTICE LETTER (CC),RE INSPECTION,231213.0,12/20/2023,,legacy,CO 96.26(D)(4),Public,,,,,
23 09003826,ACTIVE,92,pompanoViolations_20240124-30p.json,,SPECIFIC VIOL; DISTUB LANDSCAP,222 SW 1 CT,12/13/2023,36.0,COURTESY NOTICE LETTER (CC),RE INSPECTION,,231213.0,12/20/2023,Pompano Beach,23 09003826,SPECIFIC VIOL; DISTUB LANDSCAP,222 SW 1 CT,ACTIVE,12/13/2023,36.0,COURTESY NOTICE LETTER (CC),RE INSPECTION,231213.0,12/20/2023,,legacy,CO 155.8202(F),Public,,,,,
23 09003826,ACTIVE,92,pompanoViolations_20240124-30p.json,,PARKING AREAS; MARKINGS,222 SW 1 CT,12/13/2023,36.0,COURTESY NOTICE LETTER (CC),RE INSPECTION,,231213.0,12/20/2023,Pompano Beach,23 09003826,PARKING AREAS; MARKINGS,222 SW 1 CT,ACTIVE,12/13/2023,36.0,COURTESY NOTICE LETTER (CC),RE INSPECTION,231213.0,12/20/2023,,legacy,CO 155.5102(C)(1)(c),Public,,,,,
23 09003555,ACTIVE,92,pompanoViolations_20240124-30p.json,,RENTAL; EXTERIOR ELECTRICAL,233 SW 1 CT,11/15/2023,64.0,REPRINT VIOLATIONS,RE INSPECTION,,240117.0,12/15/2023,Pompano Beach,23 09003555,RENTAL; EXTERIOR ELECTRICAL,233 SW 1 CT,ACTIVE,11/15/2023,64.0,REPRINT VIOLATIONS,RE INSPECTION,240117.0,12/15/2023,,legacy,CO 153.25(H),Public,,,,,
23 09003555,ACTIVE,92,pompanoViolations_20240124-30p.json,,RENTAL; ELEC MAINTAINED,233 SW 1 CT,11/15/2023,64.0,REPRINT VIOLATIONS,RE INSPECTION,,240117.0,12/15/2023,Pompano Beach,23 09003555,RENTAL; ELEC MAINTAINED,233 SW 1 CT,ACTIVE,11/15/2023,64.0,REPRINT VIOLATIONS,RE INSPECTION,240117.0,12/15/2023,,legacy,CO 153.23(B)(1),Public,,,,,
24 09004130,ACTIVE,92,pompanoViolations_20240124-30p.json,,SPECIFIC VIOL; DISTUB LANDSCAP,301 SW 1 CT,01/18/2024,0.0,COURTESY NOTICE LETTER (CC),RE INSPECTION,,240118.0,01/25/2024,Pompano Beach,24 09004130,SPECIFIC VIOL; DISTUB LANDSCAP,301 SW 1 CT,ACTIVE,01/18/2024,0.0,COURTESY NOTICE LETTER (CC),RE INSPECTION,240118.0,01/25/2024,,legacy,CO 155.8202(F),Public,,,,,
24 09004130,ACTIVE,92,pompanoViolations_20240124-30p.json,,GARBAGE; RES. SCHEDULE,301 SW 1 CT,01/18/2024,0.0,COURTESY NOTICE LETTER,RE INSPECTION,,240118.0,01/25/2024,Pompano Beach,24 09004130,GARBAGE; RES. SCHEDULE,301 SW 1 CT,ACTIVE,01/18/2024,0.0,COURTESY NOTICE LETTER,RE INSPECTION,240118.0,01/25/2024,,legacy,CO 96.12(A)(7),Public,,,,,
,,100,pompanoViolations_20240124-30p.json,,,,,,(CC),,,,,Pompano Beach,,,,,,,(CC),,,,,legacy,,,,,,,
24 09004130,ACTIVE,100,pompanoViolations_20240124-30p.json,,NUISANCE; GARBAGE ACCUMULATION,301 SW 1 CT,01/18/2024,0.0,COURTESY NOTICE LETTER (CC),RE INSPECTION,,240118.0,01/25/2024,Pompano Beach,24 09004130,NUISANCE; GARBAGE ACCUMULATION,301 SW 1 CT,ACTIVE,01/18/2024,0.0,COURTESY NOTICE LETTER (CC),RE INSPECTION,240118.0,01/25/2024,,legacy,CO 96.26(C)(1),Public,,,,,
24 09004130,ACTIVE,100,pompanoViolations_20240124-30p.json,,ABANDONED VEHICLES,301 SW 1 CT,01/18/2024,0.0,COURTESY NOTICE LETTER (CC),RE INSPECTION,,240118.0,01/25/2024,Pompano Beach,24 09004130,ABANDONED VEHICLES,301 SW 1 CT,ACTIVE,01/18/2024,0.0,COURTESY NOTICE LETTER (CC),RE INSPECTION,240118.0,01/25/2024,,legacy,CO 96.40(A-B),Public,,,,,
24 09004130,ACTIVE,100,pompanoViolations_20240124-30p.json,,SPECIFIC VIOL; OCCUPY STUCTURE,301 SW 1 CT,01/18/2024,0.0,COURTESY NOTICE LETTER (CC),RE INSPECTION,,240118.0,01/25/2024,Pompano Beach,24 09004130,SPECIFIC VIOL; OCCUPY STUCTURE,301 SW 1 CT,ACTIVE,01/18/2024,0.0,COURTESY NOTICE LETTER (CC),RE INSPECTION,240118.0,01/25/2024,,legacy,CO 155.8202(B),Public,,,,,
24 09004130,ACTIVE,100,pompanoViolations_20240124-30p.json,,BOARDED BUILDING; PERMIT REQ,301 SW 1 CT,01/18/2024,0.0,COURTESY NOTICE LETTER (CC),RE INSPECTION,,240118.0,01/25/2024,Pompano Beach,24 09004130,BOARDED BUILDING; PERMIT REQ,301 SW 1 CT,ACTIVE,01/18/2024,0.0,COURTESY NOTICE LETTER (CC),RE INSPECTION,240118.0,01/25/2024,,legacy,CO 96.55(A-B),Public,,,,,
24 09004130,ACTIVE,100,pompanoViolations_20240124-30p.json,,PARKING AREAS; MARKINGS,301 SW 1 CT,01/18/2024,0.0,COURTESY NOTICE LETTER (CC),RE INSPECTION,,240118.0,01/25/2024,Pompano Beach,24 09004130,PARKING AREAS; MARKINGS,301 SW 1 CT,ACTIVE,01/18/2024,0.0,COURTESY NOTICE LETTER (CC),RE INSPECTION,240118.0,01/25/2024,,legacy,CO 155.5102(C)(1)(c),Public,,,,,
23 09003737,ACTIVE,100,pompanoViolations_20240124-30p.json,,RENTAL; BUILDING REPAIRS,324 SW 1 CT,12/07/2023,42.0,COURTESY NOTICE LETTER (CC),RE INSPECTION,,231207.0,01/12/2024,Pompano Beach,23 09003737,RENTAL; BUILDING REPAIRS,324 SW 1 CT,ACTIVE,12/07/2023,42.0,COURTESY NOTICE LETTER (CC),RE INSPECTION,231207.0,01/12/2024,,legacy,CO 153.21(A),Public,,,,,
23 09003737,ACTIVE,100,pompanoViolations_20240124-30p.json,,RENTAL; ELEC MAINTAINED,324 SW 1 CT,12/07/2023,42.0,COURTESY NOTICE LETTER (CC),RE INSPECTION,,231207.0,01/12/2024,Pompano Beach,23 09003737,RENTAL; ELEC MAINTAINED,324 SW 1 CT,ACTIVE,12/07/2023,42.0,COURTESY NOTICE LETTER (CC),RE INSPECTION,231207.0,01/12/2024,,legacy,CO 153.23(B)(1),Public,,,,,
23 09003737,ACTIVE,100,pompanoViolations_20240124-30p.json,,NUISANCE; GARBAGE ACCUMULATION,324 SW 1 CT,12/07/2023,42.0,COURTESY NOTICE LETTER (CC),RE INSPECTION,,231207.0,01/12/2024,Pompano Beach,23 09003737,NUISANCE; GARBAGE ACCUMULATION,324 SW 1 CT,ACTIVE,12/07/2023,42.0,COURTESY NOTICE LETTER (CC),RE INSPECTION,231207.0,01/12/2024,,legacy,CO 96.26(C)(1),Public,,,,,
23 09003737,ACTIVE,100,pompanoViolations_20240124-30p.json,,"""City Ordinance"" 152.01 (B)",324 SW 1 CT,12/07/2023,42.0,COURTESY NOTICE LETTER (CC),RE INSPECTION,,231207.0,01/12/2024,Pompano Beach,23 09003737,"""City Ordinance"" 152.01 (B)",324 SW 1 CT,ACTIVE,12/07/2023,42.0,COURTESY NOTICE LETTER (CC),RE INSPECTION,231207.0,01/12/2024,,legacy,C.O. 152.01 ORD.ADOPTION,Public,,,,,
23 09003737,ACTIVE,100,pompanoViolations_20240124-30p.json,,RENTAL; EXTERIOR ELECTRICAL,324 SW 1 CT,12/07/2023,42.0,COURTESY NOTICE LETTER (CC),RE INSPECTION,,231207.0,01/12/2024,Pompano Beach,23 09003737,RENTAL; EXTERIOR ELECTRICAL,324 SW 1 CT,ACTIVE,12/07/2023,42.0,COURTESY NOTICE LETTER (CC),RE INSPECTION,231207.0,01/12/2024,,legacy,CO 153.25(H),Public,,,,,
24 09004092,ACTIVE,100,pompanoViolations_20240124-30p.json,,"""City Ordinance"" 152.01 (B)",416 SW 1 CT,01/16/2024,2.0,COURTESY NOTICE LETTER (CC),RE INSPECTION,,240116.0,02/16/2024,Pompano Beach,24 09004092,"""City Ordinance"" 152.01 (B)",416 SW 1 CT,ACTIVE,01/16/2024,2.0,COURTESY NOTICE LETTER (CC),RE INSPECTION,240116.0,02/16/2024,,legacy,C.O. 152.01 ORD.ADOPTION,Public,,,,,
24 09004092,ACTIVE,100,pompanoViolations_20240124-30p.json,,RENTAL; CEILINGS CONDITION,416 SW 1 CT,01/16/2024,2.0,COURTESY NOTICE LETTER,RE INSPECTION,,240116.0,02/16/2024,Pompano Beach,24 09004092,RENTAL; CEILINGS CONDITION,416 SW 1 CT,ACTIVE,01/16/2024,2.0,COURTESY NOTICE LETTER,RE INSPECTION,240116.0,02/16/2024,,legacy,CO 153.23(E)(7)(a),Public,,,,,
,,108,pompanoViolations_20240124-30p.json,,,,,,(CC),,,,,Pompano Beach,,,,,,,(CC),,,,,legacy,,,,,,,
24 09004092,ACTIVE,108,pompanoViolations_20240124-30p.json,,RENTAL; EXTERIOR ELECTRICAL,416 SW 1 CT,01/16/2024,2.0,COURTESY NOTICE LETTER (CC),RE INSPECTION,,240116.0,02/16/2024,Pompano Beach,24 09004092,RENTAL; EXTERIOR ELECTRICAL,416 SW 1 CT,ACTIVE,01/16/2024,2.0,COURTESY NOTICE LETTER (CC),RE INSPECTION,240116.0,02/16/2024,,legacy,CO 153.25(H),Public,,,,,
24 09004092,ACTIVE,108,pompanoViolations_20240124-30p.json,,RENTAL; ELEC MAINTAINED,416 SW 1 CT,01/16/2024,2.0,COURTESY NOTICE LETTER (CC),RE INSPECTION,,240116.0,02/16/2024,Pompano Beach,24 09004092,RENTAL; ELEC MAINTAINED,416 SW 1 CT,ACTIVE,01/16/2024,2.0,COURTESY NOTICE LETTER (CC),RE INSPECTION,240116.0,02/16/2024,,legacy,CO 153.23(B)(1),Public,,,,,
23 09003831,ACTIVE,108,pompanoViolations_20240124-30p.json,,BTR; RENTAL HOUSING INSPECTION,432 SW 1 CT,12/13/2023,36.0,COURTESY NOTICE LETTER (CC),RE INSPECTION,,231219.0,01/19/2024,Pompano Beach,23 09003831,BTR; RENTAL HOUSING INSPECTION,432 SW 1 CT,ACTIVE,12/13/2023,36.0,COURTESY NOTICE LETTER (CC),RE INSPECTION,231219.0,01/19/2024,,legacy,CO 113.41(C)(1),Public,,,,,
23 09003831,ACTIVE,108,pompanoViolations_20240124-30p.json,,RENTAL; ELEC MAINTAINED,432 SW 1 CT,12/13/2023,36.0,COURTESY NOTICE LETTER (CC),RE INSPECTION,,231219.0,01/19/2024,Pompano Beach,23 09003831,RENTAL; ELEC MAINTAINED,432 SW 1 CT,ACTIVE,12/13/2023,36.0,COURTESY NOTICE LETTER (CC),RE INSPECTION,231219.0,01/19/2024,,legacy,CO 153.23(B)(1),Public,,,,,
23 09003831,ACTIVE,108,pompanoViolations_20240124-30p.json,,RENTAL; SMOKE DETECTORS,432 SW 1 CT,12/13/2023,36.0,COURTESY NOTICE LETTER (CC),RE INSPECTION,,231219.0,01/19/2024,Pompano Beach,23 09003831,RENTAL; SMOKE DETECTORS,432 SW 1 CT,ACTIVE,12/13/2023,36.0,COURTESY NOTICE LETTER (CC),RE INSPECTION,231219.0,01/19/2024,,legacy,CO 153.33(D),Public,,,,,
23 09003831,ACTIVE,108,pompanoViolations_20240124-30p.json,,RENTAL; EXTERIOR ELECTRICAL,432 SW 1 CT,12/13/2023,36.0,COURTESY NOTICE LETTER (CC),RE INSPECTION,,231219.0,01/19/2024,Pompano Beach,23 09003831,RENTAL; EXTERIOR ELECTRICAL,432 SW 1 CT,ACTIVE,12/13/2023,36.0,COURTESY NOTICE LETTER (CC),RE INSPECTION,231219.0,01/19/2024,,legacy,CO 153.25(H),Public,,,,,
23 09003834,ACTIVE,108,pompanoViolations_20240124-30p.json,,RENTAL; DOORS CONDITION,436 SW 1 CT,12/12/2023,37.0,COURTESY NOTICE LETTER (CC),RE INSPECTION,,231214.0,01/14/2024,Pompano Beach,23 09003834,RENTAL; DOORS CONDITION,436 SW 1 CT,ACTIVE,12/12/2023,37.0,COURTESY NOTICE LETTER (CC),RE INSPECTION,231214.0,01/14/2024,,legacy,CO 153.23(E)(8)(a),Public,,,,,
23 09003834,ACTIVE,108,pompanoViolations_20240124-30p.json,,BTR; RENTAL HOUSING INSPECTION,436 SW 1 CT,12/12/2023,37.0,COURTESY NOTICE LETTER (CC),RE INSPECTION,,231214.0,01/14/2024,Pompano Beach,23 09003834,BTR; RENTAL HOUSING INSPECTION,436 SW 1 CT,ACTIVE,12/12/2023,37.0,COURTESY NOTICE LETTER (CC),RE INSPECTION,231214.0,01/14/2024,,legacy,CO 113.41(C)(1),Public,,,,,
23 09003834,ACTIVE,108,pompanoViolations_20240124-30p.json,,RENTAL; SMOKE DETECTORS,436 SW 1 CT,12/12/2023,37.0,COURTESY NOTICE LETTER (CC),RE INSPECTION,,231214.0,01/14/2024,Pompano Beach,23 09003834,RENTAL; SMOKE DETECTORS,436 SW 1 CT,ACTIVE,12/12/2023,37.0,COURTESY NOTICE LETTER (CC),RE INSPECTION,231214.0,01/14/2024,,legacy,CO 153.33(D),Public,,,,,
23 09003834,ACTIVE,108,pompanoViolations_20240124-30p.json,,RENTAL; ELEC MAINTAINED,436 SW 1 CT,12/12/2023,37.0,COURTESY NOTICE LETTER (CC),RE INSPECTION,,231214.0,01/14/2024,Pompano Beach,23 09003834,RENTAL; ELEC MAINTAINED,436 SW 1 CT,ACTIVE,12/12/2023,37.0,COURTESY NOTICE LETTER (CC),RE INSPECTION,231214.0,01/14/2024,,legacy,CO 153.23(B)(1),Public,,,,,
23 09003834,ACTIVE,108,pompanoViolations_20240124-30p.json,,RENTAL; BUILDING REPAIRS,436 SW 1 CT,12/12/2023,37.0,COURTESY NOTICE LETTER (CC),RE INSPECTION,,231214.0,01/14/2024,Pompano Beach,23 09003834,RENTAL; BUILDING REPAIRS,436 SW 1 CT,ACTIVE,12/12/2023,37.0,COURTESY NOTICE LETTER (CC),RE INSPECTION,231214.0,01/14/2024,,legacy,CO 153.21(A),Public,,,,,
23 09003834,ACTIVE,108,pompanoViolations_20240124-30p.json,,RENTAL; EXTERIOR ELECTRICAL,436 SW 1 CT,12/12/2023,37.0,COURTESY NOTICE LETTER,RE INSPECTION,,231214.0,01/14/2024,Pompano Beach,23 09003834,RENTAL; EXTERIOR ELECTRICAL,436 SW 1 CT,ACTIVE,12/12/2023,37.0,COURTESY NOTICE LETTER,RE INSPECTION,231214.0,01/14/2024,,legacy,CO 153.25(H),Public,,,,,
,,116,pompanoViolations_20240124-30p.json,,,,,,(CC),,,,,Pompano Beach,,,,,,,(CC),,,,,legacy,,,,,,,
23 09003833,ACTIVE,116,pompanoViolations_20240124-30p.json,,BTR; RENTAL HOUSING INSPECTION,440 SW 1 CT,12/13/2023,36.0,COURTESY NOTICE LETTER (CC),RE INSPECTION,,231219.0,12/26/2023,Pompano Beach,23 09003833,BTR; RENTAL HOUSING INSPECTION,440 SW 1 CT,ACTIVE,12/13/2023,36.0,COURTESY NOTICE LETTER (CC),RE INSPECTION,231219.0,12/26/2023,,legacy,CO 113.41(C)(1),Public,,,,,
23 09003833,ACTIVE,116,pompanoViolations_20240124-30p.json,,RENTAL; ELEC MAINTAINED,440 SW 1 CT,12/13/2023,36.0,COURTESY NOTICE LETTER (CC),RE INSPECTION,,231219.0,12/26/2023,Pompano Beach,23 09003833,RENTAL; ELEC MAINTAINED,440 SW 1 CT,ACTIVE,12/13/2023,36.0,COURTESY NOTICE LETTER (CC),RE INSPECTION,231219.0,12/26/2023,,legacy,CO 153.23(B)(1),Public,,,,,
23 09003654,ACTIVE,116,pompanoViolations_20240124-30p.json,,LANDSCAPING; TREE REMOVAL,475 NE 1 ST,12/01/2023,48.0,AFFIDAVIT OF SERVICE (CC),COMPLIANCE DEADLINE INSP.,,231222.0,02/02/2024,Pompano Beach,23 09003654,LANDSCAPING; TREE REMOVAL,475 NE 1 ST,ACTIVE,12/01/2023,48.0,AFFIDAVIT OF SERVICE (CC),COMPLIANCE DEADLINE INSP.,231222.0,02/02/2024,,legacy,CO 155.5203(B)(6)(c),Public,,,,,
23 09003782,ACTIVE,116,pompanoViolations_20240124-30p.json,,GARBAGE; MULTI-FAM ROLL CARTS,900 SE 1 ST,12/05/2023,44.0,,COURTESY NOTICE LETTER (CC),,,12/05/2023,Pompano Beach,23 09003782,GARBAGE; MULTI-FAM ROLL CARTS,900 SE 1 ST,ACTIVE,12/05/2023,44.0,,COURTESY NOTICE LETTER (CC),,12/05/2023,,legacy,CO 96.12(B)(5),Public,,,,,
23 09003903,ACTIVE,116,pompanoViolations_20240124-30p.json,,NUISANCE; DENSE TREES / GROWTH,1650 NW 1 TE,12/19/2023,30.0,COURTESY NOTICE LETTER (CC),RE INSPECTION,,231219.0,01/19/2024,Pompano Beach,23 09003903,NUISANCE; DENSE TREES / GROWTH,1650 NW 1 TE,ACTIVE,12/19/2023,30.0,COURTESY NOTICE LETTER (CC),RE INSPECTION,231219.0,01/19/2024,,legacy,CO 96.26(C)(4),Public,,,,,
23 09003903,ACTIVE,116,pompanoViolations_20240124-30p.json,,NUISANCE; GRASS OR WEEDS,1650 NW 1 TE,12/19/2023,30.0,COURTESY NOTICE LETTER (CC),RE INSPECTION,,231219.0,01/19/2024,Pompano Beach,23 09003903,NUISANCE; GRASS OR WEEDS,1650 NW 1 TE,ACTIVE,12/19/2023,30.0,COURTESY NOTICE LETTER (CC),RE INSPECTION,231219.0,01/19/2024,,legacy,CO 96.26(C)(3),Public,,,,,
23 09003903,ACTIVE,116,pompanoViolations_20240124-30p.json,,NUISANCE; SIDEWALK OVERGROWTH,1650 NW 1 TE,12/19/2023,30.0,COURTESY NOTICE LETTER (CC),RE INSPECTION,,231219.0,01/19/2024,Pompano Beach,23 09003903,NUISANCE; SIDEWALK OVERGROWTH,1650 NW 1 TE,ACTIVE,12/19/2023,30.0,COURTESY NOTICE LETTER (CC),RE INSPECTION,231219.0,01/19/2024,,legacy,CO 96.26(C)(7),Public,,,,,
23 09003903,ACTIVE,116,pompanoViolations_20240124-30p.json,,STREET ADDRESS NUMBERS,1650 NW 1 TE,12/19/2023,30.0,COURTESY NOTICE LETTER (CC),RE INSPECTION,,231219.0,01/19/2024,Pompano Beach,23 09003903,STREET ADDRESS NUMBERS,1650 NW 1 TE,ACTIVE,12/19/2023,30.0,COURTESY NOTICE LETTER (CC),RE INSPECTION,231219.0,01/19/2024,,legacy,CO 100.06(A),Public,,,,,
23 09003903,ACTIVE,116,pompanoViolations_20240124-30p.json,,SPECIFIC VIOL; DISTUB LANDSCAP,1650 NW 1 TE,12/19/2023,30.0,COURTESY NOTICE LETTER (CC),RE INSPECTION,,231219.0,01/19/2024,Pompano Beach,23 09003903,SPECIFIC VIOL; DISTUB LANDSCAP,1650 NW 1 TE,ACTIVE,12/19/2023,30.0,COURTESY NOTICE LETTER (CC),RE INSPECTION,231219.0,01/19/2024,,legacy,CO 155.8202(F),Public,,,,,
23 09003903,ACTIVE,116,pompanoViolations_20240124-30p.json,,SPECIFIC VIOL; OCCUPY STUCTURE,1650 NW 1 TE,12/19/2023,30.0,COURTESY NOTICE LETTER (CC),RE INSPECTION,,231219.0,01/19/2024,Pompano Beach,23 09003903,SPECIFIC VIOL; OCCUPY STUCTURE,1650 NW 1 TE,ACTIVE,12/19/2023,30.0,COURTESY NOTICE LETTER (CC),RE INSPECTION,231219.0,01/19/2024,,legacy,CO 155.8202(B),Public,,,,,
23 09003903,ACTIVE,116,pompanoViolations_20240124-30p.json,,PARKING; SURFACE STANDARDS,1650 NW 1 TE,12/19/2023,30.0,COURTESY NOTICE LETTER (CC),RE INSPECTION,,231219.0,01/19/2024,Pompano Beach,23 09003903,PARKING; SURFACE STANDARDS,1650 NW 1 TE,ACTIVE,12/19/2023,30.0,COURTESY NOTICE LETTER (CC),RE INSPECTION,231219.0,01/19/2024,,legacy,CO 155.4303(X)(4) (e),Public,,,,,
23 09003901,ACTIVE,116,pompanoViolations_20240124-30p.json,,GARBAGE; RES. SCHEDULE,1661 NW 1 TE,12/19/2023,30.0,COURTESY NOTICE LETTER (CC),RE INSPECTION,,231219.0,01/19/2024,Pompano Beach,23 09003901,GARBAGE; RES. SCHEDULE,1661 NW 1 TE,ACTIVE,12/19/2023,30.0,COURTESY NOTICE LETTER (CC),RE INSPECTION,231219.0,01/19/2024,,legacy,CO 96.12(A)(7),Public,,,,,
23 09003901,ACTIVE,124,pompanoViolations_20240124-30p.json,,PARKING; SURFACE STANDARDS,1661 NW 1 TE,12/19/2023,30.0,COURTESY NOTICE LETTER (CC),RE INSPECTION,,231219.0,01/19/2024,Pompano Beach,23 09003901,PARKING; SURFACE STANDARDS,1661 NW 1 TE,ACTIVE,12/19/2023,30.0,COURTESY NOTICE LETTER (CC),RE INSPECTION,231219.0,01/19/2024,,legacy,CO 155.4303(X)(4)(e),Public,,,,,
23 09003901,ACTIVE,124,pompanoViolations_20240124-30p.json,,FBC; VIOLATION,1661 NW 1 TE,12/19/2023,30.0,COURTESY NOTICE LETTER (CC),RE INSPECTION,,231219.0,01/19/2024,Pompano Beach,23 09003901,FBC; VIOLATION,1661 NW 1 TE,ACTIVE,12/19/2023,30.0,COURTESY NOTICE LETTER (CC),RE INSPECTION,231219.0,01/19/2024,,legacy,CO 152.01(B),Public,,,,,
23 09003902,ACTIVE,124,pompanoViolations_20240124-30p.json,,ROLL CARTS; PLACEMENT,1690 NW 1 TE,12/19/2023,30.0,COURTESY NOTICE LETTER (CC),RE INSPECTION,,231219.0,01/19/2024,Pompano Beach,23 09003902,ROLL CARTS; PLACEMENT,1690 NW 1 TE,ACTIVE,12/19/2023,30.0,COURTESY NOTICE LETTER (CC),RE INSPECTION,231219.0,01/19/2024,,legacy,CO 96.12(A)(5),Public,,,,,
23 09003902,ACTIVE,124,pompanoViolations_20240124-30p.json,,BTR; RENTAL HOUSING,1690 NW 1 TE,12/19/2023,30.0,COURTESY NOTICE LETTER (CC),RE INSPECTION,,231219.0,01/19/2024,Pompano Beach,23 09003902,BTR; RENTAL HOUSING,1690 NW 1 TE,ACTIVE,12/19/2023,30.0,COURTESY NOTICE LETTER (CC),RE INSPECTION,231219.0,01/19/2024,,legacy,CO 113.41(A),Public,,,,,
23 09003902,ACTIVE,124,pompanoViolations_20240124-30p.json,,BTR; RENTAL HOUSING INSPECTION,1690 NW 1 TE,12/19/2023,30.0,COURTESY NOTICE LETTER (CC),RE INSPECTION,,231219.0,01/19/2024,Pompano Beach,23 09003902,BTR; RENTAL HOUSING INSPECTION,1690 NW 1 TE,ACTIVE,12/19/2023,30.0,COURTESY NOTICE LETTER (CC),RE INSPECTION,231219.0,01/19/2024,,legacy,CO 113.41(C)(1),Public,,,,,
23 09003902,ACTIVE,124,pompanoViolations_20240124-30p.json,,NUISANCE; STATE OF REPAIR,1690 NW 1 TE,12/19/2023,30.0,COURTESY NOTICE LETTER (CC),RE INSPECTION,,231219.0,01/19/2024,Pompano Beach,23 09003902,NUISANCE; STATE OF REPAIR,1690 NW 1 TE,ACTIVE,12/19/2023,30.0,COURTESY NOTICE LETTER (CC),RE INSPECTION,231219.0,01/19/2024,,legacy,CO 96.26(D)(4),Public,,,,,
23 09003902,ACTIVE,124,pompanoViolations_20240124-30p.json,,NUISANCE; DISCARDED OBJECTS,1690 NW 1 TE,12/19/2023,30.0,COURTESY NOTICE LETTER (CC),RE INSPECTION,,231219.0,01/19/2024,Pompano Beach,23 09003902,NUISANCE; DISCARDED OBJECTS,1690 NW 1 TE,ACTIVE,12/19/2023,30.0,COURTESY NOTICE LETTER (CC),RE INSPECTION,231219.0,01/19/2024,,legacy,CO 96.26(C)(6),Public,,,,,
23 09003902,ACTIVE,124,pompanoViolations_20240124-30p.json,,STREET ADDRESS NUMBERS,1690 NW 1 TE,12/19/2023,30.0,COURTESY NOTICE LETTER (CC),RE INSPECTION,,231219.0,01/19/2024,Pompano Beach,23 09003902,STREET ADDRESS NUMBERS,1690 NW 1 TE,ACTIVE,12/19/2023,30.0,COURTESY NOTICE LETTER (CC),RE INSPECTION,231219.0,01/19/2024,,legacy,CO 100.06(A),Public,,,,,
23 09003902,ACTIVE,124,pompanoViolations_20240124-30p.json,,NUISANCE; BARRIER CONDITION,1690 NW 1 TE,12/19/2023,30.0,COURTESY NOTICE LETTER (CC),RE INSPECTION,,231219.0,01/19/2024,Pompano Beach,23 09003902,NUISANCE; BARRIER CONDITION,1690 NW 1 TE,ACTIVE,12/19/2023,30.0,COURTESY NOTICE LETTER (CC),RE INSPECTION,231219.0,01/19/2024,,legacy,CO 96.26(D)(5),Public,,,,,
23 09003910,ACTIVE,124,pompanoViolations_20240124-30p.json,,NUISANCE; MOISTURE OR VERMIN,1720 NW 1 TE,12/19/2023,30.0,COURTESY NOTICE LETTER (CC),RE INSPECTION,,231219.0,01/19/2024,Pompano Beach,23 09003910,NUISANCE; MOISTURE OR VERMIN,1720 NW 1 TE,ACTIVE,12/19/2023,30.0,COURTESY NOTICE LETTER (CC),RE INSPECTION,231219.0,01/19/2024,,legacy,CO 96.26(D)(2),Public,,,,,
23 09003910,ACTIVE,124,pompanoViolations_20240124-30p.json,,SPECIFIC VIOL; DISTUB LANDSCAP,1720 NW 1 TE,12/19/2023,30.0,COURTESY NOTICE LETTER (CC),RE INSPECTION,,231219.0,01/19/2024,Pompano Beach,23 09003910,SPECIFIC VIOL; DISTUB LANDSCAP,1720 NW 1 TE,ACTIVE,12/19/2023,30.0,COURTESY NOTICE LETTER (CC),RE INSPECTION,231219.0,01/19/2024,,legacy,CO 155.8202(F),Public,,,,,
23 09003910,ACTIVE,124,pompanoViolations_20240124-30p.json,,PARKING; MAINTAINED ALL TIMES,1720 NW 1 TE,12/19/2023,30.0,COURTESY NOTICE LETTER (CC),RE INSPECTION,,231219.0,01/19/2024,Pompano Beach,23 09003910,PARKING; MAINTAINED ALL TIMES,1720 NW 1 TE,ACTIVE,12/19/2023,30.0,COURTESY NOTICE LETTER (CC),RE INSPECTION,231219.0,01/19/2024,,legacy,CO 155.5102(C)(10)(a),Public,,,,,
23 09003910,ACTIVE,132,pompanoViolations_20240124-30p.json,,NUISANCE; BARRIER CONDITION,1720 NW 1 TE,12/19/2023,30.0,COURTESY NOTICE LETTER (CC),RE INSPECTION,,231219.0,01/19/2024,Pompano Beach,23 09003910,NUISANCE; BARRIER CONDITION,1720 NW 1 TE,ACTIVE,12/19/2023,30.0,COURTESY NOTICE LETTER (CC),RE INSPECTION,231219.0,01/19/2024,,legacy,CO 96.26(D)(5),Public,,,,,
23 09003910,ACTIVE,132,pompanoViolations_20240124-30p.json,,GARBAGE; RES. SCHEDULE,1720 NW 1 TE,12/19/2023,30.0,COURTESY NOTICE LETTER (CC),RE INSPECTION,,231219.0,01/19/2024,Pompano Beach,23 09003910,GARBAGE; RES. SCHEDULE,1720 NW 1 TE,ACTIVE,12/19/2023,30.0,COURTESY NOTICE LETTER (CC),RE INSPECTION,231219.0,01/19/2024,,legacy,CO 96.12(A)(7),Public,,,,,
23 09003910,ACTIVE,132,pompanoViolations_20240124-30p.json,,SPECIFIC VIOL; OCCUPY STUCTURE,1720 NW 1 TE,12/19/2023,30.0,COURTESY NOTICE LETTER (CC),RE INSPECTION,,231219.0,01/19/2024,Pompano Beach,23 09003910,SPECIFIC VIOL; OCCUPY STUCTURE,1720 NW 1 TE,ACTIVE,12/19/2023,30.0,COURTESY NOTICE LETTER (CC),RE INSPECTION,231219.0,01/19/2024,,legacy,CO 155.8202(B),Public,,,,,
23 09003910,ACTIVE,132,pompanoViolations_20240124-30p.json,,PARKING; SURFACE STANDARDS,1720 NW 1 TE,12/19/2023,30.0,COURTESY NOTICE LETTER (CC),RE INSPECTION,,231219.0,01/19/2024,Pompano Beach,23 09003910,PARKING; SURFACE STANDARDS,1720 NW 1 TE,ACTIVE,12/19/2023,30.0,COURTESY NOTICE LETTER (CC),RE INSPECTION,231219.0,01/19/2024,,legacy,CO 155.4303(X)(4)(e),Public,,,,,
23 09003915,ACTIVE,132,pompanoViolations_20240124-30p.json,,PARKING; MAINTAINED ALL TIMES,1731 NW 1 TE,12/20/2023,29.0,COURTESY NOTICE LETTER (CC),RE INSPECTION,,231220.0,01/22/2024,Pompano Beach,23 09003915,PARKING; MAINTAINED ALL TIMES,1731 NW 1 TE,ACTIVE,12/20/2023,29.0,COURTESY NOTICE LETTER (CC),RE INSPECTION,231220.0,01/22/2024,,legacy,CO 155.5102(C)(10)(a),Public,,,,,
23 09003915,ACTIVE,132,pompanoViolations_20240124-30p.json,,PARKING; SURFACE STANDARDS,1731 NW 1 TE,12/20/2023,29.0,COURTESY NOTICE LETTER (CC),RE INSPECTION,,231220.0,01/22/2024,Pompano Beach,23 09003915,PARKING; SURFACE STANDARDS,1731 NW 1 TE,ACTIVE,12/20/2023,29.0,COURTESY NOTICE LETTER (CC),RE INSPECTION,231220.0,01/22/2024,,legacy,CO 155.4303(X)(4)(e),Public,,,,,
23 09003915,ACTIVE,132,pompanoViolations_20240124-30p.json,,ROLL CARTS; PLACEMENT,1731 NW 1 TE,12/20/2023,29.0,COURTESY NOTICE LETTER (CC),RE INSPECTION,,231220.0,01/22/2024,Pompano Beach,23 09003915,ROLL CARTS; PLACEMENT,1731 NW 1 TE,ACTIVE,12/20/2023,29.0,COURTESY NOTICE LETTER (CC),RE INSPECTION,231220.0,01/22/2024,,legacy,CO 96.12(A)(5),Public,,,,,
23 09003915,ACTIVE,132,pompanoViolations_20240124-30p.json,,SPECIFIC VIOL; DISTUB LANDSCAP,1731 NW 1 TE,12/20/2023,29.0,COURTESY NOTICE LETTER (CC),RE INSPECTION,,231220.0,01/22/2024,Pompano Beach,23 09003915,SPECIFIC VIOL; DISTUB LANDSCAP,1731 NW 1 TE,ACTIVE,12/20/2023,29.0,COURTESY NOTICE LETTER (CC),RE INSPECTION,231220.0,01/22/2024,,legacy,CO 155.8202(F),Public,,,,,
23 09003542,ACTIVE,132,pompanoViolations_20240124-30p.json,,BTR; RENTAL HOUSING,341 SE 1 TE,10/14/2023,96.0,COURTESY NOTICE LETTER (CC),AFFIDAVIT OF ALLEGED VIOLATION,,231114.0,11/21/2023,Pompano Beach,23 09003542,BTR; RENTAL HOUSING,341 SE 1 TE,ACTIVE,10/14/2023,96.0,COURTESY NOTICE LETTER (CC),AFFIDAVIT OF ALLEGED VIOLATION,231114.0,11/21/2023,,legacy,CO 113.41(A),Public,,,,,
23 09003542,ACTIVE,132,pompanoViolations_20240124-30p.json,,RENTAL; SHORT TERM PERMIT REQ,341 SE 1 TE,10/14/2023,96.0,COURTESY NOTICE LETTER (CC),AFFIDAVIT OF ALLEGED VIOLATION,,231114.0,11/21/2023,Pompano Beach,23 09003542,RENTAL; SHORT TERM PERMIT REQ,341 SE 1 TE,ACTIVE,10/14/2023,96.0,COURTESY NOTICE LETTER (CC),AFFIDAVIT OF ALLEGED VIOLATION,231114.0,11/21/2023,,legacy,CO 153.08(A),Public,,,,,
23 09003790,ACTIVE,132,pompanoViolations_20240124-30p.json,,"FENCES, MAINTENACE REQUIRED",1501 SW 1 TE,12/12/2023,37.0,NOTICE VIOLATION/ HEARING (CC),RE INSPECTION,,240118.0,12/19/2023,Pompano Beach,23 09003790,"FENCES, MAINTENACE REQUIRED",1501 SW 1 TE,ACTIVE,12/12/2023,37.0,NOTICE VIOLATION/ HEARING (CC),RE INSPECTION,240118.0,12/19/2023,,legacy,CO 155.5302(H),Public,,,,,
23 09003790,ACTIVE,132,pompanoViolations_20240124-30p.json,,PARKING AREAS; MARKINGS,1501 SW 1 TE,12/12/2023,37.0,NOTICE VIOLATION/ HEARING (CC),RE INSPECTION,,240118.0,12/19/2023,Pompano Beach,23 09003790,PARKING AREAS; MARKINGS,1501 SW 1 TE,ACTIVE,12/12/2023,37.0,NOTICE VIOLATION/ HEARING (CC),RE INSPECTION,240118.0,12/19/2023,,legacy,CO 155.5102(C)(1)(c),Public,,,,,
23 09003790,ACTIVE,140,pompanoViolations_20240124-30p.json,,NUISANCE; BARRIER CONDITION,1501 SW 1 TE,12/12/2023,37.0,NOTICE VIOLATION/ HEARING (CC),RE INSPECTION,,240118.0,12/19/2023,Pompano Beach,23 09003790,NUISANCE; BARRIER CONDITION,1501 SW 1 TE,ACTIVE,12/12/2023,37.0,NOTICE VIOLATION/ HEARING (CC),RE INSPECTION,240118.0,12/19/2023,,legacy,CO 96.26(D)(5),Public,,,,,
23 09003790,ACTIVE,140,pompanoViolations_20240124-30p.json,,BTR; RENTAL HOUSING,1501 SW 1 TE,12/12/2023,37.0,NOTICE VIOLATION/ HEARING (CC),RE INSPECTION,,240118.0,12/19/2023,Pompano Beach,23 09003790,BTR; RENTAL HOUSING,1501 SW 1 TE,ACTIVE,12/12/2023,37.0,NOTICE VIOLATION/ HEARING (CC),RE INSPECTION,240118.0,12/19/2023,,legacy,CO 113.41(A),Public,,,,,
23 09003790,ACTIVE,140,pompanoViolations_20240124-30p.json,,BTR; RENTAL HOUSING INSPECTION,1501 SW 1 TE,12/12/2023,37.0,NOTICE VIOLATION/ HEARING (CC),RE INSPECTION,,240118.0,12/19/2023,Pompano Beach,23 09003790,BTR; RENTAL HOUSING INSPECTION,1501 SW 1 TE,ACTIVE,12/12/2023,37.0,NOTICE VIOLATION/ HEARING (CC),RE INSPECTION,240118.0,12/19/2023,,legacy,CO 113.41(C)(1),Public,,,,,
23 09003789,ACTIVE,140,pompanoViolations_20240124-30p.json,,NUISANCE; ROOF CONDITION,1511 SW 1 TE,12/12/2023,37.0,NOTICE VIOLATION/ HEARING (CC),RE INSPECTION,,240118.0,12/19/2023,Pompano Beach,23 09003789,NUISANCE; ROOF CONDITION,1511 SW 1 TE,ACTIVE,12/12/2023,37.0,NOTICE VIOLATION/ HEARING (CC),RE INSPECTION,240118.0,12/19/2023,,legacy,CO 96.26(D)(3),Public,,,,,
23 09003789,ACTIVE,140,pompanoViolations_20240124-30p.json,,SPECIFIC VIOL; DISTUB LANDSCAP,1511 SW 1 TE,12/12/2023,37.0,NOTICE VIOLATION/ HEARING (CC),RE INSPECTION,,240118.0,12/19/2023,Pompano Beach,23 09003789,SPECIFIC VIOL; DISTUB LANDSCAP,1511 SW 1 TE,ACTIVE,12/12/2023,37.0,NOTICE VIOLATION/ HEARING (CC),RE INSPECTION,240118.0,12/19/2023,,legacy,CO 155.8202(F),Public,,,,,
23 09003789,ACTIVE,140,pompanoViolations_20240124-30p.json,,PARKING AREAS; MARKINGS,1511 SW 1 TE,12/12/2023,37.0,NOTICE VIOLATION/ HEARING (CC),RE INSPECTION,,240118.0,12/19/2023,Pompano Beach,23 09003789,PARKING AREAS; MARKINGS,1511 SW 1 TE,ACTIVE,12/12/2023,37.0,NOTICE VIOLATION/ HEARING (CC),RE INSPECTION,240118.0,12/19/2023,,legacy,CO 155.5102(C)(1)(c),Public,,,,,
23 09003788,ACTIVE,140,pompanoViolations_20240124-30p.json,,DRIVEWAY; CONNECTION UNSAFE,1611 SW 1 TE,12/12/2023,37.0,NOTICE VIOLATION/ HEARING (CC),RE INSPECTION,,240118.0,12/19/2023,Pompano Beach,23 09003788,DRIVEWAY; CONNECTION UNSAFE,1611 SW 1 TE,ACTIVE,12/12/2023,37.0,NOTICE VIOLATION/ HEARING (CC),RE INSPECTION,240118.0,12/19/2023,,legacy,CO 100.02(C),Public,,,,,
23 09003788,ACTIVE,140,pompanoViolations_20240124-30p.json,,NUISANCE; ROOF CONDITION,1611 SW 1 TE,12/12/2023,37.0,NOTICE VIOLATION/ HEARING (CC),RE INSPECTION,,240118.0,12/19/2023,Pompano Beach,23 09003788,NUISANCE; ROOF CONDITION,1611 SW 1 TE,ACTIVE,12/12/2023,37.0,NOTICE VIOLATION/ HEARING (CC),RE INSPECTION,240118.0,12/19/2023,,legacy,CO 96.26(D)(3),Public,,,,,
23 09003788,ACTIVE,140,pompanoViolations_20240124-30p.json,,NUISANCE; MOISTURE OR VERMIN,1611 SW 1 TE,12/12/2023,37.0,NOTICE VIOLATION/ HEARING (CC),RE INSPECTION,,240118.0,12/19/2023,Pompano Beach,23 09003788,NUISANCE; MOISTURE OR VERMIN,1611 SW 1 TE,ACTIVE,12/12/2023,37.0,NOTICE VIOLATION/ HEARING (CC),RE INSPECTION,240118.0,12/19/2023,,legacy,CO 96.26(D)(2),Public,,,,,
23 09003788,ACTIVE,140,pompanoViolations_20240124-30p.json,,ABANDONED VEHICLES,1611 SW 1 TE,12/12/2023,37.0,NOTICE VIOLATION/ HEARING (CC),RE INSPECTION,,240118.0,12/19/2023,Pompano Beach,23 09003788,ABANDONED VEHICLES,1611 SW 1 TE,ACTIVE,12/12/2023,37.0,NOTICE VIOLATION/ HEARING (CC),RE INSPECTION,240118.0,12/19/2023,,legacy,CO 96.40(A-B),Public,,,,,
23 09003788,ACTIVE,140,pompanoViolations_20240124-30p.json,,PARKING AREAS; MARKINGS,1611 SW 1 TE,12/12/2023,37.0,NOTICE VIOLATION/ HEARING (CC),RE INSPECTION,,240118.0,12/19/2023,Pompano Beach,23 09003788,PARKING AREAS; MARKINGS,1611 SW 1 TE,ACTIVE,12/12/2023,37.0,NOTICE VIOLATION/ HEARING (CC),RE INSPECTION,240118.0,12/19/2023,,legacy,CO 155.5102(C)(1)(c),Public,,,,,
23 09003916,ACTIVE,140,pompanoViolations_20240124-30p.json,,SPECIFIC VIOL; DISTUB LANDSCAP,1630 NW 1 WY,12/20/2023,29.0,COURTESY NOTICE LETTER (CC),RE INSPECTION,,231220.0,01/22/2024,Pompano Beach,23 09003916,SPECIFIC VIOL; DISTUB LANDSCAP,1630 NW 1 WY,ACTIVE,12/20/2023,29.0,COURTESY NOTICE LETTER (CC),RE INSPECTION,231220.0,01/22/2024,,legacy,CO 155.8202(F),Public,,,,,
23 09003916,ACTIVE,148,pompanoViolations_20240124-30p.json,,PARKING; MAINTAINED ALL TIMES,1630 NW 1 WY,12/20/2023,29.0,COURTESY NOTICE LETTER (CC),RE INSPECTION,,231220.0,01/22/2024,Pompano Beach,23 09003916,PARKING; MAINTAINED ALL TIMES,1630 NW 1 WY,ACTIVE,12/20/2023,29.0,COURTESY NOTICE LETTER (CC),RE INSPECTION,231220.0,01/22/2024,,legacy,CO 155.5102(C) (10)(a),Public,,,,,
23 09003916,ACTIVE,148,pompanoViolations_20240124-30p.json,,PARKING; SURFACE STANDARDS,1630 NW 1 WY,12/20/2023,29.0,COURTESY NOTICE LETTER (CC),RE INSPECTION,,231220.0,01/22/2024,Pompano Beach,23 09003916,PARKING; SURFACE STANDARDS,1630 NW 1 WY,ACTIVE,12/20/2023,29.0,COURTESY NOTICE LETTER (CC),RE INSPECTION,231220.0,01/22/2024,,legacy,CO 155.4303(X)(4) (e),Public,,,,,
23 09003918,ACTIVE,148,pompanoViolations_20240124-30p.json,,PARKING; MAINTAINED ALL TIMES,1631 NW 1 WY,12/20/2023,29.0,COURTESY NOTICE LETTER (CC),RE INSPECTION,,231220.0,01/22/2024,Pompano Beach,23 09003918,PARKING; MAINTAINED ALL TIMES,1631 NW 1 WY,ACTIVE,12/20/2023,29.0,COURTESY NOTICE LETTER (CC),RE INSPECTION,231220.0,01/22/2024,,legacy,CO 155.5102(C) (10)(a),Public,,,,,
23 09003918,ACTIVE,148,pompanoViolations_20240124-30p.json,,NUISANCE; STATE OF REPAIR,1631 NW 1 WY,12/20/2023,29.0,COURTESY NOTICE LETTER (CC),RE INSPECTION,,231220.0,01/22/2024,Pompano Beach,23 09003918,NUISANCE; STATE OF REPAIR,1631 NW 1 WY,ACTIVE,12/20/2023,29.0,COURTESY NOTICE LETTER (CC),RE INSPECTION,231220.0,01/22/2024,,legacy,CO 96.26(D)(4),Public,,,,,
23 09003918,ACTIVE,148,pompanoViolations_20240124-30p.json,,PARKING; SURFACE STANDARDS,1631 NW 1 WY,12/20/2023,29.0,COURTESY NOTICE LETTER (CC),RE INSPECTION,,231220.0,01/22/2024,Pompano Beach,23 09003918,PARKING; SURFACE STANDARDS,1631 NW 1 WY,ACTIVE,12/20/2023,29.0,COURTESY NOTICE LETTER (CC),RE INSPECTION,231220.0,01/22/2024,,legacy,CO 155.4303(X)(4)(e),Public,,,,,
23 09003918,ACTIVE,148,pompanoViolations_20240124-30p.json,,ABANDONED VEHICLES,1631 NW 1 WY,12/20/2023,29.0,COURTESY NOTICE LETTER (CC),RE INSPECTION,,231220.0,01/22/2024,Pompano Beach,23 09003918,ABANDONED VEHICLES,1631 NW 1 WY,ACTIVE,12/20/2023,29.0,COURTESY NOTICE LETTER (CC),RE INSPECTION,231220.0,01/22/2024,,legacy,CO 96.40(A-B),Public,,,,,
23 09003919,ACTIVE,148,pompanoViolations_20240124-30p.json,,NUISANCE; GRASS OR WEEDS,1700 NW 1 WY,12/20/2023,29.0,COURTESY NOTICE LETTER (CC),RE INSPECTION,,231220.0,01/22/2024,Pompano Beach,23 09003919,NUISANCE; GRASS OR WEEDS,1700 NW 1 WY,ACTIVE,12/20/2023,29.0,COURTESY NOTICE LETTER (CC),RE INSPECTION,231220.0,01/22/2024,,legacy,CO 96.26(C)(3),Public,,,,,
23 09003919,ACTIVE,148,pompanoViolations_20240124-30p.json,,NUISANCE; STATE OF REPAIR,1700 NW 1 WY,12/20/2023,29.0,COURTESY NOTICE LETTER (CC),RE INSPECTION,,231220.0,01/22/2024,Pompano Beach,23 09003919,NUISANCE; STATE OF REPAIR,1700 NW 1 WY,ACTIVE,12/20/2023,29.0,COURTESY NOTICE LETTER (CC),RE INSPECTION,231220.0,01/22/2024,,legacy,CO 96.26(D)(4),Public,,,,,
23 09003919,ACTIVE,148,pompanoViolations_20240124-30p.json,,ROLL CARTS; PLACEMENT,1700 NW 1 WY,12/20/2023,29.0,COURTESY NOTICE LETTER (CC),RE INSPECTION,,231220.0,01/22/2024,Pompano Beach,23 09003919,ROLL CARTS; PLACEMENT,1700 NW 1 WY,ACTIVE,12/20/2023,29.0,COURTESY NOTICE LETTER (CC),RE INSPECTION,231220.0,01/22/2024,,legacy,CO 96.12(A)(5),Public,,,,,
23 09003919,ACTIVE,148,pompanoViolations_20240124-30p.json,,LANDSCAPING; MAINTENANCE,1700 NW 1 WY,12/20/2023,29.0,COURTESY NOTICE LETTER (CC),RE INSPECTION,,231220.0,01/22/2024,Pompano Beach,23 09003919,LANDSCAPING; MAINTENANCE,1700 NW 1 WY,ACTIVE,12/20/2023,29.0,COURTESY NOTICE LETTER (CC),RE INSPECTION,231220.0,01/22/2024,,legacy,CO 155.5203(B)(6)(a),Public,,,,,
23 09003921,ACTIVE,148,pompanoViolations_20240124-30p.json,,PARKING; SURFACE STANDARDS,1720 NW 1 WY,12/20/2023,29.0,COURTESY NOTICE LETTER (CC),RE INSPECTION,,231220.0,01/22/2024,Pompano Beach,23 09003921,PARKING; SURFACE STANDARDS,1720 NW 1 WY,ACTIVE,12/20/2023,29.0,COURTESY NOTICE LETTER (CC),RE INSPECTION,231220.0,01/22/2024,,legacy,CO 155.4303(X)(4)(e),Public,,,,,
23 09003921,ACTIVE,148,pompanoViolations_20240124-30p.json,,ROLL CARTS; PLACEMENT,1720 NW 1 WY,12/20/2023,29.0,COURTESY NOTICE LETTER (CC),RE INSPECTION,,231220.0,01/22/2024,Pompano Beach,23 09003921,ROLL CARTS; PLACEMENT,1720 NW 1 WY,ACTIVE,12/20/2023,29.0,COURTESY NOTICE LETTER (CC),RE INSPECTION,231220.0,01/22/2024,,legacy,CO 96.12(A)(5),Public,,,,,
23 09003921,ACTIVE,156,pompanoViolations_20240124-30p.json,,STREET ADDRESS NUMBERS,1720 NW 1 WY,12/20/2023,29.0,COURTESY NOTICE LETTER (CC),RE INSPECTION,,231220.0,01/22/2024,Pompano Beach,23 09003921,STREET ADDRESS NUMBERS,1720 NW 1 WY,ACTIVE,12/20/2023,29.0,COURTESY NOTICE LETTER (CC),RE INSPECTION,231220.0,01/22/2024,,legacy,CO 100.06(A),Public,,,,,
23 09003921,ACTIVE,156,pompanoViolations_20240124-30p.json,,SPECIFIC VIOL; OCCUPY STUCTURE,1720 NW 1 WY,12/20/2023,29.0,COURTESY NOTICE LETTER (CC),RE INSPECTION,,231220.0,01/22/2024,Pompano Beach,23 09003921,SPECIFIC VIOL; OCCUPY STUCTURE,1720 NW 1 WY,ACTIVE,12/20/2023,29.0,COURTESY NOTICE LETTER (CC),RE INSPECTION,231220.0,01/22/2024,,legacy,CO 155.8202(B),Public,,,,,
23 09003921,ACTIVE,156,pompanoViolations_20240124-30p.json,,LANDSCAPING; MAINTENANCE,1720 NW 1 WY,12/20/2023,29.0,COURTESY NOTICE LETTER (CC),RE INSPECTION,,231220.0,01/22/2024,Pompano Beach,23 09003921,LANDSCAPING; MAINTENANCE,1720 NW 1 WY,ACTIVE,12/20/2023,29.0,COURTESY NOTICE LETTER (CC),RE INSPECTION,231220.0,01/22/2024,,legacy,CO 155.5203(B)(6) (a),Public,,,,,
23 09003492,ACTIVE,156,pompanoViolations_20240124-30p.json,,STREETS; LANDSCAPE IN ROW AREA,1831 NW 1 WY,11/03/2023,76.0,COURTESY NOTICE LETTER (CC),RE INSPECTION,,231103.0,11/24/2023,Pompano Beach,23 09003492,STREETS; LANDSCAPE IN ROW AREA,1831 NW 1 WY,ACTIVE,11/03/2023,76.0,COURTESY NOTICE LETTER (CC),RE INSPECTION,231103.0,11/24/2023,,legacy,CO 100.35(H),Public,,,,,
23 09003492,ACTIVE,156,pompanoViolations_20240124-30p.json,,RENTAL; NUM. OF UNITS ALLOWED,1831 NW 1 WY,11/03/2023,76.0,COURTESY NOTICE LETTER (CC),RE INSPECTION,,231103.0,11/24/2023,Pompano Beach,23 09003492,RENTAL; NUM. OF UNITS ALLOWED,1831 NW 1 WY,ACTIVE,11/03/2023,76.0,COURTESY NOTICE LETTER (CC),RE INSPECTION,231103.0,11/24/2023,,legacy,CO 153.17(D),Public,,,,,
23 09003492,ACTIVE,156,pompanoViolations_20240124-30p.json,,FBC; VIOLATION,1831 NW 1 WY,11/03/2023,76.0,COURTESY NOTICE LETTER (CC),RE INSPECTION,,231103.0,11/24/2023,Pompano Beach,23 09003492,FBC; VIOLATION,1831 NW 1 WY,ACTIVE,11/03/2023,76.0,COURTESY NOTICE LETTER (CC),RE INSPECTION,231103.0,11/24/2023,,legacy,CO 152.01(B),Public,,,,,
23 09003567,ACTIVE,156,pompanoViolations_20240124-30p.json,,DRIVEWAY; CONNECTION UNSAFE,832 NE 10 AV,11/16/2023,63.0,,COURTESY NOTICE LETTER (CC),,,11/16/2023,Pompano Beach,23 09003567,DRIVEWAY; CONNECTION UNSAFE,832 NE 10 AV,ACTIVE,11/16/2023,63.0,,COURTESY NOTICE LETTER (CC),,11/16/2023,,legacy,CO 100.02(C),Public,,,,,
23 09003567,ACTIVE,156,pompanoViolations_20240124-30p.json,,BTR; RENTAL HOUSING INSPECTION,832 NE 10 AV,11/16/2023,63.0,,COURTESY NOTICE LETTER (CC),,,11/16/2023,Pompano Beach,23 09003567,BTR; RENTAL HOUSING INSPECTION,832 NE 10 AV,ACTIVE,11/16/2023,63.0,,COURTESY NOTICE LETTER (CC),,11/16/2023,,legacy,CO 113.41(C)(1),Public,,,,,
23 09003567,ACTIVE,156,pompanoViolations_20240124-30p.json,,BTR; RENTAL HOUSING,832 NE 10 AV,11/16/2023,63.0,,COURTESY NOTICE LETTER (CC),,,11/16/2023,Pompano Beach,23 09003567,BTR; RENTAL HOUSING,832 NE 10 AV,ACTIVE,11/16/2023,63.0,,COURTESY NOTICE LETTER (CC),,11/16/2023,,legacy,CO 113.41(A),Public,,,,,
23 09003567,ACTIVE,156,pompanoViolations_20240124-30p.json,,PARKING AREAS; MARKINGS,832 NE 10 AV,11/16/2023,63.0,,COURTESY NOTICE LETTER (CC),,,11/16/2023,Pompano Beach,23 09003567,PARKING AREAS; MARKINGS,832 NE 10 AV,ACTIVE,11/16/2023,63.0,,COURTESY NOTICE LETTER (CC),,11/16/2023,,legacy,CO 155.5102(C)(1) (c),Public,,,,,
24 09004105,ACTIVE,156,pompanoViolations_20240124-30p.json,,PARKING; RES EXTEND OVER ROW,2840 NE 10 AV,11/22/2023,57.0,COURTESY NOTICE LETTER (CC),RE INSPECTION,,240117.0,01/24/2024,Pompano Beach,24 09004105,PARKING; RES EXTEND OVER ROW,2840 NE 10 AV,ACTIVE,11/22/2023,57.0,COURTESY NOTICE LETTER (CC),RE INSPECTION,240117.0,01/24/2024,,legacy,CO 155.4303(X)(4) (i)(viii,Public,,,,,
23 09003791,ACTIVE,156,pompanoViolations_20240124-30p.json,,PARKING; SURFACE STANDARDS,404 NW 10 AV,12/12/2023,37.0,,AFFIDAVIT OF ALLEGED VIOLATION,,,12/12/2023,Pompano Beach,23 09003791,PARKING; SURFACE STANDARDS,404 NW 10 AV,ACTIVE,12/12/2023,37.0,,AFFIDAVIT OF ALLEGED VIOLATION,,12/12/2023,,legacy,CO 155.4303(X)(4) (e),Public,,,,,
23 09003791,ACTIVE,156,pompanoViolations_20240124-30p.json,,ABANDONED,404 NW 10,12/12/2023,37.0,,AFFIDAVIT OF,,,12/12/2023,Pompano Beach,23 09003791,ABANDONED,404 NW 10,ACTIVE,12/12/2023,37.0,,AFFIDAVIT OF,,12/12/2023,,legacy,CO 96.40(A-B),Public,,,,,
,,164,pompanoViolations_20240124-30p.json,,VEHICLES,AV,,,,ALLEGED VIOLATION,,,,Pompano Beach,,VEHICLES,AV,,,,,ALLEGED VIOLATION,,,,legacy,,,,,,,
23 09003812,ACTIVE,164,pompanoViolations_20240124-30p.json,,ABANDONED VEHICLES,420 NW 10 AV,12/12/2023,37.0,,AFFIDAVIT OF ALLEGED VIOLATION,,,12/12/2023,Pompano Beach,23 09003812,ABANDONED VEHICLES,420 NW 10 AV,ACTIVE,12/12/2023,37.0,,AFFIDAVIT OF ALLEGED VIOLATION,,12/12/2023,,legacy,CO 96.40(A-B),Public,,,,,
23 09003812,ACTIVE,164,pompanoViolations_20240124-30p.json,,NUISANCE; DECAYING GARBAGE,420 NW 10 AV,12/12/2023,37.0,,AFFIDAVIT OF ALLEGED VIOLATION,,,12/12/2023,Pompano Beach,23 09003812,NUISANCE; DECAYING GARBAGE,420 NW 10 AV,ACTIVE,12/12/2023,37.0,,AFFIDAVIT OF ALLEGED VIOLATION,,12/12/2023,,legacy,CO 96.26(C)(11),Public,,,,,
23 09003812,ACTIVE,164,pompanoViolations_20240124-30p.json,,PARKING; PERIODICALLY RESTORED,420 NW 10 AV,12/12/2023,37.0,,AFFIDAVIT OF ALLEGED VIOLATION,,,12/12/2023,Pompano Beach,23 09003812,PARKING; PERIODICALLY RESTORED,420 NW 10 AV,ACTIVE,12/12/2023,37.0,,AFFIDAVIT OF ALLEGED VIOLATION,,12/12/2023,,legacy,CO 155.5102(C)(10)(b),Public,,,,,
23 09003716,ACTIVE,164,pompanoViolations_20240124-30p.json,,RENTAL; BTR REQUIRED,421 NW 10 AV,12/07/2023,42.0,NOTICE VIOLATION/ HEARING (CC),COMPLIANCE DEADLINE INSP.,,231212.0,02/02/2024,Pompano Beach,23 09003716,RENTAL; BTR REQUIRED,421 NW 10 AV,ACTIVE,12/07/2023,42.0,NOTICE VIOLATION/ HEARING (CC),COMPLIANCE DEADLINE INSP.,231212.0,02/02/2024,,legacy,CO 153.33(H),Public,,,,,
23 09003716,ACTIVE,164,pompanoViolations_20240124-30p.json,,TEMP STORAGE; RES LOCATION,421 NW 10 AV,12/07/2023,42.0,NOTICE VIOLATION/ HEARING (CC),COMPLIANCE DEADLINE INSP.,,231212.0,02/02/2024,Pompano Beach,23 09003716,TEMP STORAGE; RES LOCATION,421 NW 10 AV,ACTIVE,12/07/2023,42.0,NOTICE VIOLATION/ HEARING (CC),COMPLIANCE DEADLINE INSP.,231212.0,02/02/2024,,legacy,CO 155.4403(C)(3) (d)(i),Public,,,,,
23 09003716,ACTIVE,164,pompanoViolations_20240124-30p.json,,PARKING; SURFACE STANDARDS,421 NW 10 AV,12/07/2023,42.0,NOTICE VIOLATION/ HEARING (CC),COMPLIANCE DEADLINE INSP.,,231212.0,02/02/2024,Pompano Beach,23 09003716,PARKING; SURFACE STANDARDS,421 NW 10 AV,ACTIVE,12/07/2023,42.0,NOTICE VIOLATION/ HEARING (CC),COMPLIANCE DEADLINE INSP.,231212.0,02/02/2024,,legacy,CO 155.4303(X)(4) (e),Public,,,,,
23 09003716,ACTIVE,164,pompanoViolations_20240124-30p.json,,SPECIFIC VIOL; DISTUB LANDSCAP,421 NW 10 AV,12/07/2023,42.0,NOTICE VIOLATION/ HEARING (CC),COMPLIANCE DEADLINE INSP.,,231212.0,02/02/2024,Pompano Beach,23 09003716,SPECIFIC VIOL; DISTUB LANDSCAP,421 NW 10 AV,ACTIVE,12/07/2023,42.0,NOTICE VIOLATION/ HEARING (CC),COMPLIANCE DEADLINE INSP.,231212.0,02/02/2024,,legacy,CO 155.8202(F),Public,,,,,
23 09003716,ACTIVE,164,pompanoViolations_20240124-30p.json,,GARBAGE; RES. SCHEDULE,421 NW 10 AV,12/07/2023,42.0,NOTICE VIOLATION/ HEARING (CC),COMPLIANCE DEADLINE INSP.,,231212.0,02/02/2024,Pompano Beach,23 09003716,GARBAGE; RES. SCHEDULE,421 NW 10 AV,ACTIVE,12/07/2023,42.0,NOTICE VIOLATION/ HEARING (CC),COMPLIANCE DEADLINE INSP.,231212.0,02/02/2024,,legacy,CO 96.12(A)(7),Public,,,,,
23 09003716,ACTIVE,164,pompanoViolations_20240124-30p.json,,STREET ADDRESS NUMBERS,421 NW 10 AV,12/07/2023,42.0,NOTICE VIOLATION/ HEARING (CC),COMPLIANCE DEADLINE INSP.,,231212.0,02/02/2024,Pompano Beach,23 09003716,STREET ADDRESS NUMBERS,421 NW 10 AV,ACTIVE,12/07/2023,42.0,NOTICE VIOLATION/ HEARING (CC),COMPLIANCE DEADLINE INSP.,231212.0,02/02/2024,,legacy,CO 100.06(A),Public,,,,,
23 09003810,ACTIVE,164,pompanoViolations_20240124-30p.json,,SPECIFIC VIOL; DISTUB LANDSCAP,422 NW 10 AV,12/12/2023,37.0,,AFFIDAVIT OF ALLEGED VIOLATION,,,12/12/2023,Pompano Beach,23 09003810,SPECIFIC VIOL; DISTUB LANDSCAP,422 NW 10 AV,ACTIVE,12/12/2023,37.0,,AFFIDAVIT OF ALLEGED VIOLATION,,12/12/2023,,legacy,CO 155.8202(F),Public,,,,,
23 09003810,ACTIVE,164,pompanoViolations_20240124-30p.json,,PARKING; PERIODICALLY RESTORED,422 NW 10 AV,12/12/2023,37.0,,AFFIDAVIT OF ALLEGED VIOLATION,,,12/12/2023,Pompano Beach,23 09003810,PARKING; PERIODICALLY RESTORED,422 NW 10 AV,ACTIVE,12/12/2023,37.0,,AFFIDAVIT OF ALLEGED VIOLATION,,12/12/2023,,legacy,CO 155.5102(C)(10)(b),Public,,,,,
23 09003792,ACTIVE,164,pompanoViolations_20240124-30p.json,,PARKING; SURFACE,500 NW 10,12/12/2023,37.0,,AFFIDAVIT OF,,,12/12/2023,Pompano Beach,23 09003792,PARKING; SURFACE,500 NW 10,ACTIVE,12/12/2023,37.0,,AFFIDAVIT OF,,12/12/2023,,legacy,CO,Public,,,,,
,,172,pompanoViolations_20240124-30p.json,,STANDARDS,AV,,,,ALLEGED VIOLATION,,,,Pompano Beach,,STANDARDS,AV,,,,,ALLEGED VIOLATION,,,,legacy,155.4303(X)(4)(e),,,,,,
23 09003792,ACTIVE,172,pompanoViolations_20240124-30p.json,,ABANDONED VEHICLES,500 NW 10 AV,12/12/2023,37.0,,AFFIDAVIT OF ALLEGED VIOLATION,,,12/12/2023,Pompano Beach,23 09003792,ABANDONED VEHICLES,500 NW 10 AV,ACTIVE,12/12/2023,37.0,,AFFIDAVIT OF ALLEGED VIOLATION,,12/12/2023,,legacy,CO 96.40(A-B),Public,,,,,
23 09003792,ACTIVE,172,pompanoViolations_20240124-30p.json,,NUISANCE; GRASS OR WEEDS,500 NW 10 AV,12/12/2023,37.0,,AFFIDAVIT OF ALLEGED VIOLATION,,,12/12/2023,Pompano Beach,23 09003792,NUISANCE; GRASS OR WEEDS,500 NW 10 AV,ACTIVE,12/12/2023,37.0,,AFFIDAVIT OF ALLEGED VIOLATION,,12/12/2023,,legacy,CO 96.26(C)(3),Public,,,,,
23 09003809,ACTIVE,172,pompanoViolations_20240124-30p.json,,NUISANCE; GRASS OR WEEDS,504 NW 10 AV,12/12/2023,37.0,,AFFIDAVIT OF ALLEGED VIOLATION,,,12/12/2023,Pompano Beach,23 09003809,NUISANCE; GRASS OR WEEDS,504 NW 10 AV,ACTIVE,12/12/2023,37.0,,AFFIDAVIT OF ALLEGED VIOLATION,,12/12/2023,,legacy,CO 96.26(C)(3),Public,,,,,
23 09003808,ACTIVE,172,pompanoViolations_20240124-30p.json,,NUISANCE; GRASS OR WEEDS,508 NW 10 AV,12/12/2023,37.0,,AFFIDAVIT OF ALLEGED VIOLATION,,,12/12/2023,Pompano Beach,23 09003808,NUISANCE; GRASS OR WEEDS,508 NW 10 AV,ACTIVE,12/12/2023,37.0,,AFFIDAVIT OF ALLEGED VIOLATION,,12/12/2023,,legacy,CO 96.26(C)(3),Public,,,,,
23 09003717,ACTIVE,172,pompanoViolations_20240124-30p.json,,SPECIFIC VIOL; DISTUB LANDSCAP,613 NW 10 AV,12/07/2023,42.0,NOTICE VIOLATION/ HEARING (CC),RE INSPECTION,,231212.0,12/07/2023,Pompano Beach,23 09003717,SPECIFIC VIOL; DISTUB LANDSCAP,613 NW 10 AV,ACTIVE,12/07/2023,42.0,NOTICE VIOLATION/ HEARING (CC),RE INSPECTION,231212.0,12/07/2023,,legacy,CO 155.8202(F),Public,,,,,
23 09003717,ACTIVE,172,pompanoViolations_20240124-30p.json,,SPECIFIC VIOL; OCCUPY STUCTURE,613 NW 10 AV,12/07/2023,42.0,NOTICE VIOLATION/ HEARING (CC),RE INSPECTION,,231212.0,12/07/2023,Pompano Beach,23 09003717,SPECIFIC VIOL; OCCUPY STUCTURE,613 NW 10 AV,ACTIVE,12/07/2023,42.0,NOTICE VIOLATION/ HEARING (CC),RE INSPECTION,231212.0,12/07/2023,,legacy,CO 155.8202(B),Public,,,,,
23 09003717,ACTIVE,172,pompanoViolations_20240124-30p.json,,GARBAGE; RES. SCHEDULE,613 NW 10 AV,12/07/2023,42.0,NOTICE VIOLATION/ HEARING (CC),RE INSPECTION,,231212.0,12/07/2023,Pompano Beach,23 09003717,GARBAGE; RES. SCHEDULE,613 NW 10 AV,ACTIVE,12/07/2023,42.0,NOTICE VIOLATION/ HEARING (CC),RE INSPECTION,231212.0,12/07/2023,,legacy,CO 96.12(A)(7),Public,,,,,
23 09003717,ACTIVE,172,pompanoViolations_20240124-30p.json,,PARKING; MAINTAINED ALL TIMES,613 NW 10 AV,12/07/2023,42.0,NOTICE VIOLATION/ HEARING (CC),RE INSPECTION,,231212.0,12/07/2023,Pompano Beach,23 09003717,PARKING; MAINTAINED ALL TIMES,613 NW 10 AV,ACTIVE,12/07/2023,42.0,NOTICE VIOLATION/ HEARING (CC),RE INSPECTION,231212.0,12/07/2023,,legacy,CO 155.5102(C) (10)(a),Public,,,,,
23 09003725,ACTIVE,172,pompanoViolations_20240124-30p.json,,NUISANCE; DISCARDED OBJECTS,617 NW 10 AV,12/07/2023,42.0,NOTICE VIOLATION/ HEARING (CC),COMPLIANCE DEADLINE INSP.,,231212.0,02/02/2024,Pompano Beach,23 09003725,NUISANCE; DISCARDED OBJECTS,617 NW 10 AV,ACTIVE,12/07/2023,42.0,NOTICE VIOLATION/ HEARING (CC),COMPLIANCE DEADLINE INSP.,231212.0,02/02/2024,,legacy,CO 96.26(C)(6),Public,,,,,
23 09003725,ACTIVE,172,pompanoViolations_20240124-30p.json,,PARKING; SURFACE STANDARDS,617 NW 10 AV,12/07/2023,42.0,NOTICE VIOLATION/ HEARING (CC),COMPLIANCE DEADLINE INSP.,,231212.0,02/02/2024,Pompano Beach,23 09003725,PARKING; SURFACE STANDARDS,617 NW 10 AV,ACTIVE,12/07/2023,42.0,NOTICE VIOLATION/ HEARING (CC),COMPLIANCE DEADLINE INSP.,231212.0,02/02/2024,,legacy,CO 155.4303(X)(4)(e),Public,,,,,
23 09003807,ACTIVE,172,pompanoViolations_20240124-30p.json,,NUISANCE; BARRIER CONDITION,700 NW 10 AV,12/12/2023,37.0,,AFFIDAVIT OF ALLEGED VIOLATION,,,12/12/2023,Pompano Beach,23 09003807,NUISANCE; BARRIER CONDITION,700 NW 10 AV,ACTIVE,12/12/2023,37.0,,AFFIDAVIT OF ALLEGED VIOLATION,,12/12/2023,,legacy,CO 96.26(D)(5),Public,,,,,
23 09003807,ACTIVE,172,pompanoViolations_20240124-30p.json,,STREET ADDRESS,700 NW 10,12/12/2023,37.0,,AFFIDAVIT OF,,,12/12/2023,Pompano Beach,23 09003807,STREET ADDRESS,700 NW 10,ACTIVE,12/12/2023,37.0,,AFFIDAVIT OF,,12/12/2023,,legacy,CO 100.06(A),Public,,,,,
,,180,pompanoViolations_20240124-30p.json,,NUMBERS,AV,,,,ALLEGED VIOLATION,,,,Pompano Beach,,NUMBERS,AV,,,,,ALLEGED VIOLATION,,,,legacy,,,,,,,
23 09003807,ACTIVE,180,pompanoViolations_20240124-30p.json,,PARKING; SURFACE STANDARDS,700 NW 10 AV,12/12/2023,37.0,,AFFIDAVIT OF ALLEGED VIOLATION,,,12/12/2023,Pompano Beach,23 09003807,PARKING; SURFACE STANDARDS,700 NW 10 AV,ACTIVE,12/12/2023,37.0,,AFFIDAVIT OF ALLEGED VIOLATION,,12/12/2023,,legacy,CO 155.4303(X)(4)(e),Public,,,,,
23 09003730,ACTIVE,180,pompanoViolations_20240124-30p.json,,BTR; RENTAL HOUSING INSPECTION,701 NW 10 AV,12/07/2023,42.0,NOTICE VIOLATION/ HEARING (CC),COMPLIANCE DEADLINE INSP.,,231212.0,02/02/2024,Pompano Beach,23 09003730,BTR; RENTAL HOUSING INSPECTION,701 NW 10 AV,ACTIVE,12/07/2023,42.0,NOTICE VIOLATION/ HEARING (CC),COMPLIANCE DEADLINE INSP.,231212.0,02/02/2024,,legacy,CO 113.41(C)(1),Public,,,,,
23 09003730,ACTIVE,180,pompanoViolations_20240124-30p.json,,BTR; RENTAL HOUSING,701 NW 10 AV,12/07/2023,42.0,NOTICE VIOLATION/ HEARING (CC),COMPLIANCE DEADLINE INSP.,,231212.0,02/02/2024,Pompano Beach,23 09003730,BTR; RENTAL HOUSING,701 NW 10 AV,ACTIVE,12/07/2023,42.0,NOTICE VIOLATION/ HEARING (CC),COMPLIANCE DEADLINE INSP.,231212.0,02/02/2024,,legacy,CO 113.41(A),Public,,,,,
23 09003730,ACTIVE,180,pompanoViolations_20240124-30p.json,,STREET ADDRESS NUMBERS,701 NW 10 AV,12/07/2023,42.0,NOTICE VIOLATION/ HEARING (CC),COMPLIANCE DEADLINE INSP.,,231212.0,02/02/2024,Pompano Beach,23 09003730,STREET ADDRESS NUMBERS,701 NW 10 AV,ACTIVE,12/07/2023,42.0,NOTICE VIOLATION/ HEARING (CC),COMPLIANCE DEADLINE INSP.,231212.0,02/02/2024,,legacy,CO 100.06(A),Public,,,,,
23 09003730,ACTIVE,180,pompanoViolations_20240124-30p.json,,NUISANCE; DISCARDED OBJECTS,701 NW 10 AV,12/07/2023,42.0,NOTICE VIOLATION/ HEARING (CC),COMPLIANCE DEADLINE INSP.,,231212.0,02/02/2024,Pompano Beach,23 09003730,NUISANCE; DISCARDED OBJECTS,701 NW 10 AV,ACTIVE,12/07/2023,42.0,NOTICE VIOLATION/ HEARING (CC),COMPLIANCE DEADLINE INSP.,231212.0,02/02/2024,,legacy,CO 96.26(C)(6),Public,,,,,
23 09003730,ACTIVE,180,pompanoViolations_20240124-30p.json,,GARBAGE; RES. SCHEDULE,701 NW 10 AV,12/07/2023,42.0,NOTICE VIOLATION/ HEARING (CC),COMPLIANCE DEADLINE INSP.,,231212.0,02/02/2024,Pompano Beach,23 09003730,GARBAGE; RES. SCHEDULE,701 NW 10 AV,ACTIVE,12/07/2023,42.0,NOTICE VIOLATION/ HEARING (CC),COMPLIANCE DEADLINE INSP.,231212.0,02/02/2024,,legacy,CO 96.12(A)(7),Public,,,,,
23 09003805,ACTIVE,180,pompanoViolations_20240124-30p.json,,PARKING; SURFACE STANDARDS,704 NW 10 AV,12/12/2023,37.0,,AFFIDAVIT OF ALLEGED VIOLATION,,,12/12/2023,Pompano Beach,23 09003805,PARKING; SURFACE STANDARDS,704 NW 10 AV,ACTIVE,12/12/2023,37.0,,AFFIDAVIT OF ALLEGED VIOLATION,,12/12/2023,,legacy,CO 155.4303(X)(4)(e),Public,,,,,
23 09003805,ACTIVE,180,pompanoViolations_20240124-30p.json,,NUISANCE; DISCARDED OBJECTS,704 NW 10 AV,12/12/2023,37.0,,AFFIDAVIT OF ALLEGED VIOLATION,,,12/12/2023,Pompano Beach,23 09003805,NUISANCE; DISCARDED OBJECTS,704 NW 10 AV,ACTIVE,12/12/2023,37.0,,AFFIDAVIT OF ALLEGED VIOLATION,,12/12/2023,,legacy,CO 96.26(C)(6),Public,,,,,
23 09003805,ACTIVE,180,pompanoViolations_20240124-30p.json,,ABANDONED VEHICLES,704 NW 10 AV,12/12/2023,37.0,,AFFIDAVIT OF ALLEGED VIOLATION,,,12/12/2023,Pompano Beach,23 09003805,ABANDONED VEHICLES,704 NW 10 AV,ACTIVE,12/12/2023,37.0,,AFFIDAVIT OF ALLEGED VIOLATION,,12/12/2023,,legacy,CO 96.40(A-B),Public,,,,,
23 09003596,ACTIVE,180,pompanoViolations_20240124-30p.json,,ROLL CARTS; PLACEMENT,709 NW 10 AV,11/22/2023,57.0,NOTICE VIOLATION/ HEARING (CC),COMPLIANCE DEADLINE INSP.,,231212.0,02/02/2024,Pompano Beach,23 09003596,ROLL CARTS; PLACEMENT,709 NW 10 AV,ACTIVE,11/22/2023,57.0,NOTICE VIOLATION/ HEARING (CC),COMPLIANCE DEADLINE INSP.,231212.0,02/02/2024,,legacy,CO 96.12(A)(5),Public,,,,,
23 09003596,ACTIVE,180,pompanoViolations_20240124-30p.json,,SPECIFIC VIOL; DISTUB LANDSCAP,709 NW 10 AV,11/22/2023,57.0,NOTICE VIOLATION/ HEARING (CC),COMPLIANCE DEADLINE INSP.,,231212.0,02/02/2024,Pompano Beach,23 09003596,SPECIFIC VIOL; DISTUB LANDSCAP,709 NW 10 AV,ACTIVE,11/22/2023,57.0,NOTICE VIOLATION/ HEARING (CC),COMPLIANCE DEADLINE INSP.,231212.0,02/02/2024,,legacy,CO 155.8202(F),Public,,,,,
23 09003596,ACTIVE,180,pompanoViolations_20240124-30p.json,,NUISANCE;,709 NW 10,11/22/2023,57.0,NOTICE,COMPLIANCE,,231212.0,02/02/2024,Pompano Beach,23 09003596,NUISANCE;,709 NW 10,ACTIVE,11/22/2023,57.0,NOTICE,COMPLIANCE,231212.0,02/02/2024,,legacy,CO 96.26(D)(5),Public,,,,,
,,188,pompanoViolations_20240124-30p.json,,BARRIER CONDITION,AV,,,VIOLATION/ HEARING (CC),DEADLINE INSP.,,,,Pompano Beach,,BARRIER CONDITION,AV,,,,VIOLATION/ HEARING (CC),DEADLINE INSP.,,,,legacy,,,,,,,
23 09003596,ACTIVE,188,pompanoViolations_20240124-30p.json,,BTR; RENTAL HOUSING,709 NW 10 AV,11/22/2023,57.0,NOTICE VIOLATION/ HEARING (CC),COMPLIANCE DEADLINE INSP.,,231212.0,02/02/2024,Pompano Beach,23 09003596,BTR; RENTAL HOUSING,709 NW 10 AV,ACTIVE,11/22/2023,57.0,NOTICE VIOLATION/ HEARING (CC),COMPLIANCE DEADLINE INSP.,231212.0,02/02/2024,,legacy,CO 113.41(A),Public,,,,,
23 09003596,ACTIVE,188,pompanoViolations_20240124-30p.json,,"FENCES, MAINTENACE REQUIRED",709 NW 10 AV,11/22/2023,57.0,NOTICE VIOLATION/ HEARING (CC),COMPLIANCE DEADLINE INSP.,,231212.0,02/02/2024,Pompano Beach,23 09003596,"FENCES, MAINTENACE REQUIRED",709 NW 10 AV,ACTIVE,11/22/2023,57.0,NOTICE VIOLATION/ HEARING (CC),COMPLIANCE DEADLINE INSP.,231212.0,02/02/2024,,legacy,CO 155.5302(H),Public,,,,,
23 09003596,ACTIVE,188,pompanoViolations_20240124-30p.json,,ABANDONED VEHICLES,709 NW 10 AV,11/22/2023,57.0,NOTICE VIOLATION/ HEARING (CC),COMPLIANCE DEADLINE INSP.,,231212.0,02/02/2024,Pompano Beach,23 09003596,ABANDONED VEHICLES,709 NW 10 AV,ACTIVE,11/22/2023,57.0,NOTICE VIOLATION/ HEARING (CC),COMPLIANCE DEADLINE INSP.,231212.0,02/02/2024,,legacy,CO 96.40(A-B),Public,,,,,
23 09003596,ACTIVE,188,pompanoViolations_20240124-30p.json,,NUISANCE; MOISTURE OR VERMIN,709 NW 10 AV,11/22/2023,57.0,NOTICE VIOLATION/ HEARING (CC),COMPLIANCE DEADLINE INSP.,,231212.0,02/02/2024,Pompano Beach,23 09003596,NUISANCE; MOISTURE OR VERMIN,709 NW 10 AV,ACTIVE,11/22/2023,57.0,NOTICE VIOLATION/ HEARING (CC),COMPLIANCE DEADLINE INSP.,231212.0,02/02/2024,,legacy,CO 96.26(D)(2),Public,,,,,
23 09003596,ACTIVE,188,pompanoViolations_20240124-30p.json,,BTR; RENTAL HOUSING INSPECTION,709 NW 10 AV,11/22/2023,57.0,NOTICE VIOLATION/ HEARING (CC),COMPLIANCE DEADLINE INSP.,,231212.0,02/02/2024,Pompano Beach,23 09003596,BTR; RENTAL HOUSING INSPECTION,709 NW 10 AV,ACTIVE,11/22/2023,57.0,NOTICE VIOLATION/ HEARING (CC),COMPLIANCE DEADLINE INSP.,231212.0,02/02/2024,,legacy,CO 113.41(C)(1),Public,,,,,
24 09004086,ACTIVE,188,pompanoViolations_20240124-30p.json,,NUISANCE; PROTECTIVE COATING,2241 NW 10 CT,01/16/2024,2.0,AFFIDAVIT OF ALLEGED VIOLATION,NOTICE VIOLATION/ HEARING (CC),,240116.0,01/16/2024,Pompano Beach,24 09004086,NUISANCE; PROTECTIVE COATING,2241 NW 10 CT,ACTIVE,01/16/2024,2.0,AFFIDAVIT OF ALLEGED VIOLATION,NOTICE VIOLATION/ HEARING (CC),240116.0,01/16/2024,,legacy,CO 96.26(D)(1),Public,,,,,
24 09004086,ACTIVE,188,pompanoViolations_20240124-30p.json,,STREET ADDRESS NUMBERS,2241 NW 10 CT,01/16/2024,2.0,AFFIDAVIT OF ALLEGED VIOLATION,NOTICE VIOLATION/ HEARING (CC),,240116.0,01/16/2024,Pompano Beach,24 09004086,STREET ADDRESS NUMBERS,2241 NW 10 CT,ACTIVE,01/16/2024,2.0,AFFIDAVIT OF ALLEGED VIOLATION,NOTICE VIOLATION/ HEARING (CC),240116.0,01/16/2024,,legacy,CO 100.06(A),Public,,,,,
24 09004086,ACTIVE,188,pompanoViolations_20240124-30p.json,,PARKING; SURFACE STANDARDS,2241 NW 10 CT,01/16/2024,2.0,AFFIDAVIT OF ALLEGED VIOLATION,NOTICE VIOLATION/ HEARING (CC),,240116.0,01/16/2024,Pompano Beach,24 09004086,PARKING; SURFACE STANDARDS,2241 NW 10 CT,ACTIVE,01/16/2024,2.0,AFFIDAVIT OF ALLEGED VIOLATION,NOTICE VIOLATION/ HEARING (CC),240116.0,01/16/2024,,legacy,CO 155.4303(X)(4)(e),Public,,,,,
24 09004086,ACTIVE,188,pompanoViolations_20240124-30p.json,,PARKING; RES MOVABLE,2241 NW 10 CT,01/16/2024,2.0,AFFIDAVIT OF ALLEGED VIOLATION,NOTICE VIOLATION/ HEARING (CC),,240116.0,01/16/2024,Pompano Beach,24 09004086,PARKING; RES MOVABLE,2241 NW 10 CT,ACTIVE,01/16/2024,2.0,AFFIDAVIT OF ALLEGED VIOLATION,NOTICE VIOLATION/ HEARING (CC),240116.0,01/16/2024,,legacy,CO 155.4303(X)(4)(i)(iv),Public,,,,,
24 09004084,ACTIVE,188,pompanoViolations_20240124-30p.json,,SPECIFIC VIOL; OCCUPY STUCTURE,2281 NW 10 CT,01/16/2024,2.0,AFFIDAVIT OF ALLEGED VIOLATION,RE INSPECTION,,240116.0,01/23/2024,Pompano Beach,24 09004084,SPECIFIC VIOL; OCCUPY STUCTURE,2281 NW 10 CT,ACTIVE,01/16/2024,2.0,AFFIDAVIT OF ALLEGED VIOLATION,RE INSPECTION,240116.0,01/23/2024,,legacy,CO 155.8202(B),Public,,,,,
24 09004084,ACTIVE,188,pompanoViolations_20240124-30p.json,,STREET ADDRESS NUMBERS,2281 NW 10 CT,01/16/2024,2.0,AFFIDAVIT OF ALLEGED VIOLATION,RE INSPECTION,,240116.0,01/23/2024,Pompano Beach,24 09004084,STREET ADDRESS NUMBERS,2281 NW 10 CT,ACTIVE,01/16/2024,2.0,AFFIDAVIT OF ALLEGED VIOLATION,RE INSPECTION,240116.0,01/23/2024,,legacy,CO 100.06(A),Public,,,,,
24 09004084,ACTIVE,188,pompanoViolations_20240124-30p.json,,PARKING; RES,2281 NW,01/16/2024,2.0,AFFIDAVIT OF,RE INSPECTION,,240116.0,01/23/2024,Pompano Beach,24 09004084,PARKING; RES,2281 NW,ACTIVE,01/16/2024,2.0,AFFIDAVIT OF,RE INSPECTION,240116.0,01/23/2024,,legacy,CO,Public,,,,,
,,196,pompanoViolations_20240124-30p.json,,LICENSE PLATE,10 CT,,,ALLEGED VIOLATION,,,,,Pompano Beach,,LICENSE PLATE,10 CT,,,,ALLEGED VIOLATION,,,,,legacy,155.4303(X)(4)(i)(i),,,,,,
23 09003937,ACTIVE,196,pompanoViolations_20240124-30p.json,,BULK TRASH; SCHEDULE,901 SE 10 CT,12/20/2023,29.0,COURTESY NOTICE LETTER (CC),RE INSPECTION,,231221.0,12/28/2023,Pompano Beach,23 09003937,BULK TRASH; SCHEDULE,901 SE 10 CT,ACTIVE,12/20/2023,29.0,COURTESY NOTICE LETTER (CC),RE INSPECTION,231221.0,12/28/2023,,legacy,CO 96.12(A)(6)(a)(2),Public,,,,,
23 09003813,ACTIVE,196,pompanoViolations_20240124-30p.json,,NUISANCE; GRASS OR WEEDS,225 NW 10 ST,12/07/2023,42.0,COURTESY NOTICE LETTER (CC),AFFIDAVIT OF ALLEGED VIOLATION,,231213.0,02/10/2024,Pompano Beach,23 09003813,NUISANCE; GRASS OR WEEDS,225 NW 10 ST,ACTIVE,12/07/2023,42.0,COURTESY NOTICE LETTER (CC),AFFIDAVIT OF ALLEGED VIOLATION,231213.0,02/10/2024,,legacy,CO 96.26(C)(3),Public,,,,,
23 09003813,ACTIVE,196,pompanoViolations_20240124-30p.json,,NUISANCE; GARBAGE ACCUMULATION,225 NW 10 ST,12/07/2023,42.0,COURTESY NOTICE LETTER (CC),AFFIDAVIT OF ALLEGED VIOLATION,,231213.0,02/10/2024,Pompano Beach,23 09003813,NUISANCE; GARBAGE ACCUMULATION,225 NW 10 ST,ACTIVE,12/07/2023,42.0,COURTESY NOTICE LETTER (CC),AFFIDAVIT OF ALLEGED VIOLATION,231213.0,02/10/2024,,legacy,CO 96.26(C)(1),Public,,,,,
23 09003813,ACTIVE,196,pompanoViolations_20240124-30p.json,,"FENCES, MAINTENACE REQUIRED",225 NW 10 ST,12/07/2023,42.0,COURTESY NOTICE LETTER (CC),AFFIDAVIT OF ALLEGED VIOLATION,,231213.0,02/10/2024,Pompano Beach,23 09003813,"FENCES, MAINTENACE REQUIRED",225 NW 10 ST,ACTIVE,12/07/2023,42.0,COURTESY NOTICE LETTER (CC),AFFIDAVIT OF ALLEGED VIOLATION,231213.0,02/10/2024,,legacy,CO 155.5302(H),Public,,,,,
23 09003813,ACTIVE,196,pompanoViolations_20240124-30p.json,,RENTAL; EXTERIOR ELECTRICAL,225 NW 10 ST,12/07/2023,42.0,COURTESY NOTICE LETTER (CC),AFFIDAVIT OF ALLEGED VIOLATION,,231213.0,02/10/2024,Pompano Beach,23 09003813,RENTAL; EXTERIOR ELECTRICAL,225 NW 10 ST,ACTIVE,12/07/2023,42.0,COURTESY NOTICE LETTER (CC),AFFIDAVIT OF ALLEGED VIOLATION,231213.0,02/10/2024,,legacy,CO 153.25(H),Public,,,,,
23 09003813,ACTIVE,196,pompanoViolations_20240124-30p.json,,RENTAL; ELEC MAINTAINED,225 NW 10 ST,12/07/2023,42.0,COURTESY NOTICE LETTER (CC),AFFIDAVIT OF ALLEGED VIOLATION,,231213.0,02/10/2024,Pompano Beach,23 09003813,RENTAL; ELEC MAINTAINED,225 NW 10 ST,ACTIVE,12/07/2023,42.0,COURTESY NOTICE LETTER (CC),AFFIDAVIT OF ALLEGED VIOLATION,231213.0,02/10/2024,,legacy,CO 153.23(B)(1),Public,,,,,
23 09003502,ACTIVE,196,pompanoViolations_20240124-30p.json,,STREET ADDRESS NUMBERS,2628 SE 10 ST,11/07/2023,72.0,NOTICE VIOLATION/ HEARING (CC),COMPLIANCE DEADLINE INSP.,,231221.0,02/02/2024,Pompano Beach,23 09003502,STREET ADDRESS NUMBERS,2628 SE 10 ST,ACTIVE,11/07/2023,72.0,NOTICE VIOLATION/ HEARING (CC),COMPLIANCE DEADLINE INSP.,231221.0,02/02/2024,,legacy,CO 100.06(A),Public,,,,,
23 09003502,ACTIVE,196,pompanoViolations_20240124-30p.json,,RENTAL; SHORT TERM PERMIT REQ,2628 SE 10 ST,11/07/2023,72.0,NOTICE VIOLATION/ HEARING (CC),COMPLIANCE DEADLINE INSP.,,231221.0,02/02/2024,Pompano Beach,23 09003502,RENTAL; SHORT TERM PERMIT REQ,2628 SE 10 ST,ACTIVE,11/07/2023,72.0,NOTICE VIOLATION/ HEARING (CC),COMPLIANCE DEADLINE INSP.,231221.0,02/02/2024,,legacy,CO 153.08(A),Public,,,,,
23 09003502,ACTIVE,196,pompanoViolations_20240124-30p.json,,RENTAL; BUILDING EVAC PLAN,2628 SE 10 ST,11/07/2023,72.0,NOTICE VIOLATION/ HEARING (CC),COMPLIANCE DEADLINE INSP.,,231221.0,02/02/2024,Pompano Beach,23 09003502,RENTAL; BUILDING EVAC PLAN,2628 SE 10 ST,ACTIVE,11/07/2023,72.0,NOTICE VIOLATION/ HEARING (CC),COMPLIANCE DEADLINE INSP.,231221.0,02/02/2024,,legacy,CO 153.26(F),Public,,,,,
23 09003502,ACTIVE,196,pompanoViolations_20240124-30p.json,,RENTAL; ELEC MAINTAINED,2628 SE 10 ST,11/07/2023,72.0,NOTICE VIOLATION/ HEARING (CC),COMPLIANCE DEADLINE INSP.,,231221.0,02/02/2024,Pompano Beach,23 09003502,RENTAL; ELEC MAINTAINED,2628 SE 10 ST,ACTIVE,11/07/2023,72.0,NOTICE VIOLATION/ HEARING (CC),COMPLIANCE DEADLINE INSP.,231221.0,02/02/2024,,legacy,CO 153.23(B)(1),Public,,,,,
23 09003698,ACTIVE,196,pompanoViolations_20240124-30p.json,,BACKFILLING TIDAL BARRIERS,3210 SE 10 ST,12/05/2023,44.0,,RE INSPECTION,,,12/15/2023,Pompano Beach,23 09003698,BACKFILLING TIDAL BARRIERS,3210 SE 10 ST,ACTIVE,12/05/2023,44.0,,RE INSPECTION,,12/15/2023,,legacy,CO 151.07,Public,,,,,
23 09003601,ACTIVE,196,pompanoViolations_20240124-30p.json,,SPECIFIC VIOL; DISTUB LANDSCAP,2630 NE 11 AV,11/22/2023,57.0,COURTESY NOTICE LETTER,RE INSPECTION,,231122.0,11/29/2023,Pompano Beach,23 09003601,SPECIFIC VIOL; DISTUB LANDSCAP,2630 NE 11 AV,ACTIVE,11/22/2023,57.0,COURTESY NOTICE LETTER,RE INSPECTION,231122.0,11/29/2023,,legacy,CO 155.8202(F),Public,,,,,
,,204,pompanoViolations_20240124-30p.json,,,,,,(CC),,,,,Pompano Beach,,,,,,,(CC),,,,,legacy,,,,,,,
23 09003601,ACTIVE,204,pompanoViolations_20240124-30p.json,,BTR; RENTAL HOUSING,2630 NE 11 AV,11/22/2023,57.0,COURTESY NOTICE LETTER (CC),RE INSPECTION,,231122.0,11/29/2023,Pompano Beach,23 09003601,BTR; RENTAL HOUSING,2630 NE 11 AV,ACTIVE,11/22/2023,57.0,COURTESY NOTICE LETTER (CC),RE INSPECTION,231122.0,11/29/2023,,legacy,CO 113.41(A),Public,,,,,
23 09003601,ACTIVE,204,pompanoViolations_20240124-30p.json,,"FENCES, MAINTENACE REQUIRED",2630 NE 11 AV,11/22/2023,57.0,COURTESY NOTICE LETTER (CC),RE INSPECTION,,231122.0,11/29/2023,Pompano Beach,23 09003601,"FENCES, MAINTENACE REQUIRED",2630 NE 11 AV,ACTIVE,11/22/2023,57.0,COURTESY NOTICE LETTER (CC),RE INSPECTION,231122.0,11/29/2023,,legacy,CO 155.5302(H),Public,,,,,
23 09003601,ACTIVE,204,pompanoViolations_20240124-30p.json,,BTR; RENTAL HOUSING INSPECTION,2630 NE 11 AV,11/22/2023,57.0,COURTESY NOTICE LETTER (CC),RE INSPECTION,,231122.0,11/29/2023,Pompano Beach,23 09003601,BTR; RENTAL HOUSING INSPECTION,2630 NE 11 AV,ACTIVE,11/22/2023,57.0,COURTESY NOTICE LETTER (CC),RE INSPECTION,231122.0,11/29/2023,,legacy,CO 113.41(C)(1),Public,,,,,
23 09003601,ACTIVE,204,pompanoViolations_20240124-30p.json,,PARKING; SURFACE STANDARDS,2630 NE 11 AV,11/22/2023,57.0,COURTESY NOTICE LETTER (CC),RE INSPECTION,,231122.0,11/29/2023,Pompano Beach,23 09003601,PARKING; SURFACE STANDARDS,2630 NE 11 AV,ACTIVE,11/22/2023,57.0,COURTESY NOTICE LETTER (CC),RE INSPECTION,231122.0,11/29/2023,,legacy,CO 155.4303(X)(4)(e),Public,,,,,
23 09003601,ACTIVE,204,pompanoViolations_20240124-30p.json,,FBC; VIOLATION,2630 NE 11 AV,11/22/2023,57.0,COURTESY NOTICE LETTER (CC),RE INSPECTION,,231122.0,11/29/2023,Pompano Beach,23 09003601,FBC; VIOLATION,2630 NE 11 AV,ACTIVE,11/22/2023,57.0,COURTESY NOTICE LETTER (CC),RE INSPECTION,231122.0,11/29/2023,,legacy,CO 152.01(B),Public,,,,,
23 09003601,ACTIVE,204,pompanoViolations_20240124-30p.json,,SPECIFIC VIOL; OCCUPY STUCTURE,2630 NE 11 AV,11/22/2023,57.0,COURTESY NOTICE LETTER (CC),RE INSPECTION,,231122.0,11/29/2023,Pompano Beach,23 09003601,SPECIFIC VIOL; OCCUPY STUCTURE,2630 NE 11 AV,ACTIVE,11/22/2023,57.0,COURTESY NOTICE LETTER (CC),RE INSPECTION,231122.0,11/29/2023,,legacy,CO 155.8202(B),Public,,,,,
24 09004097,ACTIVE,204,pompanoViolations_20240124-30p.json,,COMM TRUCKS ON RES LOTS,3111 NE 11 AV,01/16/2024,2.0,COURTESY NOTICE LETTER (CC),RE INSPECTION,,240117.0,01/24/2024,Pompano Beach,24 09004097,COMM TRUCKS ON RES LOTS,3111 NE 11 AV,ACTIVE,01/16/2024,2.0,COURTESY NOTICE LETTER (CC),RE INSPECTION,240117.0,01/24/2024,,legacy,CO 155.4303(Y)(3)(b),Public,,,,,
24 09004097,ACTIVE,204,pompanoViolations_20240124-30p.json,,NUISANCE; DISCARDED OBJECTS,3111 NE 11 AV,01/16/2024,2.0,COURTESY NOTICE LETTER (CC),RE INSPECTION,,240117.0,01/24/2024,Pompano Beach,24 09004097,NUISANCE; DISCARDED OBJECTS,3111 NE 11 AV,ACTIVE,01/16/2024,2.0,COURTESY NOTICE LETTER (CC),RE INSPECTION,240117.0,01/24/2024,,legacy,CO 96.26(C)(6),Public,,,,,
24 09004097,ACTIVE,204,pompanoViolations_20240124-30p.json,,BTR; RENTAL HOUSING INSPECTION,3111 NE 11 AV,01/16/2024,2.0,COURTESY NOTICE LETTER (CC),RE INSPECTION,,240117.0,01/24/2024,Pompano Beach,24 09004097,BTR; RENTAL HOUSING INSPECTION,3111 NE 11 AV,ACTIVE,01/16/2024,2.0,COURTESY NOTICE LETTER (CC),RE INSPECTION,240117.0,01/24/2024,,legacy,CO 113.41(C)(1),Public,,,,,
24 09004097,ACTIVE,204,pompanoViolations_20240124-30p.json,,BTR; RENTAL HOUSING,3111 NE 11 AV,01/16/2024,2.0,COURTESY NOTICE LETTER (CC),RE INSPECTION,,240117.0,01/24/2024,Pompano Beach,24 09004097,BTR; RENTAL HOUSING,3111 NE 11 AV,ACTIVE,01/16/2024,2.0,COURTESY NOTICE LETTER (CC),RE INSPECTION,240117.0,01/24/2024,,legacy,CO 113.41(A),Public,,,,,
23 09003913,ACTIVE,204,pompanoViolations_20240124-30p.json,,NUISANCE; GRASS OR WEEDS,4230 NE 11 AV,12/15/2023,34.0,COURTESY NOTICE LETTER (CC),RE INSPECTION,,231220.0,12/27/2023,Pompano Beach,23 09003913,NUISANCE; GRASS OR WEEDS,4230 NE 11 AV,ACTIVE,12/15/2023,34.0,COURTESY NOTICE LETTER (CC),RE INSPECTION,231220.0,12/27/2023,,legacy,CO 96.26(C)(3),Public,,,,,
23 09003913,ACTIVE,204,pompanoViolations_20240124-30p.json,,NUISANCE; BARRIER,4230 NE 11 AV,12/15/2023,34.0,COURTESY NOTICE LETTER,RE INSPECTION,,231220.0,12/27/2023,Pompano Beach,23 09003913,NUISANCE; BARRIER,4230 NE 11 AV,ACTIVE,12/15/2023,34.0,COURTESY NOTICE LETTER,RE INSPECTION,231220.0,12/27/2023,,legacy,CO 96.26(D)(5),Public,,,,,
,,212,pompanoViolations_20240124-30p.json,,CONDITION,,,,(CC),,,,,Pompano Beach,,CONDITION,,,,,(CC),,,,,legacy,,,,,,,
23 09003913,ACTIVE,212,pompanoViolations_20240124-30p.json,,PARKING; PERIODICALLY RESTORED,4230 NE 11 AV,12/15/2023,34.0,COURTESY NOTICE LETTER (CC),RE INSPECTION,,231220.0,12/27/2023,Pompano Beach,23 09003913,PARKING; PERIODICALLY RESTORED,4230 NE 11 AV,ACTIVE,12/15/2023,34.0,COURTESY NOTICE LETTER (CC),RE INSPECTION,231220.0,12/27/2023,,legacy,CO 155.5102(C) (10)(b),Public,,,,,
23 09003913,ACTIVE,212,pompanoViolations_20240124-30p.json,,NUISANCE; PROTECTIVE COATING,4230 NE 11 AV,12/15/2023,34.0,COURTESY NOTICE LETTER (CC),RE INSPECTION,,231220.0,12/27/2023,Pompano Beach,23 09003913,NUISANCE; PROTECTIVE COATING,4230 NE 11 AV,ACTIVE,12/15/2023,34.0,COURTESY NOTICE LETTER (CC),RE INSPECTION,231220.0,12/27/2023,,legacy,CO 96.26(D)(1),Public,,,,,
23 09003913,ACTIVE,212,pompanoViolations_20240124-30p.json,,NUISANCE; SIDEWALK OVERGROWTH,4230 NE 11 AV,12/15/2023,34.0,COURTESY NOTICE LETTER (CC),RE INSPECTION,,231220.0,12/27/2023,Pompano Beach,23 09003913,NUISANCE; SIDEWALK OVERGROWTH,4230 NE 11 AV,ACTIVE,12/15/2023,34.0,COURTESY NOTICE LETTER (CC),RE INSPECTION,231220.0,12/27/2023,,legacy,CO 96.26(C)(7),Public,,,,,
23 09003913,ACTIVE,212,pompanoViolations_20240124-30p.json,,ABANDONED VEHICLES,4230 NE 11 AV,12/15/2023,34.0,COURTESY NOTICE LETTER (CC),RE INSPECTION,,231220.0,12/27/2023,Pompano Beach,23 09003913,ABANDONED VEHICLES,4230 NE 11 AV,ACTIVE,12/15/2023,34.0,COURTESY NOTICE LETTER (CC),RE INSPECTION,231220.0,12/27/2023,,legacy,CO 96.40(A-B),Public,,,,,
23 09003913,ACTIVE,212,pompanoViolations_20240124-30p.json,,BTR; RENTAL HOUSING INSPECTION,4230 NE 11 AV,12/15/2023,34.0,COURTESY NOTICE LETTER (CC),RE INSPECTION,,231220.0,12/27/2023,Pompano Beach,23 09003913,BTR; RENTAL HOUSING INSPECTION,4230 NE 11 AV,ACTIVE,12/15/2023,34.0,COURTESY NOTICE LETTER (CC),RE INSPECTION,231220.0,12/27/2023,,legacy,CO 113.41(C)(1),Public,,,,,
23 09003913,ACTIVE,212,pompanoViolations_20240124-30p.json,,NUISANCE; DANGEROUS TREE,4230 NE 11 AV,12/15/2023,34.0,COURTESY NOTICE LETTER (CC),RE INSPECTION,,231220.0,12/27/2023,Pompano Beach,23 09003913,NUISANCE; DANGEROUS TREE,4230 NE 11 AV,ACTIVE,12/15/2023,34.0,COURTESY NOTICE LETTER (CC),RE INSPECTION,231220.0,12/27/2023,,legacy,CO 96.26(C)(8),Public,,,,,
23 09003913,ACTIVE,212,pompanoViolations_20240124-30p.json,,BTR; RENTAL HOUSING,4230 NE 11 AV,12/15/2023,34.0,COURTESY NOTICE LETTER (CC),RE INSPECTION,,231220.0,12/27/2023,Pompano Beach,23 09003913,BTR; RENTAL HOUSING,4230 NE 11 AV,ACTIVE,12/15/2023,34.0,COURTESY NOTICE LETTER (CC),RE INSPECTION,231220.0,12/27/2023,,legacy,CO 113.41(A),Public,,,,,
23 09003913,ACTIVE,212,pompanoViolations_20240124-30p.json,,"FENCES, MAINTENACE REQUIRED",4230 NE 11 AV,12/15/2023,34.0,COURTESY NOTICE LETTER (CC),RE INSPECTION,,231220.0,12/27/2023,Pompano Beach,23 09003913,"FENCES, MAINTENACE REQUIRED",4230 NE 11 AV,ACTIVE,12/15/2023,34.0,COURTESY NOTICE LETTER (CC),RE INSPECTION,231220.0,12/27/2023,,legacy,CO 155.5302(H),Public,,,,,
23 09003913,ACTIVE,212,pompanoViolations_20240124-30p.json,,BOARDED BUILDING; PERMIT REQ,4230 NE 11 AV,12/15/2023,34.0,COURTESY NOTICE LETTER (CC),RE INSPECTION,,231220.0,12/27/2023,Pompano Beach,23 09003913,BOARDED BUILDING; PERMIT REQ,4230 NE 11 AV,ACTIVE,12/15/2023,34.0,COURTESY NOTICE LETTER (CC),RE INSPECTION,231220.0,12/27/2023,,legacy,CO 96.55(A-B),Public,,,,,
23 09003853,ACTIVE,212,pompanoViolations_20240124-30p.json,,BTR; RENTAL HOUSING,109 SE 11 AV,12/08/2023,41.0,COURTESY NOTICE LETTER (CC),RE INSPECTION,,231214.0,12/21/2023,Pompano Beach,23 09003853,BTR; RENTAL HOUSING,109 SE 11 AV,ACTIVE,12/08/2023,41.0,COURTESY NOTICE LETTER (CC),RE INSPECTION,231214.0,12/21/2023,,legacy,CO 113.41(A),Public,,,,,
23 09003853,ACTIVE,212,pompanoViolations_20240124-30p.json,,RENTAL; SHORT TERM PERMIT REQ,109 SE 11 AV,12/08/2023,41.0,COURTESY NOTICE LETTER (CC),RE INSPECTION,,231214.0,12/21/2023,Pompano Beach,23 09003853,RENTAL; SHORT TERM PERMIT REQ,109 SE 11 AV,ACTIVE,12/08/2023,41.0,COURTESY NOTICE LETTER (CC),RE INSPECTION,231214.0,12/21/2023,,legacy,CO 153.08(A),Public,,,,,
24 09004111,ACTIVE,212,pompanoViolations_20240124-30p.json,,SPECIFIC VIOL; OCCUPY STUCTURE,2300 NW 11 CT,01/18/2024,0.0,AFFIDAVIT OF ALLEGED,RE INSPECTION,,240118.0,01/25/2024,Pompano Beach,24 09004111,SPECIFIC VIOL; OCCUPY STUCTURE,2300 NW 11 CT,ACTIVE,01/18/2024,0.0,AFFIDAVIT OF ALLEGED,RE INSPECTION,240118.0,01/25/2024,,legacy,CO 155.8202(B),Public,,,,,
,,220,pompanoViolations_20240124-30p.json,,,,,,VIOLATION,,,,,Pompano Beach,,,,,,,VIOLATION,,,,,legacy,,,,,,,
24 09004116,ACTIVE,220,pompanoViolations_20240124-30p.json,,SPECIFIC VIOL; DEV PERMIT REQ,2320 NW 11 CT,01/18/2024,0.0,AFFIDAVIT OF ALLEGED VIOLATION,RE INSPECTION,,240118.0,01/25/2024,Pompano Beach,24 09004116,SPECIFIC VIOL; DEV PERMIT REQ,2320 NW 11 CT,ACTIVE,01/18/2024,0.0,AFFIDAVIT OF ALLEGED VIOLATION,RE INSPECTION,240118.0,01/25/2024,,legacy,CO 155.8202(A),Public,,,,,
23 09003541,ACTIVE,220,pompanoViolations_20240124-30p.json,,RENTAL; ELEC MAINTAINED,212 NW 11 ST,11/02/2023,77.0,COURTESY NOTICE LETTER (CC),RE INSPECTION,,231114.0,12/14/2023,Pompano Beach,23 09003541,RENTAL; ELEC MAINTAINED,212 NW 11 ST,ACTIVE,11/02/2023,77.0,COURTESY NOTICE LETTER (CC),RE INSPECTION,231114.0,12/14/2023,,legacy,CO 153.23(B)(1),Public,,,,,
23 09003541,ACTIVE,220,pompanoViolations_20240124-30p.json,,RENTAL; NUM. OF UNITS ALLOWED,212 NW 11 ST,11/02/2023,77.0,COURTESY NOTICE LETTER (CC),RE INSPECTION,,231114.0,12/14/2023,Pompano Beach,23 09003541,RENTAL; NUM. OF UNITS ALLOWED,212 NW 11 ST,ACTIVE,11/02/2023,77.0,COURTESY NOTICE LETTER (CC),RE INSPECTION,231114.0,12/14/2023,,legacy,CO 153.17(D),Public,,,,,
23 09003541,ACTIVE,220,pompanoViolations_20240124-30p.json,,RENTAL; EXTERIOR ELECTRICAL,212 NW 11 ST,11/02/2023,77.0,COURTESY NOTICE LETTER (CC),RE INSPECTION,,231114.0,12/14/2023,Pompano Beach,23 09003541,RENTAL; EXTERIOR ELECTRICAL,212 NW 11 ST,ACTIVE,11/02/2023,77.0,COURTESY NOTICE LETTER (CC),RE INSPECTION,231114.0,12/14/2023,,legacy,CO 153.25(H),Public,,,,,
23 09003541,ACTIVE,220,pompanoViolations_20240124-30p.json,,FBC; VIOLATION,212 NW 11 ST,11/02/2023,77.0,COURTESY NOTICE LETTER (CC),RE INSPECTION,,231114.0,12/14/2023,Pompano Beach,23 09003541,FBC; VIOLATION,212 NW 11 ST,ACTIVE,11/02/2023,77.0,COURTESY NOTICE LETTER (CC),RE INSPECTION,231114.0,12/14/2023,,legacy,CO 152.01(B),Public,,,,,
23 09003541,ACTIVE,220,pompanoViolations_20240124-30p.json,,BTR; RENTAL HOUSING INSPECTION,212 NW 11 ST,11/02/2023,77.0,COURTESY NOTICE LETTER (CC),RE INSPECTION,,231114.0,12/14/2023,Pompano Beach,23 09003541,BTR; RENTAL HOUSING INSPECTION,212 NW 11 ST,ACTIVE,11/02/2023,77.0,COURTESY NOTICE LETTER (CC),RE INSPECTION,231114.0,12/14/2023,,legacy,CO 113.41(C)(1),Public,,,,,
23 09003510,ACTIVE,220,pompanoViolations_20240124-30p.json,,COMM TRUCKS ON RES LOTS,2421 NW 11 ST,11/09/2023,70.0,NOTICE VIOLATION/ HEARING (CC),COMPLIANCE DEADLINE INSP.,,231221.0,02/02/2024,Pompano Beach,23 09003510,COMM TRUCKS ON RES LOTS,2421 NW 11 ST,ACTIVE,11/09/2023,70.0,NOTICE VIOLATION/ HEARING (CC),COMPLIANCE DEADLINE INSP.,231221.0,02/02/2024,,legacy,CO 155.4303(Y)(3)(b),Public,,,,,
24 09004123,ACTIVE,220,pompanoViolations_20240124-30p.json,,SPECIFIC VIOL; OCCUPY STUCTURE,2700 NW 11 ST,01/18/2024,0.0,AFFIDAVIT OF ALLEGED VIOLATION,RE INSPECTION,,240118.0,01/25/2024,Pompano Beach,24 09004123,SPECIFIC VIOL; OCCUPY STUCTURE,2700 NW 11 ST,ACTIVE,01/18/2024,0.0,AFFIDAVIT OF ALLEGED VIOLATION,RE INSPECTION,240118.0,01/25/2024,,legacy,CO 155.8202(B),Public,,,,,
24 09004123,ACTIVE,220,pompanoViolations_20240124-30p.json,,SPECIFIC VIOL; DISTUB LANDSCAP,2700 NW 11 ST,01/18/2024,0.0,AFFIDAVIT OF ALLEGED VIOLATION,RE INSPECTION,,240118.0,01/25/2024,Pompano Beach,24 09004123,SPECIFIC VIOL; DISTUB LANDSCAP,2700 NW 11 ST,ACTIVE,01/18/2024,0.0,AFFIDAVIT OF ALLEGED VIOLATION,RE INSPECTION,240118.0,01/25/2024,,legacy,CO 155.8202(F),Public,,,,,
24 09004123,ACTIVE,220,pompanoViolations_20240124-30p.json,,FBC; VIOLATION,2700 NW 11 ST,01/18/2024,0.0,AFFIDAVIT OF ALLEGED VIOLATION,RE INSPECTION,,240118.0,01/25/2024,Pompano Beach,24 09004123,FBC; VIOLATION,2700 NW 11 ST,ACTIVE,01/18/2024,0.0,AFFIDAVIT OF ALLEGED VIOLATION,RE INSPECTION,240118.0,01/25/2024,,legacy,CO 152.01(B),Public,,,,,
24 09004121,ACTIVE,220,pompanoViolations_20240124-30p.json,,BTR; RENTAL HOUSING,2780 NW 11 ST,01/18/2024,0.0,AFFIDAVIT OF ALLEGED VIOLATION,RE INSPECTION,,240118.0,01/25/2024,Pompano Beach,24 09004121,BTR; RENTAL HOUSING,2780 NW 11 ST,ACTIVE,01/18/2024,0.0,AFFIDAVIT OF ALLEGED VIOLATION,RE INSPECTION,240118.0,01/25/2024,,legacy,CO 113.41(A),Public,,,,,
24 09004121,ACTIVE,220,pompanoViolations_20240124-30p.json,,SPECIFIC VIOL; OCCUPY STUCTURE,2780 NW 11 ST,01/18/2024,0.0,AFFIDAVIT OF ALLEGED,RE INSPECTION,,240118.0,01/25/2024,Pompano Beach,24 09004121,SPECIFIC VIOL; OCCUPY STUCTURE,2780 NW 11 ST,ACTIVE,01/18/2024,0.0,AFFIDAVIT OF ALLEGED,RE INSPECTION,240118.0,01/25/2024,,legacy,CO 155.8202(B),Public,,,,,
,,228,pompanoViolations_20240124-30p.json,,,,,,VIOLATION,,,,,Pompano Beach,,,,,,,VIOLATION,,,,,legacy,,,,,,,
24 09004121,ACTIVE,228,pompanoViolations_20240124-30p.json,,PARKING; SURFACE STANDARDS,2780 NW 11 ST,01/18/2024,0.0,AFFIDAVIT OF ALLEGED VIOLATION,RE INSPECTION,,240118.0,01/25/2024,Pompano Beach,24 09004121,PARKING; SURFACE STANDARDS,2780 NW 11 ST,ACTIVE,01/18/2024,0.0,AFFIDAVIT OF ALLEGED VIOLATION,RE INSPECTION,240118.0,01/25/2024,,legacy,CO 155.4303(X)(4) (e),Public,,,,,
24 09004121,ACTIVE,228,pompanoViolations_20240124-30p.json,,SPECIFIC VIOL; DISTUB LANDSCAP,2780 NW 11 ST,01/18/2024,0.0,AFFIDAVIT OF ALLEGED VIOLATION,RE INSPECTION,,240118.0,01/25/2024,Pompano Beach,24 09004121,SPECIFIC VIOL; DISTUB LANDSCAP,2780 NW 11 ST,ACTIVE,01/18/2024,0.0,AFFIDAVIT OF ALLEGED VIOLATION,RE INSPECTION,240118.0,01/25/2024,,legacy,CO 155.8202(F),Public,,,,,
24 09004121,ACTIVE,228,pompanoViolations_20240124-30p.json,,BTR; RENTAL HOUSING INSPECTION,2780 NW 11 ST,01/18/2024,0.0,AFFIDAVIT OF ALLEGED VIOLATION,RE INSPECTION,,240118.0,01/25/2024,Pompano Beach,24 09004121,BTR; RENTAL HOUSING INSPECTION,2780 NW 11 ST,ACTIVE,01/18/2024,0.0,AFFIDAVIT OF ALLEGED VIOLATION,RE INSPECTION,240118.0,01/25/2024,,legacy,CO 113.41(C)(1),Public,,,,,
24 09004117,ACTIVE,228,pompanoViolations_20240124-30p.json,,PARKING; VACANT LOT,2792 NW 11 ST,01/18/2024,0.0,AFFIDAVIT OF ALLEGED VIOLATION,RE INSPECTION,,240118.0,01/25/2024,Pompano Beach,24 09004117,PARKING; VACANT LOT,2792 NW 11 ST,ACTIVE,01/18/2024,0.0,AFFIDAVIT OF ALLEGED VIOLATION,RE INSPECTION,240118.0,01/25/2024,,legacy,CO 155.4303(X)(4) (a),Public,,,,,
23 09003775,ACTIVE,228,pompanoViolations_20240124-30p.json,,PARKING; RES DIST TRUCK SIZE,140 SE 11 ST,12/05/2023,44.0,COURTESY NOTICE LETTER (CC),AFFIDAVIT OF ALLEGED VIOLATION,,231211.0,01/09/2024,Pompano Beach,23 09003775,PARKING; RES DIST TRUCK SIZE,140 SE 11 ST,ACTIVE,12/05/2023,44.0,COURTESY NOTICE LETTER (CC),AFFIDAVIT OF ALLEGED VIOLATION,231211.0,01/09/2024,,legacy,CO 155.4303(X)(4) (b),Public,,,,,
23 09003741,ACTIVE,228,pompanoViolations_20240124-30p.json,,NUISANCE; GARBAGE ACCUMULATION,2930 NE 11 TE,12/07/2023,42.0,COURTESY NOTICE LETTER (CC),RE INSPECTION,,231208.0,12/15/2023,Pompano Beach,23 09003741,NUISANCE; GARBAGE ACCUMULATION,2930 NE 11 TE,ACTIVE,12/07/2023,42.0,COURTESY NOTICE LETTER (CC),RE INSPECTION,231208.0,12/15/2023,,legacy,CO 96.26(C)(1),Public,,,,,
23 09003741,ACTIVE,228,pompanoViolations_20240124-30p.json,,NUISANCE; GRASS OR WEEDS,2930 NE 11 TE,12/07/2023,42.0,COURTESY NOTICE LETTER (CC),RE INSPECTION,,231208.0,12/15/2023,Pompano Beach,23 09003741,NUISANCE; GRASS OR WEEDS,2930 NE 11 TE,ACTIVE,12/07/2023,42.0,COURTESY NOTICE LETTER (CC),RE INSPECTION,231208.0,12/15/2023,,legacy,CO 96.26(C)(3),Public,,,,,
23 09003741,ACTIVE,228,pompanoViolations_20240124-30p.json,,NUISANCE; BARRIER CONDITION,2930 NE 11 TE,12/07/2023,42.0,COURTESY NOTICE LETTER (CC),RE INSPECTION,,231208.0,12/15/2023,Pompano Beach,23 09003741,NUISANCE; BARRIER CONDITION,2930 NE 11 TE,ACTIVE,12/07/2023,42.0,COURTESY NOTICE LETTER (CC),RE INSPECTION,231208.0,12/15/2023,,legacy,CO 96.26(D)(5),Public,,,,,
23 09003741,ACTIVE,228,pompanoViolations_20240124-30p.json,,"FENCES, MAINTENACE REQUIRED",2930 NE 11 TE,12/07/2023,42.0,COURTESY NOTICE LETTER (CC),RE INSPECTION,,231208.0,12/15/2023,Pompano Beach,23 09003741,"FENCES, MAINTENACE REQUIRED",2930 NE 11 TE,ACTIVE,12/07/2023,42.0,COURTESY NOTICE LETTER (CC),RE INSPECTION,231208.0,12/15/2023,,legacy,CO 155.5302(H),Public,,,,,
23 09003741,ACTIVE,228,pompanoViolations_20240124-30p.json,,NUISANCE; SIDEWALK OVERGROWTH,2930 NE 11 TE,12/07/2023,42.0,COURTESY NOTICE LETTER (CC),RE INSPECTION,,231208.0,12/15/2023,Pompano Beach,23 09003741,NUISANCE; SIDEWALK OVERGROWTH,2930 NE 11 TE,ACTIVE,12/07/2023,42.0,COURTESY NOTICE LETTER (CC),RE INSPECTION,231208.0,12/15/2023,,legacy,CO 96.26(C)(7),Public,,,,,
23 09003741,ACTIVE,228,pompanoViolations_20240124-30p.json,,SPECIFIC VIOL; DISTUB LANDSCAP,2930 NE 11 TE,12/07/2023,42.0,COURTESY NOTICE LETTER (CC),RE INSPECTION,,231208.0,12/15/2023,Pompano Beach,23 09003741,SPECIFIC VIOL; DISTUB LANDSCAP,2930 NE 11 TE,ACTIVE,12/07/2023,42.0,COURTESY NOTICE LETTER (CC),RE INSPECTION,231208.0,12/15/2023,,legacy,CO 155.8202(F),Public,,,,,
23 09003741,ACTIVE,228,pompanoViolations_20240124-30p.json,,NUISANCE; ROOF CONDITION,2930 NE 11 TE,12/07/2023,42.0,COURTESY NOTICE LETTER,RE INSPECTION,,231208.0,12/15/2023,Pompano Beach,23 09003741,NUISANCE; ROOF CONDITION,2930 NE 11 TE,ACTIVE,12/07/2023,42.0,COURTESY NOTICE LETTER,RE INSPECTION,231208.0,12/15/2023,,legacy,CO 96.26(D)(3),Public,,,,,
,,236,pompanoViolations_20240124-30p.json,,,,,,(CC),,,,,Pompano Beach,,,,,,,(CC),,,,,legacy,,,,,,,
23 09003741,ACTIVE,236,pompanoViolations_20240124-30p.json,,ROLL CARTS; PLACEMENT,2930 NE 11 TE,12/07/2023,42.0,COURTESY NOTICE LETTER (CC),RE INSPECTION,,231208.0,12/15/2023,Pompano Beach,23 09003741,ROLL CARTS; PLACEMENT,2930 NE 11 TE,ACTIVE,12/07/2023,42.0,COURTESY NOTICE LETTER (CC),RE INSPECTION,231208.0,12/15/2023,,legacy,CO 96.12(A)(5),Public,,,,,
23 09003700,ACTIVE,236,pompanoViolations_20240124-30p.json,,ABANDONED VEHICLES,4211 NE 11 TE,12/01/2023,48.0,COURTESY NOTICE LETTER (CC),RE INSPECTION,,231205.0,12/12/2023,Pompano Beach,23 09003700,ABANDONED VEHICLES,4211 NE 11 TE,ACTIVE,12/01/2023,48.0,COURTESY NOTICE LETTER (CC),RE INSPECTION,231205.0,12/12/2023,,legacy,CO 96.40(A-B),Public,,,,,
23 09003700,ACTIVE,236,pompanoViolations_20240124-30p.json,,PARKING; RES PLACED NEAT,4211 NE 11 TE,12/01/2023,48.0,COURTESY NOTICE LETTER (CC),RE INSPECTION,,231205.0,12/12/2023,Pompano Beach,23 09003700,PARKING; RES PLACED NEAT,4211 NE 11 TE,ACTIVE,12/01/2023,48.0,COURTESY NOTICE LETTER (CC),RE INSPECTION,231205.0,12/12/2023,,legacy,CO 155.4303(X)(4)(i)(iii),Public,,,,,
23 09003715,ACTIVE,236,pompanoViolations_20240124-30p.json,,OFF-STREET PARKING; SURFACING,1450 SW 11 TE,12/07/2023,42.0,COURTESY NOTICE LETTER (CC),RE INSPECTION,,231207.0,12/14/2023,Pompano Beach,23 09003715,OFF-STREET PARKING; SURFACING,1450 SW 11 TE,ACTIVE,12/07/2023,42.0,COURTESY NOTICE LETTER (CC),RE INSPECTION,231207.0,12/14/2023,,legacy,CO 155.5102(C)(2)(a),Public,,,,,
23 09003715,ACTIVE,236,pompanoViolations_20240124-30p.json,,NUISANCE; GRASS OR WEEDS,1450 SW 11 TE,12/07/2023,42.0,COURTESY NOTICE LETTER (CC),RE INSPECTION,,231207.0,12/14/2023,Pompano Beach,23 09003715,NUISANCE; GRASS OR WEEDS,1450 SW 11 TE,ACTIVE,12/07/2023,42.0,COURTESY NOTICE LETTER (CC),RE INSPECTION,231207.0,12/14/2023,,legacy,CO 96.26(C)(3),Public,,,,,
23 09003715,ACTIVE,236,pompanoViolations_20240124-30p.json,,SPECIFIC VIOL; DISTUB LANDSCAP,1450 SW 11 TE,12/07/2023,42.0,COURTESY NOTICE LETTER (CC),RE INSPECTION,,231207.0,12/14/2023,Pompano Beach,23 09003715,SPECIFIC VIOL; DISTUB LANDSCAP,1450 SW 11 TE,ACTIVE,12/07/2023,42.0,COURTESY NOTICE LETTER (CC),RE INSPECTION,231207.0,12/14/2023,,legacy,CO 155.8202(F),Public,,,,,
23 09003715,ACTIVE,236,pompanoViolations_20240124-30p.json,,NUISANCE; GARBAGE ACCUMULATION,1450 SW 11 TE,12/07/2023,42.0,COURTESY NOTICE LETTER (CC),RE INSPECTION,,231207.0,12/14/2023,Pompano Beach,23 09003715,NUISANCE; GARBAGE ACCUMULATION,1450 SW 11 TE,ACTIVE,12/07/2023,42.0,COURTESY NOTICE LETTER (CC),RE INSPECTION,231207.0,12/14/2023,,legacy,CO 96.26(C)(1),Public,,,,,
23 09003715,ACTIVE,236,pompanoViolations_20240124-30p.json,,SPECIFIC VIOL; OCCUPY STUCTURE,1450 SW 11 TE,12/07/2023,42.0,COURTESY NOTICE LETTER (CC),RE INSPECTION,,231207.0,12/14/2023,Pompano Beach,23 09003715,SPECIFIC VIOL; OCCUPY STUCTURE,1450 SW 11 TE,ACTIVE,12/07/2023,42.0,COURTESY NOTICE LETTER (CC),RE INSPECTION,231207.0,12/14/2023,,legacy,CO 155.8202(B),Public,,,,,
23 09003967,ACTIVE,236,pompanoViolations_20240124-30p.json,,SPECIFIC VIOL; DISTUB LANDSCAP,2300 NE 12 AV,12/20/2023,29.0,COURTESY NOTICE LETTER (CC),RE INSPECTION,,231227.0,01/03/2024,Pompano Beach,23 09003967,SPECIFIC VIOL; DISTUB LANDSCAP,2300 NE 12 AV,ACTIVE,12/20/2023,29.0,COURTESY NOTICE LETTER (CC),RE INSPECTION,231227.0,01/03/2024,,legacy,CO 155.8202(F),Public,,,,,
23 09003967,ACTIVE,236,pompanoViolations_20240124-30p.json,,BTR; RENTAL HOUSING,2300 NE 12 AV,12/20/2023,29.0,COURTESY NOTICE LETTER (CC),RE INSPECTION,,231227.0,01/03/2024,Pompano Beach,23 09003967,BTR; RENTAL HOUSING,2300 NE 12 AV,ACTIVE,12/20/2023,29.0,COURTESY NOTICE LETTER (CC),RE INSPECTION,231227.0,01/03/2024,,legacy,CO 113.41(A),Public,,,,,
23 09003967,ACTIVE,236,pompanoViolations_20240124-30p.json,,NUISANCE; DISCARDED OBJECTS,2300 NE 12 AV,12/20/2023,29.0,COURTESY NOTICE LETTER (CC),RE INSPECTION,,231227.0,01/03/2024,Pompano Beach,23 09003967,NUISANCE; DISCARDED OBJECTS,2300 NE 12 AV,ACTIVE,12/20/2023,29.0,COURTESY NOTICE LETTER (CC),RE INSPECTION,231227.0,01/03/2024,,legacy,CO 96.26(C)(6),Public,,,,,
23 09003967,ACTIVE,236,pompanoViolations_20240124-30p.json,,NUISANCE; ROOF CONDITION,2300 NE 12 AV,12/20/2023,29.0,COURTESY NOTICE LETTER,RE INSPECTION,,231227.0,01/03/2024,Pompano Beach,23 09003967,NUISANCE; ROOF CONDITION,2300 NE 12 AV,ACTIVE,12/20/2023,29.0,COURTESY NOTICE LETTER,RE INSPECTION,231227.0,01/03/2024,,legacy,CO 96.26(D)(3),Public,,,,,
,,4,wilton_Code_Violation_to_March_2024-30p.json,,,,,,,,,,,Wilton Manor,,,,,,,,,,,,legacy,,,File#,Violation,Address,Open Date,Status
,,4,wilton_Code_Violation_to_March_2024-30p.json,,,,,,,,,,,Wilton Manor,,,,,,,,,,,,legacy,,,24-000002,Building Safety Inspection Program.,2607 NE 8 Avenue # 22,01/02/2024,Closed
,,4,wilton_Code_Violation_to_March_2024-30p.json,,,,,,,,,,,Wilton Manor,,,,,,,,,,,,legacy,,,24-000021,Building Safety Inspection Program.,2607 NE 8 Avenue # 36,01/02/2024,Closed
,,4,wilton_Code_Violation_to_March_2024-30p.json,,,,,,,,,,,Wilton Manor,,,,,,,,,,,,legacy,,,24-000014,Building Safety Inspection Program.,2607 NE 8 Avenue # 32,01/02/2024,Closed
,,4,wilton_Code_Violation_to_March_2024-30p.json,,,,,,,,,,,Wilton Manor,,,,,,,,,,,,legacy,,,24-000003,Building Safety Inspection Program.,2607 NE 8 Avenue # 23,01/02/2024,Closed
,,4,wilton_Code_Violation_to_March_2024-30p.json,,,,,,,,,,,Wilton Manor,,,,,,,,,,,,legacy,,,24-000004,Building Safety Inspection Program.,2607 NE 8 Avenue # 24,01/02/2024,Closed
,,4,wilton_Code_Violation_to_March_2024-30p.json,,,,,,,,,,,Wilton Manor,,,,,,,,,,,,legacy,,,24-000015,Building Safety Inspection Program.,2607 NE 8 Avenue # 33,01/02/2024,Closed
,,4,wilton_Code_Violation_to_March_2024-30p.json,,,,,,,,,,,Wilton Manor,,,,,,,,,,,,legacy,,,24-000008,Required Permit Approvals - building permit,2301 WILTON Drive,01/02/2024,Closed
,,4,wilton_Code_Violation_to_March_2024-30p.json,,,,,,,,,,,Wilton Manor,,,,,,,,,,,,legacy,,,24-003842,Building Safety Inspection Program.,2607 NE 8 Avenue # 19,01/02/2024,Closed
,,4,wilton_Code_Violation_to_March_2024-30p.json,,,,,,,,,,,Wilton Manor,,,,,,,,,,,,legacy,,,24-003843,Building Safety Inspection Program.,2607 NE 8 Avenue # 20,01/02/2024,Closed
,,4,wilton_Code_Violation_to_March_2024-30p.json,,,,,,,,,,,Wilton Manor,,,,,,,,,,,,legacy,,,24-000005,Building Safety Inspection Program.,2607 NE 8 Avenue # 25,01/02/2024,Closed
,,4,wilton_Code_Violation_to_March_2024-30p.json,,,,,,,,,,,Wilton Manor,,,,,,,,,,,,legacy,,,24-003841,Building Safety Inspection Program.,2607 NE 8 Avenue # 17,01/02/2024,Closed
,,4,wilton_Code_Violation_to_March_2024-30p.json,,,,,,,,,,,Wilton Manor,,,,,,,,,,,,legacy,,,24-000011,Building Safety Inspection Program.,2607 NE 8 Avenue # 29,01/02/2024,Closed
,,4,wilton_Code_Violation_to_March_2024-30p.json,,,,,,,,,,,Wilton Manor,,,,,,,,,,,,legacy,,,24-000009,Building Safety Inspection Program.,2607 NE 8 Avenue # 28,01/02/2024,Closed
,,4,wilton_Code_Violation_to_March_2024-30p.json,,,,,,,,,,,Wilton Manor,,,,,,,,,,,,legacy,,,24-000013,Building Safety Inspection Program.,2607 NE 8 Avenue # 31,01/02/2024,Closed
,,4,wilton_Code_Violation_to_March_2024-30p.json,,,,,,,,,,,Wilton Manor,,,,,,,,,,,,legacy,,,24-000017,Building Safety Inspection Program.,2607 NE 8 Avenue # 34,01/02/2024,Closed
,,4,wilton_Code_Violation_to_March_2024-30p.json,,,,,,,,,,,Wilton Manor,,,,,,,,,,,,legacy,,,24-000012,Building Safety Inspection Program.,2607 NE 8 Avenue # 30,01/02/2024,Closed
,,9,wilton_Code_Violation_to_March_2024-30p.json,,,,,,,,,,,Wilton Manor,,,,,,,,,,,,legacy,,,24-000007,Building Safety Inspection Program.,2607 NE 8 Avenue # 27,01/02/2024,Closed
,,9,wilton_Code_Violation_to_March_2024-30p.json,,,,,,,,,,,Wilton Manor,,,,,,,,,,,,legacy,,,24-000006,Building Safety Inspection Program.,2607 NE 8 Avenue # 26,01/02/2024,Closed
,,9,wilton_Code_Violation_to_March_2024-30p.json,,,,,,,,,,,Wilton Manor,,,,,,,,,,,,legacy,,,24-000001,Building Safety Inspection Program.,2607 NE 8 Avenue # 21,01/02/2024,Closed
,,9,wilton_Code_Violation_to_March_2024-30p.json,,,,,,,,,,,Wilton Manor,,,,,,,,,,,,legacy,,,24-000019,Building Safety Inspection Program.,2607 NE 8 Avenue # 35,01/02/2024,Closed
,,9,wilton_Code_Violation_to_March_2024-30p.json,,,,,,,,,,,Wilton Manor,,,,,,,,,,,,legacy,,,24-000020,Dumping in drains,416 NW 24 Street,01/02/2024,Closed
,,9,wilton_Code_Violation_to_March_2024-30p.json,,,,,,,,,,,Wilton Manor,,,,,,,,,,,,legacy,,,24-000034,Building Safety Inspection Program.,2607 NE 8 Avenue # 46,01/03/2024,Closed
,,9,wilton_Code_Violation_to_March_2024-30p.json,,,,,,,,,,,Wilton Manor,,,,,,,,,,,,legacy,,,24-000045,Building Safety Inspection Program.,2607 NE 8 Avenue # 54,01/03/2024,Closed
,,9,wilton_Code_Violation_to_March_2024-30p.json,,,,,,,,,,,Wilton Manor,,,,,,,,,,,,legacy,,,24-000052,Building Safety Inspection Program.,2607 NE 8 Avenue # 59,01/03/2024,Closed
,,9,wilton_Code_Violation_to_March_2024-30p.json,,,,,,,,,,,Wilton Manor,,,,,,,,,,,,legacy,,,24-000049,Building Safety Inspection Program.,2607 NE 8 Avenue # 57,01/03/2024,Closed
,,9,wilton_Code_Violation_to_March_2024-30p.json,,,,,,,,,,,Wilton Manor,,,,,,,,,,,,legacy,,,24-000033,Building Safety Inspection Program.,2607 NE 8 Avenue # 45,01/03/2024,Closed
,,9,wilton_Code_Violation_to_March_2024-30p.json,,,,,,,,,,,Wilton Manor,,,,,,,,,,,,legacy,,,24-000044,Building Safety Inspection Program.,2607 NE 8 Avenue # 53,01/03/2024,Closed
,,9,wilton_Code_Violation_to_March_2024-30p.json,,,,,,,,,,,Wilton Manor,,,,,,,,,,,,legacy,,,24-000041,Building Safety Inspection Program.,2607 NE 8 Avenue # 50,01/03/2024,Closed
,,9,wilton_Code_Violation_to_March_2024-30p.json,,,,,,,,,,,Wilton Manor,,,,,,,,,,,,legacy,,,24-000042,Building Safety Inspection Program.,2607 NE 8 Avenue # 51,01/03/2024,Closed
,,9,wilton_Code_Violation_to_March_2024-30p.json,,,,,,,,,,,Wilton Manor,,,,,,,,,,,,legacy,,,24-000046,Building Safety Inspection Program.,2607 NE 8 Avenue # 55,01/03/2024,Closed
,,9,wilton_Code_Violation_to_March_2024-30p.json,,,,,,,,,,,Wilton Manor,,,,,,,,,,,,legacy,,,24-000029,Building Safety Inspection Program.,2607 NE 8 Avenue # 42,01/03/2024,Closed
,,9,wilton_Code_Violation_to_March_2024-30p.json,,,,,,,,,,,Wilton Manor,,,,,,,,,,,,legacy,,,24-000023,Building Safety Inspection Program.,2607 NE 8 Avenue # 37,01/03/2024,Closed
,,9,wilton_Code_Violation_to_March_2024-30p.json,,,,,,,,,,,Wilton Manor,,,,,,,,,,,,legacy,,,24-000048,Building Safety Inspection Program.,2607 NE 8 Avenue # 56,01/03/2024,Closed
,,9,wilton_Code_Violation_to_March_2024-30p.json,,,,,,,,,,,Wilton Manor,,,,,,,,,,,,legacy,,,24-000031,Building Safety Inspection Program.,2607 NE 8 Avenue # 44,01/03/2024,Closed
,,9,wilton_Code_Violation_to_March_2024-30p.json,,,,,,,,,,,Wilton Manor,,,,,,,,,,,,legacy,,,24-000035,Building Safety Inspection Program.,2607 NE 8 Avenue # 47,01/03/2024,Closed
,,14,wilton_Code_Violation_to_March_2024-30p.json,,,,,,,,,,,Wilton Manor,,,,,,,,,,,,legacy,,,24-000030,Building Safety Inspection Program.,2607 NE 8 Avenue # 43,01/03/2024,Closed
,,14,wilton_Code_Violation_to_March_2024-30p.json,,,,,,,,,,,Wilton Manor,,,,,,,,,,,,legacy,,,24-000050,Building Safety Inspection Program.,2607 NE 8 Avenue # 58,01/03/2024,Closed
,,14,wilton_Code_Violation_to_March_2024-30p.json,,,,,,,,,,,Wilton Manor,,,,,,,,,,,,legacy,,,24-000032,Outdoor Storage,2468 WILTON Drive,01/03/2024,Open
,,14,wilton_Code_Violation_to_March_2024-30p.json,,,,,,,,,,,Wilton Manor,,,,,,,,,,,,legacy,,,24-000032,Prohibited outside display of merchandise,2468 WILTON Drive,01/03/2024,Open
,,14,wilton_Code_Violation_to_March_2024-30p.json,,,,,,,,,,,Wilton Manor,,,,,,,,,,,,legacy,,,24-000032,General Special Events Permit,2468 WILTON Drive,01/03/2024,Open
,,14,wilton_Code_Violation_to_March_2024-30p.json,,,,,,,,,,,Wilton Manor,,,,,,,,,,,,legacy,,,24-000032,Permit requirements. Special Events,2468 WILTON Drive,01/03/2024,Open
,,14,wilton_Code_Violation_to_March_2024-30p.json,,,,,,,,,,,Wilton Manor,,,,,,,,,,,,legacy,,,24-000028,Outdoor Storage,2440 WILTON Drive,01/03/2024,Open
,,14,wilton_Code_Violation_to_March_2024-30p.json,,,,,,,,,,,Wilton Manor,,,,,,,,,,,,legacy,,,24-000028,Required Permit Approvals - building permit,2440 WILTON Drive,01/03/2024,Open
,,14,wilton_Code_Violation_to_March_2024-30p.json,,,,,,,,,,,Wilton Manor,,,,,,,,,,,,legacy,,,24-000028,General Special Events Permit,2440 WILTON Drive,01/03/2024,Open
,,14,wilton_Code_Violation_to_March_2024-30p.json,,,,,,,,,,,Wilton Manor,,,,,,,,,,,,legacy,,,24-000028,Permit requirements. Special Events,2440 WILTON Drive,01/03/2024,Open
,,14,wilton_Code_Violation_to_March_2024-30p.json,,,,,,,,,,,Wilton Manor,,,,,,,,,,,,legacy,,,24-000027,Building Safety Inspection Program.,2607 NE 8 Avenue # 41,01/03/2024,Closed
,,14,wilton_Code_Violation_to_March_2024-30p.json,,,,,,,,,,,Wilton Manor,,,,,,,,,,,,legacy,,,24-000059,Building Safety Inspection Program.,1951 NE 2 Avenue APT 101-1,01/03/2024,Closed
,,14,wilton_Code_Violation_to_March_2024-30p.json,,,,,,,,,,,Wilton Manor,,,,,,,,,,,,legacy,,,24-000058,Building Safety Inspection Program.,2607 NE 8 Avenue # 64,01/03/2024,Closed
,,14,wilton_Code_Violation_to_March_2024-30p.json,,,,,,,,,,,Wilton Manor,,,,,,,,,,,,legacy,,,24-000056,Building Safety Inspection Program.,2607 NE 8 Avenue # 62,01/03/2024,Closed
,,14,wilton_Code_Violation_to_March_2024-30p.json,,,,,,,,,,,Wilton Manor,,,,,,,,,,,,legacy,,,24-000053,Building Safety Inspection Program.,2607 NE 8 Avenue # 60,01/03/2024,Closed
,,14,wilton_Code_Violation_to_March_2024-30p.json,,,,,,,,,,,Wilton Manor,,,,,,,,,,,,legacy,,,24-000039,Building Safety Inspection Program.,2607 NE 8 Avenue # 49,01/03/2024,Closed
,,14,wilton_Code_Violation_to_March_2024-30p.json,,,,,,,,,,,Wilton Manor,,,,,,,,,,,,legacy,,,24-000026,Building Safety Inspection Program.,2607 NE 8 Avenue # 40,01/03/2024,Closed
,,14,wilton_Code_Violation_to_March_2024-30p.json,,,,,,,,,,,Wilton Manor,,,,,,,,,,,,legacy,,,24-000055,Building Safety Inspection Program.,2607 NE 8 Avenue # 61,01/03/2024,Closed
,,14,wilton_Code_Violation_to_March_2024-30p.json,,,,,,,,,,,Wilton Manor,,,,,,,,,,,,legacy,,,24-000043,Building Safety Inspection Program.,2607 NE 8 Avenue # 52,01/03/2024,Closed
,,19,wilton_Code_Violation_to_March_2024-30p.json,,,,,,,,,,,Wilton Manor,,,,,,,,,,,,legacy,,,24-000025,Building Safety Inspection Program.,2607 NE 8 Avenue # 39,01/03/2024,Closed
,,19,wilton_Code_Violation_to_March_2024-30p.json,,,,,,,,,,,Wilton Manor,,,,,,,,,,,,legacy,,,24-000037,Building Safety Inspection Program.,2607 NE 8 Avenue # 48,01/03/2024,Closed
,,19,wilton_Code_Violation_to_March_2024-30p.json,,,,,,,,,,,Wilton Manor,,,,,,,,,,,,legacy,,,24-000024,Building Safety Inspection Program.,2607 NE 8 Avenue # 38,01/03/2024,Closed
,,19,wilton_Code_Violation_to_March_2024-30p.json,,,,,,,,,,,Wilton Manor,,,,,,,,,,,,legacy,,,24-000061,Building Safety Inspection Program.,1951 NE 2 Avenue APT 103-1,01/03/2024,Closed
,,19,wilton_Code_Violation_to_March_2024-30p.json,,,,,,,,,,,Wilton Manor,,,,,,,,,,,,legacy,,,24-000057,Building Safety Inspection Program.,2607 NE 8 Avenue # 63,01/03/2024,Closed
,,19,wilton_Code_Violation_to_March_2024-30p.json,,,,,,,,,,,Wilton Manor,,,,,,,,,,,,legacy,,,24-000060,Building Safety Inspection Program.,1951 NE 2 Avenue APT 102-I,01/03/2024,Closed
,,19,wilton_Code_Violation_to_March_2024-30p.json,,,,,,,,,,,Wilton Manor,,,,,,,,,,,,legacy,,,24-000098,Building Safety Inspection Program.,1951 NE 2 Avenue UNIT 205 I,01/08/2024,Closed
,,19,wilton_Code_Violation_to_March_2024-30p.json,,,,,,,,,,,Wilton Manor,,,,,,,,,,,,legacy,,,24-000079,Building Safety Inspection Program.,1951 NE 2 Avenue UNIT 108-I,01/08/2024,Closed
,,19,wilton_Code_Violation_to_March_2024-30p.json,,,,,,,,,,,Wilton Manor,,,,,,,,,,,,legacy,,,24-000087,Building Safety Inspection Program.,1951 NE 2 Avenue UNIT 115-I,01/08/2024,Closed
,,19,wilton_Code_Violation_to_March_2024-30p.json,,,,,,,,,,,Wilton Manor,,,,,,,,,,,,legacy,,,24-000074,Building Safety Inspection Program.,1951 NE 2 Avenue UNIT 105-I,01/08/2024,Closed
,,19,wilton_Code_Violation_to_March_2024-30p.json,,,,,,,,,,,Wilton Manor,,,,,,,,,,,,legacy,,,24-000105,Building Safety Inspection Program.,2607 NE 8 Avenue UNITS 1-64,01/08/2024,Closed
,,19,wilton_Code_Violation_to_March_2024-30p.json,,,,,,,,,,,Wilton Manor,,,,,,,,,,,,legacy,,,24-000088,Building Safety Inspection Program.,1951 NE 2 Avenue UNIT 116-1,01/08/2024,Closed
,,19,wilton_Code_Violation_to_March_2024-30p.json,,,,,,,,,,,Wilton Manor,,,,,,,,,,,,legacy,,,24-000099,Required Permit Approvals - building permit,2633 NE 6 Avenue,01/08/2024,Open
,,19,wilton_Code_Violation_to_March_2024-30p.json,,,,,,,,,,,Wilton Manor,,,,,,,,,,,,legacy,,,24-000082,Building Safety Inspection Program.,1951 NE 2 Avenue UNIT 111-1,01/08/2024,Closed
,,19,wilton_Code_Violation_to_March_2024-30p.json,,,,,,,,,,,Wilton Manor,,,,,,,,,,,,legacy,,,24-000095,Building Safety Inspection Program.,1951 NE 2 Avenue UNIT 203 I,01/08/2024,Closed
,,19,wilton_Code_Violation_to_March_2024-30p.json,,,,,,,,,,,Wilton Manor,,,,,,,,,,,,legacy,,,24-000103,Building Safety Inspection Program.,1951 NE 2 Avenue UNIT 209 I,01/08/2024,Closed
,,19,wilton_Code_Violation_to_March_2024-30p.json,,,,,,,,,,,Wilton Manor,,,,,,,,,,,,legacy,,,24-000080,Building Safety Inspection Program.,1951 NE 2 Avenue UNIT 109-1,01/08/2024,Closed
,,19,wilton_Code_Violation_to_March_2024-30p.json,,,,,,,,,,,Wilton Manor,,,,,,,,,,,,legacy,,,24-000092,Building Safety Inspection Program.,1951 NE 2 Avenue UNIT 118-1,01/08/2024,Closed
,,19,wilton_Code_Violation_to_March_2024-30p.json,,,,,,,,,,,Wilton Manor,,,,,,,,,,,,legacy,,,24-000104,Building Safety Inspection Program.,1951 NE 2 Avenue UNIT 210-1,01/08/2024,Closed
,,24,wilton_Code_Violation_to_March_2024-30p.json,,,,,,,,,,,Wilton Manor,,,,,,,,,,,,legacy,,,24-000073,Building Safety Inspection Program.,1951 NE 2 Avenue UNIT 104-I,01/08/2024,Closed
,,24,wilton_Code_Violation_to_March_2024-30p.json,,,,,,,,,,,Wilton Manor,,,,,,,,,,,,legacy,,,24-000081,Building Safety Inspection Program.,1951 NE 2 Avenue UNIT 110I,01/08/2024,Closed
,,24,wilton_Code_Violation_to_March_2024-30p.json,,,,,,,,,,,Wilton Manor,,,,,,,,,,,,legacy,,,24-000086,Building Safety Inspection Program.,1951 NE 2 Avenue UNIT 114-I,01/08/2024,Closed
,,24,wilton_Code_Violation_to_March_2024-30p.json,,,,,,,,,,,Wilton Manor,,,,,,,,,,,,legacy,,,24-000100,Building Safety Inspection Program.,1951 NE 2 Avenue UNIT206-I,01/08/2024,Closed
,,24,wilton_Code_Violation_to_March_2024-30p.json,,,,,,,,,,,Wilton Manor,,,,,,,,,,,,legacy,,,24-000076,Building Safety Inspection Program.,1951 NE 2 Avenue UNIT 106-I,01/08/2024,Closed
,,24,wilton_Code_Violation_to_March_2024-30p.json,,,,,,,,,,,Wilton Manor,,,,,,,,,,,,legacy,,,24-000090,Building Safety Inspection Program.,1951 NE 2 Avenue UNIT 117-1,01/08/2024,Closed
,,24,wilton_Code_Violation_to_March_2024-30p.json,,,,,,,,,,,Wilton Manor,,,,,,,,,,,,legacy,,,24-000097,Landscape maintenance,409 NE 26 Drive,01/08/2024,Closed
,,24,wilton_Code_Violation_to_March_2024-30p.json,,,,,,,,,,,Wilton Manor,,,,,,,,,,,,legacy,,,24-000097,"General Prohibitions (sidewalk, swale, etc.)",409 NE 26 Drive,01/08/2024,Closed
,,24,wilton_Code_Violation_to_March_2024-30p.json,,,,,,,,,,,Wilton Manor,,,,,,,,,,,,legacy,,,24-000102,Building Safety Inspection Program.,1951 NE 2 Avenue UNIT 208-1,01/08/2024,Closed
,,24,wilton_Code_Violation_to_March_2024-30p.json,,,,,,,,,,,Wilton Manor,,,,,,,,,,,,legacy,,,24-000101,Building Safety Inspection Program.,1951 NE 2 Avenue UNIT 207-1,01/08/2024,Closed
,,24,wilton_Code_Violation_to_March_2024-30p.json,,,,,,,,,,,Wilton Manor,,,,,,,,,,,,legacy,,,24-000094,Building Safety Inspection Program.,1951 NE 2 Avenue UNIT 202-1,01/08/2024,Closed
,,24,wilton_Code_Violation_to_March_2024-30p.json,,,,,,,,,,,Wilton Manor,,,,,,,,,,,,legacy,,,24-000077,Building Safety Inspection Program.,1951 NE 2 Avenue UNIT 107-1,01/08/2024,Closed
,,24,wilton_Code_Violation_to_March_2024-30p.json,,,,,,,,,,,Wilton Manor,,,,,,,,,,,,legacy,,,24-000093,Building Safety Inspection Program.,1951 NE 2 Avenue UNIT 201-1,01/08/2024,Closed
,,24,wilton_Code_Violation_to_March_2024-30p.json,,,,,,,,,,,Wilton Manor,,,,,,,,,,,,legacy,,,24-000096,Building Safety Inspection Program.,1951 NE 2 Avenue UNIT 204-1,01/08/2024,Closed
,,24,wilton_Code_Violation_to_March_2024-30p.json,,,,,,,,,,,Wilton Manor,,,,,,,,,,,,legacy,,,24-000083,Building Safety Inspection Program.,1951 NE 2 Avenue UNIT 112 I,01/08/2024,Closed
,,24,wilton_Code_Violation_to_March_2024-30p.json,,,,,,,,,,,Wilton Manor,,,,,,,,,,,,legacy,,,24-000126,Building Safety Inspection Program.,1940 NE 2 Avenue UNIT 105-J,01/09/2024,Closed
,,24,wilton_Code_Violation_to_March_2024-30p.json,,,,,,,,,,,Wilton Manor,,,,,,,,,,,,legacy,,,24-000118,Building Safety Inspection Program.,1940 NE 2 Avenue UNIT 102-J,01/09/2024,Closed
,,24,wilton_Code_Violation_to_March_2024-30p.json,,,,,,,,,,,Wilton Manor,,,,,,,,,,,,legacy,,,24-000116,Building Safety Inspection Program.,1940 NE 2 Avenue UNIT 101-J,01/09/2024,Closed
,,24,wilton_Code_Violation_to_March_2024-30p.json,,,,,,,,,,,Wilton Manor,,,,,,,,,,,,legacy,,,24-000111,Building Safety Inspection Program.,1951 NE 2 Avenue UNIT 216-1,01/09/2024,Closed
,,29,wilton_Code_Violation_to_March_2024-30p.json,,,,,,,,,,,Wilton Manor,,,,,,,,,,,,legacy,,,24-000130,Building Safety Inspection Program.,1940 NE 2 Avenue UNIT 108-J,01/09/2024,Closed
,,29,wilton_Code_Violation_to_March_2024-30p.json,,,,,,,,,,,Wilton Manor,,,,,,,,,,,,legacy,,,24-000113,Building Safety Inspection Program.,1951 NE 2 Avenue UNIT 218-I,01/09/2024,Closed
,,29,wilton_Code_Violation_to_March_2024-30p.json,,,,,,,,,,,Wilton Manor,,,,,,,,,,,,legacy,,,24-000131,Building Safety Inspection Program.,1940 NE 2 Avenue UNIT 109-J,01/09/2024,Closed
,,29,wilton_Code_Violation_to_March_2024-30p.json,,,,,,,,,,,Wilton Manor,,,,,,,,,,,,legacy,,,24-000128,Building Safety Inspection Program.,1940 NE 2 Avenue UNIT 106-J,01/09/2024,Closed
,,29,wilton_Code_Violation_to_March_2024-30p.json,,,,,,,,,,,Wilton Manor,,,,,,,,,,,,legacy,,,24-000125,Building Safety Inspection Program.,1940 NE 2 Avenue UNIT 104-J,01/09/2024,Closed
,,29,wilton_Code_Violation_to_March_2024-30p.json,,,,,,,,,,,Wilton Manor,,,,,,,,,,,,legacy,,,24-000112,Building Safety Inspection Program.,1951 NE 2 Avenue UNIT 217-I,01/09/2024,Closed
,,29,wilton_Code_Violation_to_March_2024-30p.json,,,,,,,,,,,Wilton Manor,,,,,,,,,,,,legacy,,,24-000107,Building Safety Inspection Program.,1951 NE 2 Avenue UNIT 211-I,01/09/2024,Closed
,,29,wilton_Code_Violation_to_March_2024-30p.json,,,,,,,,,,,Wilton Manor,,,,,,,,,,,,legacy,,,24-000109,Building Safety Inspection Program.,1951 NE 2 Avenue UNIT 214-I,01/09/2024,Closed
,,29,wilton_Code_Violation_to_March_2024-30p.json,,,,,,,,,,,Wilton Manor,,,,,,,,,,,,legacy,,,24-000108,Building Safety Inspection Program.,1951 NE 2 Avenue UNIT 212-I,01/09/2024,Closed
,,29,wilton_Code_Violation_to_March_2024-30p.json,,,,,,,,,,,Wilton Manor,,,,,,,,,,,,legacy,,,24-000110,Building Safety Inspection Program.,1951 NE 2 Avenue UNIT 215-I,01/09/2024,Closed
,,29,wilton_Code_Violation_to_March_2024-30p.json,,,,,,,,,,,Wilton Manor,,,,,,,,,,,,legacy,,,24-000129,Building Safety Inspection Program.,1940 NE 2 Avenue UNIT 107-J,01/09/2024,Closed
,,29,wilton_Code_Violation_to_March_2024-30p.json,,,,,,,,,,,Wilton Manor,,,,,,,,,,,,legacy,,,24-000119,Building Safety Inspection Program.,1940 NE 2 Avenue UNIT 103-J,01/09/2024,Closed
,,29,wilton_Code_Violation_to_March_2024-30p.json,,,,,,,,,,,Wilton Manor,,,,,,,,,,,,legacy,,,24-000135,Building Safety Inspection Program.,1940 NE 2 Avenue UNIT 110-J,01/10/2024,Closed
,,29,wilton_Code_Violation_to_March_2024-30p.json,,,,,,,,,,,Wilton Manor,,,,,,,,,,,,legacy,,,24-000136,Building Safety Inspection Program.,1940 NE 2 Avenue UNIT 111-J,01/10/2024,Closed
,,29,wilton_Code_Violation_to_March_2024-30p.json,,,,,,,,,,,Wilton Manor,,,,,,,,,,,,legacy,,,24-000137,Building Safety Inspection Program.,"320 NE 19 CT MANOR GROVE VILLAGE 4 BLDGS I,J,K,L,M,N,",01/10/2024,Closed
,,29,wilton_Code_Violation_to_March_2024-30p.json,,,,,,,,,,,Wilton Manor,,,,,,,,,,,,legacy,,,24-000145,Building Safety Inspection Program.,1940 NE 2 Avenue UNIT 117-J,01/10/2024,Closed
,,29,wilton_Code_Violation_to_March_2024-30p.json,,,,,,,,,,,Wilton Manor,,,,,,,,,,,,legacy,,,24-000139,Building Safety Inspection Program.,1940 NE 2 Avenue UNIT 114 J,01/10/2024,Closed
,,29,wilton_Code_Violation_to_March_2024-30p.json,,,,,,,,,,,Wilton Manor,,,,,,,,,,,,legacy,,,24-000144,Building Safety Inspection Program.,1940 NE 2 Avenue UNIT 116-J,01/10/2024,Closed
,,29,wilton_Code_Violation_to_March_2024-30p.json,,,,,,,,,,,Wilton Manor,,,,,,,,,,,,legacy,,,24-000140,Building Safety Inspection Program.,1940 NE 2 Avenue UNIT 115 J,01/10/2024,Closed
,,34,wilton_Code_Violation_to_March_2024-30p.json,,,,,,,,,,,Wilton Manor,,,,,,,,,,,,legacy,,,24-000138,Building Safety Inspection Program.,1940 NE 2 Avenue UNIT 112-J,01/10/2024,Closed
,,34,wilton_Code_Violation_to_March_2024-30p.json,,,,,,,,,,,Wilton Manor,,,,,,,,,,,,legacy,,,24-000162,Building Safety Inspection Program.,1940 NE 2 Avenue UNIT 205-J,01/11/2024,Closed
,,34,wilton_Code_Violation_to_March_2024-30p.json,,,,,,,,,,,Wilton Manor,,,,,,,,,,,,legacy,,,24-000161,Building Safety Inspection Program.,1940 NE 2 Avenue UNIT 204-J,01/11/2024,Closed
,,34,wilton_Code_Violation_to_March_2024-30p.json,,,,,,,,,,,Wilton Manor,,,,,,,,,,,,legacy,,,24-000164,Building Safety Inspection Program.,1940 NE 2 Avenue UNIT 207-J,01/11/2024,Closed
,,34,wilton_Code_Violation_to_March_2024-30p.json,,,,,,,,,,,Wilton Manor,,,,,,,,,,,,legacy,,,24-000163,Building Safety Inspection Program.,1940 NE 2 Avenue UNIT 206-J,01/11/2024,Closed
,,34,wilton_Code_Violation_to_March_2024-30p.json,,,,,,,,,,,Wilton Manor,,,,,,,,,,,,legacy,,,24-000159,Building Safety Inspection Program.,1940 NE 2 Avenue UNIT 202-J,01/11/2024,Closed
,,34,wilton_Code_Violation_to_March_2024-30p.json,,,,,,,,,,,Wilton Manor,,,,,,,,,,,,legacy,,,24-000167,Building Safety Inspection Program.,1940 NE 2 Avenue UNIT 209-J,01/11/2024,Closed
,,34,wilton_Code_Violation_to_March_2024-30p.json,,,,,,,,,,,Wilton Manor,,,,,,,,,,,,legacy,,,24-000160,Building Safety Inspection Program.,1940 NE 2 Avenue UNIT 203-J,01/11/2024,Closed
,,34,wilton_Code_Violation_to_March_2024-30p.json,,,,,,,,,,,Wilton Manor,,,,,,,,,,,,legacy,,,24-000157,Building Safety Inspection Program.,1940 NE 2 Avenue UNIT 201-J,01/11/2024,Closed
,,34,wilton_Code_Violation_to_March_2024-30p.json,,,,,,,,,,,Wilton Manor,,,,,,,,,,,,legacy,,,24-000156,Building Safety Inspection Program.,1940 NE 2 Avenue UNIT 118-J,01/11/2024,Closed
,,34,wilton_Code_Violation_to_March_2024-30p.json,,,,,,,,,,,Wilton Manor,,,,,,,,,,,,legacy,,,24-000166,Building Safety Inspection Program.,1940 NE 2 Avenue UNIT 208-J,01/11/2024,Closed
,,34,wilton_Code_Violation_to_March_2024-30p.json,,,,,,,,,,,Wilton Manor,,,,,,,,,,,,legacy,,,24-000193,Building Safety Inspection Program.,1940 NE 2 Avenue UNIT 210-J,01/16/2024,Closed
,,34,wilton_Code_Violation_to_March_2024-30p.json,,,,,,,,,,,Wilton Manor,,,,,,,,,,,,legacy,,,24-000200,Building Safety Inspection Program.,1940 NE 2 Avenue UNIT 216-J,01/16/2024,Closed
,,34,wilton_Code_Violation_to_March_2024-30p.json,,,,,,,,,,,Wilton Manor,,,,,,,,,,,,legacy,,,24-000205,Local Business Tax Receipts,102 NE 29 Street,01/16/2024,Closed
,,34,wilton_Code_Violation_to_March_2024-30p.json,,,,,,,,,,,Wilton Manor,,,,,,,,,,,,legacy,,,24-000191,Code Out - No Violation/Misc./Referred/Unfounded,2660 NE 8 Avenue 219,01/16/2024,Closed
,,34,wilton_Code_Violation_to_March_2024-30p.json,,,,,,,,,,,Wilton Manor,,,,,,,,,,,,legacy,,,24-000197,Building Safety Inspection Program.,1940 NE 2 Avenue UNIT 214-J,01/16/2024,Closed
,,34,wilton_Code_Violation_to_March_2024-30p.json,,,,,,,,,,,Wilton Manor,,,,,,,,,,,,legacy,,,24-000203,Building Safety Inspection Program.,1940 NE 2 Avenue UNIT 218-J,01/16/2024,Closed
,,34,wilton_Code_Violation_to_March_2024-30p.json,,,,,,,,,,,Wilton Manor,,,,,,,,,,,,legacy,,,24-000190,Code Out - No Violation/Misc./Referred/Unfounded,1901 North ANDREWS Avenue 206,01/16/2024,Closed
,,34,wilton_Code_Violation_to_March_2024-30p.json,,,,,,,,,,,Wilton Manor,,,,,,,,,,,,legacy,,,24-000195,Building Safety Inspection Program.,1940 NE 2 Avenue UNIT212-J,01/16/2024,Closed
,,39,wilton_Code_Violation_to_March_2024-30p.json,,,,,,,,,,,Wilton Manor,,,,,,,,,,,,legacy,,,24-000201,"Screens, shutters and awnings.",2312 WILTON Drive,01/16/2024,Open
,,39,wilton_Code_Violation_to_March_2024-30p.json,,,,,,,,,,,Wilton Manor,,,,,,,,,,,,legacy,,,24-000201,Sign - prohibited Snipe signs,2312 WILTON Drive,01/16/2024,Open
,,39,wilton_Code_Violation_to_March_2024-30p.json,,,,,,,,,,,Wilton Manor,,,,,,,,,,,,legacy,,,24-000202,Building Safety Inspection Program.,1940 NE 2 Avenue UNIT 217-J,01/16/2024,Closed
,,39,wilton_Code_Violation_to_March_2024-30p.json,,,,,,,,,,,Wilton Manor,,,,,,,,,,,,legacy,,,24-000194,Building Safety Inspection Program.,1940 NE 2 Avenue UNIT 211-J,01/16/2024,Closed
,,39,wilton_Code_Violation_to_March_2024-30p.json,,,,,,,,,,,Wilton Manor,,,,,,,,,,,,legacy,,,24-000199,Building Safety Inspection Program.,1940 NE 2 Avenue UNIT 215-J,01/16/2024,Closed
,,39,wilton_Code_Violation_to_March_2024-30p.json,,,,,,,,,,,Wilton Manor,,,,,,,,,,,,legacy,,,24-000187,Local Business Tax Receipts,500 NE 24 Street,01/16/2024,Closed
,,39,wilton_Code_Violation_to_March_2024-30p.json,,,,,,,,,,,Wilton Manor,,,,,,,,,,,,legacy,,,24-000207,Building Safety Inspection Program.,351 NE 19 Place UNIT 101-K,01/17/2024,Closed
,,39,wilton_Code_Violation_to_March_2024-30p.json,,,,,,,,,,,Wilton Manor,,,,,,,,,,,,legacy,,,24-000208,Building Safety Inspection Program.,351 NE 19 Place UNIT 102-K,01/17/2024,Closed
,,39,wilton_Code_Violation_to_March_2024-30p.json,,,,,,,,,,,Wilton Manor,,,,,,,,,,,,legacy,,,24-000211,Building Safety Inspection Program.,351 NE 19 Place UNIT104-K,01/17/2024,Closed
,,39,wilton_Code_Violation_to_March_2024-30p.json,,,,,,,,,,,Wilton Manor,,,,,,,,,,,,legacy,,,24-000214,Building Safety Inspection Program.,3002 NE 5 Terrace BUILDING B,01/17/2024,Open
,,39,wilton_Code_Violation_to_March_2024-30p.json,,,,,,,,,,,Wilton Manor,,,,,,,,,,,,legacy,,,24-000215,Building Safety Inspection Program.,3004 NE 5 Terrace BUILDING C,01/17/2024,Open
,,39,wilton_Code_Violation_to_March_2024-30p.json,,,,,,,,,,,Wilton Manor,,,,,,,,,,,,legacy,,,24-000218,Building Safety Inspection Program.,235 NE 23 Street,01/17/2024,Open
,,39,wilton_Code_Violation_to_March_2024-30p.json,,,,,,,,,,,Wilton Manor,,,,,,,,,,,,legacy,,,24-000219,Building Safety Inspection Program.,230 NE 24 Street,01/17/2024,Open
,,39,wilton_Code_Violation_to_March_2024-30p.json,,,,,,,,,,,Wilton Manor,,,,,,,,,,,,legacy,,,24-000221,Building Safety Inspection Program.,210 NE 24 Street,01/17/2024,Closed
,,39,wilton_Code_Violation_to_March_2024-30p.json,,,,,,,,,,,Wilton Manor,,,,,,,,,,,,legacy,,,24-000217,Building Safety Inspection Program.,1601 NE 26 Street,01/17/2024,Closed
,,39,wilton_Code_Violation_to_March_2024-30p.json,,,,,,,,,,,Wilton Manor,,,,,,,,,,,,legacy,,,24-000220,Building Safety Inspection Program.,215 NE 23 Street,01/17/2024,Open
,,39,wilton_Code_Violation_to_March_2024-30p.json,,,,,,,,,,,Wilton Manor,,,,,,,,,,,,legacy,,,24-000213,Building Safety Inspection Program.,3000 NE 5 Terrace BUILDING A,01/17/2024,Open
,,39,wilton_Code_Violation_to_March_2024-30p.json,,,,,,,,,,,Wilton Manor,,,,,,,,,,,,legacy,,,24-000209,Building Safety Inspection Program.,351 NE 19 Place UNIT 103-K,01/17/2024,Closed
,,39,wilton_Code_Violation_to_March_2024-30p.json,,,,,,,,,,,Wilton Manor,,,,,,,,,,,,legacy,,,24-000223,Noise - Animals,640 NW 21 ST,01/17/2024,Open
,,44,wilton_Code_Violation_to_March_2024-30p.json,,,,,,,,,,,Wilton Manor,,,,,,,,,,,,legacy,,,24-000251,Local Business Tax Receipts,2809 NW 7 Avenue,01/22/2024,Closed
,,44,wilton_Code_Violation_to_March_2024-30p.json,,,,,,,,,,,Wilton Manor,,,,,,,,,,,,legacy,,,24-000229,Landscape maintenance,1819-1821 NE 26 Drive,01/22/2024,Closed
,,44,wilton_Code_Violation_to_March_2024-30p.json,,,,,,,,,,,Wilton Manor,,,,,,,,,,,,legacy,,,24-000229,Trash/Recycle Receptacle Placement,1819-1821 NE 26 Drive,01/22/2024,Closed
,,44,wilton_Code_Violation_to_March_2024-30p.json,,,,,,,,,,,Wilton Manor,,,,,,,,,,,,legacy,,,24-000229,Landscape maintenance (overgrowth and all other),1819-1821 NE 26 Drive,01/22/2024,Closed
,,44,wilton_Code_Violation_to_March_2024-30p.json,,,,,,,,,,,Wilton Manor,,,,,,,,,,,,legacy,,,24-000258,Building Safety Inspection Program.,1901 North ANDREWS Avenue #111,01/22/2024,Closed
,,44,wilton_Code_Violation_to_March_2024-30p.json,,,,,,,,,,,Wilton Manor,,,,,,,,,,,,legacy,,,24-000253,Building Safety Inspection Program.,1901 North ANDREWS Avenue #109,01/22/2024,Closed
,,44,wilton_Code_Violation_to_March_2024-30p.json,,,,,,,,,,,Wilton Manor,,,,,,,,,,,,legacy,,,24-000153,Rec. vehicles/trailers,1416 NE 22 Street,01/22/2024,Closed
,,44,wilton_Code_Violation_to_March_2024-30p.json,,,,,,,,,,,Wilton Manor,,,,,,,,,,,,legacy,,,24-000255,Building Safety Inspection Program.,1901 North ANDREWS Avenue #110,01/22/2024,Closed
,,44,wilton_Code_Violation_to_March_2024-30p.json,,,,,,,,,,,Wilton Manor,,,,,,,,,,,,legacy,,,24-000271,Building Safety Inspection Program.,1901 North ANDREWS Avenue 114,01/23/2024,Closed
,,44,wilton_Code_Violation_to_March_2024-30p.json,,,,,,,,,,,Wilton Manor,,,,,,,,,,,,legacy,,,24-000269,Building Safety Inspection Program.,1901 North ANDREWS Avenue 112,01/23/2024,Closed
,,44,wilton_Code_Violation_to_March_2024-30p.json,,,,,,,,,,,Wilton Manor,,,,,,,,,,,,legacy,,,24-000278,Building Safety Inspection Program.,1901 North ANDREWS Avenue 120,01/23/2024,Closed
,,44,wilton_Code_Violation_to_March_2024-30p.json,,,,,,,,,,,Wilton Manor,,,,,,,,,,,,legacy,,,24-000277,Building Safety Inspection Program.,1901 North ANDREWS Avenue 119,01/23/2024,Closed
,,44,wilton_Code_Violation_to_March_2024-30p.json,,,,,,,,,,,Wilton Manor,,,,,,,,,,,,legacy,,,24-000264,Building Safety Inspection Program.,1901 North ANDREWS Avenue HOA,01/23/2024,Closed
,,44,wilton_Code_Violation_to_March_2024-30p.json,,,,,,,,,,,Wilton Manor,,,,,,,,,,,,legacy,,,24-000275,Building Safety Inspection Program.,1901 North ANDREWS Avenue 118,01/23/2024,Closed
,,44,wilton_Code_Violation_to_March_2024-30p.json,,,,,,,,,,,Wilton Manor,,,,,,,,,,,,legacy,,,24-000273,Building Safety Inspection Program.,1901 North ANDREWS Avenue 116,01/23/2024,Closed
,,44,wilton_Code_Violation_to_March_2024-30p.json,,,,,,,,,,,Wilton Manor,,,,,,,,,,,,legacy,,,24-000270,Building Safety Inspection Program.,1901 North ANDREWS Avenue 113,01/23/2024,Closed
,,44,wilton_Code_Violation_to_March_2024-30p.json,,,,,,,,,,,Wilton Manor,,,,,,,,,,,,legacy,,,24-000274,Building Safety Inspection Program.,1901 North ANDREWS Avenue 117,01/23/2024,Closed
,,44,wilton_Code_Violation_to_March_2024-30p.json,,,,,,,,,,,Wilton Manor,,,,,,,,,,,,legacy,,,24-000272,Building Safety Inspection Program.,1901 North ANDREWS Avenue 115,01/23/2024,Closed
,,44,wilton_Code_Violation_to_March_2024-30p.json,,,,,,,,,,,Wilton Manor,,,,,,,,,,,,legacy,,,24-000265,Building Safety Inspection Program.,677 KENSINGTON Place HOA,01/23/2024,Closed
,,49,wilton_Code_Violation_to_March_2024-30p.json,,,,,,,,,,,Wilton Manor,,,,,,,,,,,,legacy,,,24-000286,Local Business Tax Receipts,2205 WILTON Drive,01/24/2024,Open
,,49,wilton_Code_Violation_to_March_2024-30p.json,,,,,,,,,,,Wilton Manor,,,,,,,,,,,,legacy,,,24-000290,Building Safety Inspection Program.,1901 North ANDREWS Avenue 121,01/25/2024,Closed
,,49,wilton_Code_Violation_to_March_2024-30p.json,,,,,,,,,,,Wilton Manor,,,,,,,,,,,,legacy,,,24-000293,Building Safety Inspection Program.,1901 North ANDREWS Avenue 200,01/25/2024,Closed
,,49,wilton_Code_Violation_to_March_2024-30p.json,,,,,,,,,,,Wilton Manor,,,,,,,,,,,,legacy,,,24-000292,Local Business Tax Receipts,200 NW 25 Street,01/25/2024,Closed
,,49,wilton_Code_Violation_to_March_2024-30p.json,,,,,,,,,,,Wilton Manor,,,,,,,,,,,,legacy,,,24-000292,Annual inspection and licensing of properties with RRL,200 NW 25 Street,01/25/2024,Closed
,,49,wilton_Code_Violation_to_March_2024-30p.json,,,,,,,,,,,Wilton Manor,,,,,,,,,,,,legacy,,,24-000292,Landscape maintenance,200 NW 25 Street,01/25/2024,Closed
,,49,wilton_Code_Violation_to_March_2024-30p.json,,,,,,,,,,,Wilton Manor,,,,,,,,,,,,legacy,,,24-000292,Litter and littering material.,200 NW 25 Street,01/25/2024,Closed
,,49,wilton_Code_Violation_to_March_2024-30p.json,,,,,,,,,,,Wilton Manor,,,,,,,,,,,,legacy,,,24-000292,"Fences, walls and hedges",200 NW 25 Street,01/25/2024,Closed
,,49,wilton_Code_Violation_to_March_2024-30p.json,,,,,,,,,,,Wilton Manor,,,,,,,,,,,,legacy,,,24-000292,Landscape maintenance (overgrowth and all other),200 NW 25 Street,01/25/2024,Closed
,,49,wilton_Code_Violation_to_March_2024-30p.json,,,,,,,,,,,Wilton Manor,,,,,,,,,,,,legacy,,,24-000294,Local Business Tax Receipts,216-218 NW 25 Street,01/25/2024,Closed
,,49,wilton_Code_Violation_to_March_2024-30p.json,,,,,,,,,,,Wilton Manor,,,,,,,,,,,,legacy,,,24-000294,Annual inspection and licensing of properties with RRL,216-218 NW 25 Street,01/25/2024,Closed
,,49,wilton_Code_Violation_to_March_2024-30p.json,,,,,,,,,,,Wilton Manor,,,,,,,,,,,,legacy,,,24-000294,Landscape maintenance,216-218 NW 25 Street,01/25/2024,Closed
,,49,wilton_Code_Violation_to_March_2024-30p.json,,,,,,,,,,,Wilton Manor,,,,,,,,,,,,legacy,,,24-000294,Exterior building condition,216-218 NW 25 Street,01/25/2024,Closed
,,49,wilton_Code_Violation_to_March_2024-30p.json,,,,,,,,,,,Wilton Manor,,,,,,,,,,,,legacy,,,24-000294,Landscape maintenance (overgrowth and all other),216-218 NW 25 Street,01/25/2024,Closed
,,49,wilton_Code_Violation_to_March_2024-30p.json,,,,,,,,,,,Wilton Manor,,,,,,,,,,,,legacy,,,24-000291,Building Safety Inspection Program.,1901 North ANDREWS Avenue 122,01/25/2024,Closed
,,49,wilton_Code_Violation_to_March_2024-30p.json,,,,,,,,,,,Wilton Manor,,,,,,,,,,,,legacy,,,24-000226,Receptacle placement and times,200 NE 22 Street,01/25/2024,Closed
,,49,wilton_Code_Violation_to_March_2024-30p.json,,,,,,,,,,,Wilton Manor,,,,,,,,,,,,legacy,,,24-000226,Landscape maintenance,200 NE 22 Street,01/25/2024,Closed
,,49,wilton_Code_Violation_to_March_2024-30p.json,,,,,,,,,,,Wilton Manor,,,,,,,,,,,,legacy,,,24-000226,Trash/Recycle Receptacle Placement,200 NE 22 Street,01/25/2024,Closed
,,49,wilton_Code_Violation_to_March_2024-30p.json,,,,,,,,,,,Wilton Manor,,,,,,,,,,,,legacy,,,24-000301,Required Permit Approvals - building permit,2740 North Andrews Avenue,01/29/2024,Open
,,54,wilton_Code_Violation_to_March_2024-30p.json,,,,,,,,,,,Wilton Manor,,,,,,,,,,,,legacy,,,24-000301,Local Business Tax Receipts,2740 North Andrews Avenue,01/29/2024,Open
,,54,wilton_Code_Violation_to_March_2024-30p.json,,,,,,,,,,,Wilton Manor,,,,,,,,,,,,legacy,,,24-000301,Permit procedures - Signs,2740 North Andrews Avenue,01/29/2024,Open
,,54,wilton_Code_Violation_to_March_2024-30p.json,,,,,,,,,,,Wilton Manor,,,,,,,,,,,,legacy,,,24-000072,Landscape maintenance,209 NE 27 Drive,01/29/2024,Closed
,,54,wilton_Code_Violation_to_March_2024-30p.json,,,,,,,,,,,Wilton Manor,,,,,,,,,,,,legacy,,,24-000072,Landscape maintenance (overgrowth and all other),209 NE 27 Drive,01/29/2024,Closed
,,54,wilton_Code_Violation_to_March_2024-30p.json,,,,,,,,,,,Wilton Manor,,,,,,,,,,,,legacy,,,24-000314,Annual inspection and licensing of properties with RRL,2624 NW 5 Avenue,01/29/2024,Closed
,,54,wilton_Code_Violation_to_March_2024-30p.json,,,,,,,,,,,Wilton Manor,,,,,,,,,,,,legacy,,,24-000320,Local Business Tax Receipts,709 NW 29 Street,01/29/2024,Open
,,54,wilton_Code_Violation_to_March_2024-30p.json,,,,,,,,,,,Wilton Manor,,,,,,,,,,,,legacy,,,24-000320,Registration required. VRL,709 NW 29 Street,01/29/2024,Open
,,54,wilton_Code_Violation_to_March_2024-30p.json,,,,,,,,,,,Wilton Manor,,,,,,,,,,,,legacy,,,24-000320,Annual inspection and licensing of properties with RRL,709 NW 29 Street,01/29/2024,Open
,,54,wilton_Code_Violation_to_March_2024-30p.json,,,,,,,,,,,Wilton Manor,,,,,,,,,,,,legacy,,,24-000065,Landscape maintenance,49 NE 28 CT,01/29/2024,Open
,,54,wilton_Code_Violation_to_March_2024-30p.json,,,,,,,,,,,Wilton Manor,,,,,,,,,,,,legacy,,,24-000313,Local Business Tax Receipts,2701 North ANDREWS Avenue,01/29/2024,Closed
,,54,wilton_Code_Violation_to_March_2024-30p.json,,,,,,,,,,,Wilton Manor,,,,,,,,,,,,legacy,,,24-000148,Required Permit Approvals - building permit,2225 NE 17th Terrace,01/29/2024,Open
,,54,wilton_Code_Violation_to_March_2024-30p.json,,,,,,,,,,,Wilton Manor,,,,,,,,,,,,legacy,,,24-000317,Code Out - No Violation/Misc./Referred/Unfounded,2660 NE 8 Avenue 308,01/29/2024,Closed
,,54,wilton_Code_Violation_to_March_2024-30p.json,,,,,,,,,,,Wilton Manor,,,,,,,,,,,,legacy,,,24-000341,Building Safety Inspection Program.,1901 North ANDREWS Avenue 211,01/30/2024,Closed
,,54,wilton_Code_Violation_to_March_2024-30p.json,,,,,,,,,,,Wilton Manor,,,,,,,,,,,,legacy,,,24-000327,Building Safety Inspection Program.,1901 North ANDREWS Avenue 203,01/30/2024,Closed
,,54,wilton_Code_Violation_to_March_2024-30p.json,,,,,,,,,,,Wilton Manor,,,,,,,,,,,,legacy,,,24-000332,Building Safety Inspection Program.,1901 North ANDREWS Avenue 206,01/30/2024,Closed
,,54,wilton_Code_Violation_to_March_2024-30p.json,,,,,,,,,,,Wilton Manor,,,,,,,,,,,,legacy,,,24-000343,Required Permit Approvals - building permit,3072 NE 5 Avenue,01/30/2024,Open
,,54,wilton_Code_Violation_to_March_2024-30p.json,,,,,,,,,,,Wilton Manor,,,,,,,,,,,,legacy,,,24-000339,Building Safety Inspection Program.,1901 North ANDREWS Avenue 210,01/30/2024,Closed
,,54,wilton_Code_Violation_to_March_2024-30p.json,,,,,,,,,,,Wilton Manor,,,,,,,,,,,,legacy,,,24-000353,Building Safety Inspection Program.,1901 North ANDREWS Avenue 212,01/30/2024,Closed
,,54,wilton_Code_Violation_to_March_2024-30p.json,,,,,,,,,,,Wilton Manor,,,,,,,,,,,,legacy,,,24-000330,Building Safety Inspection Program.,1901 North ANDREWS Avenue 205,01/30/2024,Closed
,,59,wilton_Code_Violation_to_March_2024-30p.json,,,,,,,,,,,Wilton Manor,,,,,,,,,,,,legacy,,,24-000338,"Container storage, enclosure and screening.",200 NW 25 Street,01/30/2024,Open
,,59,wilton_Code_Violation_to_March_2024-30p.json,,,,,,,,,,,Wilton Manor,,,,,,,,,,,,legacy,,,24-000338,Trash/Recycle Receptacle Placement,200 NW 25 Street,01/30/2024,Open
,,59,wilton_Code_Violation_to_March_2024-30p.json,,,,,,,,,,,Wilton Manor,,,,,,,,,,,,legacy,,,24-000325,Required Permit Approvals - building permit,35 NE 29 Street,01/30/2024,Closed
,,59,wilton_Code_Violation_to_March_2024-30p.json,,,,,,,,,,,Wilton Manor,,,,,,,,,,,,legacy,,,24-000335,Building Safety Inspection Program.,1901 North ANDREWS Avenue 208,01/30/2024,Closed
,,59,wilton_Code_Violation_to_March_2024-30p.json,,,,,,,,,,,Wilton Manor,,,,,,,,,,,,legacy,,,24-000334,Building Safety Inspection Program.,1901 North ANDREWS Avenue 207,01/30/2024,Closed
,,59,wilton_Code_Violation_to_March_2024-30p.json,,,,,,,,,,,Wilton Manor,,,,,,,,,,,,legacy,,,24-000340,Landscape maintenance,208 NE 23 Street,01/30/2024,Closed
,,59,wilton_Code_Violation_to_March_2024-30p.json,,,,,,,,,,,Wilton Manor,,,,,,,,,,,,legacy,,,24-000340,Swales/right-of-way.,208 NE 23 Street,01/30/2024,Closed
,,59,wilton_Code_Violation_to_March_2024-30p.json,,,,,,,,,,,Wilton Manor,,,,,,,,,,,,legacy,,,24-000340,Driveways and other parking areas - Free of weeds,208 NE 23 Street,01/30/2024,Closed
,,59,wilton_Code_Violation_to_March_2024-30p.json,,,,,,,,,,,Wilton Manor,,,,,,,,,,,,legacy,,,24-000340,"Fences, walls and hedges",208 NE 23 Street,01/30/2024,Closed
,,59,wilton_Code_Violation_to_March_2024-30p.json,,,,,,,,,,,Wilton Manor,,,,,,,,,,,,legacy,,,24-000340,Landscape maintenance (overgrowth and all other),208 NE 23 Street,01/30/2024,Closed
,,59,wilton_Code_Violation_to_March_2024-30p.json,,,,,,,,,,,Wilton Manor,,,,,,,,,,,,legacy,,,24-000324,Building Safety Inspection Program.,1901 North ANDREWS Avenue 202,01/30/2024,Closed
,,59,wilton_Code_Violation_to_March_2024-30p.json,,,,,,,,,,,Wilton Manor,,,,,,,,,,,,legacy,,,24-000329,Building Safety Inspection Program.,1901 North ANDREWS Avenue 204,01/30/2024,Closed
,,59,wilton_Code_Violation_to_March_2024-30p.json,,,,,,,,,,,Wilton Manor,,,,,,,,,,,,legacy,,,24-000342,General,1881 NE 26 Street,01/30/2024,Open
,,59,wilton_Code_Violation_to_March_2024-30p.json,,,,,,,,,,,Wilton Manor,,,,,,,,,,,,legacy,,,24-000337,Building Safety Inspection Program.,1901 North ANDREWS Avenue 209,01/30/2024,Closed
,,59,wilton_Code_Violation_to_March_2024-30p.json,,,,,,,,,,,Wilton Manor,,,,,,,,,,,,legacy,,,24-000361,Required Permit Approvals - building permit,2000 NE 15 Avenue,01/31/2024,Closed
,,59,wilton_Code_Violation_to_March_2024-30p.json,,,,,,,,,,,Wilton Manor,,,,,,,,,,,,legacy,,,24-000360,Local Business Tax Receipts,2748 NE 8 Avenue,01/31/2024,Closed
,,59,wilton_Code_Violation_to_March_2024-30p.json,,,,,,,,,,,Wilton Manor,,,,,,,,,,,,legacy,,,24-000223,Noise - Animals,640 NW 21 ST,01/31/2024,Open
,,59,wilton_Code_Violation_to_March_2024-30p.json,,,,,,,,,,,Wilton Manor,,,,,,,,,,,,legacy,,,24-000232,Outdoor Lighting,2665 NE 8 AVE 1-4,01/31/2024,Open
,,59,wilton_Code_Violation_to_March_2024-30p.json,,,,,,,,,,,Wilton Manor,,,,,,,,,,,,legacy,,,24-000185,Code Out - No Violation/Misc./Referred/Unfounded,2733 Andews Avenue,01/31/2024,Closed
,,64,wilton_Code_Violation_to_March_2024-30p.json,,,,,,,,,,,Wilton Manor,,,,,,,,,,,,legacy,,,24-000185,Required Permit Approvals - building permit,2733 Andews Avenue,01/31/2024,Closed
,,64,wilton_Code_Violation_to_March_2024-30p.json,,,,,,,,,,,Wilton Manor,,,,,,,,,,,,legacy,,,24-000366,Annual inspection and licensing of properties with RRL,2164 NE 27 Drive,01/31/2024,Closed
,,64,wilton_Code_Violation_to_March_2024-30p.json,,,,,,,,,,,Wilton Manor,,,,,,,,,,,,legacy,,,24-000376,Landscape maintenance,2620 North ANDREWS Avenue,02/01/2024,Closed
,,64,wilton_Code_Violation_to_March_2024-30p.json,,,,,,,,,,,Wilton Manor,,,,,,,,,,,,legacy,,,24-000372,"Screens, shutters and awnings.",500 NE 26 DR,02/01/2024,Open
,,64,wilton_Code_Violation_to_March_2024-30p.json,,,,,,,,,,,Wilton Manor,,,,,,,,,,,,legacy,,,24-000372,"Fences, walls and hedges",500 NE 26 DR,02/01/2024,Open
,,64,wilton_Code_Violation_to_March_2024-30p.json,,,,,,,,,,,Wilton Manor,,,,,,,,,,,,legacy,,,24-000372,Landscape maintenance (overgrowth and all other),500 NE 26 DR,02/01/2024,Open
,,64,wilton_Code_Violation_to_March_2024-30p.json,,,,,,,,,,,Wilton Manor,,,,,,,,,,,,legacy,,,24-000370,Outdoor Lighting,2655 NE 8 Avenue,02/01/2024,Closed
,,64,wilton_Code_Violation_to_March_2024-30p.json,,,,,,,,,,,Wilton Manor,,,,,,,,,,,,legacy,,,24-000359,Landscape maintenance (overgrowth and all other),2812 NW 12 Avenue,02/01/2024,Closed
,,64,wilton_Code_Violation_to_March_2024-30p.json,,,,,,,,,,,Wilton Manor,,,,,,,,,,,,legacy,,,24-000388,Landscape maintenance,208 NE 23 Street,02/05/2024,Closed
,,64,wilton_Code_Violation_to_March_2024-30p.json,,,,,,,,,,,Wilton Manor,,,,,,,,,,,,legacy,,,24-000383,Landscape maintenance,551 NE 26 Street,02/06/2024,Closed
,,64,wilton_Code_Violation_to_March_2024-30p.json,,,,,,,,,,,Wilton Manor,,,,,,,,,,,,legacy,,,24-000383,Noise - Construction,551 NE 26 Street,02/06/2024,Closed
,,64,wilton_Code_Violation_to_March_2024-30p.json,,,,,,,,,,,Wilton Manor,,,,,,,,,,,,legacy,,,24-000401,Code Out - No Violation/Misc./Referred/Unfounded,2624 NW 5 Avenue,02/06/2024,Closed
,,64,wilton_Code_Violation_to_March_2024-30p.json,,,,,,,,,,,Wilton Manor,,,,,,,,,,,,legacy,,,24-000386,Residential bulk trash collection.,332 NE 29 Street,02/06/2024,Closed
,,64,wilton_Code_Violation_to_March_2024-30p.json,,,,,,,,,,,Wilton Manor,,,,,,,,,,,,legacy,,,24-000381,Required Permit Approvals - building permit,401 NE 27 Drive,02/06/2024,Open
,,64,wilton_Code_Violation_to_March_2024-30p.json,,,,,,,,,,,Wilton Manor,,,,,,,,,,,,legacy,,,24-000404,Landscape maintenance,1420 NE 23 Street,02/06/2024,Open
,,64,wilton_Code_Violation_to_March_2024-30p.json,,,,,,,,,,,Wilton Manor,,,,,,,,,,,,legacy,,,24-000399,Required Permit Approvals - building permit,2508 NE 7 Avenue,02/06/2024,Open
,,64,wilton_Code_Violation_to_March_2024-30p.json,,,,,,,,,,,Wilton Manor,,,,,,,,,,,,legacy,,,24-000403,Required Permit Approvals - building permit,409 NE 27 Drive,02/06/2024,Open
,,64,wilton_Code_Violation_to_March_2024-30p.json,,,,,,,,,,,Wilton Manor,,,,,,,,,,,,legacy,,,24-000409,Landscape maintenance,341 NE 29 Street,02/07/2024,Open
,,64,wilton_Code_Violation_to_March_2024-30p.json,,,,,,,,,,,Wilton Manor,,,,,,,,,,,,legacy,,,24-000409,Exterior building condition,341 NE 29 Street,02/07/2024,Open
,,69,wilton_Code_Violation_to_March_2024-30p.json,,,,,,,,,,,Wilton Manor,,,,,,,,,,,,legacy,,,24-000411,Landscape maintenance,2821 NE 15 Terrace,02/07/2024,Closed
,,69,wilton_Code_Violation_to_March_2024-30p.json,,,,,,,,,,,Wilton Manor,,,,,,,,,,,,legacy,,,24-000413,Landscape maintenance,1529 NE 28 Drive,02/07/2024,Closed
,,69,wilton_Code_Violation_to_March_2024-30p.json,,,,,,,,,,,Wilton Manor,,,,,,,,,,,,legacy,,,24-000414,Landscape maintenance,1528 NE 28 Drive,02/07/2024,Closed
,,69,wilton_Code_Violation_to_March_2024-30p.json,,,,,,,,,,,Wilton Manor,,,,,,,,,,,,legacy,,,24-000406,"Pools, decks and screen enclosures",2181 NE 27 Drive,02/07/2024,Closed
,,69,wilton_Code_Violation_to_March_2024-30p.json,,,,,,,,,,,Wilton Manor,,,,,,,,,,,,legacy,,,24-000406,Landscape maintenance,2181 NE 27 Drive,02/07/2024,Closed
,,69,wilton_Code_Violation_to_March_2024-30p.json,,,,,,,,,,,Wilton Manor,,,,,,,,,,,,legacy,,,24-000412,Landscape maintenance,1532 NE 28 Drive,02/07/2024,Closed
,,69,wilton_Code_Violation_to_March_2024-30p.json,,,,,,,,,,,Wilton Manor,,,,,,,,,,,,legacy,,,24-000385,Receptacle placement and times,2525 NW 9 Terrace,02/07/2024,Closed
,,69,wilton_Code_Violation_to_March_2024-30p.json,,,,,,,,,,,Wilton Manor,,,,,,,,,,,,legacy,,,24-000385,Business tax schedule.,2525 NW 9 Terrace,02/07/2024,Closed
,,69,wilton_Code_Violation_to_March_2024-30p.json,,,,,,,,,,,Wilton Manor,,,,,,,,,,,,legacy,,,24-000385,Trash/Recycle Receptacle Placement,2525 NW 9 Terrace,02/07/2024,Closed
,,69,wilton_Code_Violation_to_March_2024-30p.json,,,,,,,,,,,Wilton Manor,,,,,,,,,,,,legacy,,,24-000385,Exterior building condition,2525 NW 9 Terrace,02/07/2024,Closed
,,69,wilton_Code_Violation_to_March_2024-30p.json,,,,,,,,,,,Wilton Manor,,,,,,,,,,,,legacy,,,24-000404,Receptacle placement and times,1420 NE 23 Street,02/08/2024,Open
,,69,wilton_Code_Violation_to_March_2024-30p.json,,,,,,,,,,,Wilton Manor,,,,,,,,,,,,legacy,,,24-000261,Open or outside storage,2632 NE 10 Avenue,02/08/2024,Closed
,,69,wilton_Code_Violation_to_March_2024-30p.json,,,,,,,,,,,Wilton Manor,,,,,,,,,,,,legacy,,,24-000261,Litter and littering material.,2632 NE 10 Avenue,02/08/2024,Closed
,,69,wilton_Code_Violation_to_March_2024-30p.json,,,,,,,,,,,Wilton Manor,,,,,,,,,,,,legacy,,,24-000261,Roofs and gutters,2632 NE 10 Avenue,02/08/2024,Closed
,,69,wilton_Code_Violation_to_March_2024-30p.json,,,,,,,,,,,Wilton Manor,,,,,,,,,,,,legacy,,,24-000261,Canopies and coverings.,2632 NE 10 Avenue,02/08/2024,Closed
,,69,wilton_Code_Violation_to_March_2024-30p.json,,,,,,,,,,,Wilton Manor,,,,,,,,,,,,legacy,,,24-000261,Landscape maintenance (overgrowth and all other),2632 NE 10 Avenue,02/08/2024,Closed
,,69,wilton_Code_Violation_to_March_2024-30p.json,,,,,,,,,,,Wilton Manor,,,,,,,,,,,,legacy,,,24-000458,Landscape maintenance,215 NE 28 CT,02/12/2024,Open
,,69,wilton_Code_Violation_to_March_2024-30p.json,,,,,,,,,,,Wilton Manor,,,,,,,,,,,,legacy,,,24-000458,Pools/hot tubs/fountains.,215 NE 28 CT,02/12/2024,Open
,,69,wilton_Code_Violation_to_March_2024-30p.json,,,,,,,,,,,Wilton Manor,,,,,,,,,,,,legacy,,,24-000458,Stagnant water.,215 NE 28 CT,02/12/2024,Open
,,74,wilton_Code_Violation_to_March_2024-30p.json,,,,,,,,,,,Wilton Manor,,,,,,,,,,,,legacy,,,24-000458,Landscape maintenance (overgrowth and all other),215 NE 28 CT,02/12/2024,Open
,,74,wilton_Code_Violation_to_March_2024-30p.json,,,,,,,,,,,Wilton Manor,,,,,,,,,,,,legacy,,,24-000417,Local Business Tax Receipts,1517 NE 28 Drive,02/12/2024,Open
,,74,wilton_Code_Violation_to_March_2024-30p.json,,,,,,,,,,,Wilton Manor,,,,,,,,,,,,legacy,,,24-000417,Registration required. VRL,1517 NE 28 Drive,02/12/2024,Open
,,74,wilton_Code_Violation_to_March_2024-30p.json,,,,,,,,,,,Wilton Manor,,,,,,,,,,,,legacy,,,24-000413,Residential bulk trash collection.,1529 NE 28 Drive,02/12/2024,Closed
,,74,wilton_Code_Violation_to_March_2024-30p.json,,,,,,,,,,,Wilton Manor,,,,,,,,,,,,legacy,,,24-000471,Required Permit Approvals - building permit,2140 NE 25 Street,02/13/2024,Open
,,74,wilton_Code_Violation_to_March_2024-30p.json,,,,,,,,,,,Wilton Manor,,,,,,,,,,,,legacy,,,24-000471,Landscape maintenance,2140 NE 25 Street,02/13/2024,Open
,,74,wilton_Code_Violation_to_March_2024-30p.json,,,,,,,,,,,Wilton Manor,,,,,,,,,,,,legacy,,,24-000471,Litter and littering material.,2140 NE 25 Street,02/13/2024,Open
,,74,wilton_Code_Violation_to_March_2024-30p.json,,,,,,,,,,,Wilton Manor,,,,,,,,,,,,legacy,,,24-000471,Roofs and gutters,2140 NE 25 Street,02/13/2024,Open
,,74,wilton_Code_Violation_to_March_2024-30p.json,,,,,,,,,,,Wilton Manor,,,,,,,,,,,,legacy,,,24-000471,"Stairs, porches and railings",2140 NE 25 Street,02/13/2024,Open
,,74,wilton_Code_Violation_to_March_2024-30p.json,,,,,,,,,,,Wilton Manor,,,,,,,,,,,,legacy,,,24-000471,"Fences, walls and hedges",2140 NE 25 Street,02/13/2024,Open
,,74,wilton_Code_Violation_to_March_2024-30p.json,,,,,,,,,,,Wilton Manor,,,,,,,,,,,,legacy,,,24-000471,Fascia/borders/decorative bands/soffits.,2140 NE 25 Street,02/13/2024,Open
,,74,wilton_Code_Violation_to_March_2024-30p.json,,,,,,,,,,,Wilton Manor,,,,,,,,,,,,legacy,,,24-000456,Residential bulk trash collection.,26 NE 27 Drive,02/13/2024,Closed
,,74,wilton_Code_Violation_to_March_2024-30p.json,,,,,,,,,,,Wilton Manor,,,,,,,,,,,,legacy,,,24-000476,Required Permit Approvals - building permit,801 NW 24 Street,02/13/2024,Open
,,74,wilton_Code_Violation_to_March_2024-30p.json,,,,,,,,,,,Wilton Manor,,,,,,,,,,,,legacy,,,24-000466,Local Business Tax Receipts,2441 NW 9 Terrace,02/13/2024,Closed
,,74,wilton_Code_Violation_to_March_2024-30p.json,,,,,,,,,,,Wilton Manor,,,,,,,,,,,,legacy,,,24-000466,Registration required. VRL,2441 NW 9 Terrace,02/13/2024,Closed
,,74,wilton_Code_Violation_to_March_2024-30p.json,,,,,,,,,,,Wilton Manor,,,,,,,,,,,,legacy,,,24-000465,Local Business Tax Receipts,2506 NE 6 AVE,02/13/2024,Open
,,74,wilton_Code_Violation_to_March_2024-30p.json,,,,,,,,,,,Wilton Manor,,,,,,,,,,,,legacy,,,24-000465,Registration required. VRL,2506 NE 6 AVE,02/13/2024,Open
,,74,wilton_Code_Violation_to_March_2024-30p.json,,,,,,,,,,,Wilton Manor,,,,,,,,,,,,legacy,,,24-000465,Annual inspection and licensing of properties with RRL,2506 NE 6 AVE,02/13/2024,Open
,,74,wilton_Code_Violation_to_March_2024-30p.json,,,,,,,,,,,Wilton Manor,,,,,,,,,,,,legacy,,,24-000473,Local Business Tax Receipts,2001 NE 25 Street,02/13/2024,Closed
,,79,wilton_Code_Violation_to_March_2024-30p.json,,,,,,,,,,,Wilton Manor,,,,,,,,,,,,legacy,,,24-000470,Dumping in drains,300 NE 26 Drive,02/13/2024,Closed
,,79,wilton_Code_Violation_to_March_2024-30p.json,,,,,,,,,,,Wilton Manor,,,,,,,,,,,,legacy,,,24-000462,Landscape maintenance,409 NE 26 Drive,02/13/2024,Open
,,79,wilton_Code_Violation_to_March_2024-30p.json,,,,,,,,,,,Wilton Manor,,,,,,,,,,,,legacy,,,24-000462,Roofs and gutters,409 NE 26 Drive,02/13/2024,Open
,,79,wilton_Code_Violation_to_March_2024-30p.json,,,,,,,,,,,Wilton Manor,,,,,,,,,,,,legacy,,,24-000462,Fascia/borders/decorative bands/soffits.,409 NE 26 Drive,02/13/2024,Open
,,79,wilton_Code_Violation_to_March_2024-30p.json,,,,,,,,,,,Wilton Manor,,,,,,,,,,,,legacy,,,24-000462,Landscape maintenance (overgrowth and all other),409 NE 26 Drive,02/13/2024,Open
,,79,wilton_Code_Violation_to_March_2024-30p.json,,,,,,,,,,,Wilton Manor,,,,,,,,,,,,legacy,,,24-000462,Residential bulk trash collection.,409 NE 26 Drive,02/13/2024,Open
,,79,wilton_Code_Violation_to_March_2024-30p.json,,,,,,,,,,,Wilton Manor,,,,,,,,,,,,legacy,,,24-000462,Boats/trailers,409 NE 26 Drive,02/13/2024,Open
,,79,wilton_Code_Violation_to_March_2024-30p.json,,,,,,,,,,,Wilton Manor,,,,,,,,,,,,legacy,,,24-000490,Landscape maintenance,709 NW 29 Street,02/14/2024,Open
,,79,wilton_Code_Violation_to_March_2024-30p.json,,,,,,,,,,,Wilton Manor,,,,,,,,,,,,legacy,,,24-000485,Graffiti.,2199 WILTON Drive,02/14/2024,Closed
,,79,wilton_Code_Violation_to_March_2024-30p.json,,,,,,,,,,,Wilton Manor,,,,,,,,,,,,legacy,,,24-000488,Required Permit Approvals - building permit,2000 NE 6 Terrace,02/14/2024,Closed
,,79,wilton_Code_Violation_to_March_2024-30p.json,,,,,,,,,,,Wilton Manor,,,,,,,,,,,,legacy,,,24-000486,Required Permit Approvals - building permit,800 NE 20 DR,02/14/2024,Open
,,79,wilton_Code_Violation_to_March_2024-30p.json,,,,,,,,,,,Wilton Manor,,,,,,,,,,,,legacy,,,24-000493,Required Permit Approvals - building permit,325 NE 25 Street,02/14/2024,Closed
,,79,wilton_Code_Violation_to_March_2024-30p.json,,,,,,,,,,,Wilton Manor,,,,,,,,,,,,legacy,,,24-000481,Landscape maintenance,200 NW 25 Street,02/14/2024,Closed
,,79,wilton_Code_Violation_to_March_2024-30p.json,,,,,,,,,,,Wilton Manor,,,,,,,,,,,,legacy,,,24-000481,Maintenance requirements.,200 NW 25 Street,02/14/2024,Closed
,,79,wilton_Code_Violation_to_March_2024-30p.json,,,,,,,,,,,Wilton Manor,,,,,,,,,,,,legacy,,,24-000479,Local Business Tax Receipts,2307 NE 15 Terrace,02/14/2024,Closed
,,79,wilton_Code_Violation_to_March_2024-30p.json,,,,,,,,,,,Wilton Manor,,,,,,,,,,,,legacy,,,24-000482,Maintenance requirements.,216 NW 25 Street,02/14/2024,Closed
,,79,wilton_Code_Violation_to_March_2024-30p.json,,,,,,,,,,,Wilton Manor,,,,,,,,,,,,legacy,,,24-000441,Local Business Tax Receipts,2417 NE 19 Avenue,02/14/2024,Closed
,,79,wilton_Code_Violation_to_March_2024-30p.json,,,,,,,,,,,Wilton Manor,,,,,,,,,,,,legacy,,,24-000480,Local Business Tax Receipts,308 NE 27 Drive,02/14/2024,Closed
,,79,wilton_Code_Violation_to_March_2024-30p.json,,,,,,,,,,,Wilton Manor,,,,,,,,,,,,legacy,,,24-000505,Required Permit Approvals - building permit,715 NW 30 CT,02/15/2024,Closed
,,84,wilton_Code_Violation_to_March_2024-30p.json,,,,,,,,,,,Wilton Manor,,,,,,,,,,,,legacy,,,24-000499,Local Business Tax Receipts,917 NE 23 Drive,02/15/2024,Closed
,,84,wilton_Code_Violation_to_March_2024-30p.json,,,,,,,,,,,Wilton Manor,,,,,,,,,,,,legacy,,,24-000510,Code Out - No Violation/Misc./Referred/Unfounded,1432 NE 27 Drive,02/15/2024,Closed
,,84,wilton_Code_Violation_to_March_2024-30p.json,,,,,,,,,,,Wilton Manor,,,,,,,,,,,,legacy,,,24-000502,Required Permit Approvals - building permit,2925 NE 1 Avenue,02/15/2024,Open
,,84,wilton_Code_Violation_to_March_2024-30p.json,,,,,,,,,,,Wilton Manor,,,,,,,,,,,,legacy,,,24-000503,Required Permit Approvals - building permit,2131 NE 15 Terrace,02/15/2024,Open
,,84,wilton_Code_Violation_to_March_2024-30p.json,,,,,,,,,,,Wilton Manor,,,,,,,,,,,,legacy,,,24-000528,Local Business Tax Receipts,1920 NE 26 Drive,02/20/2024,Closed
,,84,wilton_Code_Violation_to_March_2024-30p.json,,,,,,,,,,,Wilton Manor,,,,,,,,,,,,legacy,,,24-000528,Registration required. VRL,1920 NE 26 Drive,02/20/2024,Closed
,,84,wilton_Code_Violation_to_March_2024-30p.json,,,,,,,,,,,Wilton Manor,,,,,,,,,,,,legacy,,,24-000520,Residential bulk trash collection.,38 NE 26 Drive,02/20/2024,Closed
,,84,wilton_Code_Violation_to_March_2024-30p.json,,,,,,,,,,,Wilton Manor,,,,,,,,,,,,legacy,,,24-000518,"Parking or storage of commercial vehicles, etc.",1732 CORAL GARDENS Drive,02/20/2024,Closed
,,84,wilton_Code_Violation_to_March_2024-30p.json,,,,,,,,,,,Wilton Manor,,,,,,,,,,,,legacy,,,24-000521,Outdoor Storage,724 NW 23 Street,02/20/2024,Closed
,,84,wilton_Code_Violation_to_March_2024-30p.json,,,,,,,,,,,Wilton Manor,,,,,,,,,,,,legacy,,,24-000521,Exterior building condition,724 NW 23 Street,02/20/2024,Closed
,,84,wilton_Code_Violation_to_March_2024-30p.json,,,,,,,,,,,Wilton Manor,,,,,,,,,,,,legacy,,,24-000521,Fascia/borders/decorative bands/soffits.,724 NW 23 Street,02/20/2024,Closed
,,84,wilton_Code_Violation_to_March_2024-30p.json,,,,,,,,,,,Wilton Manor,,,,,,,,,,,,legacy,,,24-000521,"General Prohibitions (sidewalk, swale, etc.)",724 NW 23 Street,02/20/2024,Closed
,,84,wilton_Code_Violation_to_March_2024-30p.json,,,,,,,,,,,Wilton Manor,,,,,,,,,,,,legacy,,,24-000542,Required Permit Approvals - building permit,1456 NE 24 CT,02/20/2024,Open
,,84,wilton_Code_Violation_to_March_2024-30p.json,,,,,,,,,,,Wilton Manor,,,,,,,,,,,,legacy,,,24-000542,Litter and littering material.,1456 NE 24 CT,02/20/2024,Open
,,84,wilton_Code_Violation_to_March_2024-30p.json,,,,,,,,,,,Wilton Manor,,,,,,,,,,,,legacy,,,24-000542,Landscape maintenance (overgrowth and all other),1456 NE 24 CT,02/20/2024,Open
,,84,wilton_Code_Violation_to_March_2024-30p.json,,,,,,,,,,,Wilton Manor,,,,,,,,,,,,legacy,,,24-000542,Rec. vehicles/trailers,1456 NE 24 CT,02/20/2024,Open
,,84,wilton_Code_Violation_to_March_2024-30p.json,,,,,,,,,,,Wilton Manor,,,,,,,,,,,,legacy,,,24-000542,Storm shutters placement.,1456 NE 24 CT,02/20/2024,Open
,,84,wilton_Code_Violation_to_March_2024-30p.json,,,,,,,,,,,Wilton Manor,,,,,,,,,,,,legacy,,,24-000543,Fascia/borders/decorative bands/soffits.,1600 NE 25 Street,02/20/2024,Closed
,,84,wilton_Code_Violation_to_March_2024-30p.json,,,,,,,,,,,Wilton Manor,,,,,,,,,,,,legacy,,,24-000543,"Fences, walls and hedges",1600 NE 25 Street,02/20/2024,Closed
,,89,wilton_Code_Violation_to_March_2024-30p.json,,,,,,,,,,,Wilton Manor,,,,,,,,,,,,legacy,,,24-000543,Any accessory structure,1600 NE 25 Street,02/20/2024,Closed
,,89,wilton_Code_Violation_to_March_2024-30p.json,,,,,,,,,,,Wilton Manor,,,,,,,,,,,,legacy,,,24-000532,Code Out - No Violation/Misc./Referred/Unfounded,2308 NW 3 Avenue,02/20/2024,Closed
,,89,wilton_Code_Violation_to_March_2024-30p.json,,,,,,,,,,,Wilton Manor,,,,,,,,,,,,legacy,,,24-000558,Sign general regulations - materials,216 East OAKLAND PARK Boulevard,02/21/2024,Closed
,,89,wilton_Code_Violation_to_March_2024-30p.json,,,,,,,,,,,Wilton Manor,,,,,,,,,,,,legacy,,,24-000201,"Fences, walls and hedges",2312 WILTON Drive,02/21/2024,Open
,,89,wilton_Code_Violation_to_March_2024-30p.json,,,,,,,,,,,Wilton Manor,,,,,,,,,,,,legacy,,,23-003527,Code Out - No Violation/Misc./Referred/Unfounded,2208 NE 18 Avenue,02/21/2024,Closed
,,89,wilton_Code_Violation_to_March_2024-30p.json,,,,,,,,,,,Wilton Manor,,,,,,,,,,,,legacy,,,24-000550,Enclosure requirements - Maintenance,2980 North ANDREWS Avenue,02/21/2024,Closed
,,89,wilton_Code_Violation_to_March_2024-30p.json,,,,,,,,,,,Wilton Manor,,,,,,,,,,,,legacy,,,24-000550,Graffiti.,2980 North ANDREWS Avenue,02/21/2024,Closed
,,89,wilton_Code_Violation_to_March_2024-30p.json,,,,,,,,,,,Wilton Manor,,,,,,,,,,,,legacy,,,23-003361,Code Out - No Violation/Misc./Referred/Unfounded,2301 NE 17th Terrace,02/21/2024,Closed
,,89,wilton_Code_Violation_to_March_2024-30p.json,,,,,,,,,,,Wilton Manor,,,,,,,,,,,,legacy,,,24-000552,Sign general regulations - materials,50-100 West OAKLAND PARK Boulevard,02/21/2024,Open
,,89,wilton_Code_Violation_to_March_2024-30p.json,,,,,,,,,,,Wilton Manor,,,,,,,,,,,,legacy,,,24-000331,Outdoor Storage,1001 28 dr. 33334,02/21/2024,Closed
,,89,wilton_Code_Violation_to_March_2024-30p.json,,,,,,,,,,,Wilton Manor,,,,,,,,,,,,legacy,,,24-000545,Annual inspection and licensing of properties with RRL,832 NW 28 Street,02/21/2024,Open
,,89,wilton_Code_Violation_to_March_2024-30p.json,,,,,,,,,,,Wilton Manor,,,,,,,,,,,,legacy,,,24-000545,Landscape maintenance,832 NW 28 Street,02/21/2024,Open
,,89,wilton_Code_Violation_to_March_2024-30p.json,,,,,,,,,,,Wilton Manor,,,,,,,,,,,,legacy,,,24-000545,Landscape maintenance (overgrowth and all other),832 NW 28 Street,02/21/2024,Open
,,89,wilton_Code_Violation_to_March_2024-30p.json,,,,,,,,,,,Wilton Manor,,,,,,,,,,,,legacy,,,24-000545,"General Prohibitions (sidewalk, swale, etc.)",832 NW 28 Street,02/21/2024,Open
,,89,wilton_Code_Violation_to_March_2024-30p.json,,,,,,,,,,,Wilton Manor,,,,,,,,,,,,legacy,,,24-000545,"Parking or storage of commercial vehicles, etc.",832 NW 28 Street,02/21/2024,Open
,,89,wilton_Code_Violation_to_March_2024-30p.json,,,,,,,,,,,Wilton Manor,,,,,,,,,,,,legacy,,,24-000551,Unsafe Dwellings,2008 NE 3 Avenue,02/21/2024,Open
,,89,wilton_Code_Violation_to_March_2024-30p.json,,,,,,,,,,,Wilton Manor,,,,,,,,,,,,legacy,,,24-000569,Local Business Tax Receipts,2609 NW 6 Avenue,02/22/2024,Closed
,,89,wilton_Code_Violation_to_March_2024-30p.json,,,,,,,,,,,Wilton Manor,,,,,,,,,,,,legacy,,,24-000569,Registration required. VRL,2609 NW 6 Avenue,02/22/2024,Closed
,,89,wilton_Code_Violation_to_March_2024-30p.json,,,,,,,,,,,Wilton Manor,,,,,,,,,,,,legacy,,,24-000561,Registration required. VRL,2912 NW 11 Avenue,02/22/2024,Open
,,94,wilton_Code_Violation_to_March_2024-30p.json,,,,,,,,,,,Wilton Manor,,,,,,,,,,,,legacy,,,24-000561,"Penalties, Offenses, Suspension and Revocation. VRL",2912 NW 11 Avenue,02/22/2024,Open
,,94,wilton_Code_Violation_to_March_2024-30p.json,,,,,,,,,,,Wilton Manor,,,,,,,,,,,,legacy,,,24-000561,"Pool, spa, hot tub safety/Gates",2912 NW 11 Avenue,02/22/2024,Open
,,94,wilton_Code_Violation_to_March_2024-30p.json,,,,,,,,,,,Wilton Manor,,,,,,,,,,,,legacy,,,24-000561,Responsible party required. VRL,2912 NW 11 Avenue,02/22/2024,Open
,,94,wilton_Code_Violation_to_March_2024-30p.json,,,,,,,,,,,Wilton Manor,,,,,,,,,,,,legacy,,,24-000566,Local Business Tax Receipts,600 West OAKLAND PARK Boulevard,02/22/2024,Open
,,94,wilton_Code_Violation_to_March_2024-30p.json,,,,,,,,,,,Wilton Manor,,,,,,,,,,,,legacy,,,24-000566,Storm shutters placement.,600 West OAKLAND PARK Boulevard,02/22/2024,Open
,,94,wilton_Code_Violation_to_March_2024-30p.json,,,,,,,,,,,Wilton Manor,,,,,,,,,,,,legacy,,,24-000565,Sign - prohibited Snipe signs,2349 NW 9 Avenue,02/22/2024,Closed
,,94,wilton_Code_Violation_to_March_2024-30p.json,,,,,,,,,,,Wilton Manor,,,,,,,,,,,,legacy,,,24-000565,Sign - prohibited wind signs,2349 NW 9 Avenue,02/22/2024,Closed
,,94,wilton_Code_Violation_to_March_2024-30p.json,,,,,,,,,,,Wilton Manor,,,,,,,,,,,,legacy,,,24-000573,Local Business Tax Receipts,2113 NE 15 Avenue,02/22/2024,Closed
,,94,wilton_Code_Violation_to_March_2024-30p.json,,,,,,,,,,,Wilton Manor,,,,,,,,,,,,legacy,,,24-000573,Registration required. VRL,2113 NE 15 Avenue,02/22/2024,Closed
,,94,wilton_Code_Violation_to_March_2024-30p.json,,,,,,,,,,,Wilton Manor,,,,,,,,,,,,legacy,,,24-000573,"Penalties, Offenses, Suspension and Revocation. VRL",2113 NE 15 Avenue,02/22/2024,Closed
,,94,wilton_Code_Violation_to_March_2024-30p.json,,,,,,,,,,,Wilton Manor,,,,,,,,,,,,legacy,,,24-000564,Roofs and gutters,2716 NE 1 Avenue,02/22/2024,Open
,,94,wilton_Code_Violation_to_March_2024-30p.json,,,,,,,,,,,Wilton Manor,,,,,,,,,,,,legacy,,,24-000564,Fascia/borders/decorative bands/soffits.,2716 NE 1 Avenue,02/22/2024,Open
,,94,wilton_Code_Violation_to_March_2024-30p.json,,,,,,,,,,,Wilton Manor,,,,,,,,,,,,legacy,,,24-000564,"Fences, walls and hedges",2716 NE 1 Avenue,02/22/2024,Open
,,94,wilton_Code_Violation_to_March_2024-30p.json,,,,,,,,,,,Wilton Manor,,,,,,,,,,,,legacy,,,24-000564,Landscape maintenance (overgrowth and all other),2716 NE 1 Avenue,02/22/2024,Open
,,94,wilton_Code_Violation_to_March_2024-30p.json,,,,,,,,,,,Wilton Manor,,,,,,,,,,,,legacy,,,24-000568,Local Business Tax Receipts,1501 NE 24 Street,02/22/2024,Closed
,,94,wilton_Code_Violation_to_March_2024-30p.json,,,,,,,,,,,Wilton Manor,,,,,,,,,,,,legacy,,,24-000568,Registration required. VRL,1501 NE 24 Street,02/22/2024,Closed
,,94,wilton_Code_Violation_to_March_2024-30p.json,,,,,,,,,,,Wilton Manor,,,,,,,,,,,,legacy,,,24-000563,Residential bulk trash collection.,2717 NE 1 Avenue,02/22/2024,Open
,,94,wilton_Code_Violation_to_March_2024-30p.json,,,,,,,,,,,Wilton Manor,,,,,,,,,,,,legacy,,,24-000563,Landscape maintenance,2717 NE 1 Avenue,02/22/2024,Open
,,94,wilton_Code_Violation_to_March_2024-30p.json,,,,,,,,,,,Wilton Manor,,,,,,,,,,,,legacy,,,24-000584,Outdoor Storage,206 NE 29 Street,02/25/2024,Closed
,,99,wilton_Code_Violation_to_March_2024-30p.json,,,,,,,,,,,Wilton Manor,,,,,,,,,,,,legacy,,,24-000526,Sandwich Board Signs,2370 WILTON Drive,02/25/2024,Closed
,,99,wilton_Code_Violation_to_March_2024-30p.json,,,,,,,,,,,Wilton Manor,,,,,,,,,,,,legacy,,,24-000589,Residential bulk trash collection.,32 NE 26 Drive,02/26/2024,Closed
,,99,wilton_Code_Violation_to_March_2024-30p.json,,,,,,,,,,,Wilton Manor,,,,,,,,,,,,legacy,,,24-000586,Sandwich Board Signs,2366 WILTON Drive,02/26/2024,Closed
,,99,wilton_Code_Violation_to_March_2024-30p.json,,,,,,,,,,,Wilton Manor,,,,,,,,,,,,legacy,,,24-000594,Prohibited signs,204 East OAKLAND PARK Boulevard,02/26/2024,Closed
,,99,wilton_Code_Violation_to_March_2024-30p.json,,,,,,,,,,,Wilton Manor,,,,,,,,,,,,legacy,,,24-000590,Roofs and gutters,333 NE 29 Street,02/26/2024,Open
,,99,wilton_Code_Violation_to_March_2024-30p.json,,,,,,,,,,,Wilton Manor,,,,,,,,,,,,legacy,,,24-000590,Fascia/borders/decorative bands/soffits.,333 NE 29 Street,02/26/2024,Open
,,99,wilton_Code_Violation_to_March_2024-30p.json,,,,,,,,,,,Wilton Manor,,,,,,,,,,,,legacy,,,24-000590,"Stairs, porches and railings",333 NE 29 Street,02/26/2024,Open
,,99,wilton_Code_Violation_to_March_2024-30p.json,,,,,,,,,,,Wilton Manor,,,,,,,,,,,,legacy,,,24-000590,"General Prohibitions (sidewalk, swale, etc.)",333 NE 29 Street,02/26/2024,Open
,,99,wilton_Code_Violation_to_March_2024-30p.json,,,,,,,,,,,Wilton Manor,,,,,,,,,,,,legacy,,,24-000590,Storm shutters placement.,333 NE 29 Street,02/26/2024,Open
,,99,wilton_Code_Violation_to_March_2024-30p.json,,,,,,,,,,,Wilton Manor,,,,,,,,,,,,legacy,,,24-000592,Fascia/borders/decorative bands/soffits.,813 NW 26 Street,02/26/2024,Closed
,,99,wilton_Code_Violation_to_March_2024-30p.json,,,,,,,,,,,Wilton Manor,,,,,,,,,,,,legacy,,,24-000592,Driveways and other parking areas - Free of weeds,813 NW 26 Street,02/26/2024,Closed
,,99,wilton_Code_Violation_to_March_2024-30p.json,,,,,,,,,,,Wilton Manor,,,,,,,,,,,,legacy,,,24-000611,Local Business Tax Receipts,316 NW 28 CT,02/27/2024,Open
,,99,wilton_Code_Violation_to_March_2024-30p.json,,,,,,,,,,,Wilton Manor,,,,,,,,,,,,legacy,,,24-000590,Landscape maintenance (overgrowth and all other),333 NE 29 Street,02/27/2024,Open
,,99,wilton_Code_Violation_to_March_2024-30p.json,,,,,,,,,,,Wilton Manor,,,,,,,,,,,,legacy,,,24-000602,Prohibited signs,2415 North Dixie HWY,02/27/2024,Closed
,,99,wilton_Code_Violation_to_March_2024-30p.json,,,,,,,,,,,Wilton Manor,,,,,,,,,,,,legacy,,,24-000608,Local Business Tax Receipts,2850 North ANDREWS Avenue,02/27/2024,Closed
,,99,wilton_Code_Violation_to_March_2024-30p.json,,,,,,,,,,,Wilton Manor,,,,,,,,,,,,legacy,,,24-000591,Residential bulk trash collection.,2731 NE 1 Terrace,02/27/2024,Closed
,,99,wilton_Code_Violation_to_March_2024-30p.json,,,,,,,,,,,Wilton Manor,,,,,,,,,,,,legacy,,,24-000606,Local Business Tax Receipts,2031 WILTON Drive,02/27/2024,Closed
,,99,wilton_Code_Violation_to_March_2024-30p.json,,,,,,,,,,,Wilton Manor,,,,,,,,,,,,legacy,,,24-000588,Sandwich Board Signs,2406 WILTON Drive,02/27/2024,Closed
,,99,wilton_Code_Violation_to_March_2024-30p.json,,,,,,,,,,,Wilton Manor,,,,,,,,,,,,legacy,,,24-000587,Sandwich Board Signs,2410 WILTON Drive,02/27/2024,Closed
,,104,wilton_Code_Violation_to_March_2024-30p.json,,,,,,,,,,,Wilton Manor,,,,,,,,,,,,legacy,,,24-000603,Residential bulk trash collection.,900 NW 26 Street,02/27/2024,Closed
,,104,wilton_Code_Violation_to_March_2024-30p.json,,,,,,,,,,,Wilton Manor,,,,,,,,,,,,legacy,,,24-000604,Rec. vehicles/trailers,2457 NW 9 Terrace,02/27/2024,Closed
,,104,wilton_Code_Violation_to_March_2024-30p.json,,,,,,,,,,,Wilton Manor,,,,,,,,,,,,legacy,,,24-000620,Trash/Recycle Receptacle Placement,48 NE 28 CT,02/28/2024,Closed
,,104,wilton_Code_Violation_to_March_2024-30p.json,,,,,,,,,,,Wilton Manor,,,,,,,,,,,,legacy,,,24-000620,Residential bulk trash collection.,48 NE 28 CT,02/28/2024,Closed
,,104,wilton_Code_Violation_to_March_2024-30p.json,,,,,,,,,,,Wilton Manor,,,,,,,,,,,,legacy,,,24-000625,Local Business Tax Receipts,400 NW 30 Court,02/29/2024,Open
,,104,wilton_Code_Violation_to_March_2024-30p.json,,,,,,,,,,,Wilton Manor,,,,,,,,,,,,legacy,,,24-000625,Registration required. VRL,400 NW 30 Court,02/29/2024,Open
,,104,wilton_Code_Violation_to_March_2024-30p.json,,,,,,,,,,,Wilton Manor,,,,,,,,,,,,legacy,,,24-000636,Running at large,235 NE 21 Street,03/01/2024,Open
,,104,wilton_Code_Violation_to_March_2024-30p.json,,,,,,,,,,,Wilton Manor,,,,,,,,,,,,legacy,,,24-000636,Dangerous dogs. Part 1,235 NE 21 Street,03/01/2024,Open
,,104,wilton_Code_Violation_to_March_2024-30p.json,,,,,,,,,,,Wilton Manor,,,,,,,,,,,,legacy,,,24-000636,Dangerous Dog Penalties.,235 NE 21 Street,03/01/2024,Open
,,104,wilton_Code_Violation_to_March_2024-30p.json,,,,,,,,,,,Wilton Manor,,,,,,,,,,,,legacy,,,24-000636,Owners of Dangerous Dogs.,235 NE 21 Street,03/01/2024,Open
,,104,wilton_Code_Violation_to_March_2024-30p.json,,,,,,,,,,,Wilton Manor,,,,,,,,,,,,legacy,,,24-000636,Control of Animals on Public Property,235 NE 21 Street,03/01/2024,Open
,,104,wilton_Code_Violation_to_March_2024-30p.json,,,,,,,,,,,Wilton Manor,,,,,,,,,,,,legacy,,,24-000636,Nuisance of dogs or cats,235 NE 21 Street,03/01/2024,Open
,,104,wilton_Code_Violation_to_March_2024-30p.json,,,,,,,,,,,Wilton Manor,,,,,,,,,,,,legacy,,,24-000636,Enforcement; fines for violation.,235 NE 21 Street,03/01/2024,Open
,,104,wilton_Code_Violation_to_March_2024-30p.json,,,,,,,,,,,Wilton Manor,,,,,,,,,,,,legacy,,,24-000639,Landscape maintenance (overgrowth and all other),2819 NW 12 Avenue,03/03/2024,Closed
,,104,wilton_Code_Violation_to_March_2024-30p.json,,,,,,,,,,,Wilton Manor,,,,,,,,,,,,legacy,,,24-000653,Landscape maintenance (overgrowth and all other),25 NE 26 Drive,03/04/2024,Closed
,,104,wilton_Code_Violation_to_March_2024-30p.json,,,,,,,,,,,Wilton Manor,,,,,,,,,,,,legacy,,,24-000655,Landscape maintenance,308 NE 22 Street,03/04/2024,Closed
,,104,wilton_Code_Violation_to_March_2024-30p.json,,,,,,,,,,,Wilton Manor,,,,,,,,,,,,legacy,,,24-000621,Building identification requirements,2625 NE 2 Avenue,03/04/2024,Closed
,,104,wilton_Code_Violation_to_March_2024-30p.json,,,,,,,,,,,Wilton Manor,,,,,,,,,,,,legacy,,,24-000658,Outdoor Storage,1309 NE 23 Street,03/04/2024,Open
,,104,wilton_Code_Violation_to_March_2024-30p.json,,,,,,,,,,,Wilton Manor,,,,,,,,,,,,legacy,,,24-000658,"Parking or storage of commercial vehicles, etc.",1309 NE 23 Street,03/04/2024,Open
,,109,wilton_Code_Violation_to_March_2024-30p.json,,,,,,,,,,,Wilton Manor,,,,,,,,,,,,legacy,,,24-000658,Residential bulk trash collection.,1309 NE 23 Street,03/04/2024,Open
,,109,wilton_Code_Violation_to_March_2024-30p.json,,,,,,,,,,,Wilton Manor,,,,,,,,,,,,legacy,,,24-000570,Required Permit Approvals - building permit,2717 NE 1 Avenue,03/04/2024,Open
,,109,wilton_Code_Violation_to_March_2024-30p.json,,,,,,,,,,,Wilton Manor,,,,,,,,,,,,legacy,,,24-000374,Required Permit Approvals - building permit,2808 NE 10 Avenue,03/04/2024,Open
,,109,wilton_Code_Violation_to_March_2024-30p.json,,,,,,,,,,,Wilton Manor,,,,,,,,,,,,legacy,,,24-000374,Drainage.,2808 NE 10 Avenue,03/04/2024,Open
,,109,wilton_Code_Violation_to_March_2024-30p.json,,,,,,,,,,,Wilton Manor,,,,,,,,,,,,legacy,,,24-000374,Clear sight triangles,2808 NE 10 Avenue,03/04/2024,Open
,,109,wilton_Code_Violation_to_March_2024-30p.json,,,,,,,,,,,Wilton Manor,,,,,,,,,,,,legacy,,,24-000374,"General Prohibitions (sidewalk, swale, etc.)",2808 NE 10 Avenue,03/04/2024,Open
,,109,wilton_Code_Violation_to_March_2024-30p.json,,,,,,,,,,,Wilton Manor,,,,,,,,,,,,legacy,,,24-000374,Litter,2808 NE 10 Avenue,03/04/2024,Open
,,109,wilton_Code_Violation_to_March_2024-30p.json,,,,,,,,,,,Wilton Manor,,,,,,,,,,,,legacy,,,24-000374,Landscape maintenance,2808 NE 10 Avenue,03/04/2024,Open
,,109,wilton_Code_Violation_to_March_2024-30p.json,,,,,,,,,,,Wilton Manor,,,,,,,,,,,,legacy,,,24-000652,Boats/trailers,812 NE 22 Drive,03/04/2024,Closed
,,109,wilton_Code_Violation_to_March_2024-30p.json,,,,,,,,,,,Wilton Manor,,,,,,,,,,,,legacy,,,24-000644,Noise - Amplified sound,1909 NE 26 DR,03/04/2024,Open
,,109,wilton_Code_Violation_to_March_2024-30p.json,,,,,,,,,,,Wilton Manor,,,,,,,,,,,,legacy,,,23-003741,"Fences, walls and hedges",235 NE 23 Street M204,03/04/2024,Open
,,109,wilton_Code_Violation_to_March_2024-30p.json,,,,,,,,,,,Wilton Manor,,,,,,,,,,,,legacy,,,23-003741,Feeding of wild animals prohibited,235 NE 23 Street M204,03/04/2024,Open
,,109,wilton_Code_Violation_to_March_2024-30p.json,,,,,,,,,,,Wilton Manor,,,,,,,,,,,,legacy,,,24-000666,Trash/Recycle Receptacle Placement,500 NW 30 CT,03/05/2024,Closed
,,109,wilton_Code_Violation_to_March_2024-30p.json,,,,,,,,,,,Wilton Manor,,,,,,,,,,,,legacy,,,24-000666,Storm shutters placement.,500 NW 30 CT,03/05/2024,Closed
,,109,wilton_Code_Violation_to_March_2024-30p.json,,,,,,,,,,,Wilton Manor,,,,,,,,,,,,legacy,,,24-000668,Trash/Recycle Receptacle Placement,508 NW 30 CT,03/05/2024,Closed
,,109,wilton_Code_Violation_to_March_2024-30p.json,,,,,,,,,,,Wilton Manor,,,,,,,,,,,,legacy,,,24-000667,Local Business Tax Receipts,1212 NE 26 Street,03/05/2024,Closed
,,109,wilton_Code_Violation_to_March_2024-30p.json,,,,,,,,,,,Wilton Manor,,,,,,,,,,,,legacy,,,24-000667,Failure to obtain.,1212 NE 26 Street,03/05/2024,Closed
,,109,wilton_Code_Violation_to_March_2024-30p.json,,,,,,,,,,,Wilton Manor,,,,,,,,,,,,legacy,,,24-000675,Local Business Tax Receipts,1904 NE 26 Drive #1-2,03/05/2024,Closed
,,109,wilton_Code_Violation_to_March_2024-30p.json,,,,,,,,,,,Wilton Manor,,,,,,,,,,,,legacy,,,24-000675,Failure to obtain.,1904 NE 26 Drive #1-2,03/05/2024,Closed
,,114,wilton_Code_Violation_to_March_2024-30p.json,,,,,,,,,,,Wilton Manor,,,,,,,,,,,,legacy,,,24-000670,Local Business Tax Receipts,1881 NE 26 Street 212,03/05/2024,Closed
,,114,wilton_Code_Violation_to_March_2024-30p.json,,,,,,,,,,,Wilton Manor,,,,,,,,,,,,legacy,,,24-000670,Failure to obtain.,1881 NE 26 Street 212,03/05/2024,Closed
,,114,wilton_Code_Violation_to_March_2024-30p.json,,,,,,,,,,,Wilton Manor,,,,,,,,,,,,legacy,,,24-000663,Trash/Recycle Receptacle Placement,316 NW 30 CT,03/05/2024,Closed
,,114,wilton_Code_Violation_to_March_2024-30p.json,,,,,,,,,,,Wilton Manor,,,,,,,,,,,,legacy,,,24-000672,Local Business Tax Receipts,817-819 NE 22 Drive,03/05/2024,Closed
,,114,wilton_Code_Violation_to_March_2024-30p.json,,,,,,,,,,,Wilton Manor,,,,,,,,,,,,legacy,,,24-000672,Failure to obtain.,817-819 NE 22 Drive,03/05/2024,Closed
,,114,wilton_Code_Violation_to_March_2024-30p.json,,,,,,,,,,,Wilton Manor,,,,,,,,,,,,legacy,,,24-000673,Local Business Tax Receipts,2201 NE 15 Avenue,03/05/2024,Closed
,,114,wilton_Code_Violation_to_March_2024-30p.json,,,,,,,,,,,Wilton Manor,,,,,,,,,,,,legacy,,,24-000673,Failure to obtain.,2201 NE 15 Avenue,03/05/2024,Closed
,,114,wilton_Code_Violation_to_March_2024-30p.json,,,,,,,,,,,Wilton Manor,,,,,,,,,,,,legacy,,,24-000682,Local Business Tax Receipts,120 East OAKLAND PARK Boulevard 105-308,03/05/2024,Closed
,,114,wilton_Code_Violation_to_March_2024-30p.json,,,,,,,,,,,Wilton Manor,,,,,,,,,,,,legacy,,,24-000682,Failure to obtain.,120 East OAKLAND PARK Boulevard 105-308,03/05/2024,Closed
,,114,wilton_Code_Violation_to_March_2024-30p.json,,,,,,,,,,,Wilton Manor,,,,,,,,,,,,legacy,,,24-000669,Trash/Recycle Receptacle Placement,509 NW 30 CT,03/05/2024,Closed
,,114,wilton_Code_Violation_to_March_2024-30p.json,,,,,,,,,,,Wilton Manor,,,,,,,,,,,,legacy,,,24-000665,Landscape maintenance (overgrowth and all other),408 NW 30 CT,03/05/2024,Closed
,,114,wilton_Code_Violation_to_March_2024-30p.json,,,,,,,,,,,Wilton Manor,,,,,,,,,,,,legacy,,,24-000665,"General Prohibitions (sidewalk, swale, etc.)",408 NW 30 CT,03/05/2024,Closed
,,114,wilton_Code_Violation_to_March_2024-30p.json,,,,,,,,,,,Wilton Manor,,,,,,,,,,,,legacy,,,24-000694,Driveways and other parking areas - Free of weeds,507 NE 24 Street,03/06/2024,Closed
,,114,wilton_Code_Violation_to_March_2024-30p.json,,,,,,,,,,,Wilton Manor,,,,,,,,,,,,legacy,,,24-000694,Prohibited for certain purposes,507 NE 24 Street,03/06/2024,Closed
,,114,wilton_Code_Violation_to_March_2024-30p.json,,,,,,,,,,,Wilton Manor,,,,,,,,,,,,legacy,,,24-000693,"General Prohibitions (sidewalk, swale, etc.)",400 NE 26 Drive,03/06/2024,Closed
,,114,wilton_Code_Violation_to_March_2024-30p.json,,,,,,,,,,,Wilton Manor,,,,,,,,,,,,legacy,,,24-000693,"General Prohibitions (sidewalk, swale, etc.)",400 NE 26 Drive,03/06/2024,Closed
,,114,wilton_Code_Violation_to_March_2024-30p.json,,,,,,,,,,,Wilton Manor,,,,,,,,,,,,legacy,,,24-000455,Residential bulk trash collection.,349 NE 29 Street,03/07/2024,Closed
,,114,wilton_Code_Violation_to_March_2024-30p.json,,,,,,,,,,,Wilton Manor,,,,,,,,,,,,legacy,,,24-000707,Local Business Tax Receipts,2200-2292 WILTON Drive 2290,03/07/2024,Closed
,,114,wilton_Code_Violation_to_March_2024-30p.json,,,,,,,,,,,Wilton Manor,,,,,,,,,,,,legacy,,,24-000707,Failure to obtain.,2200-2292 WILTON Drive 2290,03/07/2024,Closed
,,119,wilton_Code_Violation_to_March_2024-30p.json,,,,,,,,,,,Wilton Manor,,,,,,,,,,,,legacy,,,24-000708,Local Business Tax Receipts,1920 NE 26 Drive,03/07/2024,Closed
,,119,wilton_Code_Violation_to_March_2024-30p.json,,,,,,,,,,,Wilton Manor,,,,,,,,,,,,legacy,,,24-000708,Failure to obtain.,1920 NE 26 Drive,03/07/2024,Closed
,,119,wilton_Code_Violation_to_March_2024-30p.json,,,,,,,,,,,Wilton Manor,,,,,,,,,,,,legacy,,,24-000709,Local Business Tax Receipts,1909-1913 NE 26 Street,03/07/2024,Closed
,,119,wilton_Code_Violation_to_March_2024-30p.json,,,,,,,,,,,Wilton Manor,,,,,,,,,,,,legacy,,,24-000709,Failure to obtain.,1909-1913 NE 26 Street,03/07/2024,Closed
,,119,wilton_Code_Violation_to_March_2024-30p.json,,,,,,,,,,,Wilton Manor,,,,,,,,,,,,legacy,,,24-000700,Required Permit Approvals - building permit,1409 NE 27 Drive,03/07/2024,Open
,,119,wilton_Code_Violation_to_March_2024-30p.json,,,,,,,,,,,Wilton Manor,,,,,,,,,,,,legacy,,,24-000690,Code Out - No Violation/Misc./Referred/Unfounded,108 NE 26 Drive,03/07/2024,Closed
,,119,wilton_Code_Violation_to_March_2024-30p.json,,,,,,,,,,,Wilton Manor,,,,,,,,,,,,legacy,,,24-000691,Residential bulk trash collection.,109 ALMAR Drive,03/07/2024,Open
,,119,wilton_Code_Violation_to_March_2024-30p.json,,,,,,,,,,,Wilton Manor,,,,,,,,,,,,legacy,,,24-000714,Local Business Tax Receipts,1950 WILTON Drive 1952,03/08/2024,Closed
,,119,wilton_Code_Violation_to_March_2024-30p.json,,,,,,,,,,,Wilton Manor,,,,,,,,,,,,legacy,,,24-000714,Failure to obtain.,1950 WILTON Drive 1952,03/08/2024,Closed
,,119,wilton_Code_Violation_to_March_2024-30p.json,,,,,,,,,,,Wilton Manor,,,,,,,,,,,,legacy,,,24-000721,Local Business Tax Receipts,2525 NW 9 Terrace,03/08/2024,Closed
,,119,wilton_Code_Violation_to_March_2024-30p.json,,,,,,,,,,,Wilton Manor,,,,,,,,,,,,legacy,,,24-000721,Failure to obtain.,2525 NW 9 Terrace,03/08/2024,Closed
,,119,wilton_Code_Violation_to_March_2024-30p.json,,,,,,,,,,,Wilton Manor,,,,,,,,,,,,legacy,,,24-000718,Local Business Tax Receipts,600-602 NE 28 Street,03/08/2024,Closed
,,119,wilton_Code_Violation_to_March_2024-30p.json,,,,,,,,,,,Wilton Manor,,,,,,,,,,,,legacy,,,24-000718,Failure to obtain.,600-602 NE 28 Street,03/08/2024,Closed
,,119,wilton_Code_Violation_to_March_2024-30p.json,,,,,,,,,,,Wilton Manor,,,,,,,,,,,,legacy,,,24-000728,Local Business Tax Receipts,2000 North ANDREWS Avenue BLDG D,03/08/2024,Closed
,,119,wilton_Code_Violation_to_March_2024-30p.json,,,,,,,,,,,Wilton Manor,,,,,,,,,,,,legacy,,,24-000728,Failure to obtain.,2000 North ANDREWS Avenue BLDG D,03/08/2024,Closed
,,119,wilton_Code_Violation_to_March_2024-30p.json,,,,,,,,,,,Wilton Manor,,,,,,,,,,,,legacy,,,24-000716,Local Business Tax Receipts,2501-2519 North ANDREWS Avenue 2507,03/08/2024,Closed
,,119,wilton_Code_Violation_to_March_2024-30p.json,,,,,,,,,,,Wilton Manor,,,,,,,,,,,,legacy,,,24-000716,Failure to obtain.,2501-2519 North ANDREWS Avenue 2507,03/08/2024,Closed
,,119,wilton_Code_Violation_to_March_2024-30p.json,,,,,,,,,,,Wilton Manor,,,,,,,,,,,,legacy,,,24-000727,Local Business Tax Receipts,2300 NE 9 Avenue,03/08/2024,Closed
,,119,wilton_Code_Violation_to_March_2024-30p.json,,,,,,,,,,,Wilton Manor,,,,,,,,,,,,legacy,,,24-000727,Failure to obtain.,2300 NE 9 Avenue,03/08/2024,Closed
,,124,wilton_Code_Violation_to_March_2024-30p.json,,,,,,,,,,,Wilton Manor,,,,,,,,,,,,legacy,,,24-000730,Local Business Tax Receipts,2448-2454 NE 13 Avenue 2450,03/08/2024,Closed
,,124,wilton_Code_Violation_to_March_2024-30p.json,,,,,,,,,,,Wilton Manor,,,,,,,,,,,,legacy,,,24-000730,Failure to obtain.,2448-2454 NE 13 Avenue 2450,03/08/2024,Closed
,,124,wilton_Code_Violation_to_March_2024-30p.json,,,,,,,,,,,Wilton Manor,,,,,,,,,,,,legacy,,,24-000724,Local Business Tax Receipts,2727 North ANDREWS Avenue,03/08/2024,Closed
,,124,wilton_Code_Violation_to_March_2024-30p.json,,,,,,,,,,,Wilton Manor,,,,,,,,,,,,legacy,,,24-000724,Failure to obtain.,2727 North ANDREWS Avenue,03/08/2024,Closed
,,124,wilton_Code_Violation_to_March_2024-30p.json,,,,,,,,,,,Wilton Manor,,,,,,,,,,,,legacy,,,24-000725,Local Business Tax Receipts,2905 NE 6 Avenue 2917,03/08/2024,Closed
,,124,wilton_Code_Violation_to_March_2024-30p.json,,,,,,,,,,,Wilton Manor,,,,,,,,,,,,legacy,,,24-000725,Failure to obtain.,2905 NE 6 Avenue 2917,03/08/2024,Closed
,,124,wilton_Code_Violation_to_March_2024-30p.json,,,,,,,,,,,Wilton Manor,,,,,,,,,,,,legacy,,,24-000726,Local Business Tax Receipts,813-815 NE 22 Drive # 1-2,03/08/2024,Closed
,,124,wilton_Code_Violation_to_March_2024-30p.json,,,,,,,,,,,Wilton Manor,,,,,,,,,,,,legacy,,,24-000726,Failure to obtain.,813-815 NE 22 Drive # 1-2,03/08/2024,Closed
,,124,wilton_Code_Violation_to_March_2024-30p.json,,,,,,,,,,,Wilton Manor,,,,,,,,,,,,legacy,,,24-000719,Local Business Tax Receipts,120 East OAKLAND PARK Boulevard 207,03/08/2024,Closed
,,124,wilton_Code_Violation_to_March_2024-30p.json,,,,,,,,,,,Wilton Manor,,,,,,,,,,,,legacy,,,24-000719,Failure to obtain.,120 East OAKLAND PARK Boulevard 207,03/08/2024,Closed
,,124,wilton_Code_Violation_to_March_2024-30p.json,,,,,,,,,,,Wilton Manor,,,,,,,,,,,,legacy,,,24-000715,Local Business Tax Receipts,2702-2704 NE 6 LN #1-2,03/08/2024,Closed
,,124,wilton_Code_Violation_to_March_2024-30p.json,,,,,,,,,,,Wilton Manor,,,,,,,,,,,,legacy,,,24-000715,Failure to obtain.,2702-2704 NE 6 LN #1-2,03/08/2024,Closed
,,124,wilton_Code_Violation_to_March_2024-30p.json,,,,,,,,,,,Wilton Manor,,,,,,,,,,,,legacy,,,24-000731,Responsible party required. VRL,416 NE 29 Street,03/09/2024,Open
,,124,wilton_Code_Violation_to_March_2024-30p.json,,,,,,,,,,,Wilton Manor,,,,,,,,,,,,legacy,,,24-000731,Parking requirements,416 NE 29 Street,03/09/2024,Open
,,124,wilton_Code_Violation_to_March_2024-30p.json,,,,,,,,,,,Wilton Manor,,,,,,,,,,,,legacy,,,24-000731,Vehicle parked on a hard surface at VR,416 NE 29 Street,03/09/2024,Open
,,124,wilton_Code_Violation_to_March_2024-30p.json,,,,,,,,,,,Wilton Manor,,,,,,,,,,,,legacy,,,24-000690,Maximum Occupancy,108 NE 26 Drive,03/10/2024,Open
,,124,wilton_Code_Violation_to_March_2024-30p.json,,,,,,,,,,,Wilton Manor,,,,,,,,,,,,legacy,,,24-000690,Noise Control - Legislative findings.,108 NE 26 Drive,03/10/2024,Open
,,124,wilton_Code_Violation_to_March_2024-30p.json,,,,,,,,,,,Wilton Manor,,,,,,,,,,,,legacy,,,24-000740,Required Permit Approvals - building permit,351 NE 19 Place,03/11/2024,Closed
,,124,wilton_Code_Violation_to_March_2024-30p.json,,,,,,,,,,,Wilton Manor,,,,,,,,,,,,legacy,,,24-000735,Noise - Amplified sound,108 NE 26 Drive,03/11/2024,Open
,,129,wilton_Code_Violation_to_March_2024-30p.json,,,,,,,,,,,Wilton Manor,,,,,,,,,,,,legacy,,,24-000736,Parking requirements,616 NW 21 Street,03/11/2024,Open
,,129,wilton_Code_Violation_to_March_2024-30p.json,,,,,,,,,,,Wilton Manor,,,,,,,,,,,,legacy,,,24-000736,"Penalties, Offenses, Suspension and Revocation. VRL",616 NW 21 Street,03/11/2024,Open
,,129,wilton_Code_Violation_to_March_2024-30p.json,,,,,,,,,,,Wilton Manor,,,,,,,,,,,,legacy,,,24-000736,Fines,616 NW 21 Street,03/11/2024,Open
,,129,wilton_Code_Violation_to_March_2024-30p.json,,,,,,,,,,,Wilton Manor,,,,,,,,,,,,legacy,,,24-000736,"General Prohibitions (sidewalk, swale, etc.)",616 NW 21 Street,03/11/2024,Open
,,129,wilton_Code_Violation_to_March_2024-30p.json,,,,,,,,,,,Wilton Manor,,,,,,,,,,,,legacy,,,24-000736,Noise - Disturbance,616 NW 21 Street,03/11/2024,Open
,,129,wilton_Code_Violation_to_March_2024-30p.json,,,,,,,,,,,Wilton Manor,,,,,,,,,,,,legacy,,,24-000736,Noise - Amplified sound,616 NW 21 Street,03/11/2024,Open
,,129,wilton_Code_Violation_to_March_2024-30p.json,,,,,,,,,,,Wilton Manor,,,,,,,,,,,,legacy,,,24-000736,Maintain trespass warnings,616 NW 21 Street,03/11/2024,Open
,,129,wilton_Code_Violation_to_March_2024-30p.json,,,,,,,,,,,Wilton Manor,,,,,,,,,,,,legacy,,,24-000734,Outdoor Storage,2316 NE 6 Avenue,03/11/2024,Open
,,129,wilton_Code_Violation_to_March_2024-30p.json,,,,,,,,,,,Wilton Manor,,,,,,,,,,,,legacy,,,24-000734,Trash/Recycle Receptacle Placement,2316 NE 6 Avenue,03/11/2024,Open
,,129,wilton_Code_Violation_to_March_2024-30p.json,,,,,,,,,,,Wilton Manor,,,,,,,,,,,,legacy,,,24-000734,Exterior building condition,2316 NE 6 Avenue,03/11/2024,Open
,,129,wilton_Code_Violation_to_March_2024-30p.json,,,,,,,,,,,Wilton Manor,,,,,,,,,,,,legacy,,,24-000734,Fascia/borders/decorative bands/soffits.,2316 NE 6 Avenue,03/11/2024,Open
,,129,wilton_Code_Violation_to_March_2024-30p.json,,,,,,,,,,,Wilton Manor,,,,,,,,,,,,legacy,,,24-000734,Driveways and other parking areas - Free of weeds,2316 NE 6 Avenue,03/11/2024,Open
,,129,wilton_Code_Violation_to_March_2024-30p.json,,,,,,,,,,,Wilton Manor,,,,,,,,,,,,legacy,,,24-000734,Landscape maintenance (overgrowth and all other),2316 NE 6 Avenue,03/11/2024,Open
,,129,wilton_Code_Violation_to_March_2024-30p.json,,,,,,,,,,,Wilton Manor,,,,,,,,,,,,legacy,,,24-000767,Required Permit Approvals - building permit,600 NW 27 Street,03/12/2024,Open
,,129,wilton_Code_Violation_to_March_2024-30p.json,,,,,,,,,,,Wilton Manor,,,,,,,,,,,,legacy,,,24-000760,Local Business Tax Receipts,2783 North Dixie HWY,03/12/2024,Open
,,129,wilton_Code_Violation_to_March_2024-30p.json,,,,,,,,,,,Wilton Manor,,,,,,,,,,,,legacy,,,24-000760,Failure to obtain.,2783 North Dixie HWY,03/12/2024,Open
,,129,wilton_Code_Violation_to_March_2024-30p.json,,,,,,,,,,,Wilton Manor,,,,,,,,,,,,legacy,,,24-000763,Local Business Tax Receipts,2228 Wilton Drive,03/12/2024,Open
,,129,wilton_Code_Violation_to_March_2024-30p.json,,,,,,,,,,,Wilton Manor,,,,,,,,,,,,legacy,,,24-000763,Failure to obtain.,2228 Wilton Drive,03/12/2024,Open
,,129,wilton_Code_Violation_to_March_2024-30p.json,,,,,,,,,,,Wilton Manor,,,,,,,,,,,,legacy,,,24-000750,Code Out - No Violation/Misc./Referred/Unfounded,412 NW 20 Street,03/12/2024,Closed
,,134,wilton_Code_Violation_to_March_2024-30p.json,,,,,,,,,,,Wilton Manor,,,,,,,,,,,,legacy,,,24-000758,Residential bulk trash collection.,2617 NW 9 Avenue,03/12/2024,Closed
,,134,wilton_Code_Violation_to_March_2024-30p.json,,,,,,,,,,,Wilton Manor,,,,,,,,,,,,legacy,,,24-000751,Code Out - No Violation/Misc./Referred/Unfounded,1901 North ANDREWS Avenue 213,03/12/2024,Closed
,,134,wilton_Code_Violation_to_March_2024-30p.json,,,,,,,,,,,Wilton Manor,,,,,,,,,,,,legacy,,,24-000762,Required Permit Approvals - building permit,113 ALMAR Drive,03/12/2024,Open
,,134,wilton_Code_Violation_to_March_2024-30p.json,,,,,,,,,,,Wilton Manor,,,,,,,,,,,,legacy,,,24-000762,Dumping litter prohibited.,113 ALMAR Drive,03/12/2024,Open
,,134,wilton_Code_Violation_to_March_2024-30p.json,,,,,,,,,,,Wilton Manor,,,,,,,,,,,,legacy,,,24-000762,Litter,113 ALMAR Drive,03/12/2024,Open
,,134,wilton_Code_Violation_to_March_2024-30p.json,,,,,,,,,,,Wilton Manor,,,,,,,,,,,,legacy,,,24-000757,Prohibited signs,1442 NE 26 Street,03/12/2024,Open
,,134,wilton_Code_Violation_to_March_2024-30p.json,,,,,,,,,,,Wilton Manor,,,,,,,,,,,,legacy,,,24-000757,Prohibited signs,1442 NE 26 Street,03/12/2024,Open
,,134,wilton_Code_Violation_to_March_2024-30p.json,,,,,,,,,,,Wilton Manor,,,,,,,,,,,,legacy,,,24-000756,Local Business Tax Receipts,2776 North DIXIE HWY,03/12/2024,Closed
,,134,wilton_Code_Violation_to_March_2024-30p.json,,,,,,,,,,,Wilton Manor,,,,,,,,,,,,legacy,,,24-000756,Failure to obtain.,2776 North DIXIE HWY,03/12/2024,Closed
,,134,wilton_Code_Violation_to_March_2024-30p.json,,,,,,,,,,,Wilton Manor,,,,,,,,,,,,legacy,,,24-000755,Code Out - No Violation/Misc./Referred/Unfounded,2809 NE 5th Terrace,03/12/2024,Open
,,134,wilton_Code_Violation_to_March_2024-30p.json,,,,,,,,,,,Wilton Manor,,,,,,,,,,,,legacy,,,24-000776,Required Permit Approvals - building permit,2764 NE 15 Avenue,03/13/2024,Open
,,134,wilton_Code_Violation_to_March_2024-30p.json,,,,,,,,,,,Wilton Manor,,,,,,,,,,,,legacy,,,24-000773,Local Business Tax Receipts,2605 North ANDREWS Avenue,03/13/2024,Open
,,134,wilton_Code_Violation_to_March_2024-30p.json,,,,,,,,,,,Wilton Manor,,,,,,,,,,,,legacy,,,24-000773,Failure to obtain.,2605 North ANDREWS Avenue,03/13/2024,Open
,,134,wilton_Code_Violation_to_March_2024-30p.json,,,,,,,,,,,Wilton Manor,,,,,,,,,,,,legacy,,,24-000779,Required Permit Approvals - building permit,1517 NE 26 Street,03/13/2024,Open
,,134,wilton_Code_Violation_to_March_2024-30p.json,,,,,,,,,,,Wilton Manor,,,,,,,,,,,,legacy,,,24-000771,Local Business Tax Receipts,2601 North DIXIE HWY,03/13/2024,Open
,,134,wilton_Code_Violation_to_March_2024-30p.json,,,,,,,,,,,Wilton Manor,,,,,,,,,,,,legacy,,,24-000771,Failure to obtain.,2601 North DIXIE HWY,03/13/2024,Open
,,134,wilton_Code_Violation_to_March_2024-30p.json,,,,,,,,,,,Wilton Manor,,,,,,,,,,,,legacy,,,24-000736,Receptacle placement and times,616 NW 21 Street,03/13/2024,Open
,,134,wilton_Code_Violation_to_March_2024-30p.json,,,,,,,,,,,Wilton Manor,,,,,,,,,,,,legacy,,,24-000736,Trash/Recycle Receptacle Placement,616 NW 21 Street,03/13/2024,Open
,,134,wilton_Code_Violation_to_March_2024-30p.json,,,,,,,,,,,Wilton Manor,,,,,,,,,,,,legacy,,,24-000789,Local Business Tax Receipts,2312 WILTON Drive 28,03/13/2024,Closed
,,139,wilton_Code_Violation_to_March_2024-30p.json,,,,,,,,,,,Wilton Manor,,,,,,,,,,,,legacy,,,24-000789,Failure to obtain.,2312 WILTON Drive 28,03/13/2024,Closed
,,139,wilton_Code_Violation_to_March_2024-30p.json,,,,,,,,,,,Wilton Manor,,,,,,,,,,,,legacy,,,24-000782,Local Business Tax Receipts,2654 North ANDREWS Avenue,03/13/2024,Closed
,,139,wilton_Code_Violation_to_March_2024-30p.json,,,,,,,,,,,Wilton Manor,,,,,,,,,,,,legacy,,,24-000782,Failure to obtain.,2654 North ANDREWS Avenue,03/13/2024,Closed
,,139,wilton_Code_Violation_to_March_2024-30p.json,,,,,,,,,,,Wilton Manor,,,,,,,,,,,,legacy,,,24-000788,Annual inspection and licensing of properties with RRL,721 NW 29 CT,03/13/2024,Open
,,139,wilton_Code_Violation_to_March_2024-30p.json,,,,,,,,,,,Wilton Manor,,,,,,,,,,,,legacy,,,24-000788,Running at large,721 NW 29 CT,03/13/2024,Open
,,139,wilton_Code_Violation_to_March_2024-30p.json,,,,,,,,,,,Wilton Manor,,,,,,,,,,,,legacy,,,24-000788,Owners of Dangerous Dogs.,721 NW 29 CT,03/13/2024,Open
,,139,wilton_Code_Violation_to_March_2024-30p.json,,,,,,,,,,,Wilton Manor,,,,,,,,,,,,legacy,,,24-000788,Control of Animals on Public Property,721 NW 29 CT,03/13/2024,Open
,,139,wilton_Code_Violation_to_March_2024-30p.json,,,,,,,,,,,Wilton Manor,,,,,,,,,,,,legacy,,,24-000780,Local Business Tax Receipts,2254 Wilton Drive,03/13/2024,Open
,,139,wilton_Code_Violation_to_March_2024-30p.json,,,,,,,,,,,Wilton Manor,,,,,,,,,,,,legacy,,,24-000780,Failure to obtain.,2254 Wilton Drive,03/13/2024,Open
,,139,wilton_Code_Violation_to_March_2024-30p.json,,,,,,,,,,,Wilton Manor,,,,,,,,,,,,legacy,,,24-000777,Required Permit Approvals - building permit,2208 NE 18 Avenue,03/13/2024,Open
,,139,wilton_Code_Violation_to_March_2024-30p.json,,,,,,,,,,,Wilton Manor,,,,,,,,,,,,legacy,,,24-000785,Landscape maintenance (overgrowth and all other),707 NW 26 Street,03/13/2024,Closed
,,139,wilton_Code_Violation_to_March_2024-30p.json,,,,,,,,,,,Wilton Manor,,,,,,,,,,,,legacy,,,24-000774,"Parking or storage of commercial vehicles, etc.",2725 NE 14 AVE,03/13/2024,Open
,,139,wilton_Code_Violation_to_March_2024-30p.json,,,,,,,,,,,Wilton Manor,,,,,,,,,,,,legacy,,,24-000797,Local Business Tax Receipts,2890 North ANDREWS Avenue,03/13/2024,Open
,,139,wilton_Code_Violation_to_March_2024-30p.json,,,,,,,,,,,Wilton Manor,,,,,,,,,,,,legacy,,,24-000797,Failure to obtain.,2890 North ANDREWS Avenue,03/13/2024,Open
,,139,wilton_Code_Violation_to_March_2024-30p.json,,,,,,,,,,,Wilton Manor,,,,,,,,,,,,legacy,,,24-000787,"General Prohibitions (sidewalk, swale, etc.)",2513 NW 8 AVE,03/13/2024,Open
,,139,wilton_Code_Violation_to_March_2024-30p.json,,,,,,,,,,,Wilton Manor,,,,,,,,,,,,legacy,,,24-000787,Exterior building condition,2513 NW 8 AVE,03/13/2024,Open
,,139,wilton_Code_Violation_to_March_2024-30p.json,,,,,,,,,,,Wilton Manor,,,,,,,,,,,,legacy,,,24-000787,Fascia/borders/decorative bands/soffits.,2513 NW 8 AVE,03/13/2024,Open
,,139,wilton_Code_Violation_to_March_2024-30p.json,,,,,,,,,,,Wilton Manor,,,,,,,,,,,,legacy,,,24-000787,Parking areas - Potholes,2513 NW 8 AVE,03/13/2024,Open
,,139,wilton_Code_Violation_to_March_2024-30p.json,,,,,,,,,,,Wilton Manor,,,,,,,,,,,,legacy,,,24-000781,Local Business Tax Receipts,2701-2713 North ANDREWS Avenue 2707,03/13/2024,Open
,,144,wilton_Code_Violation_to_March_2024-30p.json,,,,,,,,,,,Wilton Manor,,,,,,,,,,,,legacy,,,24-000781,Failure to obtain.,2701-2713 North ANDREWS Avenue 2707,03/13/2024,Open
,,144,wilton_Code_Violation_to_March_2024-30p.json,,,,,,,,,,,Wilton Manor,,,,,,,,,,,,legacy,,,24-000783,Local Business Tax Receipts,2201 North DIXIE HWY,03/13/2024,Closed
,,144,wilton_Code_Violation_to_March_2024-30p.json,,,,,,,,,,,Wilton Manor,,,,,,,,,,,,legacy,,,24-000783,Failure to obtain.,2201 North DIXIE HWY,03/13/2024,Closed
,,144,wilton_Code_Violation_to_March_2024-30p.json,,,,,,,,,,,Wilton Manor,,,,,,,,,,,,legacy,,,24-000775,Local Business Tax Receipts,2416 North ANDREWS Avenue,03/13/2024,Open
,,144,wilton_Code_Violation_to_March_2024-30p.json,,,,,,,,,,,Wilton Manor,,,,,,,,,,,,legacy,,,24-000775,Failure to obtain.,2416 North ANDREWS Avenue,03/13/2024,Open
,,144,wilton_Code_Violation_to_March_2024-30p.json,,,,,,,,,,,Wilton Manor,,,,,,,,,,,,legacy,,,24-000784,Parking areas - Potholes,608 NW 26 ST,03/13/2024,Open
,,144,wilton_Code_Violation_to_March_2024-30p.json,,,,,,,,,,,Wilton Manor,,,,,,,,,,,,legacy,,,24-000784,Landscape maintenance (overgrowth and all other),608 NW 26 ST,03/13/2024,Open
,,144,wilton_Code_Violation_to_March_2024-30p.json,,,,,,,,,,,Wilton Manor,,,,,,,,,,,,legacy,,,24-000800,Required Permit Approvals - building permit,417 NE 27 Drive,03/13/2024,Open
,,144,wilton_Code_Violation_to_March_2024-30p.json,,,,,,,,,,,Wilton Manor,,,,,,,,,,,,legacy,,,24-000816,Local Business Tax Receipts,2217 Wilton Drive,03/14/2024,Open
,,144,wilton_Code_Violation_to_March_2024-30p.json,,,,,,,,,,,Wilton Manor,,,,,,,,,,,,legacy,,,24-000816,Failure to obtain.,2217 Wilton Drive,03/14/2024,Open
,,144,wilton_Code_Violation_to_March_2024-30p.json,,,,,,,,,,,Wilton Manor,,,,,,,,,,,,legacy,,,24-000817,Local Business Tax Receipts,2213 North Dixie HWY,03/14/2024,Closed
,,144,wilton_Code_Violation_to_March_2024-30p.json,,,,,,,,,,,Wilton Manor,,,,,,,,,,,,legacy,,,24-000817,Failure to obtain.,2213 North Dixie HWY,03/14/2024,Closed
,,144,wilton_Code_Violation_to_March_2024-30p.json,,,,,,,,,,,Wilton Manor,,,,,,,,,,,,legacy,,,24-000807,Trash/Recycle Receptacle Placement,1408 NE 23 Street,03/14/2024,Closed
,,144,wilton_Code_Violation_to_March_2024-30p.json,,,,,,,,,,,Wilton Manor,,,,,,,,,,,,legacy,,,24-000809,Local Business Tax Receipts,2031D WILTON Drive BURGERS AND BEERS,03/14/2024,Closed
,,144,wilton_Code_Violation_to_March_2024-30p.json,,,,,,,,,,,Wilton Manor,,,,,,,,,,,,legacy,,,24-000809,Failure to obtain.,2031D WILTON Drive BURGERS AND BEERS,03/14/2024,Closed
,,144,wilton_Code_Violation_to_March_2024-30p.json,,,,,,,,,,,Wilton Manor,,,,,,,,,,,,legacy,,,24-000805,Receptacle placement and times,1420 NE 23 Street,03/14/2024,Open
,,144,wilton_Code_Violation_to_March_2024-30p.json,,,,,,,,,,,Wilton Manor,,,,,,,,,,,,legacy,,,24-000804,Local Business Tax Receipts,2654 North ANDREWS Avenue,03/14/2024,Closed
,,144,wilton_Code_Violation_to_March_2024-30p.json,,,,,,,,,,,Wilton Manor,,,,,,,,,,,,legacy,,,24-000804,Failure to obtain.,2654 North ANDREWS Avenue,03/14/2024,Closed
,,144,wilton_Code_Violation_to_March_2024-30p.json,,,,,,,,,,,Wilton Manor,,,,,,,,,,,,legacy,,,24-000806,Local Business Tax Receipts,2410 North Dixie HWY,03/14/2024,Open
,,149,wilton_Code_Violation_to_March_2024-30p.json,,,,,,,,,,,Wilton Manor,,,,,,,,,,,,legacy,,,24-000806,Failure to obtain.,2410 North Dixie HWY,03/14/2024,Open
,,149,wilton_Code_Violation_to_March_2024-30p.json,,,,,,,,,,,Wilton Manor,,,,,,,,,,,,legacy,,,24-000813,Local Business Tax Receipts,513 NE 21 CT 2186 WILTON DR,03/14/2024,Open
,,149,wilton_Code_Violation_to_March_2024-30p.json,,,,,,,,,,,Wilton Manor,,,,,,,,,,,,legacy,,,24-000813,Failure to obtain.,513 NE 21 CT 2186 WILTON DR,03/14/2024,Open
,,149,wilton_Code_Violation_to_March_2024-30p.json,,,,,,,,,,,Wilton Manor,,,,,,,,,,,,legacy,,,24-000802,Local Business Tax Receipts,2312 WILTON Drive,03/14/2024,Open
,,149,wilton_Code_Violation_to_March_2024-30p.json,,,,,,,,,,,Wilton Manor,,,,,,,,,,,,legacy,,,24-000802,Failure to obtain.,2312 WILTON Drive,03/14/2024,Open
,,149,wilton_Code_Violation_to_March_2024-30p.json,,,,,,,,,,,Wilton Manor,,,,,,,,,,,,legacy,,,24-000808,Trash/Recycle Receptacle Placement,1404 NE 23 Street,03/14/2024,Closed
,,149,wilton_Code_Violation_to_March_2024-30p.json,,,,,,,,,,,Wilton Manor,,,,,,,,,,,,legacy,,,24-000803,Trash/Recycle Receptacle Placement,1424 NE 23 Street,03/14/2024,Open
,,149,wilton_Code_Violation_to_March_2024-30p.json,,,,,,,,,,,Wilton Manor,,,,,,,,,,,,legacy,,,24-000803,"Fences, walls and hedges",1424 NE 23 Street,03/14/2024,Open
,,149,wilton_Code_Violation_to_March_2024-30p.json,,,,,,,,,,,Wilton Manor,,,,,,,,,,,,legacy,,,24-000826,Local Business Tax Receipts,2312 WILTON Drive,03/15/2024,Closed
,,149,wilton_Code_Violation_to_March_2024-30p.json,,,,,,,,,,,Wilton Manor,,,,,,,,,,,,legacy,,,24-000826,Failure to obtain.,2312 WILTON Drive,03/15/2024,Closed
,,149,wilton_Code_Violation_to_March_2024-30p.json,,,,,,,,,,,Wilton Manor,,,,,,,,,,,,legacy,,,24-000824,Local Business Tax Receipts,2845 North ANDREWS Avenue,03/15/2024,Closed
,,149,wilton_Code_Violation_to_March_2024-30p.json,,,,,,,,,,,Wilton Manor,,,,,,,,,,,,legacy,,,24-000824,Failure to obtain.,2845 North ANDREWS Avenue,03/15/2024,Closed
,,149,wilton_Code_Violation_to_March_2024-30p.json,,,,,,,,,,,Wilton Manor,,,,,,,,,,,,legacy,,,24-000825,Local Business Tax Receipts,8 MIDDLESEX Drive,03/15/2024,Open
,,149,wilton_Code_Violation_to_March_2024-30p.json,,,,,,,,,,,Wilton Manor,,,,,,,,,,,,legacy,,,24-000825,Failure to obtain.,8 MIDDLESEX Drive,03/15/2024,Open
,,149,wilton_Code_Violation_to_March_2024-30p.json,,,,,,,,,,,Wilton Manor,,,,,,,,,,,,legacy,,,24-000819,Local Business Tax Receipts,2365 Wilton Drive,03/15/2024,Closed
,,149,wilton_Code_Violation_to_March_2024-30p.json,,,,,,,,,,,Wilton Manor,,,,,,,,,,,,legacy,,,24-000819,Failure to obtain.,2365 Wilton Drive,03/15/2024,Closed
,,149,wilton_Code_Violation_to_March_2024-30p.json,,,,,,,,,,,Wilton Manor,,,,,,,,,,,,legacy,,,24-000823,Local Business Tax Receipts,2031A WILTON Drive WAGPRIDE,03/15/2024,Open
,,149,wilton_Code_Violation_to_March_2024-30p.json,,,,,,,,,,,Wilton Manor,,,,,,,,,,,,legacy,,,24-000823,Failure to obtain.,2031A WILTON Drive WAGPRIDE,03/15/2024,Open
,,149,wilton_Code_Violation_to_March_2024-30p.json,,,,,,,,,,,Wilton Manor,,,,,,,,,,,,legacy,,,24-000822,Local Business Tax Receipts,2666-2670 North DIXIE HWY 2666,03/15/2024,Open
