address,city,total_violations,base_risk_score,multiple_violation_bonus,total_sri_score,inspection_40_50_violations,unsafe_structure_violations,work_without_permit_violations,nuisance_maintenance_violations,other_violations,violation_details
4230 NE 11 AV,Pompano Beach,11,16,10,26,0,1,1,4,5,"[{'violation_type': 'NUISANCE; GRASS OR WEEDS', 'risk_category': 'nuisance_maintenance', 'risk_points': 1}, {'violation_type': 'NUISANCE; BARRIER', 'risk_category': 'nuisance_maintenance', 'risk_points': 1}, {'violation_type': 'PARKING; PERIODICALLY RESTORED', 'risk_category': 'other', 'risk_points': 1}, {'violation_type': 'NUISANCE; PROTECTIVE COATING', 'risk_category': 'nuisance_maintenance', 'risk_points': 1}, {'violation_type': 'NUISANCE; SIDEWALK OVERGROWTH', 'risk_category': 'nuisance_maintenance', 'risk_points': 1}, {'violation_type': 'ABANDONED VEHICLES', 'risk_category': 'other', 'risk_points': 1}, {'violation_type': 'BTR; RENTAL HOUSING INSPECTION', 'risk_category': 'other', 'risk_points': 1}, {'violation_type': 'NUISANCE; DANGEROUS TREE', 'risk_category': 'unsafe_structure', 'risk_points': 5}, {'violation_type': 'BTR; RENTAL HOUSING', 'risk_category': 'other', 'risk_points': 1}, {'violation_type': 'FENCES, MAINTENACE REQUIRED', 'risk_category': 'other', 'risk_points': 1}, {'violation_type': 'BOARDED BUILDING; PERMIT REQ', 'risk_category': 'work_without_permit', 'risk_points': 2}]"
235 NE 21 STREET,Wilton Manor,7,19,6,25,0,3,0,1,3,"[{'violation_type': 'Running at large', 'risk_category': 'other', 'risk_points': 1}, {'violation_type': 'Dangerous dogs. Part 1', 'risk_category': 'unsafe_structure', 'risk_points': 5}, {'violation_type': 'Dangerous Dog Penalties.', 'risk_category': 'unsafe_structure', 'risk_points': 5}, {'violation_type': 'Owners of Dangerous Dogs.', 'risk_category': 'unsafe_structure', 'risk_points': 5}, {'violation_type': 'Control of Animals on Public Property', 'risk_category': 'other', 'risk_points': 1}, {'violation_type': 'Nuisance of dogs or cats', 'risk_category': 'nuisance_maintenance', 'risk_points': 1}, {'violation_type': 'Enforcement; fines for violation.', 'risk_category': 'other', 'risk_points': 1}]"
200 NW 25 STREET,Wilton Manor,10,10,9,19,0,0,0,4,6,"[{'violation_type': 'Local Business Tax Receipts', 'risk_category': 'other', 'risk_points': 1}, {'violation_type': 'Annual inspection and licensing of properties with RRL', 'risk_category': 'other', 'risk_points': 1}, {'violation_type': 'Landscape maintenance', 'risk_category': 'nuisance_maintenance', 'risk_points': 1}, {'violation_type': 'Litter and littering material.', 'risk_category': 'other', 'risk_points': 1}, {'violation_type': 'Fences, walls and hedges', 'risk_category': 'other', 'risk_points': 1}, {'violation_type': 'Landscape maintenance (overgrowth and all other)', 'risk_category': 'nuisance_maintenance', 'risk_points': 1}, {'violation_type': 'Container storage, enclosure and screening.', 'risk_category': 'other', 'risk_points': 1}, {'violation_type': 'Trash/Recycle Receptacle Placement', 'risk_category': 'other', 'risk_points': 1}, {'violation_type': 'Landscape maintenance', 'risk_category': 'nuisance_maintenance', 'risk_points': 1}, {'violation_type': 'Maintenance requirements.', 'risk_category': 'nuisance_maintenance', 'risk_points': 1}]"
215 SW 1 CT,Pompano Beach,9,9,8,17,0,0,0,1,8,"[{'violation_type': 'BTR; RENTAL HOUSING INSPECTION', 'risk_category': 'other', 'risk_points': 1}, {'violation_type': 'NUISANCE; GARBAGE ACCUMULATION', 'risk_category': 'nuisance_maintenance', 'risk_points': 1}, {'violation_type': 'STREET ADDRESS NUMBERS', 'risk_category': 'other', 'risk_points': 1}, {'violation_type': 'GARBAGE; RES. SCHEDULE', 'risk_category': 'other', 'risk_points': 1}, {'violation_type': 'SPECIFIC VIOL; DISTUB LANDSCAP', 'risk_category': 'other', 'risk_points': 1}, {'violation_type': 'PARKING AREAS; MARKINGS', 'risk_category': 'other', 'risk_points': 1}, {'violation_type': 'OFF-STREET PARKING; SURFACING', 'risk_category': 'other', 'risk_points': 1}, {'violation_type': 'ABANDONED VEHICLES', 'risk_category': 'other', 'risk_points': 1}, {'violation_type': 'BTR; RENTAL HOUSING', 'risk_category': 'other', 'risk_points': 1}]"
616 NW 21 STREET,Wilton Manor,9,9,8,17,0,0,0,0,9,"[{'violation_type': 'Parking requirements', 'risk_category': 'other', 'risk_points': 1}, {'violation_type': 'Penalties, Offenses, Suspension and Revocation. VRL', 'risk_category': 'other', 'risk_points': 1}, {'violation_type': 'Fines', 'risk_category': 'other', 'risk_points': 1}, {'violation_type': 'General Prohibitions (sidewalk, swale, etc.)', 'risk_category': 'other', 'risk_points': 1}, {'violation_type': 'Noise - Disturbance', 'risk_category': 'other', 'risk_points': 1}, {'violation_type': 'Noise - Amplified sound', 'risk_category': 'other', 'risk_points': 1}, {'violation_type': 'Maintain trespass warnings', 'risk_category': 'other', 'risk_points': 1}, {'violation_type': 'Receptacle placement and times', 'risk_category': 'other', 'risk_points': 1}, {'violation_type': 'Trash/Recycle Receptacle Placement', 'risk_category': 'other', 'risk_points': 1}]"
409 NE 26 DRIVE,Wilton Manor,8,8,7,15,0,0,0,3,5,"[{'violation_type': 'Landscape maintenance', 'risk_category': 'nuisance_maintenance', 'risk_points': 1}, {'violation_type': 'General Prohibitions (sidewalk, swale, etc.)', 'risk_category': 'other', 'risk_points': 1}, {'violation_type': 'Landscape maintenance', 'risk_category': 'nuisance_maintenance', 'risk_points': 1}, {'violation_type': 'Roofs and gutters', 'risk_category': 'other', 'risk_points': 1}, {'violation_type': 'Fascia/borders/decorative bands/soffits.', 'risk_category': 'other', 'risk_points': 1}, {'violation_type': 'Landscape maintenance (overgrowth and all other)', 'risk_category': 'nuisance_maintenance', 'risk_points': 1}, {'violation_type': 'Residential bulk trash collection.', 'risk_category': 'other', 'risk_points': 1}, {'violation_type': 'Boats/trailers', 'risk_category': 'other', 'risk_points': 1}]"
6101 W ATLANTIC BLVD,Margate,4,12,3,15,1,1,2,0,0,"[{'violation_type': 'WORK WITHOUT PERMIT-BUILDING', 'risk_category': 'work_without_permit', 'risk_points': 2}, {'violation_type': 'WORK WITHOUT PERMIT-BUILDING', 'risk_category': 'work_without_permit', 'risk_points': 2}, {'violation_type': 'UNSAFE STRUCTURE (BLDG)', 'risk_category': 'unsafe_structure', 'risk_points': 5}, {'violation_type': '40 YEAR SAFETY INSPECTIONS', 'risk_category': 'inspection_40_50_year', 'risk_points': 3}]"
2930 NE 11 TE,Pompano Beach,8,8,7,15,0,0,0,5,3,"[{'violation_type': 'NUISANCE; GARBAGE ACCUMULATION', 'risk_category': 'nuisance_maintenance', 'risk_points': 1}, {'violation_type': 'NUISANCE; GRASS OR WEEDS', 'risk_category': 'nuisance_maintenance', 'risk_points': 1}, {'violation_type': 'NUISANCE; BARRIER CONDITION', 'risk_category': 'nuisance_maintenance', 'risk_points': 1}, {'violation_type': 'FENCES, MAINTENACE REQUIRED', 'risk_category': 'other', 'risk_points': 1}, {'violation_type': 'NUISANCE; SIDEWALK OVERGROWTH', 'risk_category': 'nuisance_maintenance', 'risk_points': 1}, {'violation_type': 'SPECIFIC VIOL; DISTUB LANDSCAP', 'risk_category': 'other', 'risk_points': 1}, {'violation_type': 'NUISANCE; ROOF CONDITION', 'risk_category': 'nuisance_maintenance', 'risk_points': 1}, {'violation_type': 'ROLL CARTS; PLACEMENT', 'risk_category': 'other', 'risk_points': 1}]"
3181 N DIXIE HY,Pompano Beach,8,8,7,15,0,0,0,6,2,"[{'violation_type': 'PARKING; MAINTAINED ALL TIMES', 'risk_category': 'other', 'risk_points': 1}, {'violation_type': 'NUISANCE; ROOF CONDITION', 'risk_category': 'nuisance_maintenance', 'risk_points': 1}, {'violation_type': 'NUISANCE; GRASS OR WEEDS', 'risk_category': 'nuisance_maintenance', 'risk_points': 1}, {'violation_type': 'LANDSCAPING; MAINTENANCE', 'risk_category': 'nuisance_maintenance', 'risk_points': 1}, {'violation_type': 'NUISANCE; STATE OF REPAIR', 'risk_category': 'nuisance_maintenance', 'risk_points': 1}, {'violation_type': 'NUISANCE; BARRIER CONDITION', 'risk_category': 'nuisance_maintenance', 'risk_points': 1}, {'violation_type': 'NUISANCE; GARBAGE ACCUMULATION', 'risk_category': 'nuisance_maintenance', 'risk_points': 1}, {'violation_type': 'STREET ADDRESS NUMBERS', 'risk_category': 'other', 'risk_points': 1}]"
5183 NW 15TH ST,Margate,4,12,3,15,4,0,0,0,0,"[{'violation_type': '40 YEAR SAFETY INSPECTIONS', 'risk_category': 'inspection_40_50_year', 'risk_points': 3}, {'violation_type': '40 YEAR SAFETY INSPECTIONS', 'risk_category': 'inspection_40_50_year', 'risk_points': 3}, {'violation_type': '40 YEAR SAFETY INSPECTIONS', 'risk_category': 'inspection_40_50_year', 'risk_points': 3}, {'violation_type': '40 YEAR SAFETY INSPECTIONS', 'risk_category': 'inspection_40_50_year', 'risk_points': 3}]"
2140 NE 25 STREET,Wilton Manor,7,8,6,14,0,0,1,1,5,"[{'violation_type': 'Required Permit Approvals - building permit', 'risk_category': 'work_without_permit', 'risk_points': 2}, {'violation_type': 'Landscape maintenance', 'risk_category': 'nuisance_maintenance', 'risk_points': 1}, {'violation_type': 'Litter and littering material.', 'risk_category': 'other', 'risk_points': 1}, {'violation_type': 'Roofs and gutters', 'risk_category': 'other', 'risk_points': 1}, {'violation_type': 'Stairs, porches and railings', 'risk_category': 'other', 'risk_points': 1}, {'violation_type': 'Fences, walls and hedges', 'risk_category': 'other', 'risk_points': 1}, {'violation_type': 'Fascia/borders/decorative bands/soffits.', 'risk_category': 'other', 'risk_points': 1}]"
1035 COUNTRY CLUB DR,Margate,3,12,2,14,0,2,1,0,0,"[{'violation_type': 'WORK WITHOUT PERMIT-BUILDING', 'risk_category': 'work_without_permit', 'risk_points': 2}, {'violation_type': 'UNSAFE STRUCTURE (BLDG)', 'risk_category': 'unsafe_structure', 'risk_points': 5}, {'violation_type': 'UNSAFE STRUCTURE (BLDG)', 'risk_category': 'unsafe_structure', 'risk_points': 5}]"
3130 HOLIDAY SPRINGS BLVD,Margate,4,11,3,14,0,1,3,0,0,"[{'violation_type': 'WORK WITHOUT PERMIT-BUILDING', 'risk_category': 'work_without_permit', 'risk_points': 2}, {'violation_type': 'WORK WITHOUT PERMIT-BUILDING', 'risk_category': 'work_without_permit', 'risk_points': 2}, {'violation_type': 'WORK WITHOUT PERMIT-BUILDING', 'risk_category': 'work_without_permit', 'risk_points': 2}, {'violation_type': 'UNSAFE STRUCTURE (BLDG)', 'risk_category': 'unsafe_structure', 'risk_points': 5}]"
301 SW 1 CT,Pompano Beach,7,8,6,14,0,0,1,1,5,"[{'violation_type': 'SPECIFIC VIOL; DISTUB LANDSCAP', 'risk_category': 'other', 'risk_points': 1}, {'violation_type': 'GARBAGE; RES. SCHEDULE', 'risk_category': 'other', 'risk_points': 1}, {'violation_type': 'NUISANCE; GARBAGE ACCUMULATION', 'risk_category': 'nuisance_maintenance', 'risk_points': 1}, {'violation_type': 'ABANDONED VEHICLES', 'risk_category': 'other', 'risk_points': 1}, {'violation_type': 'SPECIFIC VIOL; OCCUPY STUCTURE', 'risk_category': 'other', 'risk_points': 1}, {'violation_type': 'BOARDED BUILDING; PERMIT REQ', 'risk_category': 'work_without_permit', 'risk_points': 2}, {'violation_type': 'PARKING AREAS; MARKINGS', 'risk_category': 'other', 'risk_points': 1}]"
709 NW 10 AV,Pompano Beach,7,7,6,13,0,0,0,1,6,"[{'violation_type': 'ROLL CARTS; PLACEMENT', 'risk_category': 'other', 'risk_points': 1}, {'violation_type': 'SPECIFIC VIOL; DISTUB LANDSCAP', 'risk_category': 'other', 'risk_points': 1}, {'violation_type': 'BTR; RENTAL HOUSING', 'risk_category': 'other', 'risk_points': 1}, {'violation_type': 'FENCES, MAINTENACE REQUIRED', 'risk_category': 'other', 'risk_points': 1}, {'violation_type': 'ABANDONED VEHICLES', 'risk_category': 'other', 'risk_points': 1}, {'violation_type': 'NUISANCE; MOISTURE OR VERMIN', 'risk_category': 'nuisance_maintenance', 'risk_points': 1}, {'violation_type': 'BTR; RENTAL HOUSING INSPECTION', 'risk_category': 'other', 'risk_points': 1}]"
2630 NE 11 AV,Pompano Beach,7,7,6,13,0,0,0,0,7,"[{'violation_type': 'SPECIFIC VIOL; DISTUB LANDSCAP', 'risk_category': 'other', 'risk_points': 1}, {'violation_type': 'BTR; RENTAL HOUSING', 'risk_category': 'other', 'risk_points': 1}, {'violation_type': 'FENCES, MAINTENACE REQUIRED', 'risk_category': 'other', 'risk_points': 1}, {'violation_type': 'BTR; RENTAL HOUSING INSPECTION', 'risk_category': 'other', 'risk_points': 1}, {'violation_type': 'PARKING; SURFACE STANDARDS', 'risk_category': 'other', 'risk_points': 1}, {'violation_type': 'FBC; VIOLATION', 'risk_category': 'other', 'risk_points': 1}, {'violation_type': 'SPECIFIC VIOL; OCCUPY STUCTURE', 'risk_category': 'other', 'risk_points': 1}]"
1611 SW 1 TE,Pompano Beach,5,9,4,13,0,1,0,2,2,"[{'violation_type': 'DRIVEWAY; CONNECTION UNSAFE', 'risk_category': 'unsafe_structure', 'risk_points': 5}, {'violation_type': 'NUISANCE; ROOF CONDITION', 'risk_category': 'nuisance_maintenance', 'risk_points': 1}, {'violation_type': 'NUISANCE; MOISTURE OR VERMIN', 'risk_category': 'nuisance_maintenance', 'risk_points': 1}, {'violation_type': 'ABANDONED VEHICLES', 'risk_category': 'other', 'risk_points': 1}, {'violation_type': 'PARKING AREAS; MARKINGS', 'risk_category': 'other', 'risk_points': 1}]"
1690 NW 1 TE,Pompano Beach,7,7,6,13,0,0,0,3,4,"[{'violation_type': 'ROLL CARTS; PLACEMENT', 'risk_category': 'other', 'risk_points': 1}, {'violation_type': 'BTR; RENTAL HOUSING', 'risk_category': 'other', 'risk_points': 1}, {'violation_type': 'BTR; RENTAL HOUSING INSPECTION', 'risk_category': 'other', 'risk_points': 1}, {'violation_type': 'NUISANCE; STATE OF REPAIR', 'risk_category': 'nuisance_maintenance', 'risk_points': 1}, {'violation_type': 'NUISANCE; DISCARDED OBJECTS', 'risk_category': 'nuisance_maintenance', 'risk_points': 1}, {'violation_type': 'STREET ADDRESS NUMBERS', 'risk_category': 'other', 'risk_points': 1}, {'violation_type': 'NUISANCE; BARRIER CONDITION', 'risk_category': 'nuisance_maintenance', 'risk_points': 1}]"
1650 NW 1 TE,Pompano Beach,7,7,6,13,0,0,0,3,4,"[{'violation_type': 'NUISANCE; DENSE TREES / GROWTH', 'risk_category': 'nuisance_maintenance', 'risk_points': 1}, {'violation_type': 'NUISANCE; GRASS OR WEEDS', 'risk_category': 'nuisance_maintenance', 'risk_points': 1}, {'violation_type': 'NUISANCE; SIDEWALK OVERGROWTH', 'risk_category': 'nuisance_maintenance', 'risk_points': 1}, {'violation_type': 'STREET ADDRESS NUMBERS', 'risk_category': 'other', 'risk_points': 1}, {'violation_type': 'SPECIFIC VIOL; DISTUB LANDSCAP', 'risk_category': 'other', 'risk_points': 1}, {'violation_type': 'SPECIFIC VIOL; OCCUPY STUCTURE', 'risk_category': 'other', 'risk_points': 1}, {'violation_type': 'PARKING; SURFACE STANDARDS', 'risk_category': 'other', 'risk_points': 1}]"
222 SW 1 CT,Pompano Beach,7,7,6,13,0,0,0,2,5,"[{'violation_type': 'SPECIFIC VIOL; OCCUPY STUCTURE', 'risk_category': 'other', 'risk_points': 1}, {'violation_type': 'NUISANCE; PROTECTIVE COATING', 'risk_category': 'nuisance_maintenance', 'risk_points': 1}, {'violation_type': 'BTR; RENTAL HOUSING', 'risk_category': 'other', 'risk_points': 1}, {'violation_type': 'BTR; RENTAL HOUSING INSPECTION', 'risk_category': 'other', 'risk_points': 1}, {'violation_type': 'NUISANCE; STATE OF REPAIR', 'risk_category': 'nuisance_maintenance', 'risk_points': 1}, {'violation_type': 'SPECIFIC VIOL; DISTUB LANDSCAP', 'risk_category': 'other', 'risk_points': 1}, {'violation_type': 'PARKING AREAS; MARKINGS', 'risk_category': 'other', 'risk_points': 1}]"
2031 NE 1 AV,Pompano Beach,7,7,6,13,0,0,0,4,3,"[{'violation_type': 'PARKING; MAINTAINED ALL TIMES', 'risk_category': 'other', 'risk_points': 1}, {'violation_type': 'NUISANCE; GRASS OR WEEDS', 'risk_category': 'nuisance_maintenance', 'risk_points': 1}, {'violation_type': 'NUISANCE; DISCARDED OBJECTS', 'risk_category': 'nuisance_maintenance', 'risk_points': 1}, {'violation_type': 'STREET ADDRESS NUMBERS', 'risk_category': 'other', 'risk_points': 1}, {'violation_type': 'NUISANCE; GARBAGE ACCUMULATION', 'risk_category': 'nuisance_maintenance', 'risk_points': 1}, {'violation_type': 'ROLL CARTS; PLACEMENT', 'risk_category': 'other', 'risk_points': 1}, {'violation_type': 'NUISANCE; STATE OF REPAIR', 'risk_category': 'nuisance_maintenance', 'risk_points': 1}]"
2312 WILTON DRIVE,Wilton Manor,7,7,6,13,0,0,0,0,7,"[{'violation_type': 'Screens, shutters and awnings.', 'risk_category': 'other', 'risk_points': 1}, {'violation_type': 'Sign - prohibited Snipe signs', 'risk_category': 'other', 'risk_points': 1}, {'violation_type': 'Fences, walls and hedges', 'risk_category': 'other', 'risk_points': 1}, {'violation_type': 'Local Business Tax Receipts', 'risk_category': 'other', 'risk_points': 1}, {'violation_type': 'Failure to obtain.', 'risk_category': 'other', 'risk_points': 1}, {'violation_type': 'Local Business Tax Receipts', 'risk_category': 'other', 'risk_points': 1}, {'violation_type': 'Failure to obtain.', 'risk_category': 'other', 'risk_points': 1}]"
1720 NW 1 TE,Pompano Beach,7,7,6,13,0,0,0,2,5,"[{'violation_type': 'NUISANCE; MOISTURE OR VERMIN', 'risk_category': 'nuisance_maintenance', 'risk_points': 1}, {'violation_type': 'SPECIFIC VIOL; DISTUB LANDSCAP', 'risk_category': 'other', 'risk_points': 1}, {'violation_type': 'PARKING; MAINTAINED ALL TIMES', 'risk_category': 'other', 'risk_points': 1}, {'violation_type': 'NUISANCE; BARRIER CONDITION', 'risk_category': 'nuisance_maintenance', 'risk_points': 1}, {'violation_type': 'GARBAGE; RES. SCHEDULE', 'risk_category': 'other', 'risk_points': 1}, {'violation_type': 'SPECIFIC VIOL; OCCUPY STUCTURE', 'risk_category': 'other', 'risk_points': 1}, {'violation_type': 'PARKING; SURFACE STANDARDS', 'risk_category': 'other', 'risk_points': 1}]"
1025 S FLAGLER AV,Pompano Beach,7,6,6,12,0,0,0,2,4,"[{'violation_type': 'RENTAL; BUILDING REPAIRS', 'risk_category': 'nuisance_maintenance', 'risk_points': 1}, {'violation_type': 'RENTAL; WINDOWS WORKING COND.', 'risk_category': 'other', 'risk_points': 1}, {'violation_type': nan, 'risk_category': 'unknown', 'risk_points': 0}, {'violation_type': 'RENTAL; ELEC MAINTAINED', 'risk_category': 'other', 'risk_points': 1}, {'violation_type': 'RENTAL; EXTERIOR ELECTRICAL', 'risk_category': 'nuisance_maintenance', 'risk_points': 1}, {'violation_type': 'BTR; RENTAL HOUSING', 'risk_category': 'other', 'risk_points': 1}, {'violation_type': 'RENTAL; SMOKE DETECTORS', 'risk_category': 'other', 'risk_points': 1}]"
2808 NE 10 AVENUE,Wilton Manor,6,7,5,12,0,0,1,1,4,"[{'violation_type': 'Required Permit Approvals - building permit', 'risk_category': 'work_without_permit', 'risk_points': 2}, {'violation_type': 'Drainage.', 'risk_category': 'other', 'risk_points': 1}, {'violation_type': 'Clear sight triangles', 'risk_category': 'other', 'risk_points': 1}, {'violation_type': 'General Prohibitions (sidewalk, swale, etc.)', 'risk_category': 'other', 'risk_points': 1}, {'violation_type': 'Litter', 'risk_category': 'other', 'risk_points': 1}, {'violation_type': 'Landscape maintenance', 'risk_category': 'nuisance_maintenance', 'risk_points': 1}]"
208 NE 23 STREET,Wilton Manor,6,6,5,11,0,0,0,3,3,"[{'violation_type': 'Landscape maintenance', 'risk_category': 'nuisance_maintenance', 'risk_points': 1}, {'violation_type': 'Swales/right-of-way.', 'risk_category': 'other', 'risk_points': 1}, {'violation_type': 'Driveways and other parking areas - Free of weeds', 'risk_category': 'other', 'risk_points': 1}, {'violation_type': 'Fences, walls and hedges', 'risk_category': 'other', 'risk_points': 1}, {'violation_type': 'Landscape maintenance (overgrowth and all other)', 'risk_category': 'nuisance_maintenance', 'risk_points': 1}, {'violation_type': 'Landscape maintenance', 'risk_category': 'nuisance_maintenance', 'risk_points': 1}]"
421 NW 10 AV,Pompano Beach,6,6,5,11,0,0,0,0,6,"[{'violation_type': 'RENTAL; BTR REQUIRED', 'risk_category': 'other', 'risk_points': 1}, {'violation_type': 'TEMP STORAGE; RES LOCATION', 'risk_category': 'other', 'risk_points': 1}, {'violation_type': 'PARKING; SURFACE STANDARDS', 'risk_category': 'other', 'risk_points': 1}, {'violation_type': 'SPECIFIC VIOL; DISTUB LANDSCAP', 'risk_category': 'other', 'risk_points': 1}, {'violation_type': 'GARBAGE; RES. SCHEDULE', 'risk_category': 'other', 'risk_points': 1}, {'violation_type': 'STREET ADDRESS NUMBERS', 'risk_category': 'other', 'risk_points': 1}]"
213 S OCEAN BL,Pompano Beach,6,6,5,11,0,0,0,2,4,"[{'violation_type': 'ABANDONED VEHICLES', 'risk_category': 'other', 'risk_points': 1}, {'violation_type': '""City Ordinance"" 152.01 (B)', 'risk_category': 'other', 'risk_points': 1}, {'violation_type': 'BTR; RENTAL HOUSING', 'risk_category': 'other', 'risk_points': 1}, {'violation_type': 'RENTAL; ELEC MAINTAINED', 'risk_category': 'other', 'risk_points': 1}, {'violation_type': 'Prohibited Signs; Disrepair', 'risk_category': 'nuisance_maintenance', 'risk_points': 1}, {'violation_type': 'NUISANCE; STATE OF REPAIR', 'risk_category': 'nuisance_maintenance', 'risk_points': 1}]"
721 NW 29 CT,Wilton Manor,4,8,3,11,0,1,0,0,3,"[{'violation_type': 'Annual inspection and licensing of properties with RRL', 'risk_category': 'other', 'risk_points': 1}, {'violation_type': 'Running at large', 'risk_category': 'other', 'risk_points': 1}, {'violation_type': 'Owners of Dangerous Dogs.', 'risk_category': 'unsafe_structure', 'risk_points': 5}, {'violation_type': 'Control of Animals on Public Property', 'risk_category': 'other', 'risk_points': 1}]"
2316 NE 6 AVENUE,Wilton Manor,6,6,5,11,0,0,0,2,4,"[{'violation_type': 'Outdoor Storage', 'risk_category': 'other', 'risk_points': 1}, {'violation_type': 'Trash/Recycle Receptacle Placement', 'risk_category': 'other', 'risk_points': 1}, {'violation_type': 'Exterior building condition', 'risk_category': 'nuisance_maintenance', 'risk_points': 1}, {'violation_type': 'Fascia/borders/decorative bands/soffits.', 'risk_category': 'other', 'risk_points': 1}, {'violation_type': 'Driveways and other parking areas - Free of weeds', 'risk_category': 'other', 'risk_points': 1}, {'violation_type': 'Landscape maintenance (overgrowth and all other)', 'risk_category': 'nuisance_maintenance', 'risk_points': 1}]"
2421 NW 68TH TER,Margate,2,10,1,11,0,2,0,0,0,"[{'violation_type': 'UNSAFE STRUCTURE (BLDG)', 'risk_category': 'unsafe_structure', 'risk_points': 5}, {'violation_type': 'UNSAFE STRUCTURE (BLDG)', 'risk_category': 'unsafe_structure', 'risk_points': 5}]"
436 SW 1 CT,Pompano Beach,6,6,5,11,0,0,0,2,4,"[{'violation_type': 'RENTAL; DOORS CONDITION', 'risk_category': 'other', 'risk_points': 1}, {'violation_type': 'BTR; RENTAL HOUSING INSPECTION', 'risk_category': 'other', 'risk_points': 1}, {'violation_type': 'RENTAL; SMOKE DETECTORS', 'risk_category': 'other', 'risk_points': 1}, {'violation_type': 'RENTAL; ELEC MAINTAINED', 'risk_category': 'other', 'risk_points': 1}, {'violation_type': 'RENTAL; BUILDING REPAIRS', 'risk_category': 'nuisance_maintenance', 'risk_points': 1}, {'violation_type': 'RENTAL; EXTERIOR ELECTRICAL', 'risk_category': 'nuisance_maintenance', 'risk_points': 1}]"
333 NE 29 STREET,Wilton Manor,6,6,5,11,0,0,0,1,5,"[{'violation_type': 'Roofs and gutters', 'risk_category': 'other', 'risk_points': 1}, {'violation_type': 'Fascia/borders/decorative bands/soffits.', 'risk_category': 'other', 'risk_points': 1}, {'violation_type': 'Stairs, porches and railings', 'risk_category': 'other', 'risk_points': 1}, {'violation_type': 'General Prohibitions (sidewalk, swale, etc.)', 'risk_category': 'other', 'risk_points': 1}, {'violation_type': 'Storm shutters placement.', 'risk_category': 'other', 'risk_points': 1}, {'violation_type': 'Landscape maintenance (overgrowth and all other)', 'risk_category': 'nuisance_maintenance', 'risk_points': 1}]"
2583 NW 63RD AVE,Margate,3,9,2,11,0,1,2,0,0,"[{'violation_type': 'UNSAFE STRUCTURE (BLDG)', 'risk_category': 'unsafe_structure', 'risk_points': 5}, {'violation_type': 'WORK WITHOUT PERMIT-BUILDING', 'risk_category': 'work_without_permit', 'risk_points': 2}, {'violation_type': 'WORK WITHOUT PERMIT-BUILDING', 'risk_category': 'work_without_permit', 'risk_points': 2}]"
2525 NW 9 TERRACE,Wilton Manor,6,6,5,11,0,0,0,1,5,"[{'violation_type': 'Receptacle placement and times', 'risk_category': 'other', 'risk_points': 1}, {'violation_type': 'Business tax schedule.', 'risk_category': 'other', 'risk_points': 1}, {'violation_type': 'Trash/Recycle Receptacle Placement', 'risk_category': 'other', 'risk_points': 1}, {'violation_type': 'Exterior building condition', 'risk_category': 'nuisance_maintenance', 'risk_points': 1}, {'violation_type': 'Local Business Tax Receipts', 'risk_category': 'other', 'risk_points': 1}, {'violation_type': 'Failure to obtain.', 'risk_category': 'other', 'risk_points': 1}]"
832 NE 10 AV,Pompano Beach,4,8,3,11,0,1,0,0,3,"[{'violation_type': 'DRIVEWAY; CONNECTION UNSAFE', 'risk_category': 'unsafe_structure', 'risk_points': 5}, {'violation_type': 'BTR; RENTAL HOUSING INSPECTION', 'risk_category': 'other', 'risk_points': 1}, {'violation_type': 'BTR; RENTAL HOUSING', 'risk_category': 'other', 'risk_points': 1}, {'violation_type': 'PARKING AREAS; MARKINGS', 'risk_category': 'other', 'risk_points': 1}]"
1456 NE 24 CT,Wilton Manor,5,6,4,10,0,0,1,1,3,"[{'violation_type': 'Required Permit Approvals - building permit', 'risk_category': 'work_without_permit', 'risk_points': 2}, {'violation_type': 'Litter and littering material.', 'risk_category': 'other', 'risk_points': 1}, {'violation_type': 'Landscape maintenance (overgrowth and all other)', 'risk_category': 'nuisance_maintenance', 'risk_points': 1}, {'violation_type': 'Rec. vehicles/trailers', 'risk_category': 'other', 'risk_points': 1}, {'violation_type': 'Storm shutters placement.', 'risk_category': 'other', 'risk_points': 1}]"
2440 WILTON DRIVE,Wilton Manor,4,7,3,10,0,0,3,0,1,"[{'violation_type': 'Outdoor Storage', 'risk_category': 'other', 'risk_points': 1}, {'violation_type': 'Required Permit Approvals - building permit', 'risk_category': 'work_without_permit', 'risk_points': 2}, {'violation_type': 'General Special Events Permit', 'risk_category': 'work_without_permit', 'risk_points': 2}, {'violation_type': 'Permit requirements. Special Events', 'risk_category': 'work_without_permit', 'risk_points': 2}]"
2780 NW 11 ST,Pompano Beach,5,5,4,9,0,0,0,0,5,"[{'violation_type': 'BTR; RENTAL HOUSING', 'risk_category': 'other', 'risk_points': 1}, {'violation_type': 'SPECIFIC VIOL; OCCUPY STUCTURE', 'risk_category': 'other', 'risk_points': 1}, {'violation_type': 'PARKING; SURFACE STANDARDS', 'risk_category': 'other', 'risk_points': 1}, {'violation_type': 'SPECIFIC VIOL; DISTUB LANDSCAP', 'risk_category': 'other', 'risk_points': 1}, {'violation_type': 'BTR; RENTAL HOUSING INSPECTION', 'risk_category': 'other', 'risk_points': 1}]"
7797 GOLF CIRCLE DR,Margate,2,8,1,9,1,1,0,0,0,"[{'violation_type': '50 YEAR SAFETY INSPECTIONS', 'risk_category': 'inspection_40_50_year', 'risk_points': 3}, {'violation_type': 'UNSAFE STRUCTURE (BLDG)', 'risk_category': 'unsafe_structure', 'risk_points': 5}]"
213 SW AVONDALE DR,Pompano Beach,5,5,4,9,0,0,0,0,5,"[{'violation_type': 'BTR; RENTAL HOUSING', 'risk_category': 'other', 'risk_points': 1}, {'violation_type': 'SPECIFIC VIOL; DISTUB LANDSCAP', 'risk_category': 'other', 'risk_points': 1}, {'violation_type': 'PARKING; SURFACE STANDARDS', 'risk_category': 'other', 'risk_points': 1}, {'violation_type': '""City Ordinance"" 152.01 (B)', 'risk_category': 'other', 'risk_points': 1}, {'violation_type': 'BTR; RENTAL HOUSING INSPECTION', 'risk_category': 'other', 'risk_points': 1}]"
604 NE 1 AV,Pompano Beach,5,5,4,9,0,0,0,2,3,"[{'violation_type': 'PARKING; SURFACE STANDARDS', 'risk_category': 'other', 'risk_points': 1}, {'violation_type': 'SPECIFIC VIOL; DISTUB LANDSCAP', 'risk_category': 'other', 'risk_points': 1}, {'violation_type': 'NUISANCE; DISCARDED OBJECTS', 'risk_category': 'nuisance_maintenance', 'risk_points': 1}, {'violation_type': 'NUISANCE; BARRIER', 'risk_category': 'nuisance_maintenance', 'risk_points': 1}, {'violation_type': 'PARKING AREAS; MARKINGS', 'risk_category': 'other', 'risk_points': 1}]"
3231 HOLIDAY SPRINGS BLVD,Margate,3,7,2,9,1,0,2,0,0,"[{'violation_type': 'WORK WITHOUT PERMIT-BUILDING', 'risk_category': 'work_without_permit', 'risk_points': 2}, {'violation_type': '40 YEAR SAFETY INSPECTIONS', 'risk_category': 'inspection_40_50_year', 'risk_points': 3}, {'violation_type': 'WORK WITHOUT PERMIT-BUILDING', 'risk_category': 'work_without_permit', 'risk_points': 2}]"
1901 NW 1 AV,Pompano Beach,5,5,4,9,0,0,0,2,3,"[{'violation_type': 'NUISANCE; STATE OF REPAIR', 'risk_category': 'nuisance_maintenance', 'risk_points': 1}, {'violation_type': 'STREET ADDRESS NUMBERS', 'risk_category': 'other', 'risk_points': 1}, {'violation_type': 'NUISANCE; STAGNANT WATER', 'risk_category': 'nuisance_maintenance', 'risk_points': 1}, {'violation_type': 'PARKING; MAINTAINED ALL', 'risk_category': 'other', 'risk_points': 1}, {'violation_type': 'ROLL CARTS; PLACEMENT', 'risk_category': 'other', 'risk_points': 1}]"
216-218 NW 25 STREET,Wilton Manor,5,5,4,9,0,0,0,3,2,"[{'violation_type': 'Local Business Tax Receipts', 'risk_category': 'other', 'risk_points': 1}, {'violation_type': 'Annual inspection and licensing of properties with RRL', 'risk_category': 'other', 'risk_points': 1}, {'violation_type': 'Landscape maintenance', 'risk_category': 'nuisance_maintenance', 'risk_points': 1}, {'violation_type': 'Exterior building condition', 'risk_category': 'nuisance_maintenance', 'risk_points': 1}, {'violation_type': 'Landscape maintenance (overgrowth and all other)', 'risk_category': 'nuisance_maintenance', 'risk_points': 1}]"
217 SW 1 CT,Pompano Beach,5,5,4,9,0,0,0,1,4,"[{'violation_type': 'PARKING AREAS; MARKINGS', 'risk_category': 'other', 'risk_points': 1}, {'violation_type': 'SPECIFIC VIOL; DISTUB LANDSCAP', 'risk_category': 'other', 'risk_points': 1}, {'violation_type': 'GARBAGE; RES. SCHEDULE', 'risk_category': 'other', 'risk_points': 1}, {'violation_type': 'BULK TRASH; VOLUME LIMIT', 'risk_category': 'other', 'risk_points': 1}, {'violation_type': 'NUISANCE; STATE OF REPAIR', 'risk_category': 'nuisance_maintenance', 'risk_points': 1}]"
5750 LAKESIDE DR # 1,Margate,2,8,1,9,1,1,0,0,0,"[{'violation_type': 'UNSAFE STRUCTURE (BLDG)', 'risk_category': 'unsafe_structure', 'risk_points': 5}, {'violation_type': '40 YEAR SAFETY INSPECTIONS', 'risk_category': 'inspection_40_50_year', 'risk_points': 3}]"
2632 NE 10 AVENUE,Wilton Manor,5,5,4,9,0,0,0,1,4,"[{'violation_type': 'Open or outside storage', 'risk_category': 'other', 'risk_points': 1}, {'violation_type': 'Litter and littering material.', 'risk_category': 'other', 'risk_points': 1}, {'violation_type': 'Roofs and gutters', 'risk_category': 'other', 'risk_points': 1}, {'violation_type': 'Canopies and coverings.', 'risk_category': 'other', 'risk_points': 1}, {'violation_type': 'Landscape maintenance (overgrowth and all other)', 'risk_category': 'nuisance_maintenance', 'risk_points': 1}]"
324 SW 1 CT,Pompano Beach,5,5,4,9,0,0,0,3,2,"[{'violation_type': 'RENTAL; BUILDING REPAIRS', 'risk_category': 'nuisance_maintenance', 'risk_points': 1}, {'violation_type': 'RENTAL; ELEC MAINTAINED', 'risk_category': 'other', 'risk_points': 1}, {'violation_type': 'NUISANCE; GARBAGE ACCUMULATION', 'risk_category': 'nuisance_maintenance', 'risk_points': 1}, {'violation_type': '""City Ordinance"" 152.01 (B)', 'risk_category': 'other', 'risk_points': 1}, {'violation_type': 'RENTAL; EXTERIOR ELECTRICAL', 'risk_category': 'nuisance_maintenance', 'risk_points': 1}]"
2468 WILTON DRIVE,Wilton Manor,4,6,3,9,0,0,2,0,2,"[{'violation_type': 'Outdoor Storage', 'risk_category': 'other', 'risk_points': 1}, {'violation_type': 'Prohibited outside display of merchandise', 'risk_category': 'other', 'risk_points': 1}, {'violation_type': 'General Special Events Permit', 'risk_category': 'work_without_permit', 'risk_points': 2}, {'violation_type': 'Permit requirements. Special Events', 'risk_category': 'work_without_permit', 'risk_points': 2}]"
1501 SW 1 TE,Pompano Beach,5,5,4,9,0,0,0,1,4,"[{'violation_type': 'FENCES, MAINTENACE REQUIRED', 'risk_category': 'other', 'risk_points': 1}, {'violation_type': 'PARKING AREAS; MARKINGS', 'risk_category': 'other', 'risk_points': 1}, {'violation_type': 'NUISANCE; BARRIER CONDITION', 'risk_category': 'nuisance_maintenance', 'risk_points': 1}, {'violation_type': 'BTR; RENTAL HOUSING', 'risk_category': 'other', 'risk_points': 1}, {'violation_type': 'BTR; RENTAL HOUSING INSPECTION', 'risk_category': 'other', 'risk_points': 1}]"
212 NW 11 ST,Pompano Beach,5,5,4,9,0,0,0,1,4,"[{'violation_type': 'RENTAL; ELEC MAINTAINED', 'risk_category': 'other', 'risk_points': 1}, {'violation_type': 'RENTAL; NUM. OF UNITS ALLOWED', 'risk_category': 'other', 'risk_points': 1}, {'violation_type': 'RENTAL; EXTERIOR ELECTRICAL', 'risk_category': 'nuisance_maintenance', 'risk_points': 1}, {'violation_type': 'FBC; VIOLATION', 'risk_category': 'other', 'risk_points': 1}, {'violation_type': 'BTR; RENTAL HOUSING INSPECTION', 'risk_category': 'other', 'risk_points': 1}]"
1720 NW 1 WY,Pompano Beach,5,5,4,9,0,0,0,1,4,"[{'violation_type': 'PARKING; SURFACE STANDARDS', 'risk_category': 'other', 'risk_points': 1}, {'violation_type': 'ROLL CARTS; PLACEMENT', 'risk_category': 'other', 'risk_points': 1}, {'violation_type': 'STREET ADDRESS NUMBERS', 'risk_category': 'other', 'risk_points': 1}, {'violation_type': 'SPECIFIC VIOL; OCCUPY STUCTURE', 'risk_category': 'other', 'risk_points': 1}, {'violation_type': 'LANDSCAPING; MAINTENANCE', 'risk_category': 'nuisance_maintenance', 'risk_points': 1}]"
832 NW 28 STREET,Wilton Manor,5,5,4,9,0,0,0,2,3,"[{'violation_type': 'Annual inspection and licensing of properties with RRL', 'risk_category': 'other', 'risk_points': 1}, {'violation_type': 'Landscape maintenance', 'risk_category': 'nuisance_maintenance', 'risk_points': 1}, {'violation_type': 'Landscape maintenance (overgrowth and all other)', 'risk_category': 'nuisance_maintenance', 'risk_points': 1}, {'violation_type': 'General Prohibitions (sidewalk, swale, etc.)', 'risk_category': 'other', 'risk_points': 1}, {'violation_type': 'Parking or storage of commercial vehicles, etc.', 'risk_category': 'other', 'risk_points': 1}]"
1450 SW 11 TE,Pompano Beach,5,5,4,9,0,0,0,2,3,"[{'violation_type': 'OFF-STREET PARKING; SURFACING', 'risk_category': 'other', 'risk_points': 1}, {'violation_type': 'NUISANCE; GRASS OR WEEDS', 'risk_category': 'nuisance_maintenance', 'risk_points': 1}, {'violation_type': 'SPECIFIC VIOL; DISTUB LANDSCAP', 'risk_category': 'other', 'risk_points': 1}, {'violation_type': 'NUISANCE; GARBAGE ACCUMULATION', 'risk_category': 'nuisance_maintenance', 'risk_points': 1}, {'violation_type': 'SPECIFIC VIOL; OCCUPY STUCTURE', 'risk_category': 'other', 'risk_points': 1}]"
441 BANKS RD,Margate,2,8,1,9,1,1,0,0,0,"[{'violation_type': 'UNSAFE STRUCTURE (BLDG)', 'risk_category': 'unsafe_structure', 'risk_points': 5}, {'violation_type': '50 YEAR SAFETY INSPECTIONS', 'risk_category': 'inspection_40_50_year', 'risk_points': 3}]"
5643 NW 29TH ST,Margate,2,8,1,9,1,1,0,0,0,"[{'violation_type': 'UNSAFE STRUCTURE (BLDG)', 'risk_category': 'unsafe_structure', 'risk_points': 5}, {'violation_type': '40 YEAR SAFETY INSPECTIONS', 'risk_category': 'inspection_40_50_year', 'risk_points': 3}]"
225 NW 10 ST,Pompano Beach,5,5,4,9,0,0,0,3,2,"[{'violation_type': 'NUISANCE; GRASS OR WEEDS', 'risk_category': 'nuisance_maintenance', 'risk_points': 1}, {'violation_type': 'NUISANCE; GARBAGE ACCUMULATION', 'risk_category': 'nuisance_maintenance', 'risk_points': 1}, {'violation_type': 'FENCES, MAINTENACE REQUIRED', 'risk_category': 'other', 'risk_points': 1}, {'violation_type': 'RENTAL; EXTERIOR ELECTRICAL', 'risk_category': 'nuisance_maintenance', 'risk_points': 1}, {'violation_type': 'RENTAL; ELEC MAINTAINED', 'risk_category': 'other', 'risk_points': 1}]"
701 NW 10 AV,Pompano Beach,5,5,4,9,0,0,0,1,4,"[{'violation_type': 'BTR; RENTAL HOUSING INSPECTION', 'risk_category': 'other', 'risk_points': 1}, {'violation_type': 'BTR; RENTAL HOUSING', 'risk_category': 'other', 'risk_points': 1}, {'violation_type': 'STREET ADDRESS NUMBERS', 'risk_category': 'other', 'risk_points': 1}, {'violation_type': 'NUISANCE; DISCARDED OBJECTS', 'risk_category': 'nuisance_maintenance', 'risk_points': 1}, {'violation_type': 'GARBAGE; RES. SCHEDULE', 'risk_category': 'other', 'risk_points': 1}]"
6155 SW 2ND ST,Margate,2,7,1,8,0,1,1,0,0,"[{'violation_type': 'WORK WITHOUT PERMIT-BUILDING', 'risk_category': 'work_without_permit', 'risk_points': 2}, {'violation_type': 'UNSAFE STRUCTURE (BLDG)', 'risk_category': 'unsafe_structure', 'risk_points': 5}]"
1600 W RIVER DR,Margate,2,7,1,8,0,1,1,0,0,"[{'violation_type': 'UNSAFE STRUCTURE (BLDG)', 'risk_category': 'unsafe_structure', 'risk_points': 5}, {'violation_type': 'WORK WITHOUT PERMIT-BUILDING', 'risk_category': 'work_without_permit', 'risk_points': 2}]"
6075 NW 16TH CT,Margate,2,7,1,8,0,1,1,0,0,"[{'violation_type': 'WORK WITHOUT PERMIT-BUILDING', 'risk_category': 'work_without_permit', 'risk_points': 2}, {'violation_type': 'UNSAFE STRUCTURE (BLDG)', 'risk_category': 'unsafe_structure', 'risk_points': 5}]"
6453 NW 21ST CT,Margate,2,7,1,8,0,1,1,0,0,"[{'violation_type': 'WORK WITHOUT PERMIT-BUILDING', 'risk_category': 'work_without_permit', 'risk_points': 2}, {'violation_type': 'UNSAFE STRUCTURE (BLDG)', 'risk_category': 'unsafe_structure', 'risk_points': 5}]"
6087 NW 3RD ST,Margate,2,7,1,8,0,1,1,0,0,"[{'violation_type': 'UNSAFE STRUCTURE (BLDG)', 'risk_category': 'unsafe_structure', 'risk_points': 5}, {'violation_type': 'WORK WITHOUT PERMIT-BUILDING', 'risk_category': 'work_without_permit', 'risk_points': 2}]"
6805 NW 9TH CT,Margate,2,7,1,8,0,1,1,0,0,"[{'violation_type': 'WORK WITHOUT PERMIT-BUILDING', 'risk_category': 'work_without_permit', 'risk_points': 2}, {'violation_type': 'UNSAFE STRUCTURE (BLDG)', 'risk_category': 'unsafe_structure', 'risk_points': 5}]"
1317 NW 58TH AVE,Margate,2,7,1,8,0,1,1,0,0,"[{'violation_type': 'WORK WITHOUT PERMIT-BUILDING', 'risk_category': 'work_without_permit', 'risk_points': 2}, {'violation_type': 'UNSAFE STRUCTURE (BLDG)', 'risk_category': 'unsafe_structure', 'risk_points': 5}]"
1212 E RIVER DR,Margate,2,7,1,8,0,1,1,0,0,"[{'violation_type': 'WORK WITHOUT PERMIT-BUILDING', 'risk_category': 'work_without_permit', 'risk_points': 2}, {'violation_type': 'UNSAFE STRUCTURE (BLDG)', 'risk_category': 'unsafe_structure', 'risk_points': 5}]"
601 NW 78TH AVE BDG49,Margate,2,7,1,8,0,1,1,0,0,"[{'violation_type': 'WORK WITHOUT PERMIT-BUILDING', 'risk_category': 'work_without_permit', 'risk_points': 2}, {'violation_type': 'UNSAFE STRUCTURE (BLDG)', 'risk_category': 'unsafe_structure', 'risk_points': 5}]"
401 SW 68TH TER,Margate,2,7,1,8,0,1,1,0,0,"[{'violation_type': 'UNSAFE STRUCTURE (BLDG)', 'risk_category': 'unsafe_structure', 'risk_points': 5}, {'violation_type': 'WORK WITHOUT PERMIT-BUILDING', 'risk_category': 'work_without_permit', 'risk_points': 2}]"
6800 NW 12TH ST,Margate,2,7,1,8,0,1,1,0,0,"[{'violation_type': 'UNSAFE STRUCTURE (BLDG)', 'risk_category': 'unsafe_structure', 'risk_points': 5}, {'violation_type': 'WORK WITHOUT PERMIT-BUILDING', 'risk_category': 'work_without_permit', 'risk_points': 2}]"
5700 ROYAL PALM BLVD,Margate,2,7,1,8,0,1,1,0,0,"[{'violation_type': 'UNSAFE STRUCTURE (BLDG)', 'risk_category': 'unsafe_structure', 'risk_points': 5}, {'violation_type': 'WORK WITHOUT PERMIT-BUILDING', 'risk_category': 'work_without_permit', 'risk_points': 2}]"
250 LAKEWOOD CIR,Margate,2,7,1,8,0,1,1,0,0,"[{'violation_type': 'WORK WITHOUT PERMIT-BUILDING', 'risk_category': 'work_without_permit', 'risk_points': 2}, {'violation_type': 'UNSAFE STRUCTURE (BLDG)', 'risk_category': 'unsafe_structure', 'risk_points': 5}]"
6790 SW 6TH ST,Margate,2,7,1,8,0,1,1,0,0,"[{'violation_type': 'WORK WITHOUT PERMIT-BUILDING', 'risk_category': 'work_without_permit', 'risk_points': 2}, {'violation_type': 'UNSAFE STRUCTURE (BLDG)', 'risk_category': 'unsafe_structure', 'risk_points': 5}]"
1050 COUNTRY CLUB DR 104,Margate,2,7,1,8,0,1,1,0,0,"[{'violation_type': 'WORK WITHOUT PERMIT-BUILDING', 'risk_category': 'work_without_permit', 'risk_points': 2}, {'violation_type': 'UNSAFE STRUCTURE (BLDG)', 'risk_category': 'unsafe_structure', 'risk_points': 5}]"
985 NW 67TH TER,Margate,2,7,1,8,0,1,1,0,0,"[{'violation_type': 'WORK WITHOUT PERMIT-BUILDING', 'risk_category': 'work_without_permit', 'risk_points': 2}, {'violation_type': 'UNSAFE STRUCTURE (BLDG)', 'risk_category': 'unsafe_structure', 'risk_points': 5}]"
6220 SW 7TH ST,Margate,2,7,1,8,0,1,1,0,0,"[{'violation_type': 'WORK WITHOUT PERMIT-BUILDING', 'risk_category': 'work_without_permit', 'risk_points': 2}, {'violation_type': 'UNSAFE STRUCTURE (BLDG)', 'risk_category': 'unsafe_structure', 'risk_points': 5}]"
350 CLANCEY CIR,Margate,2,7,1,8,0,1,1,0,0,"[{'violation_type': 'WORK WITHOUT PERMIT-BUILDING', 'risk_category': 'work_without_permit', 'risk_points': 2}, {'violation_type': 'UNSAFE STRUCTURE (BLDG)', 'risk_category': 'unsafe_structure', 'risk_points': 5}]"
689 BANKS RD,Margate,2,7,1,8,0,1,1,0,0,"[{'violation_type': 'UNSAFE STRUCTURE (BLDG)', 'risk_category': 'unsafe_structure', 'risk_points': 5}, {'violation_type': 'WORK WITHOUT PERMIT-BUILDING', 'risk_category': 'work_without_permit', 'risk_points': 2}]"
2628 SE 10 ST,Pompano Beach,4,5,3,8,0,0,1,0,3,"[{'violation_type': 'STREET ADDRESS NUMBERS', 'risk_category': 'other', 'risk_points': 1}, {'violation_type': 'RENTAL; SHORT TERM PERMIT REQ', 'risk_category': 'work_without_permit', 'risk_points': 2}, {'violation_type': 'RENTAL; BUILDING EVAC PLAN', 'risk_category': 'other', 'risk_points': 1}, {'violation_type': 'RENTAL; ELEC MAINTAINED', 'risk_category': 'other', 'risk_points': 1}]"
3260 LAKEVIEW DR,Pompano Beach,4,4,3,7,0,0,0,2,2,"[{'violation_type': 'NUISANCE; SIDEWALK OVERGROWTH', 'risk_category': 'nuisance_maintenance', 'risk_points': 1}, {'violation_type': 'NUISANCE; DENSE TREES / GROWTH', 'risk_category': 'nuisance_maintenance', 'risk_points': 1}, {'violation_type': 'SPECIFIC VIOL; OCCUPY STUCTURE', 'risk_category': 'other', 'risk_points': 1}, {'violation_type': 'PARKING; RES LICENSE PLATE', 'risk_category': 'other', 'risk_points': 1}]"
215 NE 28 CT,Wilton Manor,4,4,3,7,0,0,0,2,2,"[{'violation_type': 'Landscape maintenance', 'risk_category': 'nuisance_maintenance', 'risk_points': 1}, {'violation_type': 'Pools/hot tubs/fountains.', 'risk_category': 'other', 'risk_points': 1}, {'violation_type': 'Stagnant water.', 'risk_category': 'other', 'risk_points': 1}, {'violation_type': 'Landscape maintenance (overgrowth and all other)', 'risk_category': 'nuisance_maintenance', 'risk_points': 1}]"
2513 NW 8 AVE,Wilton Manor,4,4,3,7,0,0,0,1,3,"[{'violation_type': 'General Prohibitions (sidewalk, swale, etc.)', 'risk_category': 'other', 'risk_points': 1}, {'violation_type': 'Exterior building condition', 'risk_category': 'nuisance_maintenance', 'risk_points': 1}, {'violation_type': 'Fascia/borders/decorative bands/soffits.', 'risk_category': 'other', 'risk_points': 1}, {'violation_type': 'Parking areas - Potholes', 'risk_category': 'other', 'risk_points': 1}]"
2654 NORTH ANDREWS AVENUE,Wilton Manor,4,4,3,7,0,0,0,0,4,"[{'violation_type': 'Local Business Tax Receipts', 'risk_category': 'other', 'risk_points': 1}, {'violation_type': 'Failure to obtain.', 'risk_category': 'other', 'risk_points': 1}, {'violation_type': 'Local Business Tax Receipts', 'risk_category': 'other', 'risk_points': 1}, {'violation_type': 'Failure to obtain.', 'risk_category': 'other', 'risk_points': 1}]"
108 NE 26 DRIVE,Wilton Manor,4,4,3,7,0,0,0,0,4,"[{'violation_type': 'Code Out - No Violation/Misc./Referred/Unfounded', 'risk_category': 'other', 'risk_points': 1}, {'violation_type': 'Maximum Occupancy', 'risk_category': 'other', 'risk_points': 1}, {'violation_type': 'Noise Control - Legislative findings.', 'risk_category': 'other', 'risk_points': 1}, {'violation_type': 'Noise - Amplified sound', 'risk_category': 'other', 'risk_points': 1}]"
3495 PINEWALK DR,Margate,2,6,1,7,2,0,0,0,0,"[{'violation_type': '40 YEAR SAFETY INSPECTIONS', 'risk_category': 'inspection_40_50_year', 'risk_points': 3}, {'violation_type': '40 YEAR SAFETY INSPECTIONS', 'risk_category': 'inspection_40_50_year', 'risk_points': 3}]"
2716 NE 1 AVENUE,Wilton Manor,4,4,3,7,0,0,0,1,3,"[{'violation_type': 'Roofs and gutters', 'risk_category': 'other', 'risk_points': 1}, {'violation_type': 'Fascia/borders/decorative bands/soffits.', 'risk_category': 'other', 'risk_points': 1}, {'violation_type': 'Fences, walls and hedges', 'risk_category': 'other', 'risk_points': 1}, {'violation_type': 'Landscape maintenance (overgrowth and all other)', 'risk_category': 'nuisance_maintenance', 'risk_points': 1}]"
2912 NW 11 AVENUE,Wilton Manor,4,4,3,7,0,0,0,0,4,"[{'violation_type': 'Registration required. VRL', 'risk_category': 'other', 'risk_points': 1}, {'violation_type': 'Penalties, Offenses, Suspension and Revocation. VRL', 'risk_category': 'other', 'risk_points': 1}, {'violation_type': 'Pool, spa, hot tub safety/Gates', 'risk_category': 'other', 'risk_points': 1}, {'violation_type': 'Responsible party required. VRL', 'risk_category': 'other', 'risk_points': 1}]"
2701 N ROCK ISLAND RD,Margate,2,6,1,7,2,0,0,0,0,"[{'violation_type': '40 YEAR SAFETY INSPECTIONS', 'risk_category': 'inspection_40_50_year', 'risk_points': 3}, {'violation_type': '40 YEAR SAFETY INSPECTIONS', 'risk_category': 'inspection_40_50_year', 'risk_points': 3}]"
724 NW 23 STREET,Wilton Manor,4,4,3,7,0,0,0,1,3,"[{'violation_type': 'Outdoor Storage', 'risk_category': 'other', 'risk_points': 1}, {'violation_type': 'Exterior building condition', 'risk_category': 'nuisance_maintenance', 'risk_points': 1}, {'violation_type': 'Fascia/borders/decorative bands/soffits.', 'risk_category': 'other', 'risk_points': 1}, {'violation_type': 'General Prohibitions (sidewalk, swale, etc.)', 'risk_category': 'other', 'risk_points': 1}]"
1920 NE 26 DRIVE,Wilton Manor,4,4,3,7,0,0,0,0,4,"[{'violation_type': 'Local Business Tax Receipts', 'risk_category': 'other', 'risk_points': 1}, {'violation_type': 'Registration required. VRL', 'risk_category': 'other', 'risk_points': 1}, {'violation_type': 'Local Business Tax Receipts', 'risk_category': 'other', 'risk_points': 1}, {'violation_type': 'Failure to obtain.', 'risk_category': 'other', 'risk_points': 1}]"
5400 W SAMPLE RD,Margate,2,6,1,7,2,0,0,0,0,"[{'violation_type': '40 YEAR SAFETY INSPECTIONS', 'risk_category': 'inspection_40_50_year', 'risk_points': 3}, {'violation_type': '40 YEAR SAFETY INSPECTIONS', 'risk_category': 'inspection_40_50_year', 'risk_points': 3}]"
5415 NW 15TH ST 01,Margate,2,6,1,7,2,0,0,0,0,"[{'violation_type': '40 YEAR SAFETY INSPECTIONS', 'risk_category': 'inspection_40_50_year', 'risk_points': 3}, {'violation_type': '40 YEAR SAFETY INSPECTIONS', 'risk_category': 'inspection_40_50_year', 'risk_points': 3}]"
709 NW 29 STREET,Wilton Manor,4,4,3,7,0,0,0,1,3,"[{'violation_type': 'Local Business Tax Receipts', 'risk_category': 'other', 'risk_points': 1}, {'violation_type': 'Registration required. VRL', 'risk_category': 'other', 'risk_points': 1}, {'violation_type': 'Annual inspection and licensing of properties with RRL', 'risk_category': 'other', 'risk_points': 1}, {'violation_type': 'Landscape maintenance', 'risk_category': 'nuisance_maintenance', 'risk_points': 1}]"
218 SW 1 CT,Pompano Beach,4,4,3,7,0,0,0,1,3,"[{'violation_type': 'BTR; RENTAL HOUSING', 'risk_category': 'other', 'risk_points': 1}, {'violation_type': 'SPECIFIC VIOL; OCCUPY STUCTURE', 'risk_category': 'other', 'risk_points': 1}, {'violation_type': 'NUISANCE; STATE OF REPAIR', 'risk_category': 'nuisance_maintenance', 'risk_points': 1}, {'violation_type': 'BTR; RENTAL HOUSING INSPECTION', 'risk_category': 'other', 'risk_points': 1}]"
2740 NORTH ANDREWS AVENUE,Wilton Manor,3,5,2,7,0,0,2,0,1,"[{'violation_type': 'Required Permit Approvals - building permit', 'risk_category': 'work_without_permit', 'risk_points': 2}, {'violation_type': 'Local Business Tax Receipts', 'risk_category': 'other', 'risk_points': 1}, {'violation_type': 'Permit procedures - Signs', 'risk_category': 'work_without_permit', 'risk_points': 2}]"
2300 NE 12 AV,Pompano Beach,4,4,3,7,0,0,0,2,2,"[{'violation_type': 'SPECIFIC VIOL; DISTUB LANDSCAP', 'risk_category': 'other', 'risk_points': 1}, {'violation_type': 'BTR; RENTAL HOUSING', 'risk_category': 'other', 'risk_points': 1}, {'violation_type': 'NUISANCE; DISCARDED OBJECTS', 'risk_category': 'nuisance_maintenance', 'risk_points': 1}, {'violation_type': 'NUISANCE; ROOF CONDITION', 'risk_category': 'nuisance_maintenance', 'risk_points': 1}]"
3111 NE 11 AV,Pompano Beach,4,4,3,7,0,0,0,1,3,"[{'violation_type': 'COMM TRUCKS ON RES LOTS', 'risk_category': 'other', 'risk_points': 1}, {'violation_type': 'NUISANCE; DISCARDED OBJECTS', 'risk_category': 'nuisance_maintenance', 'risk_points': 1}, {'violation_type': 'BTR; RENTAL HOUSING INSPECTION', 'risk_category': 'other', 'risk_points': 1}, {'violation_type': 'BTR; RENTAL HOUSING', 'risk_category': 'other', 'risk_points': 1}]"
2241 NW 10 CT,Pompano Beach,4,4,3,7,0,0,0,1,3,"[{'violation_type': 'NUISANCE; PROTECTIVE COATING', 'risk_category': 'nuisance_maintenance', 'risk_points': 1}, {'violation_type': 'STREET ADDRESS NUMBERS', 'risk_category': 'other', 'risk_points': 1}, {'violation_type': 'PARKING; SURFACE STANDARDS', 'risk_category': 'other', 'risk_points': 1}, {'violation_type': 'PARKING; RES MOVABLE', 'risk_category': 'other', 'risk_points': 1}]"
613 NW 10 AV,Pompano Beach,4,4,3,7,0,0,0,0,4,"[{'violation_type': 'SPECIFIC VIOL; DISTUB LANDSCAP', 'risk_category': 'other', 'risk_points': 1}, {'violation_type': 'SPECIFIC VIOL; OCCUPY STUCTURE', 'risk_category': 'other', 'risk_points': 1}, {'violation_type': 'GARBAGE; RES. SCHEDULE', 'risk_category': 'other', 'risk_points': 1}, {'violation_type': 'PARKING; MAINTAINED ALL TIMES', 'risk_category': 'other', 'risk_points': 1}]"
AV,Pompano Beach,4,4,3,7,0,0,0,0,4,"[{'violation_type': 'VEHICLES', 'risk_category': 'other', 'risk_points': 1}, {'violation_type': 'STANDARDS', 'risk_category': 'other', 'risk_points': 1}, {'violation_type': 'NUMBERS', 'risk_category': 'other', 'risk_points': 1}, {'violation_type': 'BARRIER CONDITION', 'risk_category': 'other', 'risk_points': 1}]"
1700 NW 1 WY,Pompano Beach,4,4,3,7,0,0,0,3,1,"[{'violation_type': 'NUISANCE; GRASS OR WEEDS', 'risk_category': 'nuisance_maintenance', 'risk_points': 1}, {'violation_type': 'NUISANCE; STATE OF REPAIR', 'risk_category': 'nuisance_maintenance', 'risk_points': 1}, {'violation_type': 'ROLL CARTS; PLACEMENT', 'risk_category': 'other', 'risk_points': 1}, {'violation_type': 'LANDSCAPING; MAINTENANCE', 'risk_category': 'nuisance_maintenance', 'risk_points': 1}]"
1731 NW 1 TE,Pompano Beach,4,4,3,7,0,0,0,0,4,"[{'violation_type': 'PARKING; MAINTAINED ALL TIMES', 'risk_category': 'other', 'risk_points': 1}, {'violation_type': 'PARKING; SURFACE STANDARDS', 'risk_category': 'other', 'risk_points': 1}, {'violation_type': 'ROLL CARTS; PLACEMENT', 'risk_category': 'other', 'risk_points': 1}, {'violation_type': 'SPECIFIC VIOL; DISTUB LANDSCAP', 'risk_category': 'other', 'risk_points': 1}]"
432 SW 1 CT,Pompano Beach,4,4,3,7,0,0,0,1,3,"[{'violation_type': 'BTR; RENTAL HOUSING INSPECTION', 'risk_category': 'other', 'risk_points': 1}, {'violation_type': 'RENTAL; ELEC MAINTAINED', 'risk_category': 'other', 'risk_points': 1}, {'violation_type': 'RENTAL; SMOKE DETECTORS', 'risk_category': 'other', 'risk_points': 1}, {'violation_type': 'RENTAL; EXTERIOR ELECTRICAL', 'risk_category': 'nuisance_maintenance', 'risk_points': 1}]"
416 SW 1 CT,Pompano Beach,4,4,3,7,0,0,0,1,3,"[{'violation_type': '""City Ordinance"" 152.01 (B)', 'risk_category': 'other', 'risk_points': 1}, {'violation_type': 'RENTAL; CEILINGS CONDITION', 'risk_category': 'other', 'risk_points': 1}, {'violation_type': 'RENTAL; EXTERIOR ELECTRICAL', 'risk_category': 'nuisance_maintenance', 'risk_points': 1}, {'violation_type': 'RENTAL; ELEC MAINTAINED', 'risk_category': 'other', 'risk_points': 1}]"
1631 NW 1 WY,Pompano Beach,4,4,3,7,0,0,0,1,3,"[{'violation_type': 'PARKING; MAINTAINED ALL TIMES', 'risk_category': 'other', 'risk_points': 1}, {'violation_type': 'NUISANCE; STATE OF REPAIR', 'risk_category': 'nuisance_maintenance', 'risk_points': 1}, {'violation_type': 'PARKING; SURFACE STANDARDS', 'risk_category': 'other', 'risk_points': 1}, {'violation_type': 'ABANDONED VEHICLES', 'risk_category': 'other', 'risk_points': 1}]"
5301 W ATLANTIC BLVD,Margate,2,6,1,7,2,0,0,0,0,"[{'violation_type': '40 YEAR SAFETY INSPECTIONS', 'risk_category': 'inspection_40_50_year', 'risk_points': 3}, {'violation_type': '40 YEAR SAFETY INSPECTIONS', 'risk_category': 'inspection_40_50_year', 'risk_points': 3}]"
2000 BANKS RD,Margate,2,6,1,7,2,0,0,0,0,"[{'violation_type': '40 YEAR SAFETY INSPECTIONS', 'risk_category': 'inspection_40_50_year', 'risk_points': 3}, {'violation_type': '40 YEAR SAFETY INSPECTIONS', 'risk_category': 'inspection_40_50_year', 'risk_points': 3}]"
5951 COLONIAL DR,Margate,2,6,1,7,2,0,0,0,0,"[{'violation_type': '40 YEAR SAFETY INSPECTIONS', 'risk_category': 'inspection_40_50_year', 'risk_points': 3}, {'violation_type': '40 YEAR SAFETY INSPECTIONS', 'risk_category': 'inspection_40_50_year', 'risk_points': 3}]"
5100 W COPANS RD,Margate,2,6,1,7,2,0,0,0,0,"[{'violation_type': '40 YEAR SAFETY INSPECTIONS', 'risk_category': 'inspection_40_50_year', 'risk_points': 3}, {'violation_type': '40 YEAR SAFETY INSPECTIONS', 'risk_category': 'inspection_40_50_year', 'risk_points': 3}]"
1700 BANKS RD,Margate,2,6,1,7,2,0,0,0,0,"[{'violation_type': '40 YEAR SAFETY INSPECTIONS', 'risk_category': 'inspection_40_50_year', 'risk_points': 3}, {'violation_type': '40 YEAR SAFETY INSPECTIONS', 'risk_category': 'inspection_40_50_year', 'risk_points': 3}]"
1189 W RIVER DR # 1,Margate,2,5,1,6,1,0,1,0,0,"[{'violation_type': '50 YEAR SAFETY INSPECTIONS', 'risk_category': 'inspection_40_50_year', 'risk_points': 3}, {'violation_type': 'WORK WITHOUT PERMIT-BUILDING', 'risk_category': 'work_without_permit', 'risk_points': 2}]"
6095 NW 8TH ST,Margate,2,5,1,6,1,0,1,0,0,"[{'violation_type': '50 YEAR SAFETY INSPECTIONS', 'risk_category': 'inspection_40_50_year', 'risk_points': 3}, {'violation_type': 'WORK WITHOUT PERMIT-BUILDING', 'risk_category': 'work_without_permit', 'risk_points': 2}]"
2717 NE 1 AVENUE,Wilton Manor,3,4,2,6,0,0,1,1,1,"[{'violation_type': 'Residential bulk trash collection.', 'risk_category': 'other', 'risk_points': 1}, {'violation_type': 'Landscape maintenance', 'risk_category': 'nuisance_maintenance', 'risk_points': 1}, {'violation_type': 'Required Permit Approvals - building permit', 'risk_category': 'work_without_permit', 'risk_points': 2}]"
113 ALMAR DRIVE,Wilton Manor,3,4,2,6,0,0,1,0,2,"[{'violation_type': 'Required Permit Approvals - building permit', 'risk_category': 'work_without_permit', 'risk_points': 2}, {'violation_type': 'Dumping litter prohibited.', 'risk_category': 'other', 'risk_points': 1}, {'violation_type': 'Litter', 'risk_category': 'other', 'risk_points': 1}]"
3540 BANKS RD,Margate,2,5,1,6,1,0,1,0,0,"[{'violation_type': 'WORK WITHOUT PERMIT-BUILDING', 'risk_category': 'work_without_permit', 'risk_points': 2}, {'violation_type': '40 YEAR SAFETY INSPECTIONS', 'risk_category': 'inspection_40_50_year', 'risk_points': 3}]"
6700 ROYAL PALM BLVD,Margate,2,5,1,6,1,0,1,0,0,"[{'violation_type': '40 YEAR SAFETY INSPECTIONS', 'risk_category': 'inspection_40_50_year', 'risk_points': 3}, {'violation_type': 'WORK WITHOUT PERMIT-BUILDING', 'risk_category': 'work_without_permit', 'risk_points': 2}]"
5100 W SAMPLE RD,Margate,2,5,1,6,1,0,1,0,0,"[{'violation_type': '40 YEAR SAFETY INSPECTIONS', 'risk_category': 'inspection_40_50_year', 'risk_points': 3}, {'violation_type': 'WORK WITHOUT PERMIT-BUILDING', 'risk_category': 'work_without_permit', 'risk_points': 2}]"
6860 NW 11TH CT,Margate,1,5,0,5,0,1,0,0,0,"[{'violation_type': 'UNSAFE STRUCTURE (BLDG)', 'risk_category': 'unsafe_structure', 'risk_points': 5}]"
2684 NW 68TH AVE,Margate,1,5,0,5,0,1,0,0,0,"[{'violation_type': 'UNSAFE STRUCTURE (BLDG)', 'risk_category': 'unsafe_structure', 'risk_points': 5}]"
6107 SW 3RD ST,Margate,2,4,1,5,0,0,2,0,0,"[{'violation_type': 'WORK WITHOUT PERMIT-BUILDING', 'risk_category': 'work_without_permit', 'risk_points': 2}, {'violation_type': 'WORK WITHOUT PERMIT-BUILDING', 'risk_category': 'work_without_permit', 'risk_points': 2}]"
7971 NW 3RD PL,Margate,1,5,0,5,0,1,0,0,0,"[{'violation_type': 'UNSAFE STRUCTURE (BLDG)', 'risk_category': 'unsafe_structure', 'risk_points': 5}]"
1831 NW 1 WY,Pompano Beach,3,3,2,5,0,0,0,0,3,"[{'violation_type': 'STREETS; LANDSCAPE IN ROW AREA', 'risk_category': 'other', 'risk_points': 1}, {'violation_type': 'RENTAL; NUM. OF UNITS ALLOWED', 'risk_category': 'other', 'risk_points': 1}, {'violation_type': 'FBC; VIOLATION', 'risk_category': 'other', 'risk_points': 1}]"
6295 OCEAN DR,Margate,2,4,1,5,0,0,2,0,0,"[{'violation_type': 'WORK WITHOUT PERMIT-BUILDING', 'risk_category': 'work_without_permit', 'risk_points': 2}, {'violation_type': 'WORK WITHOUT PERMIT-BUILDING', 'risk_category': 'work_without_permit', 'risk_points': 2}]"
420 NW 10 AV,Pompano Beach,3,3,2,5,0,0,0,1,2,"[{'violation_type': 'ABANDONED VEHICLES', 'risk_category': 'other', 'risk_points': 1}, {'violation_type': 'NUISANCE; DECAYING GARBAGE', 'risk_category': 'nuisance_maintenance', 'risk_points': 1}, {'violation_type': 'PARKING; PERIODICALLY RESTORED', 'risk_category': 'other', 'risk_points': 1}]"
6447 NW 22ND ST (BLDG),Margate,1,5,0,5,0,1,0,0,0,"[{'violation_type': 'UNSAFE STRUCTURE', 'risk_category': 'unsafe_structure', 'risk_points': 5}]"
704 NW 10 AV,Pompano Beach,3,3,2,5,0,0,0,1,2,"[{'violation_type': 'PARKING; SURFACE STANDARDS', 'risk_category': 'other', 'risk_points': 1}, {'violation_type': 'NUISANCE; DISCARDED OBJECTS', 'risk_category': 'nuisance_maintenance', 'risk_points': 1}, {'violation_type': 'ABANDONED VEHICLES', 'risk_category': 'other', 'risk_points': 1}]"
6350 NW 22ND CT (BLDG),Margate,1,5,0,5,0,1,0,0,0,"[{'violation_type': 'UNSAFE STRUCTURE', 'risk_category': 'unsafe_structure', 'risk_points': 5}]"
1204 E RIVER DR,Margate,1,5,0,5,0,1,0,0,0,"[{'violation_type': 'UNSAFE STRUCTURE (BLDG)', 'risk_category': 'unsafe_structure', 'risk_points': 5}]"
7421 NW 21ST ST (BLDG),Margate,1,5,0,5,0,1,0,0,0,"[{'violation_type': 'UNSAFE STRUCTURE', 'risk_category': 'unsafe_structure', 'risk_points': 5}]"
5321 NW 31ST ST,Margate,1,5,0,5,0,1,0,0,0,"[{'violation_type': 'UNSAFE STRUCTURE (BLDG)', 'risk_category': 'unsafe_structure', 'risk_points': 5}]"
430 NW 65TH TER,Margate,1,5,0,5,0,1,0,0,0,"[{'violation_type': 'UNSAFE STRUCTURE (BLDG)', 'risk_category': 'unsafe_structure', 'risk_points': 5}]"
1511 SW 1 TE,Pompano Beach,3,3,2,5,0,0,0,1,2,"[{'violation_type': 'NUISANCE; ROOF CONDITION', 'risk_category': 'nuisance_maintenance', 'risk_points': 1}, {'violation_type': 'SPECIFIC VIOL; DISTUB LANDSCAP', 'risk_category': 'other', 'risk_points': 1}, {'violation_type': 'PARKING AREAS; MARKINGS', 'risk_category': 'other', 'risk_points': 1}]"
5580 SW 7TH CT,Margate,1,5,0,5,0,1,0,0,0,"[{'violation_type': 'UNSAFE STRUCTURE (BLDG)', 'risk_category': 'unsafe_structure', 'risk_points': 5}]"
6945 NW 8TH ST (BLDG),Margate,1,5,0,5,0,1,0,0,0,"[{'violation_type': 'UNSAFE STRUCTURE', 'risk_category': 'unsafe_structure', 'risk_points': 5}]"
6000 W ATLANTIC BLVD # 1,Margate,1,5,0,5,0,1,0,0,0,"[{'violation_type': 'UNSAFE STRUCTURE (BLDG)', 'risk_category': 'unsafe_structure', 'risk_points': 5}]"
5550 LAKEWOOD CIR,Margate,2,4,1,5,0,0,2,0,0,"[{'violation_type': 'WORK WITHOUT PERMIT-BUILDING', 'risk_category': 'work_without_permit', 'risk_points': 2}, {'violation_type': 'WORK WITHOUT PERMIT-BUILDING', 'risk_category': 'work_without_permit', 'risk_points': 2}]"
1694 NW 66TH AVE,Margate,1,5,0,5,0,1,0,0,0,"[{'violation_type': 'UNSAFE STRUCTURE (BLDG)', 'risk_category': 'unsafe_structure', 'risk_points': 5}]"
1735 NW 66TH AVE,Margate,1,5,0,5,0,1,0,0,0,"[{'violation_type': 'UNSAFE STRUCTURE (BLDG)', 'risk_category': 'unsafe_structure', 'risk_points': 5}]"
6912 NW 5TH CT,Margate,1,5,0,5,0,1,0,0,0,"[{'violation_type': 'UNSAFE STRUCTURE (BLDG)', 'risk_category': 'unsafe_structure', 'risk_points': 5}]"
6581 NW 8TH CT (BLDG),Margate,1,5,0,5,0,1,0,0,0,"[{'violation_type': 'UNSAFE STRUCTURE', 'risk_category': 'unsafe_structure', 'risk_points': 5}]"
416 NE 29 STREET,Wilton Manor,3,3,2,5,0,0,0,0,3,"[{'violation_type': 'Responsible party required. VRL', 'risk_category': 'other', 'risk_points': 1}, {'violation_type': 'Parking requirements', 'risk_category': 'other', 'risk_points': 1}, {'violation_type': 'Vehicle parked on a hard surface at VR', 'risk_category': 'other', 'risk_points': 1}]"
1309 NE 23 STREET,Wilton Manor,3,3,2,5,0,0,0,0,3,"[{'violation_type': 'Outdoor Storage', 'risk_category': 'other', 'risk_points': 1}, {'violation_type': 'Parking or storage of commercial vehicles, etc.', 'risk_category': 'other', 'risk_points': 1}, {'violation_type': 'Residential bulk trash collection.', 'risk_category': 'other', 'risk_points': 1}]"
1013 SW 49TH AVE,Margate,1,5,0,5,0,1,0,0,0,"[{'violation_type': 'UNSAFE STRUCTURE (BLDG)', 'risk_category': 'unsafe_structure', 'risk_points': 5}]"
335 W LAUREL DR,Margate,1,5,0,5,0,1,0,0,0,"[{'violation_type': 'UNSAFE STRUCTURE (BLDG)', 'risk_category': 'unsafe_structure', 'risk_points': 5}]"
675 SW 66TH AVE,Margate,2,4,1,5,0,0,2,0,0,"[{'violation_type': 'WORK WITHOUT PERMIT-BUILDING', 'risk_category': 'work_without_permit', 'risk_points': 2}, {'violation_type': 'WORK WITHOUT PERMIT-BUILDING', 'risk_category': 'work_without_permit', 'risk_points': 2}]"
4983 SW 4TH ST,Margate,1,5,0,5,0,1,0,0,0,"[{'violation_type': 'UNSAFE STRUCTURE (BLDG)', 'risk_category': 'unsafe_structure', 'risk_points': 5}]"
5800 MARGATE BLVD # 3,Margate,1,5,0,5,0,1,0,0,0,"[{'violation_type': 'UNSAFE STRUCTURE (BLDG)', 'risk_category': 'unsafe_structure', 'risk_points': 5}]"
5850 MARGATE BLVD # 1,Margate,2,4,1,5,0,0,2,0,0,"[{'violation_type': 'WORK WITHOUT PERMIT-BUILDING', 'risk_category': 'work_without_permit', 'risk_points': 2}, {'violation_type': 'WORK WITHOUT PERMIT-BUILDING', 'risk_category': 'work_without_permit', 'risk_points': 2}]"
1661 NW 1 TE,Pompano Beach,3,3,2,5,0,0,0,0,3,"[{'violation_type': 'GARBAGE; RES. SCHEDULE', 'risk_category': 'other', 'risk_points': 1}, {'violation_type': 'PARKING; SURFACE STANDARDS', 'risk_category': 'other', 'risk_points': 1}, {'violation_type': 'FBC; VIOLATION', 'risk_category': 'other', 'risk_points': 1}]"
6610 CORAL LAKE DR 110,Margate,1,5,0,5,0,1,0,0,0,"[{'violation_type': 'UNSAFE STRUCTURE (BLDG)', 'risk_category': 'unsafe_structure', 'risk_points': 5}]"
1231 W RIVER DR,Margate,2,4,1,5,0,0,2,0,0,"[{'violation_type': 'WORK WITHOUT PERMIT-BUILDING', 'risk_category': 'work_without_permit', 'risk_points': 2}, {'violation_type': 'WORK WITHOUT PERMIT-BUILDING', 'risk_category': 'work_without_permit', 'risk_points': 2}]"
1208 W RIVER DR,Margate,1,5,0,5,0,1,0,0,0,"[{'violation_type': 'UNSAFE STRUCTURE (BLDG)', 'risk_category': 'unsafe_structure', 'risk_points': 5}]"
4980 SW 7TH ST,Margate,1,5,0,5,0,1,0,0,0,"[{'violation_type': 'UNSAFE STRUCTURE (BLDG)', 'risk_category': 'unsafe_structure', 'risk_points': 5}]"
1819-1821 NE 26 DRIVE,Wilton Manor,3,3,2,5,0,0,0,2,1,"[{'violation_type': 'Landscape maintenance', 'risk_category': 'nuisance_maintenance', 'risk_points': 1}, {'violation_type': 'Trash/Recycle Receptacle Placement', 'risk_category': 'other', 'risk_points': 1}, {'violation_type': 'Landscape maintenance (overgrowth and all other)', 'risk_category': 'nuisance_maintenance', 'risk_points': 1}]"
3136 SUNSET CIR,Margate,2,4,1,5,0,0,2,0,0,"[{'violation_type': 'WORK WITHOUT PERMIT-BUILDING', 'risk_category': 'work_without_permit', 'risk_points': 2}, {'violation_type': 'WORK WITHOUT PERMIT-BUILDING', 'risk_category': 'work_without_permit', 'risk_points': 2}]"
2506 NE 6 AVE,Wilton Manor,3,3,2,5,0,0,0,0,3,"[{'violation_type': 'Local Business Tax Receipts', 'risk_category': 'other', 'risk_points': 1}, {'violation_type': 'Registration required. VRL', 'risk_category': 'other', 'risk_points': 1}, {'violation_type': 'Annual inspection and licensing of properties with RRL', 'risk_category': 'other', 'risk_points': 1}]"
200 NE 22 STREET,Wilton Manor,3,3,2,5,0,0,0,1,2,"[{'violation_type': 'Receptacle placement and times', 'risk_category': 'other', 'risk_points': 1}, {'violation_type': 'Landscape maintenance', 'risk_category': 'nuisance_maintenance', 'risk_points': 1}, {'violation_type': 'Trash/Recycle Receptacle Placement', 'risk_category': 'other', 'risk_points': 1}]"
2501 NW 65TH AVE,Margate,2,4,1,5,0,0,2,0,0,"[{'violation_type': 'WORK WITHOUT PERMIT-BUILDING', 'risk_category': 'work_without_permit', 'risk_points': 2}, {'violation_type': 'WORK WITHOUT PERMIT-BUILDING', 'risk_category': 'work_without_permit', 'risk_points': 2}]"
6505 WINFIELD BLVD,Margate,1,5,0,5,0,1,0,0,0,"[{'violation_type': 'UNSAFE STRUCTURE (BLDG)', 'risk_category': 'unsafe_structure', 'risk_points': 5}]"
1101 BANKS RD,Margate,2,4,1,5,1,0,0,0,1,"[{'violation_type': 'CODE VIOLATION-MUNICIPAL (BLDG)', 'risk_category': 'other', 'risk_points': 1}, {'violation_type': '40 YEAR SAFETY INSPECTIONS', 'risk_category': 'inspection_40_50_year', 'risk_points': 3}]"
201 NW 78TH TER,Margate,2,4,1,5,0,0,2,0,0,"[{'violation_type': 'WORK WITHOUT PERMIT-BUILDING', 'risk_category': 'work_without_permit', 'risk_points': 2}, {'violation_type': 'WORK WITHOUT PERMIT-BUILDING', 'risk_category': 'work_without_permit', 'risk_points': 2}]"
6715 NW 12TH ST,Margate,2,4,1,5,0,0,2,0,0,"[{'violation_type': 'WORK WITHOUT PERMIT-BUILDING', 'risk_category': 'work_without_permit', 'risk_points': 2}, {'violation_type': 'WORK WITHOUT PERMIT-BUILDING', 'risk_category': 'work_without_permit', 'risk_points': 2}]"
7310 NW 1ST ST 205,Margate,1,5,0,5,0,1,0,0,0,"[{'violation_type': 'UNSAFE STRUCTURE (BLDG)', 'risk_category': 'unsafe_structure', 'risk_points': 5}]"
5451 SW 11TH ST # 1D,Margate,1,5,0,5,0,1,0,0,0,"[{'violation_type': 'UNSAFE STRUCTURE (BLDG)', 'risk_category': 'unsafe_structure', 'risk_points': 5}]"
2870 NW 70TH AVE,Margate,1,5,0,5,0,1,0,0,0,"[{'violation_type': 'UNSAFE STRUCTURE (BLDG)', 'risk_category': 'unsafe_structure', 'risk_points': 5}]"
1420 NE 23 STREET,Wilton Manor,3,3,2,5,0,0,0,1,2,"[{'violation_type': 'Landscape maintenance', 'risk_category': 'nuisance_maintenance', 'risk_points': 1}, {'violation_type': 'Receptacle placement and times', 'risk_category': 'other', 'risk_points': 1}, {'violation_type': 'Receptacle placement and times', 'risk_category': 'other', 'risk_points': 1}]"
5165 SW 10TH CT,Margate,1,5,0,5,0,1,0,0,0,"[{'violation_type': 'UNSAFE STRUCTURE (BLDG)', 'risk_category': 'unsafe_structure', 'risk_points': 5}]"
500 NE 26 DR,Wilton Manor,3,3,2,5,0,0,0,1,2,"[{'violation_type': 'Screens, shutters and awnings.', 'risk_category': 'other', 'risk_points': 1}, {'violation_type': 'Fences, walls and hedges', 'risk_category': 'other', 'risk_points': 1}, {'violation_type': 'Landscape maintenance (overgrowth and all other)', 'risk_category': 'nuisance_maintenance', 'risk_points': 1}]"
7615 SUNFLOWER DR,Margate,1,5,0,5,0,1,0,0,0,"[{'violation_type': 'UNSAFE STRUCTURE (BLDG)', 'risk_category': 'unsafe_structure', 'risk_points': 5}]"
191 SW 74TH AVE,Margate,1,5,0,5,0,1,0,0,0,"[{'violation_type': 'UNSAFE STRUCTURE (BLDG)', 'risk_category': 'unsafe_structure', 'risk_points': 5}]"
5400 LAKEWOOD CIR,Margate,1,5,0,5,0,1,0,0,0,"[{'violation_type': 'UNSAFE STRUCTURE (BLDG)', 'risk_category': 'unsafe_structure', 'risk_points': 5}]"
6123 SOUTHGATE BLVD,Margate,1,5,0,5,0,1,0,0,0,"[{'violation_type': 'UNSAFE STRUCTURE (BLDG)', 'risk_category': 'unsafe_structure', 'risk_points': 5}]"
6500 W ATLANTIC BLVD,Margate,1,5,0,5,0,1,0,0,0,"[{'violation_type': 'UNSAFE STRUCTURE (BLDG)', 'risk_category': 'unsafe_structure', 'risk_points': 5}]"
2700 NW 11 ST,Pompano Beach,3,3,2,5,0,0,0,0,3,"[{'violation_type': 'SPECIFIC VIOL; OCCUPY STUCTURE', 'risk_category': 'other', 'risk_points': 1}, {'violation_type': 'SPECIFIC VIOL; DISTUB LANDSCAP', 'risk_category': 'other', 'risk_points': 1}, {'violation_type': 'FBC; VIOLATION', 'risk_category': 'other', 'risk_points': 1}]"
6570 NW 2ND ST,Margate,1,5,0,5,0,1,0,0,0,"[{'violation_type': 'UNSAFE STRUCTURE (BLDG)', 'risk_category': 'unsafe_structure', 'risk_points': 5}]"
2113 NE 15 AVENUE,Wilton Manor,3,3,2,5,0,0,0,0,3,"[{'violation_type': 'Local Business Tax Receipts', 'risk_category': 'other', 'risk_points': 1}, {'violation_type': 'Registration required. VRL', 'risk_category': 'other', 'risk_points': 1}, {'violation_type': 'Penalties, Offenses, Suspension and Revocation. VRL', 'risk_category': 'other', 'risk_points': 1}]"
6550 ROYAL PALM BLVD,Margate,1,5,0,5,0,1,0,0,0,"[{'violation_type': 'UNSAFE STRUCTURE (BLDG)', 'risk_category': 'unsafe_structure', 'risk_points': 5}]"
6750 ROYAL PALM BLVD,Margate,1,5,0,5,0,1,0,0,0,"[{'violation_type': 'UNSAFE STRUCTURE (BLDG)', 'risk_category': 'unsafe_structure', 'risk_points': 5}]"
6890 ROYAL PALM BLVD 204,Margate,1,5,0,5,0,1,0,0,0,"[{'violation_type': 'UNSAFE STRUCTURE (BLDG)', 'risk_category': 'unsafe_structure', 'risk_points': 5}]"
2008 NE 3 AVENUE,Wilton Manor,1,5,0,5,0,1,0,0,0,"[{'violation_type': 'Unsafe Dwellings', 'risk_category': 'unsafe_structure', 'risk_points': 5}]"
465 BANKS RD,Margate,1,5,0,5,0,1,0,0,0,"[{'violation_type': 'UNSAFE STRUCTURE (BLDG)', 'risk_category': 'unsafe_structure', 'risk_points': 5}]"
5610 W SAMPLE RD,Margate,1,5,0,5,0,1,0,0,0,"[{'violation_type': 'UNSAFE STRUCTURE (BLDG)', 'risk_category': 'unsafe_structure', 'risk_points': 5}]"
7465 SANTA MONICA DR,Margate,1,5,0,5,0,1,0,0,0,"[{'violation_type': 'UNSAFE STRUCTURE (BLDG)', 'risk_category': 'unsafe_structure', 'risk_points': 5}]"
1600 NE 25 STREET,Wilton Manor,3,3,2,5,0,0,0,0,3,"[{'violation_type': 'Fascia/borders/decorative bands/soffits.', 'risk_category': 'other', 'risk_points': 1}, {'violation_type': 'Fences, walls and hedges', 'risk_category': 'other', 'risk_points': 1}, {'violation_type': 'Any accessory structure', 'risk_category': 'other', 'risk_points': 1}]"
720 NW 74TH WAY,Margate,1,5,0,5,0,1,0,0,0,"[{'violation_type': 'UNSAFE STRUCTURE (BLDG)', 'risk_category': 'unsafe_structure', 'risk_points': 5}]"
5729 SETON DR,Margate,2,4,1,5,0,0,2,0,0,"[{'violation_type': 'WORK WITHOUT PERMIT-BUILDING', 'risk_category': 'work_without_permit', 'risk_points': 2}, {'violation_type': 'WORK WITHOUT PERMIT-BUILDING', 'risk_category': 'work_without_permit', 'risk_points': 2}]"
6118 SOUTHGATE BLVD,Margate,1,5,0,5,0,1,0,0,0,"[{'violation_type': 'UNSAFE STRUCTURE (BLDG)', 'risk_category': 'unsafe_structure', 'risk_points': 5}]"
5500 LAKEWOOD CIR,Margate,1,5,0,5,0,1,0,0,0,"[{'violation_type': 'UNSAFE STRUCTURE (BLDG)', 'risk_category': 'unsafe_structure', 'risk_points': 5}]"
1630 NW 1 WY,Pompano Beach,3,3,2,5,0,0,0,0,3,"[{'violation_type': 'SPECIFIC VIOL; DISTUB LANDSCAP', 'risk_category': 'other', 'risk_points': 1}, {'violation_type': 'PARKING; MAINTAINED ALL TIMES', 'risk_category': 'other', 'risk_points': 1}, {'violation_type': 'PARKING; SURFACE STANDARDS', 'risk_category': 'other', 'risk_points': 1}]"
330 LAKEWOOD CIR,Margate,1,5,0,5,0,1,0,0,0,"[{'violation_type': 'UNSAFE STRUCTURE (BLDG)', 'risk_category': 'unsafe_structure', 'risk_points': 5}]"
627 S DIXIE E HY,Pompano Beach,3,3,2,5,0,0,0,0,3,"[{'violation_type': 'SPECIFIC VIOL; OCCUPY STUCTURE', 'risk_category': 'other', 'risk_points': 1}, {'violation_type': 'BTR; REQUIRED', 'risk_category': 'other', 'risk_points': 1}, {'violation_type': 'ABANDONED VEHICLES', 'risk_category': 'other', 'risk_points': 1}]"
7340 LAKE CIRCLE DR 205,Margate,1,5,0,5,0,1,0,0,0,"[{'violation_type': 'UNSAFE STRUCTURE (BLDG)', 'risk_category': 'unsafe_structure', 'risk_points': 5}]"
651 KATHY LN,Margate,1,5,0,5,0,1,0,0,0,"[{'violation_type': 'UNSAFE STRUCTURE (BLDG)', 'risk_category': 'unsafe_structure', 'risk_points': 5}]"
631 KATHY LN,Margate,1,5,0,5,0,1,0,0,0,"[{'violation_type': 'UNSAFE STRUCTURE (BLDG)', 'risk_category': 'unsafe_structure', 'risk_points': 5}]"
611 KATHY LN,Margate,1,5,0,5,0,1,0,0,0,"[{'violation_type': 'UNSAFE STRUCTURE (BLDG)', 'risk_category': 'unsafe_structure', 'risk_points': 5}]"
591 KATHY LN,Margate,1,5,0,5,0,1,0,0,0,"[{'violation_type': 'UNSAFE STRUCTURE (BLDG)', 'risk_category': 'unsafe_structure', 'risk_points': 5}]"
7480 NW 6TH CT,Margate,1,5,0,5,0,1,0,0,0,"[{'violation_type': 'UNSAFE STRUCTURE (BLDG)', 'risk_category': 'unsafe_structure', 'risk_points': 5}]"
300 LAKEWOOD CIR,Margate,1,5,0,5,0,1,0,0,0,"[{'violation_type': 'UNSAFE STRUCTURE (BLDG)', 'risk_category': 'unsafe_structure', 'risk_points': 5}]"
21 S FEDERAL HY,Pompano Beach,3,3,2,5,0,0,0,0,3,"[{'violation_type': 'SPECIFIC VIOL; OCCUPY STUCTURE', 'risk_category': 'other', 'risk_points': 1}, {'violation_type': 'PARKING/LOADING AREAS; NON-RES', 'risk_category': 'other', 'risk_points': 1}, {'violation_type': 'ABANDONED VEHICLES', 'risk_category': 'other', 'risk_points': 1}]"
6218 SW 7TH ST,Margate,1,5,0,5,0,1,0,0,0,"[{'violation_type': 'UNSAFE STRUCTURE (BLDG)', 'risk_category': 'unsafe_structure', 'risk_points': 5}]"
3210 HOLIDAY SPRINGS BLVD,Margate,1,5,0,5,0,1,0,0,0,"[{'violation_type': 'UNSAFE STRUCTURE (BLDG)', 'risk_category': 'unsafe_structure', 'risk_points': 5}]"
2291 N DIXIE HY,Pompano Beach,3,3,2,5,0,0,0,0,3,"[{'violation_type': 'PARKING; MAINTAINED ALL TIMES', 'risk_category': 'other', 'risk_points': 1}, {'violation_type': 'BTR; REQUIRED', 'risk_category': 'other', 'risk_points': 1}, {'violation_type': 'SPECIFIC VIOL; DISTURB LAND', 'risk_category': 'other', 'risk_points': 1}]"
3160 HOLIDAY SPRINGS BLVD 7,Margate,2,4,1,5,0,0,2,0,0,"[{'violation_type': 'WORK WITHOUT PERMIT-BUILDING', 'risk_category': 'work_without_permit', 'risk_points': 2}, {'violation_type': 'WORK WITHOUT PERMIT-BUILDING', 'risk_category': 'work_without_permit', 'risk_points': 2}]"
5681 W ATLANTIC BLVD,Margate,1,5,0,5,0,1,0,0,0,"[{'violation_type': 'UNSAFE STRUCTURE (BLDG)', 'risk_category': 'unsafe_structure', 'risk_points': 5}]"
3130 HOLIDAY SPRINGS BLVD 203,Margate,1,5,0,5,0,1,0,0,0,"[{'violation_type': 'UNSAFE STRUCTURE (BLDG)', 'risk_category': 'unsafe_structure', 'risk_points': 5}]"
3050 HOLIDAY SPRINGS BLVD,Margate,1,5,0,5,0,1,0,0,0,"[{'violation_type': 'UNSAFE STRUCTURE (BLDG)', 'risk_category': 'unsafe_structure', 'risk_points': 5}]"
6948 NW 8TH CT (BLDG),Margate,1,5,0,5,0,1,0,0,0,"[{'violation_type': 'UNSAFE STRUCTURE', 'risk_category': 'unsafe_structure', 'risk_points': 5}]"
5499 W ATLANTIC BLVD,Margate,1,5,0,5,0,1,0,0,0,"[{'violation_type': 'UNSAFE STRUCTURE (BLDG)', 'risk_category': 'unsafe_structure', 'risk_points': 5}]"
3205 COLONY CLUB RD,Pompano Beach,1,5,0,5,0,1,0,0,0,"[{'violation_type': 'DRIVEWAY; CONNECTION UNSAFE', 'risk_category': 'unsafe_structure', 'risk_points': 5}]"
1135 NW 72ND TER,Margate,1,5,0,5,0,1,0,0,0,"[{'violation_type': 'UNSAFE STRUCTURE (BLDG)', 'risk_category': 'unsafe_structure', 'risk_points': 5}]"
5560 SW 8TH ST,Margate,1,5,0,5,0,1,0,0,0,"[{'violation_type': 'UNSAFE STRUCTURE (BLDG)', 'risk_category': 'unsafe_structure', 'risk_points': 5}]"
1000 E ATLANTIC BL,Pompano Beach,3,3,2,5,0,0,0,1,2,"[{'violation_type': 'RENTAL; CEILINGS CONDITION', 'risk_category': 'other', 'risk_points': 1}, {'violation_type': 'NUISANCE; ROOF CONDITION', 'risk_category': 'nuisance_maintenance', 'risk_points': 1}, {'violation_type': 'RENTAL; WATER CLOSET REQUIRED', 'risk_category': 'other', 'risk_points': 1}]"
1411 NW 62ND WAY,Margate,1,5,0,5,0,1,0,0,0,"[{'violation_type': 'UNSAFE STRUCTURE (BLDG)', 'risk_category': 'unsafe_structure', 'risk_points': 5}]"
901 E ATLANTIC BL,Pompano Beach,3,3,2,5,0,0,0,1,2,"[{'violation_type': 'LANDSCAPING; TREE REMOVAL', 'risk_category': 'other', 'risk_points': 1}, {'violation_type': 'LANDSCAPING; MAINTENANCE', 'risk_category': 'nuisance_maintenance', 'risk_points': 1}, {'violation_type': 'TREES; ABUSE PROHIBITED', 'risk_category': 'other', 'risk_points': 1}]"
2615 NW 62ND AVE,Margate,2,4,1,5,0,0,2,0,0,"[{'violation_type': 'WORK WITHOUT PERMIT-BUILDING', 'risk_category': 'work_without_permit', 'risk_points': 2}, {'violation_type': 'WORK WITHOUT PERMIT-BUILDING', 'risk_category': 'work_without_permit', 'risk_points': 2}]"
383 SW 65TH AVE,Margate,1,5,0,5,0,1,0,0,0,"[{'violation_type': 'UNSAFE STRUCTURE (BLDG)', 'risk_category': 'unsafe_structure', 'risk_points': 5}]"
5390 SW 9TH ST,Margate,1,5,0,5,0,1,0,0,0,"[{'violation_type': 'UNSAFE STRUCTURE (BLDG)', 'risk_category': 'unsafe_structure', 'risk_points': 5}]"
2679 NW 65TH AVE,Margate,1,5,0,5,0,1,0,0,0,"[{'violation_type': 'UNSAFE STRUCTURE (BLDG)', 'risk_category': 'unsafe_structure', 'risk_points': 5}]"
2660 NW 63RD TER,Margate,1,5,0,5,0,1,0,0,0,"[{'violation_type': 'UNSAFE STRUCTURE (BLDG)', 'risk_category': 'unsafe_structure', 'risk_points': 5}]"
1417 NW 80TH AVE,Margate,1,5,0,5,0,1,0,0,0,"[{'violation_type': 'UNSAFE STRUCTURE (BLDG)', 'risk_category': 'unsafe_structure', 'risk_points': 5}]"
2509 NW 65TH AVE,Margate,1,5,0,5,0,1,0,0,0,"[{'violation_type': 'UNSAFE STRUCTURE (BLDG)', 'risk_category': 'unsafe_structure', 'risk_points': 5}]"
1333 S OCEAN BL,Pompano Beach,3,3,2,5,0,0,0,0,3,"[{'violation_type': 'SPECIFIC VIOL; OCCUPY STUCTURE', 'risk_category': 'other', 'risk_points': 1}, {'violation_type': 'BTR; REQUIRED', 'risk_category': 'other', 'risk_points': 1}, {'violation_type': 'BTR; REQUIRED', 'risk_category': 'other', 'risk_points': 1}]"
6795 NW 11TH CT,Margate,2,4,1,5,0,0,2,0,0,"[{'violation_type': 'WORK WITHOUT PERMIT-BUILDING', 'risk_category': 'work_without_permit', 'risk_points': 2}, {'violation_type': 'WORK WITHOUT PERMIT-BUILDING', 'risk_category': 'work_without_permit', 'risk_points': 2}]"
860 SW 50TH TER,Margate,1,5,0,5,0,1,0,0,0,"[{'violation_type': 'UNSAFE STRUCTURE (BLDG)', 'risk_category': 'unsafe_structure', 'risk_points': 5}]"
5200 SW 5TH ST,Margate,1,5,0,5,0,1,0,0,0,"[{'violation_type': 'UNSAFE STRUCTURE (BLDG)', 'risk_category': 'unsafe_structure', 'risk_points': 5}]"
7955 NW 5TH CT 103,Margate,1,5,0,5,0,1,0,0,0,"[{'violation_type': 'UNSAFE STRUCTURE (BLDG)', 'risk_category': 'unsafe_structure', 'risk_points': 5}]"
5537 LAKESIDE DR GRD,Margate,1,5,0,5,0,1,0,0,0,"[{'violation_type': 'UNSAFE STRUCTURE (BLDG)', 'risk_category': 'unsafe_structure', 'risk_points': 5}]"
4955 SW 5TH CT,Margate,1,5,0,5,0,1,0,0,0,"[{'violation_type': 'UNSAFE STRUCTURE (BLDG)', 'risk_category': 'unsafe_structure', 'risk_points': 5}]"
3200 NW 51ST TER,Margate,1,5,0,5,0,1,0,0,0,"[{'violation_type': 'UNSAFE STRUCTURE (BLDG)', 'risk_category': 'unsafe_structure', 'risk_points': 5}]"
260 SW 56TH AVE,Margate,1,5,0,5,0,1,0,0,0,"[{'violation_type': 'UNSAFE STRUCTURE (BLDG)', 'risk_category': 'unsafe_structure', 'risk_points': 5}]"
1050 SW 50TH TER,Margate,1,5,0,5,0,1,0,0,0,"[{'violation_type': 'UNSAFE STRUCTURE (BLDG)', 'risk_category': 'unsafe_structure', 'risk_points': 5}]"
990 SW 50TH TER,Margate,1,5,0,5,0,1,0,0,0,"[{'violation_type': 'UNSAFE STRUCTURE (BLDG)', 'risk_category': 'unsafe_structure', 'risk_points': 5}]"
570 SW 50TH TER,Margate,2,4,1,5,0,0,2,0,0,"[{'violation_type': 'WORK WITHOUT PERMIT-BUILDING', 'risk_category': 'work_without_permit', 'risk_points': 2}, {'violation_type': 'WORK WITHOUT PERMIT-BUILDING', 'risk_category': 'work_without_permit', 'risk_points': 2}]"
2208 NE 18 AVENUE,Wilton Manor,2,3,1,4,0,0,1,0,1,"[{'violation_type': 'Code Out - No Violation/Misc./Referred/Unfounded', 'risk_category': 'other', 'risk_points': 1}, {'violation_type': 'Required Permit Approvals - building permit', 'risk_category': 'work_without_permit', 'risk_points': 2}]"
2600 SE 1 CT,Pompano Beach,2,3,1,4,0,0,1,0,1,"[{'violation_type': 'RENTAL; SHORT TERM PERMIT REQ', 'risk_category': 'work_without_permit', 'risk_points': 2}, {'violation_type': 'BTR; RENTAL HOUSING INSPECTION', 'risk_category': 'other', 'risk_points': 1}]"
109 SE 11 AV,Pompano Beach,2,3,1,4,0,0,1,0,1,"[{'violation_type': 'BTR; RENTAL HOUSING', 'risk_category': 'other', 'risk_points': 1}, {'violation_type': 'RENTAL; SHORT TERM PERMIT REQ', 'risk_category': 'work_without_permit', 'risk_points': 2}]"
2202 BAY DR,Pompano Beach,2,3,1,4,0,0,1,0,1,"[{'violation_type': 'ZONING; TREE PERMIT REQ', 'risk_category': 'work_without_permit', 'risk_points': 2}, {'violation_type': '""City Ordinance"" 152.01 (B)', 'risk_category': 'other', 'risk_points': 1}]"
341 SE 1 TE,Pompano Beach,2,3,1,4,0,0,1,0,1,"[{'violation_type': 'BTR; RENTAL HOUSING', 'risk_category': 'other', 'risk_points': 1}, {'violation_type': 'RENTAL; SHORT TERM PERMIT REQ', 'risk_category': 'work_without_permit', 'risk_points': 2}]"
2733 ANDEWS AVENUE,Wilton Manor,2,3,1,4,0,0,1,0,1,"[{'violation_type': 'Code Out - No Violation/Misc./Referred/Unfounded', 'risk_category': 'other', 'risk_points': 1}, {'violation_type': 'Required Permit Approvals - building permit', 'risk_category': 'work_without_permit', 'risk_points': 2}]"
5431 NW 15TH ST #1,Margate,1,3,0,3,1,0,0,0,0,"[{'violation_type': '40 YEAR SAFETY INSPECTIONS', 'risk_category': 'inspection_40_50_year', 'risk_points': 3}]"
5151 NW 17TH ST #2,Margate,1,3,0,3,1,0,0,0,0,"[{'violation_type': '40 YEAR SAFETY INSPECTIONS', 'risk_category': 'inspection_40_50_year', 'risk_points': 3}]"
2825 N COURSE DR,Pompano Beach,2,2,1,3,0,0,0,0,2,"[{'violation_type': 'RENTAL; STOVE BURNERS/ ELEMENTS', 'risk_category': 'other', 'risk_points': 1}, {'violation_type': 'RENTAL; WALLS CONDITION', 'risk_category': 'other', 'risk_points': 1}]"
3310 BANKS RD,Margate,1,3,0,3,1,0,0,0,0,"[{'violation_type': '40 YEAR SAFETY INSPECTIONS', 'risk_category': 'inspection_40_50_year', 'risk_points': 3}]"
5451 SW 11TH ST,Margate,1,3,0,3,1,0,0,0,0,"[{'violation_type': '40 YEAR SAFETY INSPECTIONS', 'risk_category': 'inspection_40_50_year', 'risk_points': 3}]"
5151 NW 17TH ST,Margate,1,3,0,3,1,0,0,0,0,"[{'violation_type': '40 YEAR SAFETY INSPECTIONS', 'risk_category': 'inspection_40_50_year', 'risk_points': 3}]"
6030 NW 9TH ST,Margate,1,3,0,3,1,0,0,0,0,"[{'violation_type': '40 YEAR SAFETY INSPECTIONS', 'risk_category': 'inspection_40_50_year', 'risk_points': 3}]"
2827 N COURSE DR,Pompano Beach,2,2,1,3,0,0,0,0,2,"[{'violation_type': 'BTR; RENTAL HOUSING', 'risk_category': 'other', 'risk_points': 1}, {'violation_type': 'RENTAL; WINDOWS WORKING COND.', 'risk_category': 'other', 'risk_points': 1}]"
1460 NW 80TH AVE,Margate,1,3,0,3,1,0,0,0,0,"[{'violation_type': '40 YEAR SAFETY INSPECTIONS', 'risk_category': 'inspection_40_50_year', 'risk_points': 3}]"
5431 NW 15TH ST #2,Margate,1,3,0,3,1,0,0,0,0,"[{'violation_type': '40 YEAR SAFETY INSPECTIONS', 'risk_category': 'inspection_40_50_year', 'risk_points': 3}]"
2645 SE 1 CT,Pompano Beach,2,2,1,3,0,0,0,0,2,"[{'violation_type': 'RENTAL; WALLS CONDITION', 'risk_category': 'other', 'risk_points': 1}, {'violation_type': 'RENTAL; MAINTAINED', 'risk_category': 'other', 'risk_points': 1}]"
156 NW 60TH AVE,Margate,1,3,0,3,1,0,0,0,0,"[{'violation_type': '40 YEAR SAFETY INSPECTIONS', 'risk_category': 'inspection_40_50_year', 'risk_points': 3}]"
5060 COCONUT CREEK PKWY,Margate,1,3,0,3,1,0,0,0,0,"[{'violation_type': '40 YEAR SAFETY INSPECTIONS', 'risk_category': 'inspection_40_50_year', 'risk_points': 3}]"
1901 NORTH ANDREWS AVENUE 206,Wilton Manor,2,2,1,3,0,0,0,0,2,"[{'violation_type': 'Code Out - No Violation/Misc./Referred/Unfounded', 'risk_category': 'other', 'risk_points': 1}, {'violation_type': 'Building Safety Inspection Program.', 'risk_category': 'other', 'risk_points': 1}]"
130 NW 60TH AVE,Margate,1,3,0,3,1,0,0,0,0,"[{'violation_type': '40 YEAR SAFETY INSPECTIONS', 'risk_category': 'inspection_40_50_year', 'risk_points': 3}]"
3320 BANKS RD,Margate,1,3,0,3,1,0,0,0,0,"[{'violation_type': '40 YEAR SAFETY INSPECTIONS', 'risk_category': 'inspection_40_50_year', 'risk_points': 3}]"
640 NW 21 ST,Wilton Manor,2,2,1,3,0,0,0,0,2,"[{'violation_type': 'Noise - Animals', 'risk_category': 'other', 'risk_points': 1}, {'violation_type': 'Noise - Animals', 'risk_category': 'other', 'risk_points': 1}]"
2701 N COURSE DR,Pompano Beach,2,2,1,3,0,0,0,0,2,"[{'violation_type': 'BTR; REQUIRED', 'risk_category': 'other', 'risk_points': 1}, {'violation_type': 'Prohibited Signs; Portable', 'risk_category': 'other', 'risk_points': 1}]"
1900 W COPANS RD,Pompano Beach,2,2,1,3,0,0,0,1,1,"[{'violation_type': '""City Ordinance"" 152.01 (B)', 'risk_category': 'other', 'risk_points': 1}, {'violation_type': 'NUISANCE; GARBAGE ACCUMULATION', 'risk_category': 'nuisance_maintenance', 'risk_points': 1}]"
5301 COCONUT CREEK PKWY,Margate,1,3,0,3,1,0,0,0,0,"[{'violation_type': '40 YEAR SAFETY INSPECTIONS', 'risk_category': 'inspection_40_50_year', 'risk_points': 3}]"
5491 NW 15TH ST # 1,Margate,1,3,0,3,1,0,0,0,0,"[{'violation_type': '40 YEAR SAFETY INSPECTIONS', 'risk_category': 'inspection_40_50_year', 'risk_points': 3}]"
5501 NW 15TH ST,Margate,1,3,0,3,1,0,0,0,0,"[{'violation_type': '40 YEAR SAFETY INSPECTIONS', 'risk_category': 'inspection_40_50_year', 'risk_points': 3}]"
1690 BANKS RD,Margate,1,3,0,3,1,0,0,0,0,"[{'violation_type': '40 YEAR SAFETY INSPECTIONS', 'risk_category': 'inspection_40_50_year', 'risk_points': 3}]"
598 E ATLANTIC BL,Pompano Beach,2,2,1,3,0,0,0,2,0,"[{'violation_type': 'NUISANCE; STATE OF REPAIR', 'risk_category': 'nuisance_maintenance', 'risk_points': 1}, {'violation_type': 'NUISANCE; BARRIER CONDITION', 'risk_category': 'nuisance_maintenance', 'risk_points': 1}]"
2624 NW 5 AVENUE,Wilton Manor,2,2,1,3,0,0,0,0,2,"[{'violation_type': 'Annual inspection and licensing of properties with RRL', 'risk_category': 'other', 'risk_points': 1}, {'violation_type': 'Code Out - No Violation/Misc./Referred/Unfounded', 'risk_category': 'other', 'risk_points': 1}]"
209 NE 27 DRIVE,Wilton Manor,2,2,1,3,0,0,0,2,0,"[{'violation_type': 'Landscape maintenance', 'risk_category': 'nuisance_maintenance', 'risk_points': 1}, {'violation_type': 'Landscape maintenance (overgrowth and all other)', 'risk_category': 'nuisance_maintenance', 'risk_points': 1}]"
5800 COLONIAL DR,Margate,1,3,0,3,1,0,0,0,0,"[{'violation_type': '40 YEAR SAFETY INSPECTIONS', 'risk_category': 'inspection_40_50_year', 'risk_points': 3}]"
5501 SW 11TH ST,Margate,1,3,0,3,1,0,0,0,0,"[{'violation_type': '40 YEAR SAFETY INSPECTIONS', 'risk_category': 'inspection_40_50_year', 'risk_points': 3}]"
5613 NW 8TH ST,Margate,1,3,0,3,1,0,0,0,0,"[{'violation_type': '40 YEAR SAFETY INSPECTIONS', 'risk_category': 'inspection_40_50_year', 'risk_points': 3}]"
440 SW 1 CT,Pompano Beach,2,2,1,3,0,0,0,0,2,"[{'violation_type': 'BTR; RENTAL HOUSING INSPECTION', 'risk_category': 'other', 'risk_points': 1}, {'violation_type': 'RENTAL; ELEC MAINTAINED', 'risk_category': 'other', 'risk_points': 1}]"
5100 NW 15TH ST,Margate,1,3,0,3,1,0,0,0,0,"[{'violation_type': '40 YEAR SAFETY INSPECTIONS', 'risk_category': 'inspection_40_50_year', 'risk_points': 3}]"
5233 COCONUT CREEK PKWY,Margate,1,3,0,3,1,0,0,0,0,"[{'violation_type': '40 YEAR SAFETY INSPECTIONS', 'risk_category': 'inspection_40_50_year', 'risk_points': 3}]"
3300 BANKS RD,Margate,1,3,0,3,1,0,0,0,0,"[{'violation_type': '40 YEAR SAFETY INSPECTIONS', 'risk_category': 'inspection_40_50_year', 'risk_points': 3}]"
233 SW 1 CT,Pompano Beach,2,2,1,3,0,0,0,1,1,"[{'violation_type': 'RENTAL; EXTERIOR ELECTRICAL', 'risk_category': 'nuisance_maintenance', 'risk_points': 1}, {'violation_type': 'RENTAL; ELEC MAINTAINED', 'risk_category': 'other', 'risk_points': 1}]"
7365 NW 18TH ST,Margate,1,3,0,3,1,0,0,0,0,"[{'violation_type': '40 YEAR SAFETY INSPECTIONS', 'risk_category': 'inspection_40_50_year', 'risk_points': 3}]"
3510 BANKS RD,Margate,1,3,0,3,1,0,0,0,0,"[{'violation_type': '40 YEAR SAFETY INSPECTIONS', 'risk_category': 'inspection_40_50_year', 'risk_points': 3}]"
3520 BANKS RD,Margate,1,3,0,3,1,0,0,0,0,"[{'violation_type': '40 YEAR SAFETY INSPECTIONS', 'risk_category': 'inspection_40_50_year', 'risk_points': 3}]"
3330 BANKS RD,Margate,1,3,0,3,1,0,0,0,0,"[{'violation_type': '40 YEAR SAFETY INSPECTIONS', 'risk_category': 'inspection_40_50_year', 'risk_points': 3}]"
3430 BANKS RD,Margate,1,3,0,3,1,0,0,0,0,"[{'violation_type': '40 YEAR SAFETY INSPECTIONS', 'risk_category': 'inspection_40_50_year', 'risk_points': 3}]"
3440 BANKS RD,Margate,1,3,0,3,1,0,0,0,0,"[{'violation_type': '40 YEAR SAFETY INSPECTIONS', 'risk_category': 'inspection_40_50_year', 'risk_points': 3}]"
2281 NW 10 CT,Pompano Beach,2,2,1,3,0,0,0,0,2,"[{'violation_type': 'SPECIFIC VIOL; OCCUPY STUCTURE', 'risk_category': 'other', 'risk_points': 1}, {'violation_type': 'STREET ADDRESS NUMBERS', 'risk_category': 'other', 'risk_points': 1}]"
3450 BANKS RD,Margate,1,3,0,3,1,0,0,0,0,"[{'violation_type': '40 YEAR SAFETY INSPECTIONS', 'risk_category': 'inspection_40_50_year', 'risk_points': 3}]"
518 N RIVERSIDE DR,Pompano Beach,2,2,1,3,0,0,0,1,1,"[{'violation_type': 'NUISANCE; DISCARDED OBJECTS', 'risk_category': 'nuisance_maintenance', 'risk_points': 1}, {'violation_type': 'SPECIFIC VIOL; OCCUPY STUCTURE', 'risk_category': 'other', 'risk_points': 1}]"
3460 BANKS RD,Margate,1,3,0,3,1,0,0,0,0,"[{'violation_type': '40 YEAR SAFETY INSPECTIONS', 'risk_category': 'inspection_40_50_year', 'risk_points': 3}]"
5401 W COPANS RD # 1,Margate,1,3,0,3,1,0,0,0,0,"[{'violation_type': '40 YEAR SAFETY INSPECTIONS', 'risk_category': 'inspection_40_50_year', 'risk_points': 3}]"
1201 S OCEAN BL,Pompano Beach,2,2,1,3,0,0,0,0,2,"[{'violation_type': 'GARBAGE; COMM RECEPTACLES', 'risk_category': 'other', 'risk_points': 1}, {'violation_type': 'SPECIFIC VIOL; OCCUPY STUCTURE', 'risk_category': 'other', 'risk_points': 1}]"
1231 N POWERLINE RD,Pompano Beach,2,2,1,3,0,0,0,2,0,"[{'violation_type': 'NUISANCE; DENSE TREES / GROWTH', 'risk_category': 'nuisance_maintenance', 'risk_points': 1}, {'violation_type': 'NUISANCE; GRASS OR WEEDS', 'risk_category': 'nuisance_maintenance', 'risk_points': 1}]"
6100 NW 6TH ST,Margate,1,3,0,3,1,0,0,0,0,"[{'violation_type': '40 YEAR SAFETY INSPECTIONS', 'risk_category': 'inspection_40_50_year', 'risk_points': 3}]"
3470 BANKS RD,Margate,1,3,0,3,1,0,0,0,0,"[{'violation_type': '40 YEAR SAFETY INSPECTIONS', 'risk_category': 'inspection_40_50_year', 'risk_points': 3}]"
700 NW 10 AV,Pompano Beach,2,2,1,3,0,0,0,1,1,"[{'violation_type': 'NUISANCE; BARRIER CONDITION', 'risk_category': 'nuisance_maintenance', 'risk_points': 1}, {'violation_type': 'PARKING; SURFACE STANDARDS', 'risk_category': 'other', 'risk_points': 1}]"
5355 NW 24TH ST,Margate,1,3,0,3,1,0,0,0,0,"[{'violation_type': '40 YEAR SAFETY INSPECTIONS', 'risk_category': 'inspection_40_50_year', 'risk_points': 3}]"
5410 NW 24TH ST #1,Margate,1,3,0,3,1,0,0,0,0,"[{'violation_type': '40 YEAR SAFETY INSPECTIONS', 'risk_category': 'inspection_40_50_year', 'risk_points': 3}]"
617 NW 10 AV,Pompano Beach,2,2,1,3,0,0,0,1,1,"[{'violation_type': 'NUISANCE; DISCARDED OBJECTS', 'risk_category': 'nuisance_maintenance', 'risk_points': 1}, {'violation_type': 'PARKING; SURFACE STANDARDS', 'risk_category': 'other', 'risk_points': 1}]"
5455 NW 24TH ST,Margate,1,3,0,3,1,0,0,0,0,"[{'violation_type': '40 YEAR SAFETY INSPECTIONS', 'risk_category': 'inspection_40_50_year', 'risk_points': 3}]"
3480 BANKS RD,Margate,1,3,0,3,1,0,0,0,0,"[{'violation_type': '40 YEAR SAFETY INSPECTIONS', 'risk_category': 'inspection_40_50_year', 'risk_points': 3}]"
500 NW 10 AV,Pompano Beach,2,2,1,3,0,0,0,1,1,"[{'violation_type': 'ABANDONED VEHICLES', 'risk_category': 'other', 'risk_points': 1}, {'violation_type': 'NUISANCE; GRASS OR WEEDS', 'risk_category': 'nuisance_maintenance', 'risk_points': 1}]"
422 NW 10 AV,Pompano Beach,2,2,1,3,0,0,0,0,2,"[{'violation_type': 'SPECIFIC VIOL; DISTUB LANDSCAP', 'risk_category': 'other', 'risk_points': 1}, {'violation_type': 'PARKING; PERIODICALLY RESTORED', 'risk_category': 'other', 'risk_points': 1}]"
5661 NW 29TH ST,Margate,1,3,0,3,1,0,0,0,0,"[{'violation_type': '40 YEAR SAFETY INSPECTIONS', 'risk_category': 'inspection_40_50_year', 'risk_points': 3}]"
3490 BANKS RD,Margate,1,3,0,3,1,0,0,0,0,"[{'violation_type': '40 YEAR SAFETY INSPECTIONS', 'risk_category': 'inspection_40_50_year', 'risk_points': 3}]"
3530 BANKS RD,Margate,1,3,0,3,1,0,0,0,0,"[{'violation_type': '40 YEAR SAFETY INSPECTIONS', 'risk_category': 'inspection_40_50_year', 'risk_points': 3}]"
710 S RIVERSIDE DR,Pompano Beach,2,2,1,3,0,0,0,2,0,"[{'violation_type': 'NUISANCE; STATE OF REPAIR', 'risk_category': 'nuisance_maintenance', 'risk_points': 1}, {'violation_type': 'NUISANCE; SOIL ACCUMULATION', 'risk_category': 'nuisance_maintenance', 'risk_points': 1}]"
500 NE 1 AV,Pompano Beach,2,2,1,3,0,0,0,2,0,"[{'violation_type': 'NUISANCE; GRASS OR WEEDS', 'risk_category': 'nuisance_maintenance', 'risk_points': 1}, {'violation_type': 'NUISANCE; GARBAGE ACCUMULATION', 'risk_category': 'nuisance_maintenance', 'risk_points': 1}]"
19 N FEDERAL HY,Pompano Beach,2,2,1,3,0,0,0,1,1,"[{'violation_type': 'Signs; Permanent Non-Res Dist.', 'risk_category': 'other', 'risk_points': 1}, {'violation_type': 'NUISANCE; STATE OF REPAIR', 'risk_category': 'nuisance_maintenance', 'risk_points': 1}]"
116 NW 60TH AVE,Margate,1,3,0,3,1,0,0,0,0,"[{'violation_type': '40 YEAR SAFETY INSPECTIONS', 'risk_category': 'inspection_40_50_year', 'risk_points': 3}]"
3340 BANKS RD,Margate,1,3,0,3,1,0,0,0,0,"[{'violation_type': '40 YEAR SAFETY INSPECTIONS', 'risk_category': 'inspection_40_50_year', 'risk_points': 3}]"
3350 BANKS RD,Margate,1,3,0,3,1,0,0,0,0,"[{'violation_type': '40 YEAR SAFETY INSPECTIONS', 'risk_category': 'inspection_40_50_year', 'risk_points': 3}]"
7800 NW 18TH ST,Margate,1,3,0,3,1,0,0,0,0,"[{'violation_type': '40 YEAR SAFETY INSPECTIONS', 'risk_category': 'inspection_40_50_year', 'risk_points': 3}]"
3360 BANKS RD,Margate,1,3,0,3,1,0,0,0,0,"[{'violation_type': '40 YEAR SAFETY INSPECTIONS', 'risk_category': 'inspection_40_50_year', 'risk_points': 3}]"
461 SE 1 AV,Pompano Beach,2,2,1,3,0,0,0,1,1,"[{'violation_type': 'BTR; RENTAL HOUSING', 'risk_category': 'other', 'risk_points': 1}, {'violation_type': 'NUISANCE; INFESTATION', 'risk_category': 'nuisance_maintenance', 'risk_points': 1}]"
6103 COLONIAL DR,Margate,1,3,0,3,1,0,0,0,0,"[{'violation_type': '50 YEAR SAFETY INSPECTIONS', 'risk_category': 'inspection_40_50_year', 'risk_points': 3}]"
6101 NW 31ST ST,Margate,1,3,0,3,1,0,0,0,0,"[{'violation_type': '40 YEAR SAFETY INSPECTIONS', 'risk_category': 'inspection_40_50_year', 'risk_points': 3}]"
4211 NE 11 TE,Pompano Beach,2,2,1,3,0,0,0,0,2,"[{'violation_type': 'ABANDONED VEHICLES', 'risk_category': 'other', 'risk_points': 1}, {'violation_type': 'PARKING; RES PLACED NEAT', 'risk_category': 'other', 'risk_points': 1}]"
1000 N FEDERAL HY,Pompano Beach,2,2,1,3,0,0,0,1,1,"[{'violation_type': 'LANDSCAPING; MAINTENANCE', 'risk_category': 'nuisance_maintenance', 'risk_points': 1}, {'violation_type': 'TREES; ABUSE PROHIBITED', 'risk_category': 'other', 'risk_points': 1}]"
5150 W COPANS RD,Margate,1,3,0,3,1,0,0,0,0,"[{'violation_type': '40 YEAR SAFETY INSPECTIONS', 'risk_category': 'inspection_40_50_year', 'risk_points': 3}]"
3370 BANKS RD,Margate,1,3,0,3,1,0,0,0,0,"[{'violation_type': '40 YEAR SAFETY INSPECTIONS', 'risk_category': 'inspection_40_50_year', 'risk_points': 3}]"
3380 BANKS RD,Margate,1,3,0,3,1,0,0,0,0,"[{'violation_type': '40 YEAR SAFETY INSPECTIONS', 'risk_category': 'inspection_40_50_year', 'risk_points': 3}]"
540 S FEDERAL HY,Pompano Beach,2,2,1,3,0,0,0,0,2,"[{'violation_type': 'Prohibited Signs; Portable', 'risk_category': 'other', 'risk_points': 1}, {'violation_type': 'BTR; REQUIRED', 'risk_category': 'other', 'risk_points': 1}]"
280 SW 56TH TER,Margate,1,3,0,3,1,0,0,0,0,"[{'violation_type': '50 YEAR SAFETY INSPECTIONS', 'risk_category': 'inspection_40_50_year', 'risk_points': 3}]"
3390 BANKS RD,Margate,1,3,0,3,1,0,0,0,0,"[{'violation_type': '40 YEAR SAFETY INSPECTIONS', 'risk_category': 'inspection_40_50_year', 'risk_points': 3}]"
3400 BANKS RD,Margate,1,3,0,3,1,0,0,0,0,"[{'violation_type': '40 YEAR SAFETY INSPECTIONS', 'risk_category': 'inspection_40_50_year', 'risk_points': 3}]"
3410 BANKS RD,Margate,1,3,0,3,1,0,0,0,0,"[{'violation_type': '40 YEAR SAFETY INSPECTIONS', 'risk_category': 'inspection_40_50_year', 'risk_points': 3}]"
3420 BANKS RD,Margate,1,3,0,3,1,0,0,0,0,"[{'violation_type': '40 YEAR SAFETY INSPECTIONS', 'risk_category': 'inspection_40_50_year', 'risk_points': 3}]"
5401 W COPANS RD # 2,Margate,1,3,0,3,1,0,0,0,0,"[{'violation_type': '40 YEAR SAFETY INSPECTIONS', 'risk_category': 'inspection_40_50_year', 'risk_points': 3}]"
5401 W COPANS RD # 3,Margate,1,3,0,3,1,0,0,0,0,"[{'violation_type': '40 YEAR SAFETY INSPECTIONS', 'risk_category': 'inspection_40_50_year', 'risk_points': 3}]"
1517 NE 28 DRIVE,Wilton Manor,2,2,1,3,0,0,0,0,2,"[{'violation_type': 'Local Business Tax Receipts', 'risk_category': 'other', 'risk_points': 1}, {'violation_type': 'Registration required. VRL', 'risk_category': 'other', 'risk_points': 1}]"
551 NE 26 STREET,Wilton Manor,2,2,1,3,0,0,0,1,1,"[{'violation_type': 'Landscape maintenance', 'risk_category': 'nuisance_maintenance', 'risk_points': 1}, {'violation_type': 'Noise - Construction', 'risk_category': 'other', 'risk_points': 1}]"
5541 LAKESIDE DR,Margate,1,3,0,3,1,0,0,0,0,"[{'violation_type': '40 YEAR SAFETY INSPECTIONS', 'risk_category': 'inspection_40_50_year', 'risk_points': 3}]"
480 N LAUREL DR,Margate,1,3,0,3,1,0,0,0,0,"[{'violation_type': '40 YEAR SAFETY INSPECTIONS', 'risk_category': 'inspection_40_50_year', 'risk_points': 3}]"
470 N LAUREL DR,Margate,1,3,0,3,1,0,0,0,0,"[{'violation_type': '40 YEAR SAFETY INSPECTIONS', 'risk_category': 'inspection_40_50_year', 'risk_points': 3}]"
6221 W ATLANTIC BLVD,Margate,1,3,0,3,1,0,0,0,0,"[{'violation_type': '40 YEAR SAFETY INSPECTIONS', 'risk_category': 'inspection_40_50_year', 'risk_points': 3}]"
7847 GOLF CIRCLE DR,Margate,1,3,0,3,1,0,0,0,0,"[{'violation_type': '50 YEAR SAFETY INSPECTIONS', 'risk_category': 'inspection_40_50_year', 'risk_points': 3}]"
5553 COURTYARD DR,Margate,1,3,0,3,1,0,0,0,0,"[{'violation_type': '40 YEAR SAFETY INSPECTIONS', 'risk_category': 'inspection_40_50_year', 'risk_points': 3}]"
5750 LAKESIDE DR # 2,Margate,1,3,0,3,1,0,0,0,0,"[{'violation_type': '40 YEAR SAFETY INSPECTIONS', 'risk_category': 'inspection_40_50_year', 'risk_points': 3}]"
5561 COURTYARD DR,Margate,1,3,0,3,1,0,0,0,0,"[{'violation_type': '40 YEAR SAFETY INSPECTIONS', 'risk_category': 'inspection_40_50_year', 'risk_points': 3}]"
5590 LAKESIDE DR,Margate,1,3,0,3,1,0,0,0,0,"[{'violation_type': '40 YEAR SAFETY INSPECTIONS', 'risk_category': 'inspection_40_50_year', 'risk_points': 3}]"
5580 LAKESIDE DR,Margate,1,3,0,3,1,0,0,0,0,"[{'violation_type': '40 YEAR SAFETY INSPECTIONS', 'risk_category': 'inspection_40_50_year', 'risk_points': 3}]"
5571 LAKESIDE DR,Margate,1,3,0,3,1,0,0,0,0,"[{'violation_type': '40 YEAR SAFETY INSPECTIONS', 'risk_category': 'inspection_40_50_year', 'risk_points': 3}]"
5570 LAKESIDE DR,Margate,1,3,0,3,1,0,0,0,0,"[{'violation_type': '40 YEAR SAFETY INSPECTIONS', 'risk_category': 'inspection_40_50_year', 'risk_points': 3}]"
5561 LAKESIDE DR,Margate,1,3,0,3,1,0,0,0,0,"[{'violation_type': '40 YEAR SAFETY INSPECTIONS', 'risk_category': 'inspection_40_50_year', 'risk_points': 3}]"
5560 LAKESIDE DR,Margate,1,3,0,3,1,0,0,0,0,"[{'violation_type': '40 YEAR SAFETY INSPECTIONS', 'risk_category': 'inspection_40_50_year', 'risk_points': 3}]"
5551 LAKESIDE DR,Margate,1,3,0,3,1,0,0,0,0,"[{'violation_type': '40 YEAR SAFETY INSPECTIONS', 'risk_category': 'inspection_40_50_year', 'risk_points': 3}]"
2783 NORTH DIXIE HWY,Wilton Manor,2,2,1,3,0,0,0,0,2,"[{'violation_type': 'Local Business Tax Receipts', 'risk_category': 'other', 'risk_points': 1}, {'violation_type': 'Failure to obtain.', 'risk_category': 'other', 'risk_points': 1}]"
490 N LAUREL DR,Margate,1,3,0,3,1,0,0,0,0,"[{'violation_type': '40 YEAR SAFETY INSPECTIONS', 'risk_category': 'inspection_40_50_year', 'risk_points': 3}]"
2702-2704 NE 6 LN #1-2,Wilton Manor,2,2,1,3,0,0,0,0,2,"[{'violation_type': 'Local Business Tax Receipts', 'risk_category': 'other', 'risk_points': 1}, {'violation_type': 'Failure to obtain.', 'risk_category': 'other', 'risk_points': 1}]"
120 EAST OAKLAND PARK BOULEVARD 207,Wilton Manor,2,2,1,3,0,0,0,0,2,"[{'violation_type': 'Local Business Tax Receipts', 'risk_category': 'other', 'risk_points': 1}, {'violation_type': 'Failure to obtain.', 'risk_category': 'other', 'risk_points': 1}]"
2000 NORTH ANDREWS AVENUE BLDG D,Wilton Manor,2,2,1,3,0,0,0,0,2,"[{'violation_type': 'Local Business Tax Receipts', 'risk_category': 'other', 'risk_points': 1}, {'violation_type': 'Failure to obtain.', 'risk_category': 'other', 'risk_points': 1}]"
1950 MEARS PKWY,Margate,1,3,0,3,1,0,0,0,0,"[{'violation_type': '40 YEAR SAFETY INSPECTIONS', 'risk_category': 'inspection_40_50_year', 'risk_points': 3}]"
2410 NORTH DIXIE HWY,Wilton Manor,2,2,1,3,0,0,0,0,2,"[{'violation_type': 'Local Business Tax Receipts', 'risk_category': 'other', 'risk_points': 1}, {'violation_type': 'Failure to obtain.', 'risk_category': 'other', 'risk_points': 1}]"
6301 W ATLANTIC BLVD,Margate,1,3,0,3,1,0,0,0,0,"[{'violation_type': '40 YEAR SAFETY INSPECTIONS', 'risk_category': 'inspection_40_50_year', 'risk_points': 3}]"
1950 WILTON DRIVE 1952,Wilton Manor,2,2,1,3,0,0,0,0,2,"[{'violation_type': 'Local Business Tax Receipts', 'risk_category': 'other', 'risk_points': 1}, {'violation_type': 'Failure to obtain.', 'risk_category': 'other', 'risk_points': 1}]"
600-602 NE 28 STREET,Wilton Manor,2,2,1,3,0,0,0,0,2,"[{'violation_type': 'Local Business Tax Receipts', 'risk_category': 'other', 'risk_points': 1}, {'violation_type': 'Failure to obtain.', 'risk_category': 'other', 'risk_points': 1}]"
7817 GOLF CIRCLE DR,Margate,1,3,0,3,1,0,0,0,0,"[{'violation_type': '50 YEAR SAFETY INSPECTIONS', 'risk_category': 'inspection_40_50_year', 'risk_points': 3}]"
2501-2519 NORTH ANDREWS AVENUE 2507,Wilton Manor,2,2,1,3,0,0,0,0,2,"[{'violation_type': 'Local Business Tax Receipts', 'risk_category': 'other', 'risk_points': 1}, {'violation_type': 'Failure to obtain.', 'risk_category': 'other', 'risk_points': 1}]"
202 MARGATE CT,Margate,1,3,0,3,1,0,0,0,0,"[{'violation_type': '40 YEAR SAFETY INSPECTIONS', 'risk_category': 'inspection_40_50_year', 'risk_points': 3}]"
2300 NE 9 AVENUE,Wilton Manor,2,2,1,3,0,0,0,0,2,"[{'violation_type': 'Local Business Tax Receipts', 'risk_category': 'other', 'risk_points': 1}, {'violation_type': 'Failure to obtain.', 'risk_category': 'other', 'risk_points': 1}]"
2031D WILTON DRIVE BURGERS AND BEERS,Wilton Manor,2,2,1,3,0,0,0,0,2,"[{'violation_type': 'Local Business Tax Receipts', 'risk_category': 'other', 'risk_points': 1}, {'violation_type': 'Failure to obtain.', 'risk_category': 'other', 'risk_points': 1}]"
2448-2454 NE 13 AVENUE 2450,Wilton Manor,2,2,1,3,0,0,0,0,2,"[{'violation_type': 'Local Business Tax Receipts', 'risk_category': 'other', 'risk_points': 1}, {'violation_type': 'Failure to obtain.', 'risk_category': 'other', 'risk_points': 1}]"
2727 NORTH ANDREWS AVENUE,Wilton Manor,2,2,1,3,0,0,0,0,2,"[{'violation_type': 'Local Business Tax Receipts', 'risk_category': 'other', 'risk_points': 1}, {'violation_type': 'Failure to obtain.', 'risk_category': 'other', 'risk_points': 1}]"
2905 NE 6 AVENUE 2917,Wilton Manor,2,2,1,3,0,0,0,0,2,"[{'violation_type': 'Local Business Tax Receipts', 'risk_category': 'other', 'risk_points': 1}, {'violation_type': 'Failure to obtain.', 'risk_category': 'other', 'risk_points': 1}]"
813-815 NE 22 DRIVE # 1-2,Wilton Manor,2,2,1,3,0,0,0,0,2,"[{'violation_type': 'Local Business Tax Receipts', 'risk_category': 'other', 'risk_points': 1}, {'violation_type': 'Failure to obtain.', 'risk_category': 'other', 'risk_points': 1}]"
5550 LAKESIDE DR,Margate,1,3,0,3,1,0,0,0,0,"[{'violation_type': '40 YEAR SAFETY INSPECTIONS', 'risk_category': 'inspection_40_50_year', 'risk_points': 3}]"
5540 LAKESIDE DR,Margate,1,3,0,3,1,0,0,0,0,"[{'violation_type': '40 YEAR SAFETY INSPECTIONS', 'risk_category': 'inspection_40_50_year', 'risk_points': 3}]"
2200-2292 WILTON DRIVE 2290,Wilton Manor,2,2,1,3,0,0,0,0,2,"[{'violation_type': 'Local Business Tax Receipts', 'risk_category': 'other', 'risk_points': 1}, {'violation_type': 'Failure to obtain.', 'risk_category': 'other', 'risk_points': 1}]"
5531 LAKESIDE DR,Margate,1,3,0,3,1,0,0,0,0,"[{'violation_type': '40 YEAR SAFETY INSPECTIONS', 'risk_category': 'inspection_40_50_year', 'risk_points': 3}]"
2776 NORTH DIXIE HWY,Wilton Manor,2,2,1,3,0,0,0,0,2,"[{'violation_type': 'Local Business Tax Receipts', 'risk_category': 'other', 'risk_points': 1}, {'violation_type': 'Failure to obtain.', 'risk_category': 'other', 'risk_points': 1}]"
2213 NORTH DIXIE HWY,Wilton Manor,2,2,1,3,0,0,0,0,2,"[{'violation_type': 'Local Business Tax Receipts', 'risk_category': 'other', 'risk_points': 1}, {'violation_type': 'Failure to obtain.', 'risk_category': 'other', 'risk_points': 1}]"
2605 NORTH ANDREWS AVENUE,Wilton Manor,2,2,1,3,0,0,0,0,2,"[{'violation_type': 'Local Business Tax Receipts', 'risk_category': 'other', 'risk_points': 1}, {'violation_type': 'Failure to obtain.', 'risk_category': 'other', 'risk_points': 1}]"
3241 HOLIDAY SPRINGS BLVD,Margate,1,3,0,3,1,0,0,0,0,"[{'violation_type': '40 YEAR SAFETY INSPECTIONS', 'risk_category': 'inspection_40_50_year', 'risk_points': 3}]"
2217 WILTON DRIVE,Wilton Manor,2,2,1,3,0,0,0,0,2,"[{'violation_type': 'Local Business Tax Receipts', 'risk_category': 'other', 'risk_points': 1}, {'violation_type': 'Failure to obtain.', 'risk_category': 'other', 'risk_points': 1}]"
5573 COURTYARD DR,Margate,1,3,0,3,1,0,0,0,0,"[{'violation_type': '40 YEAR SAFETY INSPECTIONS', 'risk_category': 'inspection_40_50_year', 'risk_points': 3}]"
3228 HOLIDAY SPRINGS BLVD,Margate,1,3,0,3,1,0,0,0,0,"[{'violation_type': '40 YEAR SAFETY INSPECTIONS', 'risk_category': 'inspection_40_50_year', 'risk_points': 3}]"
608 NW 26 ST,Wilton Manor,2,2,1,3,0,0,0,1,1,"[{'violation_type': 'Parking areas - Potholes', 'risk_category': 'other', 'risk_points': 1}, {'violation_type': 'Landscape maintenance (overgrowth and all other)', 'risk_category': 'nuisance_maintenance', 'risk_points': 1}]"
2601 NORTH DIXIE HWY,Wilton Manor,2,2,1,3,0,0,0,0,2,"[{'violation_type': 'Local Business Tax Receipts', 'risk_category': 'other', 'risk_points': 1}, {'violation_type': 'Failure to obtain.', 'risk_category': 'other', 'risk_points': 1}]"
2312 WILTON DRIVE 28,Wilton Manor,2,2,1,3,0,0,0,0,2,"[{'violation_type': 'Local Business Tax Receipts', 'risk_category': 'other', 'risk_points': 1}, {'violation_type': 'Failure to obtain.', 'risk_category': 'other', 'risk_points': 1}]"
5585 COURTYARD DR,Margate,1,3,0,3,1,0,0,0,0,"[{'violation_type': '40 YEAR SAFETY INSPECTIONS', 'risk_category': 'inspection_40_50_year', 'risk_points': 3}]"
5375 W ATLANTIC BLVD,Margate,1,3,0,3,1,0,0,0,0,"[{'violation_type': '40 YEAR SAFETY INSPECTIONS', 'risk_category': 'inspection_40_50_year', 'risk_points': 3}]"
2254 WILTON DRIVE,Wilton Manor,2,2,1,3,0,0,0,0,2,"[{'violation_type': 'Local Business Tax Receipts', 'risk_category': 'other', 'risk_points': 1}, {'violation_type': 'Failure to obtain.', 'risk_category': 'other', 'risk_points': 1}]"
2890 NORTH ANDREWS AVENUE,Wilton Manor,2,2,1,3,0,0,0,0,2,"[{'violation_type': 'Local Business Tax Receipts', 'risk_category': 'other', 'risk_points': 1}, {'violation_type': 'Failure to obtain.', 'risk_category': 'other', 'risk_points': 1}]"
2701-2713 NORTH ANDREWS AVENUE 2707,Wilton Manor,2,2,1,3,0,0,0,0,2,"[{'violation_type': 'Local Business Tax Receipts', 'risk_category': 'other', 'risk_points': 1}, {'violation_type': 'Failure to obtain.', 'risk_category': 'other', 'risk_points': 1}]"
561 KATHY LN,Margate,1,3,0,3,1,0,0,0,0,"[{'violation_type': '50 YEAR SAFETY INSPECTIONS', 'risk_category': 'inspection_40_50_year', 'risk_points': 3}]"
7210 LAKE CIRCLE DR,Margate,1,3,0,3,1,0,0,0,0,"[{'violation_type': '40 YEAR SAFETY INSPECTIONS', 'risk_category': 'inspection_40_50_year', 'risk_points': 3}]"
1442 NE 26 STREET,Wilton Manor,2,2,1,3,0,0,0,0,2,"[{'violation_type': 'Prohibited signs', 'risk_category': 'other', 'risk_points': 1}, {'violation_type': 'Prohibited signs', 'risk_category': 'other', 'risk_points': 1}]"
5501 LAKESIDE DR,Margate,1,3,0,3,1,0,0,0,0,"[{'violation_type': '40 YEAR SAFETY INSPECTIONS', 'risk_category': 'inspection_40_50_year', 'risk_points': 3}]"
5530 LAKESIDE DR,Margate,1,3,0,3,1,0,0,0,0,"[{'violation_type': '40 YEAR SAFETY INSPECTIONS', 'risk_category': 'inspection_40_50_year', 'risk_points': 3}]"
5521 LAKESIDE DR,Margate,1,3,0,3,1,0,0,0,0,"[{'violation_type': '40 YEAR SAFETY INSPECTIONS', 'risk_category': 'inspection_40_50_year', 'risk_points': 3}]"
5520 LAKESIDE DR,Margate,1,3,0,3,1,0,0,0,0,"[{'violation_type': '40 YEAR SAFETY INSPECTIONS', 'risk_category': 'inspection_40_50_year', 'risk_points': 3}]"
2228 WILTON DRIVE,Wilton Manor,2,2,1,3,0,0,0,0,2,"[{'violation_type': 'Local Business Tax Receipts', 'risk_category': 'other', 'risk_points': 1}, {'violation_type': 'Failure to obtain.', 'risk_category': 'other', 'risk_points': 1}]"
5511 LAKESIDE DR,Margate,1,3,0,3,1,0,0,0,0,"[{'violation_type': '40 YEAR SAFETY INSPECTIONS', 'risk_category': 'inspection_40_50_year', 'risk_points': 3}]"
5510 LAKESIDE DR,Margate,1,3,0,3,1,0,0,0,0,"[{'violation_type': '40 YEAR SAFETY INSPECTIONS', 'risk_category': 'inspection_40_50_year', 'risk_points': 3}]"
432 LAKESIDE DR,Margate,1,3,0,3,1,0,0,0,0,"[{'violation_type': '40 YEAR SAFETY INSPECTIONS', 'risk_category': 'inspection_40_50_year', 'risk_points': 3}]"
402 LAKESIDE DR,Margate,1,3,0,3,1,0,0,0,0,"[{'violation_type': '40 YEAR SAFETY INSPECTIONS', 'risk_category': 'inspection_40_50_year', 'risk_points': 3}]"
7857 GOLF CIRCLE DR,Margate,1,3,0,3,1,0,0,0,0,"[{'violation_type': '50 YEAR SAFETY INSPECTIONS', 'risk_category': 'inspection_40_50_year', 'risk_points': 3}]"
426 LAKESIDE DR,Margate,1,3,0,3,1,0,0,0,0,"[{'violation_type': '40 YEAR SAFETY INSPECTIONS', 'risk_category': 'inspection_40_50_year', 'risk_points': 3}]"
422 LAKESIDE DR,Margate,1,3,0,3,1,0,0,0,0,"[{'violation_type': '40 YEAR SAFETY INSPECTIONS', 'risk_category': 'inspection_40_50_year', 'risk_points': 3}]"
416 LAKESIDE DR,Margate,1,3,0,3,1,0,0,0,0,"[{'violation_type': '40 YEAR SAFETY INSPECTIONS', 'risk_category': 'inspection_40_50_year', 'risk_points': 3}]"
412 LAKESIDE DR,Margate,1,3,0,3,1,0,0,0,0,"[{'violation_type': '40 YEAR SAFETY INSPECTIONS', 'risk_category': 'inspection_40_50_year', 'risk_points': 3}]"
406 LAKESIDE DR,Margate,1,3,0,3,1,0,0,0,0,"[{'violation_type': '40 YEAR SAFETY INSPECTIONS', 'risk_category': 'inspection_40_50_year', 'risk_points': 3}]"
1909-1913 NE 26 STREET,Wilton Manor,2,2,1,3,0,0,0,0,2,"[{'violation_type': 'Local Business Tax Receipts', 'risk_category': 'other', 'risk_points': 1}, {'violation_type': 'Failure to obtain.', 'risk_category': 'other', 'risk_points': 1}]"
2200 MEARS PKWY,Margate,1,3,0,3,1,0,0,0,0,"[{'violation_type': '40 YEAR SAFETY INSPECTIONS', 'risk_category': 'inspection_40_50_year', 'risk_points': 3}]"
2416 NORTH ANDREWS AVENUE,Wilton Manor,2,2,1,3,0,0,0,0,2,"[{'violation_type': 'Local Business Tax Receipts', 'risk_category': 'other', 'risk_points': 1}, {'violation_type': 'Failure to obtain.', 'risk_category': 'other', 'risk_points': 1}]"
5590 W SAMPLE RD,Margate,1,3,0,3,1,0,0,0,0,"[{'violation_type': '40 YEAR SAFETY INSPECTIONS', 'risk_category': 'inspection_40_50_year', 'risk_points': 3}]"
2441 NW 9 TERRACE,Wilton Manor,2,2,1,3,0,0,0,0,2,"[{'violation_type': 'Local Business Tax Receipts', 'risk_category': 'other', 'risk_points': 1}, {'violation_type': 'Registration required. VRL', 'risk_category': 'other', 'risk_points': 1}]"
480 NW 76TH AVE,Margate,1,3,0,3,1,0,0,0,0,"[{'violation_type': '40 YEAR SAFETY INSPECTIONS', 'risk_category': 'inspection_40_50_year', 'risk_points': 3}]"
1424 NE 23 STREET,Wilton Manor,2,2,1,3,0,0,0,0,2,"[{'violation_type': 'Trash/Recycle Receptacle Placement', 'risk_category': 'other', 'risk_points': 1}, {'violation_type': 'Fences, walls and hedges', 'risk_category': 'other', 'risk_points': 1}]"
1001 BANKS RD,Margate,1,3,0,3,1,0,0,0,0,"[{'violation_type': '40 YEAR SAFETY INSPECTIONS', 'risk_category': 'inspection_40_50_year', 'risk_points': 3}]"
7787 GOLF CIRCLE DR,Margate,1,3,0,3,1,0,0,0,0,"[{'violation_type': '50 YEAR SAFETY INSPECTIONS', 'risk_category': 'inspection_40_50_year', 'risk_points': 3}]"
7912 W SAMPLE RD,Margate,1,3,0,3,1,0,0,0,0,"[{'violation_type': '40 YEAR SAFETY INSPECTIONS', 'risk_category': 'inspection_40_50_year', 'risk_points': 3}]"
2980 NORTH ANDREWS AVENUE,Wilton Manor,2,2,1,3,0,0,0,1,1,"[{'violation_type': 'Enclosure requirements - Maintenance', 'risk_category': 'nuisance_maintenance', 'risk_points': 1}, {'violation_type': 'Graffiti.', 'risk_category': 'other', 'risk_points': 1}]"
3011 N ROCK ISLAND RD,Margate,1,3,0,3,1,0,0,0,0,"[{'violation_type': '50 YEAR SAFETY INSPECTIONS', 'risk_category': 'inspection_40_50_year', 'risk_points': 3}]"
5200 W SAMPLE RD,Margate,1,3,0,3,1,0,0,0,0,"[{'violation_type': '40 YEAR SAFETY INSPECTIONS', 'risk_category': 'inspection_40_50_year', 'risk_points': 3}]"
2609 NW 6 AVENUE,Wilton Manor,2,2,1,3,0,0,0,0,2,"[{'violation_type': 'Local Business Tax Receipts', 'risk_category': 'other', 'risk_points': 1}, {'violation_type': 'Registration required. VRL', 'risk_category': 'other', 'risk_points': 1}]"
513 NE 21 CT 2186 WILTON DR,Wilton Manor,2,2,1,3,0,0,0,0,2,"[{'violation_type': 'Local Business Tax Receipts', 'risk_category': 'other', 'risk_points': 1}, {'violation_type': 'Failure to obtain.', 'risk_category': 'other', 'risk_points': 1}]"
7210 W ATLANTIC BLVD,Margate,1,3,0,3,1,0,0,0,0,"[{'violation_type': '40 YEAR SAFETY INSPECTIONS', 'risk_category': 'inspection_40_50_year', 'risk_points': 3}]"
600 WEST OAKLAND PARK BOULEVARD,Wilton Manor,2,2,1,3,0,0,0,0,2,"[{'violation_type': 'Local Business Tax Receipts', 'risk_category': 'other', 'risk_points': 1}, {'violation_type': 'Storm shutters placement.', 'risk_category': 'other', 'risk_points': 1}]"
400 NE 26 DRIVE,Wilton Manor,2,2,1,3,0,0,0,0,2,"[{'violation_type': 'General Prohibitions (sidewalk, swale, etc.)', 'risk_category': 'other', 'risk_points': 1}, {'violation_type': 'General Prohibitions (sidewalk, swale, etc.)', 'risk_category': 'other', 'risk_points': 1}]"
2845 NORTH ANDREWS AVENUE,Wilton Manor,2,2,1,3,0,0,0,0,2,"[{'violation_type': 'Local Business Tax Receipts', 'risk_category': 'other', 'risk_points': 1}, {'violation_type': 'Failure to obtain.', 'risk_category': 'other', 'risk_points': 1}]"
1019 BANKS RD,Margate,1,3,0,3,1,0,0,0,0,"[{'violation_type': '40 YEAR SAFETY INSPECTIONS', 'risk_category': 'inspection_40_50_year', 'risk_points': 3}]"
6500 WINFIELD BLVD,Margate,1,3,0,3,1,0,0,0,0,"[{'violation_type': '50 YEAR SAFETY INSPECTIONS', 'risk_category': 'inspection_40_50_year', 'risk_points': 3}]"
6501 WINFIELD BLVD,Margate,1,3,0,3,1,0,0,0,0,"[{'violation_type': '40 YEAR SAFETY INSPECTIONS', 'risk_category': 'inspection_40_50_year', 'risk_points': 3}]"
1031 BANKS RD,Margate,1,3,0,3,1,0,0,0,0,"[{'violation_type': '40 YEAR SAFETY INSPECTIONS', 'risk_category': 'inspection_40_50_year', 'risk_points': 3}]"
6510 WINFIELD BLVD,Margate,1,3,0,3,1,0,0,0,0,"[{'violation_type': '50 YEAR SAFETY INSPECTIONS', 'risk_category': 'inspection_40_50_year', 'risk_points': 3}]"
6520 WINFIELD BLVD,Margate,1,3,0,3,1,0,0,0,0,"[{'violation_type': '50 YEAR SAFETY INSPECTIONS', 'risk_category': 'inspection_40_50_year', 'risk_points': 3}]"
6550 WINFIELD BLVD,Margate,1,3,0,3,1,0,0,0,0,"[{'violation_type': '50 YEAR SAFETY INSPECTIONS', 'risk_category': 'inspection_40_50_year', 'risk_points': 3}]"
6560 WINFIELD BLVD,Margate,1,3,0,3,1,0,0,0,0,"[{'violation_type': '50 YEAR SAFETY INSPECTIONS', 'risk_category': 'inspection_40_50_year', 'risk_points': 3}]"
1401 BANKS RD,Margate,1,3,0,3,1,0,0,0,0,"[{'violation_type': '40 YEAR SAFETY INSPECTIONS', 'risk_category': 'inspection_40_50_year', 'risk_points': 3}]"
6246 NW 1ST ST,Margate,1,3,0,3,1,0,0,0,0,"[{'violation_type': '40 YEAR SAFETY INSPECTIONS', 'risk_category': 'inspection_40_50_year', 'risk_points': 3}]"
8 MIDDLESEX DRIVE,Wilton Manor,2,2,1,3,0,0,0,0,2,"[{'violation_type': 'Local Business Tax Receipts', 'risk_category': 'other', 'risk_points': 1}, {'violation_type': 'Failure to obtain.', 'risk_category': 'other', 'risk_points': 1}]"
2181 NE 27 DRIVE,Wilton Manor,2,2,1,3,0,0,0,1,1,"[{'violation_type': 'Pools, decks and screen enclosures', 'risk_category': 'other', 'risk_points': 1}, {'violation_type': 'Landscape maintenance', 'risk_category': 'nuisance_maintenance', 'risk_points': 1}]"
1529 NE 28 DRIVE,Wilton Manor,2,2,1,3,0,0,0,1,1,"[{'violation_type': 'Landscape maintenance', 'risk_category': 'nuisance_maintenance', 'risk_points': 1}, {'violation_type': 'Residential bulk trash collection.', 'risk_category': 'other', 'risk_points': 1}]"
341 NE 29 STREET,Wilton Manor,2,2,1,3,0,0,0,2,0,"[{'violation_type': 'Landscape maintenance', 'risk_category': 'nuisance_maintenance', 'risk_points': 1}, {'violation_type': 'Exterior building condition', 'risk_category': 'nuisance_maintenance', 'risk_points': 1}]"
2365 WILTON DRIVE,Wilton Manor,2,2,1,3,0,0,0,0,2,"[{'violation_type': 'Local Business Tax Receipts', 'risk_category': 'other', 'risk_points': 1}, {'violation_type': 'Failure to obtain.', 'risk_category': 'other', 'risk_points': 1}]"
2031A WILTON DRIVE WAGPRIDE,Wilton Manor,2,2,1,3,0,0,0,0,2,"[{'violation_type': 'Local Business Tax Receipts', 'risk_category': 'other', 'risk_points': 1}, {'violation_type': 'Failure to obtain.', 'risk_category': 'other', 'risk_points': 1}]"
2349 NW 9 AVENUE,Wilton Manor,2,2,1,3,0,0,0,0,2,"[{'violation_type': 'Sign - prohibited Snipe signs', 'risk_category': 'other', 'risk_points': 1}, {'violation_type': 'Sign - prohibited wind signs', 'risk_category': 'other', 'risk_points': 1}]"
7432 ROYAL PALM BLVD,Margate,1,3,0,3,1,0,0,0,0,"[{'violation_type': '40 YEAR SAFETY INSPECTIONS', 'risk_category': 'inspection_40_50_year', 'risk_points': 3}]"
7150 W ATLANTIC BLVD,Margate,1,3,0,3,1,0,0,0,0,"[{'violation_type': '40 YEAR SAFETY INSPECTIONS', 'risk_category': 'inspection_40_50_year', 'risk_points': 3}]"
1881 NE 26 STREET 212,Wilton Manor,2,2,1,3,0,0,0,0,2,"[{'violation_type': 'Local Business Tax Receipts', 'risk_category': 'other', 'risk_points': 1}, {'violation_type': 'Failure to obtain.', 'risk_category': 'other', 'risk_points': 1}]"
817-819 NE 22 DRIVE,Wilton Manor,2,2,1,3,0,0,0,0,2,"[{'violation_type': 'Local Business Tax Receipts', 'risk_category': 'other', 'risk_points': 1}, {'violation_type': 'Failure to obtain.', 'risk_category': 'other', 'risk_points': 1}]"
209 W PARKWAY DR,Margate,1,3,0,3,1,0,0,0,0,"[{'violation_type': '40 YEAR SAFETY INSPECTIONS', 'risk_category': 'inspection_40_50_year', 'risk_points': 3}]"
6702 S PARKWAY DR,Margate,1,3,0,3,1,0,0,0,0,"[{'violation_type': '40 YEAR SAFETY INSPECTIONS', 'risk_category': 'inspection_40_50_year', 'risk_points': 3}]"
6701 S PARKWAY DR,Margate,1,3,0,3,1,0,0,0,0,"[{'violation_type': '40 YEAR SAFETY INSPECTIONS', 'risk_category': 'inspection_40_50_year', 'risk_points': 3}]"
6613 S PARKWAY DR,Margate,1,3,0,3,1,0,0,0,0,"[{'violation_type': '40 YEAR SAFETY INSPECTIONS', 'risk_category': 'inspection_40_50_year', 'risk_points': 3}]"
6723 N PARKWAY DR,Margate,1,3,0,3,1,0,0,0,0,"[{'violation_type': '40 YEAR SAFETY INSPECTIONS', 'risk_category': 'inspection_40_50_year', 'risk_points': 3}]"
6721 N PARKWAY DR,Margate,1,3,0,3,1,0,0,0,0,"[{'violation_type': '40 YEAR SAFETY INSPECTIONS', 'risk_category': 'inspection_40_50_year', 'risk_points': 3}]"
6716 N PARKWAY DR,Margate,1,3,0,3,1,0,0,0,0,"[{'violation_type': '40 YEAR SAFETY INSPECTIONS', 'risk_category': 'inspection_40_50_year', 'risk_points': 3}]"
6617 N PARKWAY DR,Margate,1,3,0,3,1,0,0,0,0,"[{'violation_type': '40 YEAR SAFETY INSPECTIONS', 'risk_category': 'inspection_40_50_year', 'risk_points': 3}]"
6608 N PARKWAY DR,Margate,1,3,0,3,1,0,0,0,0,"[{'violation_type': '40 YEAR SAFETY INSPECTIONS', 'risk_category': 'inspection_40_50_year', 'risk_points': 3}]"
210 E PARKWAY DR,Margate,1,3,0,3,1,0,0,0,0,"[{'violation_type': '40 YEAR SAFETY INSPECTIONS', 'risk_category': 'inspection_40_50_year', 'risk_points': 3}]"
2201 NE 15 AVENUE,Wilton Manor,2,2,1,3,0,0,0,0,2,"[{'violation_type': 'Local Business Tax Receipts', 'risk_category': 'other', 'risk_points': 1}, {'violation_type': 'Failure to obtain.', 'risk_category': 'other', 'risk_points': 1}]"
120 EAST OAKLAND PARK BOULEVARD 105-308,Wilton Manor,2,2,1,3,0,0,0,0,2,"[{'violation_type': 'Local Business Tax Receipts', 'risk_category': 'other', 'risk_points': 1}, {'violation_type': 'Failure to obtain.', 'risk_category': 'other', 'risk_points': 1}]"
408 NW 30 CT,Wilton Manor,2,2,1,3,0,0,0,1,1,"[{'violation_type': 'Landscape maintenance (overgrowth and all other)', 'risk_category': 'nuisance_maintenance', 'risk_points': 1}, {'violation_type': 'General Prohibitions (sidewalk, swale, etc.)', 'risk_category': 'other', 'risk_points': 1}]"
507 NE 24 STREET,Wilton Manor,2,2,1,3,0,0,0,0,2,"[{'violation_type': 'Driveways and other parking areas - Free of weeds', 'risk_category': 'other', 'risk_points': 1}, {'violation_type': 'Prohibited for certain purposes', 'risk_category': 'other', 'risk_points': 1}]"
1501 NE 24 STREET,Wilton Manor,2,2,1,3,0,0,0,0,2,"[{'violation_type': 'Local Business Tax Receipts', 'risk_category': 'other', 'risk_points': 1}, {'violation_type': 'Registration required. VRL', 'risk_category': 'other', 'risk_points': 1}]"
5541 COURTYARD DR,Margate,1,3,0,3,1,0,0,0,0,"[{'violation_type': '40 YEAR SAFETY INSPECTIONS', 'risk_category': 'inspection_40_50_year', 'risk_points': 3}]"
5529 COURTYARD DR,Margate,1,3,0,3,1,0,0,0,0,"[{'violation_type': '40 YEAR SAFETY INSPECTIONS', 'risk_category': 'inspection_40_50_year', 'risk_points': 3}]"
1904 NE 26 DRIVE #1-2,Wilton Manor,2,2,1,3,0,0,0,0,2,"[{'violation_type': 'Local Business Tax Receipts', 'risk_category': 'other', 'risk_points': 1}, {'violation_type': 'Failure to obtain.', 'risk_category': 'other', 'risk_points': 1}]"
6750 W ATLANTIC BLVD,Margate,1,3,0,3,1,0,0,0,0,"[{'violation_type': '40 YEAR SAFETY INSPECTIONS', 'risk_category': 'inspection_40_50_year', 'risk_points': 3}]"
813 NW 26 STREET,Wilton Manor,2,2,1,3,0,0,0,0,2,"[{'violation_type': 'Fascia/borders/decorative bands/soffits.', 'risk_category': 'other', 'risk_points': 1}, {'violation_type': 'Driveways and other parking areas - Free of weeds', 'risk_category': 'other', 'risk_points': 1}]"
5593 COURTYARD DR,Margate,1,3,0,3,1,0,0,0,0,"[{'violation_type': '40 YEAR SAFETY INSPECTIONS', 'risk_category': 'inspection_40_50_year', 'risk_points': 3}]"
48 NE 28 CT,Wilton Manor,2,2,1,3,0,0,0,0,2,"[{'violation_type': 'Trash/Recycle Receptacle Placement', 'risk_category': 'other', 'risk_points': 1}, {'violation_type': 'Residential bulk trash collection.', 'risk_category': 'other', 'risk_points': 1}]"
5521 COURTYARD DR,Margate,1,3,0,3,1,0,0,0,0,"[{'violation_type': '40 YEAR SAFETY INSPECTIONS', 'risk_category': 'inspection_40_50_year', 'risk_points': 3}]"
400 NW 30 COURT,Wilton Manor,2,2,1,3,0,0,0,0,2,"[{'violation_type': 'Local Business Tax Receipts', 'risk_category': 'other', 'risk_points': 1}, {'violation_type': 'Registration required. VRL', 'risk_category': 'other', 'risk_points': 1}]"
2201 NORTH DIXIE HWY,Wilton Manor,2,2,1,3,0,0,0,0,2,"[{'violation_type': 'Local Business Tax Receipts', 'risk_category': 'other', 'risk_points': 1}, {'violation_type': 'Failure to obtain.', 'risk_category': 'other', 'risk_points': 1}]"
1251 W RIVER DR,Margate,1,3,0,3,1,0,0,0,0,"[{'violation_type': '50 YEAR SAFETY INSPECTIONS', 'risk_category': 'inspection_40_50_year', 'risk_points': 3}]"
6400 W ATLANTIC BLVD 1,Margate,1,3,0,3,1,0,0,0,0,"[{'violation_type': '40 YEAR SAFETY INSPECTIONS', 'risk_category': 'inspection_40_50_year', 'risk_points': 3}]"
235 NE 23 STREET M204,Wilton Manor,2,2,1,3,0,0,0,0,2,"[{'violation_type': 'Fences, walls and hedges', 'risk_category': 'other', 'risk_points': 1}, {'violation_type': 'Feeding of wild animals prohibited', 'risk_category': 'other', 'risk_points': 1}]"
500 NW 30 CT,Wilton Manor,2,2,1,3,0,0,0,0,2,"[{'violation_type': 'Trash/Recycle Receptacle Placement', 'risk_category': 'other', 'risk_points': 1}, {'violation_type': 'Storm shutters placement.', 'risk_category': 'other', 'risk_points': 1}]"
1212 NE 26 STREET,Wilton Manor,2,2,1,3,0,0,0,0,2,"[{'violation_type': 'Local Business Tax Receipts', 'risk_category': 'other', 'risk_points': 1}, {'violation_type': 'Failure to obtain.', 'risk_category': 'other', 'risk_points': 1}]"
551 NW 80TH TER BDG63,Margate,1,2,0,2,0,0,1,0,0,"[{'violation_type': 'WORK WITHOUT PERMIT-BUILDING', 'risk_category': 'work_without_permit', 'risk_points': 2}]"
5574 SW 8TH ST,Margate,1,2,0,2,0,0,1,0,0,"[{'violation_type': 'WORK WITHOUT PERMIT-BUILDING', 'risk_category': 'work_without_permit', 'risk_points': 2}]"
172 NW 80TH AVE,Margate,1,2,0,2,0,0,1,0,0,"[{'violation_type': 'WORK WITHOUT PERMIT-BUILDING', 'risk_category': 'work_without_permit', 'risk_points': 2}]"
225 NW 80TH AVE,Margate,1,2,0,2,0,0,1,0,0,"[{'violation_type': 'WORK WITHOUT PERMIT-BUILDING', 'risk_category': 'work_without_permit', 'risk_points': 2}]"
232 NW 80TH TER,Margate,1,2,0,2,0,0,1,0,0,"[{'violation_type': 'WORK WITHOUT PERMIT-BUILDING', 'risk_category': 'work_without_permit', 'risk_points': 2}]"
5610 NW 8TH ST,Margate,1,2,0,2,0,0,1,0,0,"[{'violation_type': 'WORK WITHOUT PERMIT-BUILDING', 'risk_category': 'work_without_permit', 'risk_points': 2}]"
4985 SW 8TH CT,Margate,1,2,0,2,0,0,1,0,0,"[{'violation_type': 'WORK WITHOUT PERMIT-BUILDING', 'risk_category': 'work_without_permit', 'risk_points': 2}]"
7255 NW 8TH ST,Margate,1,2,0,2,0,0,1,0,0,"[{'violation_type': 'WORK WITHOUT PERMIT-BUILDING', 'risk_category': 'work_without_permit', 'risk_points': 2}]"
181 SW 76TH TER,Margate,1,2,0,2,0,0,1,0,0,"[{'violation_type': 'WORK WITHOUT PERMIT-BUILDING', 'risk_category': 'work_without_permit', 'risk_points': 2}]"
2260 NW 76TH AVE,Margate,1,2,0,2,0,0,1,0,0,"[{'violation_type': 'WORK WITHOUT PERMIT-BUILDING', 'risk_category': 'work_without_permit', 'risk_points': 2}]"
217 NW 77TH AVE,Margate,1,2,0,2,0,0,1,0,0,"[{'violation_type': 'WORK WITHOUT PERMIT-BUILDING', 'risk_category': 'work_without_permit', 'risk_points': 2}]"
2192 NW 77TH TER,Margate,1,2,0,2,0,0,1,0,0,"[{'violation_type': 'WORK WITHOUT PERMIT-BUILDING', 'risk_category': 'work_without_permit', 'risk_points': 2}]"
132 NW 78TH AVE,Margate,1,2,0,2,0,0,1,0,0,"[{'violation_type': 'WORK WITHOUT PERMIT-BUILDING', 'risk_category': 'work_without_permit', 'risk_points': 2}]"
2140 NW 76TH TER,Margate,1,2,0,2,0,0,1,0,0,"[{'violation_type': 'WORK WITHOUT PERMIT-BUILDING', 'risk_category': 'work_without_permit', 'risk_points': 2}]"
331 NW 76TH AVE 208,Margate,1,2,0,2,0,0,1,0,0,"[{'violation_type': 'WORK WITHOUT PERMIT-BUILDING', 'risk_category': 'work_without_permit', 'risk_points': 2}]"
745 NW 75TH TER,Margate,1,2,0,2,0,0,1,0,0,"[{'violation_type': 'WORK WITHOUT PERMIT-BUILDING', 'risk_category': 'work_without_permit', 'risk_points': 2}]"
1140 NW 74TH AVE,Margate,1,2,0,2,0,0,1,0,0,"[{'violation_type': 'WORK WITHOUT PERMIT-BUILDING', 'risk_category': 'work_without_permit', 'risk_points': 2}]"
995 NW 74TH AVE,Margate,1,2,0,2,0,0,1,0,0,"[{'violation_type': 'WORK WITHOUT PERMIT-BUILDING', 'risk_category': 'work_without_permit', 'risk_points': 2}]"
208 NW 78TH TER,Margate,1,2,0,2,0,0,1,0,0,"[{'violation_type': 'WORK WITHOUT PERMIT-BUILDING', 'risk_category': 'work_without_permit', 'risk_points': 2}]"
257 NW 78TH AVE,Margate,1,2,0,2,0,0,1,0,0,"[{'violation_type': 'WORK WITHOUT PERMIT-BUILDING', 'risk_category': 'work_without_permit', 'risk_points': 2}]"
6603 CORAL LAKE DR 103,Margate,1,2,0,2,0,0,1,0,0,"[{'violation_type': 'WORK WITHOUT PERMIT-BUILDING', 'risk_category': 'work_without_permit', 'risk_points': 2}]"
183 SW 73RD TER,Margate,1,2,0,2,0,0,1,0,0,"[{'violation_type': 'WORK WITHOUT PERMIT-BUILDING', 'risk_category': 'work_without_permit', 'risk_points': 2}]"
1907 NW 78TH AVE,Margate,1,2,0,2,0,0,1,0,0,"[{'violation_type': 'WORK WITHOUT PERMIT-BUILDING', 'risk_category': 'work_without_permit', 'risk_points': 2}]"
124 NW 77TH AVE,Margate,1,2,0,2,0,0,1,0,0,"[{'violation_type': 'WORK WITHOUT PERMIT-BUILDING', 'risk_category': 'work_without_permit', 'risk_points': 2}]"
1020 NW 73RD TER,Margate,1,2,0,2,0,0,1,0,0,"[{'violation_type': 'WORK WITHOUT PERMIT-BUILDING', 'risk_category': 'work_without_permit', 'risk_points': 2}]"
6948 NW 8TH CT,Margate,1,2,0,2,0,0,1,0,0,"[{'violation_type': 'WORK WITHOUT PERMIT-BUILDING', 'risk_category': 'work_without_permit', 'risk_points': 2}]"
150 SW 72ND TER,Margate,1,2,0,2,0,0,1,0,0,"[{'violation_type': 'WORK WITHOUT PERMIT-BUILDING', 'risk_category': 'work_without_permit', 'risk_points': 2}]"
2892 CRESTWOOD TER,Margate,1,2,0,2,0,0,1,0,0,"[{'violation_type': 'WORK WITHOUT PERMIT-BUILDING', 'risk_category': 'work_without_permit', 'risk_points': 2}]"
2000 NE 15 AVENUE,Wilton Manor,1,2,0,2,0,0,1,0,0,"[{'violation_type': 'Required Permit Approvals - building permit', 'risk_category': 'work_without_permit', 'risk_points': 2}]"
1060 NW 80TH AVE 202,Margate,1,2,0,2,0,0,1,0,0,"[{'violation_type': 'WORK WITHOUT PERMIT-BUILDING', 'risk_category': 'work_without_permit', 'risk_points': 2}]"
1150 NW 80TH AVE,Margate,1,2,0,2,0,0,1,0,0,"[{'violation_type': 'WORK WITHOUT PERMIT-BUILDING', 'risk_category': 'work_without_permit', 'risk_points': 2}]"
2225 NE 17TH TERRACE,Wilton Manor,1,2,0,2,0,0,1,0,0,"[{'violation_type': 'Required Permit Approvals - building permit', 'risk_category': 'work_without_permit', 'risk_points': 2}]"
3072 NE 5 AVENUE,Wilton Manor,1,2,0,2,0,0,1,0,0,"[{'violation_type': 'Required Permit Approvals - building permit', 'risk_category': 'work_without_permit', 'risk_points': 2}]"
35 NE 29 STREET,Wilton Manor,1,2,0,2,0,0,1,0,0,"[{'violation_type': 'Required Permit Approvals - building permit', 'risk_category': 'work_without_permit', 'risk_points': 2}]"
1657 BANKS RD,Margate,1,2,0,2,0,0,1,0,0,"[{'violation_type': 'WORK WITHOUT PERMIT-BUILDING', 'risk_category': 'work_without_permit', 'risk_points': 2}]"
401 NE 27 DRIVE,Wilton Manor,1,2,0,2,0,0,1,0,0,"[{'violation_type': 'Required Permit Approvals - building permit', 'risk_category': 'work_without_permit', 'risk_points': 2}]"
2508 NE 7 AVENUE,Wilton Manor,1,2,0,2,0,0,1,0,0,"[{'violation_type': 'Required Permit Approvals - building permit', 'risk_category': 'work_without_permit', 'risk_points': 2}]"
409 NE 27 DRIVE,Wilton Manor,1,2,0,2,0,0,1,0,0,"[{'violation_type': 'Required Permit Approvals - building permit', 'risk_category': 'work_without_permit', 'risk_points': 2}]"
801 NW 24 STREET,Wilton Manor,1,2,0,2,0,0,1,0,0,"[{'violation_type': 'Required Permit Approvals - building permit', 'risk_category': 'work_without_permit', 'risk_points': 2}]"
2000 NE 6 TERRACE,Wilton Manor,1,2,0,2,0,0,1,0,0,"[{'violation_type': 'Required Permit Approvals - building permit', 'risk_category': 'work_without_permit', 'risk_points': 2}]"
800 NE 20 DR,Wilton Manor,1,2,0,2,0,0,1,0,0,"[{'violation_type': 'Required Permit Approvals - building permit', 'risk_category': 'work_without_permit', 'risk_points': 2}]"
325 NE 25 STREET,Wilton Manor,1,2,0,2,0,0,1,0,0,"[{'violation_type': 'Required Permit Approvals - building permit', 'risk_category': 'work_without_permit', 'risk_points': 2}]"
715 NW 30 CT,Wilton Manor,1,2,0,2,0,0,1,0,0,"[{'violation_type': 'Required Permit Approvals - building permit', 'risk_category': 'work_without_permit', 'risk_points': 2}]"
2925 NE 1 AVENUE,Wilton Manor,1,2,0,2,0,0,1,0,0,"[{'violation_type': 'Required Permit Approvals - building permit', 'risk_category': 'work_without_permit', 'risk_points': 2}]"
2131 NE 15 TERRACE,Wilton Manor,1,2,0,2,0,0,1,0,0,"[{'violation_type': 'Required Permit Approvals - building permit', 'risk_category': 'work_without_permit', 'risk_points': 2}]"
743 BANKS RD,Margate,1,2,0,2,0,0,1,0,0,"[{'violation_type': 'WORK WITHOUT PERMIT-BUILDING', 'risk_category': 'work_without_permit', 'risk_points': 2}]"
693 BANKS RD,Margate,1,2,0,2,0,0,1,0,0,"[{'violation_type': 'WORK WITHOUT PERMIT-BUILDING', 'risk_category': 'work_without_permit', 'risk_points': 2}]"
1409 NE 27 DRIVE,Wilton Manor,1,2,0,2,0,0,1,0,0,"[{'violation_type': 'Required Permit Approvals - building permit', 'risk_category': 'work_without_permit', 'risk_points': 2}]"
351 NE 19 PLACE,Wilton Manor,1,2,0,2,0,0,1,0,0,"[{'violation_type': 'Required Permit Approvals - building permit', 'risk_category': 'work_without_permit', 'risk_points': 2}]"
600 NW 27 STREET,Wilton Manor,1,2,0,2,0,0,1,0,0,"[{'violation_type': 'Required Permit Approvals - building permit', 'risk_category': 'work_without_permit', 'risk_points': 2}]"
2764 NE 15 AVENUE,Wilton Manor,1,2,0,2,0,0,1,0,0,"[{'violation_type': 'Required Permit Approvals - building permit', 'risk_category': 'work_without_permit', 'risk_points': 2}]"
1517 NE 26 STREET,Wilton Manor,1,2,0,2,0,0,1,0,0,"[{'violation_type': 'Required Permit Approvals - building permit', 'risk_category': 'work_without_permit', 'risk_points': 2}]"
5642 W ATLANTIC BLVD,Margate,1,2,0,2,0,0,1,0,0,"[{'violation_type': 'WORK WITHOUT PERMIT-BUILDING', 'risk_category': 'work_without_permit', 'risk_points': 2}]"
417 NE 27 DRIVE,Wilton Manor,1,2,0,2,0,0,1,0,0,"[{'violation_type': 'Required Permit Approvals - building permit', 'risk_category': 'work_without_permit', 'risk_points': 2}]"
2633 NE 6 AVENUE,Wilton Manor,1,2,0,2,0,0,1,0,0,"[{'violation_type': 'Required Permit Approvals - building permit', 'risk_category': 'work_without_permit', 'risk_points': 2}]"
2301 WILTON DRIVE,Wilton Manor,1,2,0,2,0,0,1,0,0,"[{'violation_type': 'Required Permit Approvals - building permit', 'risk_category': 'work_without_permit', 'risk_points': 2}]"
2320 NW 11 CT,Pompano Beach,1,2,0,2,0,0,1,0,0,"[{'violation_type': 'SPECIFIC VIOL; DEV PERMIT REQ', 'risk_category': 'work_without_permit', 'risk_points': 2}]"
3371 S PALM-AIRE DR,Pompano Beach,1,2,0,2,0,0,1,0,0,"[{'violation_type': 'ZONING; TREE PERMIT REQ', 'risk_category': 'work_without_permit', 'risk_points': 2}]"
1500 NW 80TH AVE,Margate,1,2,0,2,0,0,1,0,0,"[{'violation_type': 'WORK WITHOUT PERMIT-BUILDING', 'risk_category': 'work_without_permit', 'risk_points': 2}]"
1633 NW 80TH AVE,Margate,1,2,0,2,0,0,1,0,0,"[{'violation_type': 'WORK WITHOUT PERMIT-BUILDING', 'risk_category': 'work_without_permit', 'risk_points': 2}]"
6117 NW 9TH ST,Margate,1,2,0,2,0,0,1,0,0,"[{'violation_type': 'WORK WITHOUT PERMIT-BUILDING', 'risk_category': 'work_without_permit', 'risk_points': 2}]"
7350 CYPRESS DR,Margate,1,2,0,2,0,0,1,0,0,"[{'violation_type': 'WORK WITHOUT PERMIT-BUILDING', 'risk_category': 'work_without_permit', 'risk_points': 2}]"
6790 NW 9TH ST,Margate,1,2,0,2,0,0,1,0,0,"[{'violation_type': 'WORK WITHOUT PERMIT-BUILDING', 'risk_category': 'work_without_permit', 'risk_points': 2}]"
5929 CORAL LAKE DR,Margate,1,2,0,2,0,0,1,0,0,"[{'violation_type': 'WORK WITHOUT PERMIT-BUILDING', 'risk_category': 'work_without_permit', 'risk_points': 2}]"
5570 SW 9TH CT,Margate,1,2,0,2,0,0,1,0,0,"[{'violation_type': 'WORK WITHOUT PERMIT-BUILDING', 'risk_category': 'work_without_permit', 'risk_points': 2}]"
5801 CORAL LAKE DR,Margate,1,2,0,2,0,0,1,0,0,"[{'violation_type': 'WORK WITHOUT PERMIT-BUILDING', 'risk_category': 'work_without_permit', 'risk_points': 2}]"
5601 CORAL LAKE DR 101,Margate,1,2,0,2,0,0,1,0,0,"[{'violation_type': 'WORK WITHOUT PERMIT-BUILDING', 'risk_category': 'work_without_permit', 'risk_points': 2}]"
1000 N FEDERAL,Pompano Beach,1,2,0,2,0,0,1,0,0,"[{'violation_type': 'ZONING; TREE PERMIT REQ', 'risk_category': 'work_without_permit', 'risk_points': 2}]"
3401 ROBBINS RD,Pompano Beach,1,2,0,2,0,0,1,0,0,"[{'violation_type': 'RENTAL; SHORT TERM PERMIT REQ', 'risk_category': 'work_without_permit', 'risk_points': 2}]"
3103 BAYBERRY WAY,Margate,1,2,0,2,0,0,1,0,0,"[{'violation_type': 'WORK WITHOUT PERMIT-BUILDING', 'risk_category': 'work_without_permit', 'risk_points': 2}]"
5000 COCONUT CREEK PKWY,Margate,1,2,0,2,0,0,1,0,0,"[{'violation_type': 'WORK WITHOUT PERMIT-BUILDING', 'risk_category': 'work_without_permit', 'risk_points': 2}]"
480 CLANCEY CIR,Margate,1,2,0,2,0,0,1,0,0,"[{'violation_type': 'WORK WITHOUT PERMIT-BUILDING', 'risk_category': 'work_without_permit', 'risk_points': 2}]"
3338 CHICKEE LN,Margate,1,2,0,2,0,0,1,0,0,"[{'violation_type': 'WORK WITHOUT PERMIT-BUILDING', 'risk_category': 'work_without_permit', 'risk_points': 2}]"
3331 CHICKEE LN,Margate,1,2,0,2,0,0,1,0,0,"[{'violation_type': 'WORK WITHOUT PERMIT-BUILDING', 'risk_category': 'work_without_permit', 'risk_points': 2}]"
557 N CAROL PKWY,Margate,1,2,0,2,0,0,1,0,0,"[{'violation_type': 'WORK WITHOUT PERMIT-BUILDING', 'risk_category': 'work_without_permit', 'risk_points': 2}]"
6728 BUENA VISTA DR,Margate,1,2,0,2,0,0,1,0,0,"[{'violation_type': 'WORK WITHOUT PERMIT-BUILDING', 'risk_category': 'work_without_permit', 'risk_points': 2}]"
6410 BUENA VISTA DR,Margate,1,2,0,2,0,0,1,0,0,"[{'violation_type': 'WORK WITHOUT PERMIT-BUILDING', 'risk_category': 'work_without_permit', 'risk_points': 2}]"
6354 BUENA VISTA DR,Margate,1,2,0,2,0,0,1,0,0,"[{'violation_type': 'WORK WITHOUT PERMIT-BUILDING', 'risk_category': 'work_without_permit', 'risk_points': 2}]"
3351 BONITO LN,Margate,1,2,0,2,0,0,1,0,0,"[{'violation_type': 'WORK WITHOUT PERMIT-BUILDING', 'risk_category': 'work_without_permit', 'risk_points': 2}]"
6821 BAYFRONT CIR,Margate,1,2,0,2,0,0,1,0,0,"[{'violation_type': 'WORK WITHOUT PERMIT-BUILDING', 'risk_category': 'work_without_permit', 'risk_points': 2}]"
160 SW 70TH WAY,Margate,1,2,0,2,0,0,1,0,0,"[{'violation_type': 'WORK WITHOUT PERMIT-BUILDING', 'risk_category': 'work_without_permit', 'risk_points': 2}]"
6360 NW 9TH ST,Margate,1,2,0,2,0,0,1,0,0,"[{'violation_type': 'WORK WITHOUT PERMIT-BUILDING', 'risk_category': 'work_without_permit', 'risk_points': 2}]"
705 NW 70TH WAY,Margate,1,2,0,2,0,0,1,0,0,"[{'violation_type': 'WORK WITHOUT PERMIT-BUILDING', 'risk_category': 'work_without_permit', 'risk_points': 2}]"
3078 LIGHTHOUSE PL,Margate,1,2,0,2,0,0,1,0,0,"[{'violation_type': 'WORK WITHOUT PERMIT-BUILDING', 'risk_category': 'work_without_permit', 'risk_points': 2}]"
7610 NW 18TH ST 302,Margate,1,2,0,2,0,0,1,0,0,"[{'violation_type': 'WORK WITHOUT PERMIT-BUILDING', 'risk_category': 'work_without_permit', 'risk_points': 2}]"
6860 MARGATE BLVD,Margate,1,2,0,2,0,0,1,0,0,"[{'violation_type': 'WORK WITHOUT PERMIT-BUILDING', 'risk_category': 'work_without_permit', 'risk_points': 2}]"
6810 MARGATE BLVD,Margate,1,2,0,2,0,0,1,0,0,"[{'violation_type': 'WORK WITHOUT PERMIT-BUILDING', 'risk_category': 'work_without_permit', 'risk_points': 2}]"
6760 MARGATE BLVD,Margate,1,2,0,2,0,0,1,0,0,"[{'violation_type': 'WORK WITHOUT PERMIT-BUILDING', 'risk_category': 'work_without_permit', 'risk_points': 2}]"
6206 MARGATE BLVD,Margate,1,2,0,2,0,0,1,0,0,"[{'violation_type': 'WORK WITHOUT PERMIT-BUILDING', 'risk_category': 'work_without_permit', 'risk_points': 2}]"
5800 MARGATE BLVD 235,Margate,1,2,0,2,0,0,1,0,0,"[{'violation_type': 'WORK WITHOUT PERMIT-BUILDING', 'risk_category': 'work_without_permit', 'risk_points': 2}]"
7640 NW 18TH ST 301,Margate,1,2,0,2,0,0,1,0,0,"[{'violation_type': 'WORK WITHOUT PERMIT-BUILDING', 'risk_category': 'work_without_permit', 'risk_points': 2}]"
5680 SW 3RD PL BL900,Margate,1,2,0,2,0,0,1,0,0,"[{'violation_type': 'WORK WITHOUT PERMIT-BUILDING', 'risk_category': 'work_without_permit', 'risk_points': 2}]"
7800 NW 18TH ST 402,Margate,1,2,0,2,0,0,1,0,0,"[{'violation_type': 'WORK WITHOUT PERMIT-BUILDING', 'risk_category': 'work_without_permit', 'risk_points': 2}]"
7905 NW 18TH PL,Margate,1,2,0,2,0,0,1,0,0,"[{'violation_type': 'WORK WITHOUT PERMIT-BUILDING', 'risk_category': 'work_without_permit', 'risk_points': 2}]"
6599 NW 2ND ST,Margate,1,2,0,2,0,0,1,0,0,"[{'violation_type': 'WORK WITHOUT PERMIT-BUILDING', 'risk_category': 'work_without_permit', 'risk_points': 2}]"
325 W LAUREL DR,Margate,1,2,0,2,0,0,1,0,0,"[{'violation_type': 'WORK WITHOUT PERMIT-BUILDING', 'risk_category': 'work_without_permit', 'risk_points': 2}]"
142 S LAUREL DR,Margate,1,2,0,2,0,0,1,0,0,"[{'violation_type': 'WORK WITHOUT PERMIT-BUILDING', 'risk_category': 'work_without_permit', 'risk_points': 2}]"
6601 NW 2ND ST,Margate,1,2,0,2,0,0,1,0,0,"[{'violation_type': 'WORK WITHOUT PERMIT-BUILDING', 'risk_category': 'work_without_permit', 'risk_points': 2}]"
7520 MARGATE BLVD,Margate,1,2,0,2,0,0,1,0,0,"[{'violation_type': 'WORK WITHOUT PERMIT-BUILDING', 'risk_category': 'work_without_permit', 'risk_points': 2}]"
7530 MARGATE BLVD,Margate,1,2,0,2,0,0,1,0,0,"[{'violation_type': 'WORK WITHOUT PERMIT-BUILDING', 'risk_category': 'work_without_permit', 'risk_points': 2}]"
7580 MARGATE BLVD,Margate,1,2,0,2,0,0,1,0,0,"[{'violation_type': 'WORK WITHOUT PERMIT-BUILDING', 'risk_category': 'work_without_permit', 'risk_points': 2}]"
3020 MARION AVE,Margate,1,2,0,2,0,0,1,0,0,"[{'violation_type': 'WORK WITHOUT PERMIT-BUILDING', 'risk_category': 'work_without_permit', 'risk_points': 2}]"
6870 MARTIN RD,Margate,1,2,0,2,0,0,1,0,0,"[{'violation_type': 'WORK WITHOUT PERMIT-BUILDING', 'risk_category': 'work_without_permit', 'risk_points': 2}]"
1936 MEARS PKWY,Margate,1,2,0,2,0,0,1,0,0,"[{'violation_type': 'WORK WITHOUT PERMIT-BUILDING', 'risk_category': 'work_without_permit', 'risk_points': 2}]"
1973 MEARS PKWY,Margate,1,2,0,2,0,0,1,0,0,"[{'violation_type': 'WORK WITHOUT PERMIT-BUILDING', 'risk_category': 'work_without_permit', 'risk_points': 2}]"
2050 MEARS PKWY,Margate,1,2,0,2,0,0,1,0,0,"[{'violation_type': 'WORK WITHOUT PERMIT-BUILDING', 'risk_category': 'work_without_permit', 'risk_points': 2}]"
2244 MEARS PKWY,Margate,1,2,0,2,0,0,1,0,0,"[{'violation_type': 'WORK WITHOUT PERMIT-BUILDING', 'risk_category': 'work_without_permit', 'risk_points': 2}]"
7630 NORMANDE CT,Margate,1,2,0,2,0,0,1,0,0,"[{'violation_type': 'WORK WITHOUT PERMIT-BUILDING', 'risk_category': 'work_without_permit', 'risk_points': 2}]"
3120 PALM PL,Margate,1,2,0,2,0,0,1,0,0,"[{'violation_type': 'WORK WITHOUT PERMIT-BUILDING', 'risk_category': 'work_without_permit', 'risk_points': 2}]"
72 W PALM DR,Margate,1,2,0,2,0,0,1,0,0,"[{'violation_type': 'WORK WITHOUT PERMIT-BUILDING', 'risk_category': 'work_without_permit', 'risk_points': 2}]"
5817 PARK DR,Margate,1,2,0,2,0,0,1,0,0,"[{'violation_type': 'WORK WITHOUT PERMIT-BUILDING', 'risk_category': 'work_without_permit', 'risk_points': 2}]"
3460 PINEWALK DR,Margate,1,2,0,2,0,0,1,0,0,"[{'violation_type': 'WORK WITHOUT PERMIT-BUILDING', 'risk_category': 'work_without_permit', 'risk_points': 2}]"
1008 E RIVER DR,Margate,1,2,0,2,0,0,1,0,0,"[{'violation_type': 'WORK WITHOUT PERMIT-BUILDING', 'risk_category': 'work_without_permit', 'risk_points': 2}]"
1309 E RIVER DR,Margate,1,2,0,2,0,0,1,0,0,"[{'violation_type': 'WORK WITHOUT PERMIT-BUILDING', 'risk_category': 'work_without_permit', 'risk_points': 2}]"
1401 E RIVER DR,Margate,1,2,0,2,0,0,1,0,0,"[{'violation_type': 'WORK WITHOUT PERMIT-BUILDING', 'risk_category': 'work_without_permit', 'risk_points': 2}]"
6778 NW 2ND ST,Margate,1,2,0,2,0,0,1,0,0,"[{'violation_type': 'WORK WITHOUT PERMIT-BUILDING', 'risk_category': 'work_without_permit', 'risk_points': 2}]"
120 S LAUREL DR,Margate,1,2,0,2,0,0,1,0,0,"[{'violation_type': 'WORK WITHOUT PERMIT-BUILDING', 'risk_category': 'work_without_permit', 'risk_points': 2}]"
6136 SW 2ND ST,Margate,1,2,0,2,0,0,1,0,0,"[{'violation_type': 'WORK WITHOUT PERMIT-BUILDING', 'risk_category': 'work_without_permit', 'risk_points': 2}]"
6621 NW 22ND ST,Margate,1,2,0,2,0,0,1,0,0,"[{'violation_type': 'WORK WITHOUT PERMIT-BUILDING', 'risk_category': 'work_without_permit', 'risk_points': 2}]"
6853 NW 3RD ST,Margate,1,2,0,2,0,0,1,0,0,"[{'violation_type': 'WORK WITHOUT PERMIT-BUILDING', 'risk_category': 'work_without_permit', 'risk_points': 2}]"
6712 NW 3RD ST,Margate,1,2,0,2,0,0,1,0,0,"[{'violation_type': 'WORK WITHOUT PERMIT-BUILDING', 'risk_category': 'work_without_permit', 'risk_points': 2}]"
6214 JAMES ST,Margate,1,2,0,2,0,0,1,0,0,"[{'violation_type': 'WORK WITHOUT PERMIT-BUILDING', 'risk_category': 'work_without_permit', 'risk_points': 2}]"
320 KATHY LN,Margate,1,2,0,2,0,0,1,0,0,"[{'violation_type': 'WORK WITHOUT PERMIT-BUILDING', 'risk_category': 'work_without_permit', 'risk_points': 2}]"
6599 NW 3RD ST,Margate,1,2,0,2,0,0,1,0,0,"[{'violation_type': 'WORK WITHOUT PERMIT-BUILDING', 'risk_category': 'work_without_permit', 'risk_points': 2}]"
587 N CORTEZ DR CIR,Margate,1,2,0,2,0,0,1,0,0,"[{'violation_type': 'WORK WITHOUT PERMIT-BUILDING', 'risk_category': 'work_without_permit', 'risk_points': 2}]"
6975 NW 29TH CT,Margate,1,2,0,2,0,0,1,0,0,"[{'violation_type': 'WORK WITHOUT PERMIT-BUILDING', 'risk_category': 'work_without_permit', 'risk_points': 2}]"
78 S CORTEZ DR CIR,Margate,1,2,0,2,0,0,1,0,0,"[{'violation_type': 'WORK WITHOUT PERMIT-BUILDING', 'risk_category': 'work_without_permit', 'risk_points': 2}]"
7340 LAKE CIRCLE DR,Margate,1,2,0,2,0,0,1,0,0,"[{'violation_type': 'WORK WITHOUT PERMIT-BUILDING', 'risk_category': 'work_without_permit', 'risk_points': 2}]"
6117 NW 24TH CT,Margate,1,2,0,2,0,0,1,0,0,"[{'violation_type': 'WORK WITHOUT PERMIT-BUILDING', 'risk_category': 'work_without_permit', 'risk_points': 2}]"
6288 LAKESHORE DR,Margate,1,2,0,2,0,0,1,0,0,"[{'violation_type': 'WORK WITHOUT PERMIT-BUILDING', 'risk_category': 'work_without_permit', 'risk_points': 2}]"
6092 NW 24TH CT,Margate,1,2,0,2,0,0,1,0,0,"[{'violation_type': 'WORK WITHOUT PERMIT-BUILDING', 'risk_category': 'work_without_permit', 'risk_points': 2}]"
5445 NW 24TH ST # 1,Margate,1,2,0,2,0,0,1,0,0,"[{'violation_type': 'WORK WITHOUT PERMIT-BUILDING', 'risk_category': 'work_without_permit', 'risk_points': 2}]"
6661 NW 23RD ST,Margate,1,2,0,2,0,0,1,0,0,"[{'violation_type': 'WORK WITHOUT PERMIT-BUILDING', 'risk_category': 'work_without_permit', 'risk_points': 2}]"
6370 NW 22ND CT,Margate,1,2,0,2,0,0,1,0,0,"[{'violation_type': 'WORK WITHOUT PERMIT-BUILDING', 'risk_category': 'work_without_permit', 'risk_points': 2}]"
6139 SW 2ND ST,Margate,1,2,0,2,0,0,1,0,0,"[{'violation_type': 'WORK WITHOUT PERMIT-BUILDING', 'risk_category': 'work_without_permit', 'risk_points': 2}]"
6330 NW 22ND CT,Margate,1,2,0,2,0,0,1,0,0,"[{'violation_type': 'WORK WITHOUT PERMIT-BUILDING', 'risk_category': 'work_without_permit', 'risk_points': 2}]"
138 S CORTEZ DR CIR,Margate,1,2,0,2,0,0,1,0,0,"[{'violation_type': 'WORK WITHOUT PERMIT-BUILDING', 'risk_category': 'work_without_permit', 'risk_points': 2}]"
6466 NW 20TH ST,Margate,1,2,0,2,0,0,1,0,0,"[{'violation_type': 'WORK WITHOUT PERMIT-BUILDING', 'risk_category': 'work_without_permit', 'risk_points': 2}]"
5520 LAKESIDE DR 207,Margate,1,2,0,2,0,0,1,0,0,"[{'violation_type': 'WORK WITHOUT PERMIT-BUILDING', 'risk_category': 'work_without_permit', 'risk_points': 2}]"
5551 LAKESIDE DR 201,Margate,1,2,0,2,0,0,1,0,0,"[{'violation_type': 'WORK WITHOUT PERMIT-BUILDING', 'risk_category': 'work_without_permit', 'risk_points': 2}]"
5534 LAKEWOOD CIR,Margate,1,2,0,2,0,0,1,0,0,"[{'violation_type': 'WORK WITHOUT PERMIT-BUILDING', 'risk_category': 'work_without_permit', 'risk_points': 2}]"
6347 SW 2ND ST,Margate,1,2,0,2,0,0,1,0,0,"[{'violation_type': 'WORK WITHOUT PERMIT-BUILDING', 'risk_category': 'work_without_permit', 'risk_points': 2}]"
6314 SW 2ND ST,Margate,1,2,0,2,0,0,1,0,0,"[{'violation_type': 'WORK WITHOUT PERMIT-BUILDING', 'risk_category': 'work_without_permit', 'risk_points': 2}]"
5546 LAKEWOOD CIR,Margate,1,2,0,2,0,0,1,0,0,"[{'violation_type': 'WORK WITHOUT PERMIT-BUILDING', 'risk_category': 'work_without_permit', 'risk_points': 2}]"
6302 SW 2ND ST,Margate,1,2,0,2,0,0,1,0,0,"[{'violation_type': 'WORK WITHOUT PERMIT-BUILDING', 'risk_category': 'work_without_permit', 'risk_points': 2}]"
6159 SW 2ND ST,Margate,1,2,0,2,0,0,1,0,0,"[{'violation_type': 'WORK WITHOUT PERMIT-BUILDING', 'risk_category': 'work_without_permit', 'risk_points': 2}]"
445 S CORTEZ DR CIR,Margate,1,2,0,2,0,0,1,0,0,"[{'violation_type': 'WORK WITHOUT PERMIT-BUILDING', 'risk_category': 'work_without_permit', 'risk_points': 2}]"
6140 SW 2ND ST,Margate,1,2,0,2,0,0,1,0,0,"[{'violation_type': 'WORK WITHOUT PERMIT-BUILDING', 'risk_category': 'work_without_permit', 'risk_points': 2}]"
479 S CORTEZ DR,Margate,1,2,0,2,0,0,1,0,0,"[{'violation_type': 'WORK WITHOUT PERMIT-BUILDING', 'risk_category': 'work_without_permit', 'risk_points': 2}]"
1413 E RIVER DR,Margate,1,2,0,2,0,0,1,0,0,"[{'violation_type': 'WORK WITHOUT PERMIT-BUILDING', 'risk_category': 'work_without_permit', 'risk_points': 2}]"
1504 E RIVER DR,Margate,1,2,0,2,0,0,1,0,0,"[{'violation_type': 'WORK WITHOUT PERMIT-BUILDING', 'risk_category': 'work_without_permit', 'risk_points': 2}]"
1600 E RIVER DR,Margate,1,2,0,2,0,0,1,0,0,"[{'violation_type': 'WORK WITHOUT PERMIT-BUILDING', 'risk_category': 'work_without_permit', 'risk_points': 2}]"
5571 SW 10TH PL,Margate,1,2,0,2,0,0,1,0,0,"[{'violation_type': 'WORK WITHOUT PERMIT-BUILDING', 'risk_category': 'work_without_permit', 'risk_points': 2}]"
6118 WINFIELD BLVD,Margate,1,2,0,2,0,0,1,0,0,"[{'violation_type': 'WORK WITHOUT PERMIT-BUILDING', 'risk_category': 'work_without_permit', 'risk_points': 2}]"
6129 WINFIELD BLVD,Margate,1,2,0,2,0,0,1,0,0,"[{'violation_type': 'WORK WITHOUT PERMIT-BUILDING', 'risk_category': 'work_without_permit', 'risk_points': 2}]"
6344 WINFIELD BLVD,Margate,1,2,0,2,0,0,1,0,0,"[{'violation_type': 'WORK WITHOUT PERMIT-BUILDING', 'risk_category': 'work_without_permit', 'risk_points': 2}]"
6507 WINFIELD BLVD 202,Margate,1,2,0,2,0,0,1,0,0,"[{'violation_type': 'WORK WITHOUT PERMIT-BUILDING', 'risk_category': 'work_without_permit', 'risk_points': 2}]"
6705 WINFIELD BLVD,Margate,1,2,0,2,0,0,1,0,0,"[{'violation_type': 'WORK WITHOUT PERMIT-BUILDING', 'risk_category': 'work_without_permit', 'risk_points': 2}]"
3025 WOODLANDS DR,Margate,1,2,0,2,0,0,1,0,0,"[{'violation_type': 'WORK WITHOUT PERMIT-BUILDING', 'risk_category': 'work_without_permit', 'risk_points': 2}]"
6972 NW 1ST ST,Margate,1,2,0,2,0,0,1,0,0,"[{'violation_type': 'WORK WITHOUT PERMIT-BUILDING', 'risk_category': 'work_without_permit', 'risk_points': 2}]"
7640 NW 1ST ST BDG82,Margate,1,2,0,2,0,0,1,0,0,"[{'violation_type': 'WORK WITHOUT PERMIT-BUILDING', 'risk_category': 'work_without_permit', 'risk_points': 2}]"
7640 NW 1ST ST 204,Margate,1,2,0,2,0,0,1,0,0,"[{'violation_type': 'WORK WITHOUT PERMIT-BUILDING', 'risk_category': 'work_without_permit', 'risk_points': 2}]"
6302 SW 1ST ST,Margate,1,2,0,2,0,0,1,0,0,"[{'violation_type': 'WORK WITHOUT PERMIT-BUILDING', 'risk_category': 'work_without_permit', 'risk_points': 2}]"
7234 SW 1ST ST,Margate,1,2,0,2,0,0,1,0,0,"[{'violation_type': 'WORK WITHOUT PERMIT-BUILDING', 'risk_category': 'work_without_permit', 'risk_points': 2}]"
7330 SW 1ST ST,Margate,1,2,0,2,0,0,1,0,0,"[{'violation_type': 'WORK WITHOUT PERMIT-BUILDING', 'risk_category': 'work_without_permit', 'risk_points': 2}]"
7470 SW 1ST ST,Margate,1,2,0,2,0,0,1,0,0,"[{'violation_type': 'WORK WITHOUT PERMIT-BUILDING', 'risk_category': 'work_without_permit', 'risk_points': 2}]"
5801 NW 18TH ST,Margate,1,2,0,2,0,0,1,0,0,"[{'violation_type': 'WORK WITHOUT PERMIT-BUILDING', 'risk_category': 'work_without_permit', 'risk_points': 2}]"
6890 NW 16TH ST,Margate,1,2,0,2,0,0,1,0,0,"[{'violation_type': 'WORK WITHOUT PERMIT-BUILDING', 'risk_category': 'work_without_permit', 'risk_points': 2}]"
7464 VISCAYA CIR,Margate,1,2,0,2,0,0,1,0,0,"[{'violation_type': 'WORK WITHOUT PERMIT-BUILDING', 'risk_category': 'work_without_permit', 'risk_points': 2}]"
6940 NW 11TH CT,Margate,1,2,0,2,0,0,1,0,0,"[{'violation_type': 'WORK WITHOUT PERMIT-BUILDING', 'risk_category': 'work_without_permit', 'risk_points': 2}]"
8081 NW 11TH ST,Margate,1,2,0,2,0,0,1,0,0,"[{'violation_type': 'WORK WITHOUT PERMIT-BUILDING', 'risk_category': 'work_without_permit', 'risk_points': 2}]"
4908 SW 11TH PL,Margate,1,2,0,2,0,0,1,0,0,"[{'violation_type': 'WORK WITHOUT PERMIT-BUILDING', 'risk_category': 'work_without_permit', 'risk_points': 2}]"
1015 COUNTRY CLUB DR 305,Margate,1,2,0,2,0,0,1,0,0,"[{'violation_type': 'WORK WITHOUT PERMIT-BUILDING', 'risk_category': 'work_without_permit', 'risk_points': 2}]"
6522 NW 16TH CT,Margate,1,2,0,2,0,0,1,0,0,"[{'violation_type': 'WORK WITHOUT PERMIT-BUILDING', 'risk_category': 'work_without_permit', 'risk_points': 2}]"
1015 COUNTRY CLUB DR 105,Margate,1,2,0,2,0,0,1,0,0,"[{'violation_type': 'WORK WITHOUT PERMIT-BUILDING', 'risk_category': 'work_without_permit', 'risk_points': 2}]"
6256 NW 16TH CT,Margate,1,2,0,2,0,0,1,0,0,"[{'violation_type': 'WORK WITHOUT PERMIT-BUILDING', 'risk_category': 'work_without_permit', 'risk_points': 2}]"
5199 NW 15TH ST B7,Margate,1,2,0,2,0,0,1,0,0,"[{'violation_type': 'WORK WITHOUT PERMIT-BUILDING', 'risk_category': 'work_without_permit', 'risk_points': 2}]"
1000 COUNTRY CLUB DR,Margate,1,2,0,2,0,0,1,0,0,"[{'violation_type': 'WORK WITHOUT PERMIT-BUILDING', 'risk_category': 'work_without_permit', 'risk_points': 2}]"
5800 NW 15TH ST,Margate,1,2,0,2,0,0,1,0,0,"[{'violation_type': 'WORK WITHOUT PERMIT-BUILDING', 'risk_category': 'work_without_permit', 'risk_points': 2}]"
5804 NW 15TH ST,Margate,1,2,0,2,0,0,1,0,0,"[{'violation_type': 'WORK WITHOUT PERMIT-BUILDING', 'risk_category': 'work_without_permit', 'risk_points': 2}]"
6003 NW 15TH CT,Margate,1,2,0,2,0,0,1,0,0,"[{'violation_type': 'WORK WITHOUT PERMIT-BUILDING', 'risk_category': 'work_without_permit', 'risk_points': 2}]"
6103 NW 15TH ST,Margate,1,2,0,2,0,0,1,0,0,"[{'violation_type': 'WORK WITHOUT PERMIT-BUILDING', 'risk_category': 'work_without_permit', 'risk_points': 2}]"
6233 NW 15TH CT,Margate,1,2,0,2,0,0,1,0,0,"[{'violation_type': 'WORK WITHOUT PERMIT-BUILDING', 'risk_category': 'work_without_permit', 'risk_points': 2}]"
5755 WINFIELD BLVD,Margate,1,2,0,2,0,0,1,0,0,"[{'violation_type': 'WORK WITHOUT PERMIT-BUILDING', 'risk_category': 'work_without_permit', 'risk_points': 2}]"
3010 SUNSET LN,Margate,1,2,0,2,0,0,1,0,0,"[{'violation_type': 'WORK WITHOUT PERMIT-BUILDING', 'risk_category': 'work_without_permit', 'risk_points': 2}]"
1612 E RIVER DR,Margate,1,2,0,2,0,0,1,0,0,"[{'violation_type': 'WORK WITHOUT PERMIT-BUILDING', 'risk_category': 'work_without_permit', 'risk_points': 2}]"
2940 E SABLE CIR,Margate,1,2,0,2,0,0,1,0,0,"[{'violation_type': 'WORK WITHOUT PERMIT-BUILDING', 'risk_category': 'work_without_permit', 'risk_points': 2}]"
7430 NW 18TH ST 205,Margate,1,2,0,2,0,0,1,0,0,"[{'violation_type': 'WORK WITHOUT PERMIT-BUILDING', 'risk_category': 'work_without_permit', 'risk_points': 2}]"
7410 NW 18TH ST,Margate,1,2,0,2,0,0,1,0,0,"[{'violation_type': 'WORK WITHOUT PERMIT-BUILDING', 'risk_category': 'work_without_permit', 'risk_points': 2}]"
1235 W RIVER DR,Margate,1,2,0,2,0,0,1,0,0,"[{'violation_type': 'WORK WITHOUT PERMIT-BUILDING', 'risk_category': 'work_without_permit', 'risk_points': 2}]"
1314 W RIVER DR,Margate,1,2,0,2,0,0,1,0,0,"[{'violation_type': 'WORK WITHOUT PERMIT-BUILDING', 'risk_category': 'work_without_permit', 'risk_points': 2}]"
2204 W RIVER DR,Margate,1,2,0,2,0,0,1,0,0,"[{'violation_type': 'WORK WITHOUT PERMIT-BUILDING', 'risk_category': 'work_without_permit', 'risk_points': 2}]"
6443 ROCK BEAUTY TER,Margate,1,2,0,2,0,0,1,0,0,"[{'violation_type': 'WORK WITHOUT PERMIT-BUILDING', 'risk_category': 'work_without_permit', 'risk_points': 2}]"
378 N ROCK ISLAND RD,Margate,1,2,0,2,0,0,1,0,0,"[{'violation_type': 'WORK WITHOUT PERMIT-BUILDING', 'risk_category': 'work_without_permit', 'risk_points': 2}]"
6121 NW 18TH ST,Margate,1,2,0,2,0,0,1,0,0,"[{'violation_type': 'WORK WITHOUT PERMIT-BUILDING', 'risk_category': 'work_without_permit', 'risk_points': 2}]"
1165 N ROCK ISLAND RD,Margate,1,2,0,2,0,0,1,0,0,"[{'violation_type': 'WORK WITHOUT PERMIT-BUILDING', 'risk_category': 'work_without_permit', 'risk_points': 2}]"
2269 N ROCK ISLAND RD,Margate,1,2,0,2,0,0,1,0,0,"[{'violation_type': 'WORK WITHOUT PERMIT-BUILDING', 'risk_category': 'work_without_permit', 'risk_points': 2}]"
1050 COUNTRY CLUB DR 107,Margate,1,2,0,2,0,0,1,0,0,"[{'violation_type': 'WORK WITHOUT PERMIT-BUILDING', 'risk_category': 'work_without_permit', 'risk_points': 2}]"
1050 COUNTRY CLUB DR 303,Margate,1,2,0,2,0,0,1,0,0,"[{'violation_type': 'WORK WITHOUT PERMIT-BUILDING', 'risk_category': 'work_without_permit', 'risk_points': 2}]"
6650 ROYAL PALM BLVD,Margate,1,2,0,2,0,0,1,0,0,"[{'violation_type': 'WORK WITHOUT PERMIT-BUILDING', 'risk_category': 'work_without_permit', 'risk_points': 2}]"
7456 ROYAL PALM BLVD,Margate,1,2,0,2,0,0,1,0,0,"[{'violation_type': 'WORK WITHOUT PERMIT-BUILDING', 'risk_category': 'work_without_permit', 'risk_points': 2}]"
6727 SALTAIRE TER,Margate,1,2,0,2,0,0,1,0,0,"[{'violation_type': 'WORK WITHOUT PERMIT-BUILDING', 'risk_category': 'work_without_permit', 'risk_points': 2}]"
3004 SUNSET LN,Margate,1,2,0,2,0,0,1,0,0,"[{'violation_type': 'WORK WITHOUT PERMIT-BUILDING', 'risk_category': 'work_without_permit', 'risk_points': 2}]"
1025 COUNTRY CLUB DR 304,Margate,1,2,0,2,0,0,1,0,0,"[{'violation_type': 'WORK WITHOUT PERMIT-BUILDING', 'risk_category': 'work_without_permit', 'risk_points': 2}]"
5478 W SAMPLE RD,Margate,1,2,0,2,0,0,1,0,0,"[{'violation_type': 'WORK WITHOUT PERMIT-BUILDING', 'risk_category': 'work_without_permit', 'risk_points': 2}]"
5813 NW 18TH ST,Margate,1,2,0,2,0,0,1,0,0,"[{'violation_type': 'WORK WITHOUT PERMIT-BUILDING', 'risk_category': 'work_without_permit', 'risk_points': 2}]"
5502 W SAMPLE RD,Margate,1,2,0,2,0,0,1,0,0,"[{'violation_type': 'WORK WITHOUT PERMIT-BUILDING', 'risk_category': 'work_without_permit', 'risk_points': 2}]"
8036 W SAMPLE RD,Margate,1,2,0,2,0,0,1,0,0,"[{'violation_type': 'WORK WITHOUT PERMIT-BUILDING', 'risk_category': 'work_without_permit', 'risk_points': 2}]"
6363 SEAGRAPE CIR,Margate,1,2,0,2,0,0,1,0,0,"[{'violation_type': 'WORK WITHOUT PERMIT-BUILDING', 'risk_category': 'work_without_permit', 'risk_points': 2}]"
6173 SEMINOLE TER,Margate,1,2,0,2,0,0,1,0,0,"[{'violation_type': 'WORK WITHOUT PERMIT-BUILDING', 'risk_category': 'work_without_permit', 'risk_points': 2}]"
6114 SOUTHGATE BLVD,Margate,1,2,0,2,0,0,1,0,0,"[{'violation_type': 'WORK WITHOUT PERMIT-BUILDING', 'risk_category': 'work_without_permit', 'risk_points': 2}]"
6127 SOUTHGATE BLVD,Margate,1,2,0,2,0,0,1,0,0,"[{'violation_type': 'WORK WITHOUT PERMIT-BUILDING', 'risk_category': 'work_without_permit', 'risk_points': 2}]"
6326 SOUTHGATE BLVD,Margate,1,2,0,2,0,0,1,0,0,"[{'violation_type': 'WORK WITHOUT PERMIT-BUILDING', 'risk_category': 'work_without_permit', 'risk_points': 2}]"
6291 SW 7TH CT,Margate,1,2,0,2,0,0,1,0,0,"[{'violation_type': 'WORK WITHOUT PERMIT-BUILDING', 'risk_category': 'work_without_permit', 'risk_points': 2}]"
6338 SOUTHGATE BLVD,Margate,1,2,0,2,0,0,1,0,0,"[{'violation_type': 'WORK WITHOUT PERMIT-BUILDING', 'risk_category': 'work_without_permit', 'risk_points': 2}]"
373 SUNDIAL CIR CIR,Margate,1,2,0,2,0,0,1,0,0,"[{'violation_type': 'WORK WITHOUT PERMIT-BUILDING', 'risk_category': 'work_without_permit', 'risk_points': 2}]"
392 SUNDIAL CIR CIR,Margate,1,2,0,2,0,0,1,0,0,"[{'violation_type': 'WORK WITHOUT PERMIT-BUILDING', 'risk_category': 'work_without_permit', 'risk_points': 2}]"
5660 SW 3RD PL 217,Margate,1,2,0,2,0,0,1,0,0,"[{'violation_type': 'WORK WITHOUT PERMIT-BUILDING', 'risk_category': 'work_without_permit', 'risk_points': 2}]"
395 N LAUREL DR,Margate,1,2,0,2,0,0,1,0,0,"[{'violation_type': 'WORK WITHOUT PERMIT-BUILDING', 'risk_category': 'work_without_permit', 'risk_points': 2}]"
6721 SW 3RD ST,Margate,1,2,0,2,0,0,1,0,0,"[{'violation_type': 'WORK WITHOUT PERMIT-BUILDING', 'risk_category': 'work_without_permit', 'risk_points': 2}]"
6705 SW 6TH ST,Margate,1,2,0,2,0,0,1,0,0,"[{'violation_type': 'WORK WITHOUT PERMIT-BUILDING', 'risk_category': 'work_without_permit', 'risk_points': 2}]"
2671 NW 62ND AVE,Margate,1,2,0,2,0,0,1,0,0,"[{'violation_type': 'WORK WITHOUT PERMIT-BUILDING', 'risk_category': 'work_without_permit', 'risk_points': 2}]"
3250 NW 62ND AVE,Margate,1,2,0,2,0,0,1,0,0,"[{'violation_type': 'WORK WITHOUT PERMIT-BUILDING', 'risk_category': 'work_without_permit', 'risk_points': 2}]"
3270 NW 62ND AVE,Margate,1,2,0,2,0,0,1,0,0,"[{'violation_type': 'WORK WITHOUT PERMIT-BUILDING', 'risk_category': 'work_without_permit', 'risk_points': 2}]"
510 SW 62ND AVE,Margate,1,2,0,2,0,0,1,0,0,"[{'violation_type': 'WORK WITHOUT PERMIT-BUILDING', 'risk_category': 'work_without_permit', 'risk_points': 2}]"
170 N CORTEZ DR,Margate,1,2,0,2,0,0,1,0,0,"[{'violation_type': 'WORK WITHOUT PERMIT-BUILDING', 'risk_category': 'work_without_permit', 'risk_points': 2}]"
2630 NW 63RD TER,Margate,1,2,0,2,0,0,1,0,0,"[{'violation_type': 'WORK WITHOUT PERMIT-BUILDING', 'risk_category': 'work_without_permit', 'risk_points': 2}]"
3035 DOGWOOD LN,Margate,1,2,0,2,0,0,1,0,0,"[{'violation_type': 'WORK WITHOUT PERMIT-BUILDING', 'risk_category': 'work_without_permit', 'risk_points': 2}]"
2661 NW 63RD TER,Margate,1,2,0,2,0,0,1,0,0,"[{'violation_type': 'WORK WITHOUT PERMIT-BUILDING', 'risk_category': 'work_without_permit', 'risk_points': 2}]"
2574 NW 64TH AVE,Margate,1,2,0,2,0,0,1,0,0,"[{'violation_type': 'WORK WITHOUT PERMIT-BUILDING', 'risk_category': 'work_without_permit', 'risk_points': 2}]"
2576 NW 64TH TER,Margate,1,2,0,2,0,0,1,0,0,"[{'violation_type': 'WORK WITHOUT PERMIT-BUILDING', 'risk_category': 'work_without_permit', 'risk_points': 2}]"
2661 NW 64TH TER,Margate,1,2,0,2,0,0,1,0,0,"[{'violation_type': 'WORK WITHOUT PERMIT-BUILDING', 'risk_category': 'work_without_permit', 'risk_points': 2}]"
100 NW 65TH AVE,Margate,1,2,0,2,0,0,1,0,0,"[{'violation_type': 'WORK WITHOUT PERMIT-BUILDING', 'risk_category': 'work_without_permit', 'risk_points': 2}]"
661 NW 65TH TER,Margate,1,2,0,2,0,0,1,0,0,"[{'violation_type': 'WORK WITHOUT PERMIT-BUILDING', 'risk_category': 'work_without_permit', 'risk_points': 2}]"
2523 NW 65TH AVE,Margate,1,2,0,2,0,0,1,0,0,"[{'violation_type': 'WORK WITHOUT PERMIT-BUILDING', 'risk_category': 'work_without_permit', 'risk_points': 2}]"
2532 NW 65TH AVE,Margate,1,2,0,2,0,0,1,0,0,"[{'violation_type': 'WORK WITHOUT PERMIT-BUILDING', 'risk_category': 'work_without_permit', 'risk_points': 2}]"
2631 NW 62ND AVE,Margate,1,2,0,2,0,0,1,0,0,"[{'violation_type': 'WORK WITHOUT PERMIT-BUILDING', 'risk_category': 'work_without_permit', 'risk_points': 2}]"
2513 NW 62ND AVE,Margate,1,2,0,2,0,0,1,0,0,"[{'violation_type': 'WORK WITHOUT PERMIT-BUILDING', 'risk_category': 'work_without_permit', 'risk_points': 2}]"
1417 NW 62ND AVE,Margate,1,2,0,2,0,0,1,0,0,"[{'violation_type': 'WORK WITHOUT PERMIT-BUILDING', 'risk_category': 'work_without_permit', 'risk_points': 2}]"
2531 NW 61ST AVE,Margate,1,2,0,2,0,0,1,0,0,"[{'violation_type': 'WORK WITHOUT PERMIT-BUILDING', 'risk_category': 'work_without_permit', 'risk_points': 2}]"
232 NW 60TH AVE,Margate,1,2,0,2,0,0,1,0,0,"[{'violation_type': 'WORK WITHOUT PERMIT-BUILDING', 'risk_category': 'work_without_permit', 'risk_points': 2}]"
7797 GOLF CIRCLE DR 303,Margate,1,2,0,2,0,0,1,0,0,"[{'violation_type': 'WORK WITHOUT PERMIT-BUILDING', 'risk_category': 'work_without_permit', 'risk_points': 2}]"
6429 FRENCH ANGEL TER,Margate,1,2,0,2,0,0,1,0,0,"[{'violation_type': 'WORK WITHOUT PERMIT-BUILDING', 'risk_category': 'work_without_permit', 'risk_points': 2}]"
7389 FLORES WAY,Margate,1,2,0,2,0,0,1,0,0,"[{'violation_type': 'WORK WITHOUT PERMIT-BUILDING', 'risk_category': 'work_without_permit', 'risk_points': 2}]"
6205 DUVAL DR,Margate,1,2,0,2,0,0,1,0,0,"[{'violation_type': 'WORK WITHOUT PERMIT-BUILDING', 'risk_category': 'work_without_permit', 'risk_points': 2}]"
1534 NW 61ST AVE,Margate,1,2,0,2,0,0,1,0,0,"[{'violation_type': 'WORK WITHOUT PERMIT-BUILDING', 'risk_category': 'work_without_permit', 'risk_points': 2}]"
2546 NW 61ST AVE,Margate,1,2,0,2,0,0,1,0,0,"[{'violation_type': 'WORK WITHOUT PERMIT-BUILDING', 'risk_category': 'work_without_permit', 'risk_points': 2}]"
1372 NW 62ND WAY,Margate,1,2,0,2,0,0,1,0,0,"[{'violation_type': 'WORK WITHOUT PERMIT-BUILDING', 'risk_category': 'work_without_permit', 'risk_points': 2}]"
2558 NW 61ST AVE,Margate,1,2,0,2,0,0,1,0,0,"[{'violation_type': 'WORK WITHOUT PERMIT-BUILDING', 'risk_category': 'work_without_permit', 'risk_points': 2}]"
2569 NW 61ST AVE,Margate,1,2,0,2,0,0,1,0,0,"[{'violation_type': 'WORK WITHOUT PERMIT-BUILDING', 'risk_category': 'work_without_permit', 'risk_points': 2}]"
2588 NW 61ST AVE,Margate,1,2,0,2,0,0,1,0,0,"[{'violation_type': 'WORK WITHOUT PERMIT-BUILDING', 'risk_category': 'work_without_permit', 'risk_points': 2}]"
5151 NW 31ST ST,Margate,1,2,0,2,0,0,1,0,0,"[{'violation_type': 'WORK WITHOUT PERMIT-BUILDING', 'risk_category': 'work_without_permit', 'risk_points': 2}]"
1113 NW 62ND AVE,Margate,1,2,0,2,0,0,1,0,0,"[{'violation_type': 'WORK WITHOUT PERMIT-BUILDING', 'risk_category': 'work_without_permit', 'risk_points': 2}]"
6200 DUVAL DR,Margate,1,2,0,2,0,0,1,0,0,"[{'violation_type': 'WORK WITHOUT PERMIT-BUILDING', 'risk_category': 'work_without_permit', 'risk_points': 2}]"
2550 NW 65TH AVE,Margate,1,2,0,2,0,0,1,0,0,"[{'violation_type': 'WORK WITHOUT PERMIT-BUILDING', 'risk_category': 'work_without_permit', 'risk_points': 2}]"
2624 NW 65TH AVE,Margate,1,2,0,2,0,0,1,0,0,"[{'violation_type': 'WORK WITHOUT PERMIT-BUILDING', 'risk_category': 'work_without_permit', 'risk_points': 2}]"
318 SW 65TH AVE,Margate,1,2,0,2,0,0,1,0,0,"[{'violation_type': 'WORK WITHOUT PERMIT-BUILDING', 'risk_category': 'work_without_permit', 'risk_points': 2}]"
5261 SW 7TH ST,Margate,1,2,0,2,0,0,1,0,0,"[{'violation_type': 'WORK WITHOUT PERMIT-BUILDING', 'risk_category': 'work_without_permit', 'risk_points': 2}]"
2050 NW 69TH TER,Margate,1,2,0,2,0,0,1,0,0,"[{'violation_type': 'WORK WITHOUT PERMIT-BUILDING', 'risk_category': 'work_without_permit', 'risk_points': 2}]"
2685 NW 69TH AVE,Margate,1,2,0,2,0,0,1,0,0,"[{'violation_type': 'WORK WITHOUT PERMIT-BUILDING', 'risk_category': 'work_without_permit', 'risk_points': 2}]"
120 SW 69TH TER,Margate,1,2,0,2,0,0,1,0,0,"[{'violation_type': 'WORK WITHOUT PERMIT-BUILDING', 'risk_category': 'work_without_permit', 'risk_points': 2}]"
6110 NW 7TH ST,Margate,1,2,0,2,0,0,1,0,0,"[{'violation_type': 'WORK WITHOUT PERMIT-BUILDING', 'risk_category': 'work_without_permit', 'risk_points': 2}]"
4976 SW 7TH ST,Margate,1,2,0,2,0,0,1,0,0,"[{'violation_type': 'WORK WITHOUT PERMIT-BUILDING', 'risk_category': 'work_without_permit', 'risk_points': 2}]"
5231 SW 7TH ST,Margate,1,2,0,2,0,0,1,0,0,"[{'violation_type': 'WORK WITHOUT PERMIT-BUILDING', 'risk_category': 'work_without_permit', 'risk_points': 2}]"
5360 SW 7TH ST,Margate,1,2,0,2,0,0,1,0,0,"[{'violation_type': 'WORK WITHOUT PERMIT-BUILDING', 'risk_category': 'work_without_permit', 'risk_points': 2}]"
980 NW 69TH AVE,Margate,1,2,0,2,0,0,1,0,0,"[{'violation_type': 'WORK WITHOUT PERMIT-BUILDING', 'risk_category': 'work_without_permit', 'risk_points': 2}]"
5507 SW 7TH CT,Margate,1,2,0,2,0,0,1,0,0,"[{'violation_type': 'WORK WITHOUT PERMIT-BUILDING', 'risk_category': 'work_without_permit', 'risk_points': 2}]"
5560 SW 7TH PL,Margate,1,2,0,2,0,0,1,0,0,"[{'violation_type': 'WORK WITHOUT PERMIT-BUILDING', 'risk_category': 'work_without_permit', 'risk_points': 2}]"
5564 SW 7TH CT,Margate,1,2,0,2,0,0,1,0,0,"[{'violation_type': 'WORK WITHOUT PERMIT-BUILDING', 'risk_category': 'work_without_permit', 'risk_points': 2}]"
6100 SW 7TH ST,Margate,1,2,0,2,0,0,1,0,0,"[{'violation_type': 'WORK WITHOUT PERMIT-BUILDING', 'risk_category': 'work_without_permit', 'risk_points': 2}]"
6206 SW 7TH ST,Margate,1,2,0,2,0,0,1,0,0,"[{'violation_type': 'WORK WITHOUT PERMIT-BUILDING', 'risk_category': 'work_without_permit', 'risk_points': 2}]"
6242 SW 7TH ST,Margate,1,2,0,2,0,0,1,0,0,"[{'violation_type': 'WORK WITHOUT PERMIT-BUILDING', 'risk_category': 'work_without_permit', 'risk_points': 2}]"
1455 NW 69TH AVE,Margate,1,2,0,2,0,0,1,0,0,"[{'violation_type': 'WORK WITHOUT PERMIT-BUILDING', 'risk_category': 'work_without_permit', 'risk_points': 2}]"
741 NW 69TH AVE,Margate,1,2,0,2,0,0,1,0,0,"[{'violation_type': 'WORK WITHOUT PERMIT-BUILDING', 'risk_category': 'work_without_permit', 'risk_points': 2}]"
391 SW 65TH AVE,Margate,1,2,0,2,0,0,1,0,0,"[{'violation_type': 'WORK WITHOUT PERMIT-BUILDING', 'risk_category': 'work_without_permit', 'risk_points': 2}]"
161 N CORTEZ DR CIR,Margate,1,2,0,2,0,0,1,0,0,"[{'violation_type': 'WORK WITHOUT PERMIT-BUILDING', 'risk_category': 'work_without_permit', 'risk_points': 2}]"
601 NW 66TH AVE,Margate,1,2,0,2,0,0,1,0,0,"[{'violation_type': 'WORK WITHOUT PERMIT-BUILDING', 'risk_category': 'work_without_permit', 'risk_points': 2}]"
700 NW 66TH AVE,Margate,1,2,0,2,0,0,1,0,0,"[{'violation_type': 'WORK WITHOUT PERMIT-BUILDING', 'risk_category': 'work_without_permit', 'risk_points': 2}]"
1390 NW 66TH TER,Margate,1,2,0,2,0,0,1,0,0,"[{'violation_type': 'WORK WITHOUT PERMIT-BUILDING', 'risk_category': 'work_without_permit', 'risk_points': 2}]"
1510 NW 66TH TER,Margate,1,2,0,2,0,0,1,0,0,"[{'violation_type': 'WORK WITHOUT PERMIT-BUILDING', 'risk_category': 'work_without_permit', 'risk_points': 2}]"
1520 NW 66TH AVE,Margate,1,2,0,2,0,0,1,0,0,"[{'violation_type': 'WORK WITHOUT PERMIT-BUILDING', 'risk_category': 'work_without_permit', 'risk_points': 2}]"
1836 NW 66TH AVE,Margate,1,2,0,2,0,0,1,0,0,"[{'violation_type': 'WORK WITHOUT PERMIT-BUILDING', 'risk_category': 'work_without_permit', 'risk_points': 2}]"
1020 NW 67TH AVE,Margate,1,2,0,2,0,0,1,0,0,"[{'violation_type': 'WORK WITHOUT PERMIT-BUILDING', 'risk_category': 'work_without_permit', 'risk_points': 2}]"
664 NW 69TH TER,Margate,1,2,0,2,0,0,1,0,0,"[{'violation_type': 'WORK WITHOUT PERMIT-BUILDING', 'risk_category': 'work_without_permit', 'risk_points': 2}]"
1055 NW 68TH AVE,Margate,1,2,0,2,0,0,1,0,0,"[{'violation_type': 'WORK WITHOUT PERMIT-BUILDING', 'risk_category': 'work_without_permit', 'risk_points': 2}]"
2656 NW 68TH TER,Margate,1,2,0,2,0,0,1,0,0,"[{'violation_type': 'WORK WITHOUT PERMIT-BUILDING', 'risk_category': 'work_without_permit', 'risk_points': 2}]"
2860 NW 68TH LN,Margate,1,2,0,2,0,0,1,0,0,"[{'violation_type': 'WORK WITHOUT PERMIT-BUILDING', 'risk_category': 'work_without_permit', 'risk_points': 2}]"
6605 CORAL LAKE DR 105,Margate,1,2,0,2,0,0,1,0,0,"[{'violation_type': 'WORK WITHOUT PERMIT-BUILDING', 'risk_category': 'work_without_permit', 'risk_points': 2}]"
534 NW 69TH TER,Margate,1,2,0,2,0,0,1,0,0,"[{'violation_type': 'WORK WITHOUT PERMIT-BUILDING', 'risk_category': 'work_without_permit', 'risk_points': 2}]"
594 NW 69TH TER,Margate,1,2,0,2,0,0,1,0,0,"[{'violation_type': 'WORK WITHOUT PERMIT-BUILDING', 'risk_category': 'work_without_permit', 'risk_points': 2}]"
239 N CORTEZ DR CIR,Margate,1,2,0,2,0,0,1,0,0,"[{'violation_type': 'WORK WITHOUT PERMIT-BUILDING', 'risk_category': 'work_without_permit', 'risk_points': 2}]"
6675 NW 15TH ST,Margate,1,2,0,2,0,0,1,0,0,"[{'violation_type': 'WORK WITHOUT PERMIT-BUILDING', 'risk_category': 'work_without_permit', 'risk_points': 2}]"
2649 NW 59TH AVE,Margate,1,2,0,2,0,0,1,0,0,"[{'violation_type': 'WORK WITHOUT PERMIT-BUILDING', 'risk_category': 'work_without_permit', 'risk_points': 2}]"
4986 SW 6TH ST,Margate,1,2,0,2,0,0,1,0,0,"[{'violation_type': 'WORK WITHOUT PERMIT-BUILDING', 'risk_category': 'work_without_permit', 'risk_points': 2}]"
7505 NW 5TH CT,Margate,1,2,0,2,0,0,1,0,0,"[{'violation_type': 'WORK WITHOUT PERMIT-BUILDING', 'risk_category': 'work_without_permit', 'risk_points': 2}]"
7305 NW 5TH PL,Margate,1,2,0,2,0,0,1,0,0,"[{'violation_type': 'WORK WITHOUT PERMIT-BUILDING', 'risk_category': 'work_without_permit', 'risk_points': 2}]"
2461 NW 57TH TER,Margate,1,2,0,2,0,0,1,0,0,"[{'violation_type': 'WORK WITHOUT PERMIT-BUILDING', 'risk_category': 'work_without_permit', 'risk_points': 2}]"
7384 GRANADA WAY,Margate,1,2,0,2,0,0,1,0,0,"[{'violation_type': 'WORK WITHOUT PERMIT-BUILDING', 'risk_category': 'work_without_permit', 'risk_points': 2}]"
7392 GRANADA WAY,Margate,1,2,0,2,0,0,1,0,0,"[{'violation_type': 'WORK WITHOUT PERMIT-BUILDING', 'risk_category': 'work_without_permit', 'risk_points': 2}]"
4982 SW 6TH ST,Margate,1,2,0,2,0,0,1,0,0,"[{'violation_type': 'WORK WITHOUT PERMIT-BUILDING', 'risk_category': 'work_without_permit', 'risk_points': 2}]"
4978 SW 6TH ST,Margate,1,2,0,2,0,0,1,0,0,"[{'violation_type': 'WORK WITHOUT PERMIT-BUILDING', 'risk_category': 'work_without_permit', 'risk_points': 2}]"
4726 S HEMINGWAY CIR,Margate,1,2,0,2,0,0,1,0,0,"[{'violation_type': 'WORK WITHOUT PERMIT-BUILDING', 'risk_category': 'work_without_permit', 'risk_points': 2}]"
254 W HEMINGWAY CIR,Margate,1,2,0,2,0,0,1,0,0,"[{'violation_type': 'WORK WITHOUT PERMIT-BUILDING', 'risk_category': 'work_without_permit', 'risk_points': 2}]"
6821 NW 6TH ST,Margate,1,2,0,2,0,0,1,0,0,"[{'violation_type': 'WORK WITHOUT PERMIT-BUILDING', 'risk_category': 'work_without_permit', 'risk_points': 2}]"
6710 NW 6TH ST,Margate,1,2,0,2,0,0,1,0,0,"[{'violation_type': 'WORK WITHOUT PERMIT-BUILDING', 'risk_category': 'work_without_permit', 'risk_points': 2}]"
4967 SW 5TH CT,Margate,1,2,0,2,0,0,1,0,0,"[{'violation_type': 'WORK WITHOUT PERMIT-BUILDING', 'risk_category': 'work_without_permit', 'risk_points': 2}]"
7697 HIGHLANDS CIR,Margate,1,2,0,2,0,0,1,0,0,"[{'violation_type': 'WORK WITHOUT PERMIT-BUILDING', 'risk_category': 'work_without_permit', 'risk_points': 2}]"
261 N CORTEZ DR CIR,Margate,1,2,0,2,0,0,1,0,0,"[{'violation_type': 'WORK WITHOUT PERMIT-BUILDING', 'risk_category': 'work_without_permit', 'risk_points': 2}]"
3220 HOLIDAY SPRINGS BLVD 1,Margate,1,2,0,2,0,0,1,0,0,"[{'violation_type': 'WORK WITHOUT PERMIT-BUILDING', 'risk_category': 'work_without_permit', 'risk_points': 2}]"
2627 NW 59TH AVE,Margate,1,2,0,2,0,0,1,0,0,"[{'violation_type': 'WORK WITHOUT PERMIT-BUILDING', 'risk_category': 'work_without_permit', 'risk_points': 2}]"
3170 HOLIDAY SPRINGS BLVD,Margate,1,2,0,2,0,0,1,0,0,"[{'violation_type': 'WORK WITHOUT PERMIT-BUILDING', 'risk_category': 'work_without_permit', 'risk_points': 2}]"
7790 HIGHLANDS CIR,Margate,1,2,0,2,0,0,1,0,0,"[{'violation_type': 'WORK WITHOUT PERMIT-BUILDING', 'risk_category': 'work_without_permit', 'risk_points': 2}]"
3040 HOLIDAY SPRINGS BLVD 210,Margate,1,2,0,2,0,0,1,0,0,"[{'violation_type': 'WORK WITHOUT PERMIT-BUILDING', 'risk_category': 'work_without_permit', 'risk_points': 2}]"
7797 GOLF CIRCLE DR 104,Margate,1,2,0,2,0,0,1,0,0,"[{'violation_type': 'WORK WITHOUT PERMIT-BUILDING', 'risk_category': 'work_without_permit', 'risk_points': 2}]"
2611 NW 59TH AVE,Margate,1,2,0,2,0,0,1,0,0,"[{'violation_type': 'WORK WITHOUT PERMIT-BUILDING', 'risk_category': 'work_without_permit', 'risk_points': 2}]"
2585 NW 59TH AVE,Margate,1,2,0,2,0,0,1,0,0,"[{'violation_type': 'WORK WITHOUT PERMIT-BUILDING', 'risk_category': 'work_without_permit', 'risk_points': 2}]"
6945 NW 5TH PL,Margate,1,2,0,2,0,0,1,0,0,"[{'violation_type': 'WORK WITHOUT PERMIT-BUILDING', 'risk_category': 'work_without_permit', 'risk_points': 2}]"
850 SW 49TH WAY,Margate,1,2,0,2,0,0,1,0,0,"[{'violation_type': 'WORK WITHOUT PERMIT-BUILDING', 'risk_category': 'work_without_permit', 'risk_points': 2}]"
3150 HOLIDAY SPRINGS BLVD 8,Margate,1,2,0,2,0,0,1,0,0,"[{'violation_type': 'WORK WITHOUT PERMIT-BUILDING', 'risk_category': 'work_without_permit', 'risk_points': 2}]"
3051 HOLIDAY SPRINGS BLVD 101,Margate,1,2,0,2,0,0,1,0,0,"[{'violation_type': 'WORK WITHOUT PERMIT-BUILDING', 'risk_category': 'work_without_permit', 'risk_points': 2}]"
3060 HOLIDAY SPRINGS BLVD,Margate,1,2,0,2,0,0,1,0,0,"[{'violation_type': 'WORK WITHOUT PERMIT-BUILDING', 'risk_category': 'work_without_permit', 'risk_points': 2}]"
1024 SW 49TH WAY,Margate,1,2,0,2,0,0,1,0,0,"[{'violation_type': 'WORK WITHOUT PERMIT-BUILDING', 'risk_category': 'work_without_permit', 'risk_points': 2}]"
3251 HOLIDAY SPRINGS BLVD,Margate,1,2,0,2,0,0,1,0,0,"[{'violation_type': 'WORK WITHOUT PERMIT-BUILDING', 'risk_category': 'work_without_permit', 'risk_points': 2}]"
7855 NW 5TH CT 108,Margate,1,2,0,2,0,0,1,0,0,"[{'violation_type': 'WORK WITHOUT PERMIT-BUILDING', 'risk_category': 'work_without_permit', 'risk_points': 2}]"
7897 GOLF CIRCLE DR,Margate,1,2,0,2,0,0,1,0,0,"[{'violation_type': 'WORK WITHOUT PERMIT-BUILDING', 'risk_category': 'work_without_permit', 'risk_points': 2}]"
4992 SW 5TH ST,Margate,1,2,0,2,0,0,1,0,0,"[{'violation_type': 'WORK WITHOUT PERMIT-BUILDING', 'risk_category': 'work_without_permit', 'risk_points': 2}]"
5560 SW 6TH ST,Margate,1,2,0,2,0,0,1,0,0,"[{'violation_type': 'WORK WITHOUT PERMIT-BUILDING', 'risk_category': 'work_without_permit', 'risk_points': 2}]"
7121 NW 32ND ST,Margate,1,2,0,2,0,0,1,0,0,"[{'violation_type': 'WORK WITHOUT PERMIT-BUILDING', 'risk_category': 'work_without_permit', 'risk_points': 2}]"
6858 NW 33RD ST,Margate,1,2,0,2,0,0,1,0,0,"[{'violation_type': 'WORK WITHOUT PERMIT-BUILDING', 'risk_category': 'work_without_permit', 'risk_points': 2}]"
6756 NW 4TH ST,Margate,1,2,0,2,0,0,1,0,0,"[{'violation_type': 'WORK WITHOUT PERMIT-BUILDING', 'risk_category': 'work_without_permit', 'risk_points': 2}]"
7827 GOLF CIRCLE DR 106,Margate,1,2,0,2,0,0,1,0,0,"[{'violation_type': 'WORK WITHOUT PERMIT-BUILDING', 'risk_category': 'work_without_permit', 'risk_points': 2}]"
4964 SW 5TH CT,Margate,1,2,0,2,0,0,1,0,0,"[{'violation_type': 'WORK WITHOUT PERMIT-BUILDING', 'risk_category': 'work_without_permit', 'risk_points': 2}]"
7355 NW 4TH PL,Margate,1,2,0,2,0,0,1,0,0,"[{'violation_type': 'WORK WITHOUT PERMIT-BUILDING', 'risk_category': 'work_without_permit', 'risk_points': 2}]"
571 SW 50TH TER,Margate,1,2,0,2,0,0,1,0,0,"[{'violation_type': 'WORK WITHOUT PERMIT-BUILDING', 'risk_category': 'work_without_permit', 'risk_points': 2}]"
5400 SW 6TH PL,Margate,1,2,0,2,0,0,1,0,0,"[{'violation_type': 'WORK WITHOUT PERMIT-BUILDING', 'risk_category': 'work_without_permit', 'risk_points': 2}]"
5161 SW 6TH CT,Margate,1,2,0,2,0,0,1,0,0,"[{'violation_type': 'WORK WITHOUT PERMIT-BUILDING', 'risk_category': 'work_without_permit', 'risk_points': 2}]"
3185 HOLIDAY SPRINGS BLVD,Margate,1,2,0,2,0,0,1,0,0,"[{'violation_type': 'WORK WITHOUT PERMIT-BUILDING', 'risk_category': 'work_without_permit', 'risk_points': 2}]"
7600 NW 4TH PL,Margate,1,2,0,2,0,0,1,0,0,"[{'violation_type': 'WORK WITHOUT PERMIT-BUILDING', 'risk_category': 'work_without_permit', 'risk_points': 2}]"
2810 NW 51ST TER,Margate,1,2,0,2,0,0,1,0,0,"[{'violation_type': 'WORK WITHOUT PERMIT-BUILDING', 'risk_category': 'work_without_permit', 'risk_points': 2}]"
695 SW 51ST AVE,Margate,1,2,0,2,0,0,1,0,0,"[{'violation_type': 'WORK WITHOUT PERMIT-BUILDING', 'risk_category': 'work_without_permit', 'risk_points': 2}]"
7867 GOLF CIRCLE DR 202,Margate,1,2,0,2,0,0,1,0,0,"[{'violation_type': 'WORK WITHOUT PERMIT-BUILDING', 'risk_category': 'work_without_permit', 'risk_points': 2}]"
2931 NW 53RD TER,Margate,1,2,0,2,0,0,1,0,0,"[{'violation_type': 'WORK WITHOUT PERMIT-BUILDING', 'risk_category': 'work_without_permit', 'risk_points': 2}]"
7605 NW 4TH PL 108,Margate,1,2,0,2,0,0,1,0,0,"[{'violation_type': 'WORK WITHOUT PERMIT-BUILDING', 'risk_category': 'work_without_permit', 'risk_points': 2}]"
601 SW 54TH AVE,Margate,1,2,0,2,0,0,1,0,0,"[{'violation_type': 'WORK WITHOUT PERMIT-BUILDING', 'risk_category': 'work_without_permit', 'risk_points': 2}]"
641 SW 54TH AVE,Margate,1,2,0,2,0,0,1,0,0,"[{'violation_type': 'WORK WITHOUT PERMIT-BUILDING', 'risk_category': 'work_without_permit', 'risk_points': 2}]"
7605 NW 4TH PL,Margate,1,2,0,2,0,0,1,0,0,"[{'violation_type': 'WORK WITHOUT PERMIT-BUILDING', 'risk_category': 'work_without_permit', 'risk_points': 2}]"
4979 SW 4TH ST,Margate,1,2,0,2,0,0,1,0,0,"[{'violation_type': 'WORK WITHOUT PERMIT-BUILDING', 'risk_category': 'work_without_permit', 'risk_points': 2}]"
6351 SW 4TH ST,Margate,1,2,0,2,0,0,1,0,0,"[{'violation_type': 'WORK WITHOUT PERMIT-BUILDING', 'risk_category': 'work_without_permit', 'risk_points': 2}]"
850 SW 55TH TER,Margate,1,2,0,2,0,0,1,0,0,"[{'violation_type': 'WORK WITHOUT PERMIT-BUILDING', 'risk_category': 'work_without_permit', 'risk_points': 2}]"
4990 SW 6TH ST,Margate,1,2,0,2,0,0,1,0,0,"[{'violation_type': 'WORK WITHOUT PERMIT-BUILDING', 'risk_category': 'work_without_permit', 'risk_points': 2}]"
1616 NW 58TH AVE,Margate,1,2,0,2,0,0,1,0,0,"[{'violation_type': 'WORK WITHOUT PERMIT-BUILDING', 'risk_category': 'work_without_permit', 'risk_points': 2}]"
332 NE 29 STREET,Wilton Manor,1,1,0,1,0,0,0,0,1,"[{'violation_type': 'Residential bulk trash collection.', 'risk_category': 'other', 'risk_points': 1}]"
412 NW 20 STREET,Wilton Manor,1,1,0,1,0,0,0,0,1,"[{'violation_type': 'Code Out - No Violation/Misc./Referred/Unfounded', 'risk_category': 'other', 'risk_points': 1}]"
2617 NW 9 AVENUE,Wilton Manor,1,1,0,1,0,0,0,0,1,"[{'violation_type': 'Residential bulk trash collection.', 'risk_category': 'other', 'risk_points': 1}]"
316 NW 30 CT,Wilton Manor,1,1,0,1,0,0,0,0,1,"[{'violation_type': 'Trash/Recycle Receptacle Placement', 'risk_category': 'other', 'risk_points': 1}]"
2812 NW 12 AVENUE,Wilton Manor,1,1,0,1,0,0,0,1,0,"[{'violation_type': 'Landscape maintenance (overgrowth and all other)', 'risk_category': 'nuisance_maintenance', 'risk_points': 1}]"
2655 NE 8 AVENUE,Wilton Manor,1,1,0,1,0,0,0,0,1,"[{'violation_type': 'Outdoor Lighting', 'risk_category': 'other', 'risk_points': 1}]"
1901 NORTH ANDREWS AVENUE 122,Wilton Manor,1,1,0,1,0,0,0,0,1,"[{'violation_type': 'Building Safety Inspection Program.', 'risk_category': 'other', 'risk_points': 1}]"
2809 NE 5TH TERRACE,Wilton Manor,1,1,0,1,0,0,0,0,1,"[{'violation_type': 'Code Out - No Violation/Misc./Referred/Unfounded', 'risk_category': 'other', 'risk_points': 1}]"
49 NE 28 CT,Wilton Manor,1,1,0,1,0,0,0,1,0,"[{'violation_type': 'Landscape maintenance', 'risk_category': 'nuisance_maintenance', 'risk_points': 1}]"
2701 NORTH ANDREWS AVENUE,Wilton Manor,1,1,0,1,0,0,0,0,1,"[{'violation_type': 'Local Business Tax Receipts', 'risk_category': 'other', 'risk_points': 1}]"
2660 NE 8 AVENUE 308,Wilton Manor,1,1,0,1,0,0,0,0,1,"[{'violation_type': 'Code Out - No Violation/Misc./Referred/Unfounded', 'risk_category': 'other', 'risk_points': 1}]"
1901 NORTH ANDREWS AVENUE 211,Wilton Manor,1,1,0,1,0,0,0,0,1,"[{'violation_type': 'Building Safety Inspection Program.', 'risk_category': 'other', 'risk_points': 1}]"
1901 NORTH ANDREWS AVENUE 203,Wilton Manor,1,1,0,1,0,0,0,0,1,"[{'violation_type': 'Building Safety Inspection Program.', 'risk_category': 'other', 'risk_points': 1}]"
1901 NORTH ANDREWS AVENUE 210,Wilton Manor,1,1,0,1,0,0,0,0,1,"[{'violation_type': 'Building Safety Inspection Program.', 'risk_category': 'other', 'risk_points': 1}]"
1901 NORTH ANDREWS AVENUE 212,Wilton Manor,1,1,0,1,0,0,0,0,1,"[{'violation_type': 'Building Safety Inspection Program.', 'risk_category': 'other', 'risk_points': 1}]"
1901 NORTH ANDREWS AVENUE 205,Wilton Manor,1,1,0,1,0,0,0,0,1,"[{'violation_type': 'Building Safety Inspection Program.', 'risk_category': 'other', 'risk_points': 1}]"
1901 NORTH ANDREWS AVENUE 208,Wilton Manor,1,1,0,1,0,0,0,0,1,"[{'violation_type': 'Building Safety Inspection Program.', 'risk_category': 'other', 'risk_points': 1}]"
1901 NORTH ANDREWS AVENUE 207,Wilton Manor,1,1,0,1,0,0,0,0,1,"[{'violation_type': 'Building Safety Inspection Program.', 'risk_category': 'other', 'risk_points': 1}]"
1901 NORTH ANDREWS AVENUE 202,Wilton Manor,1,1,0,1,0,0,0,0,1,"[{'violation_type': 'Building Safety Inspection Program.', 'risk_category': 'other', 'risk_points': 1}]"
1901 NORTH ANDREWS AVENUE 204,Wilton Manor,1,1,0,1,0,0,0,0,1,"[{'violation_type': 'Building Safety Inspection Program.', 'risk_category': 'other', 'risk_points': 1}]"
1881 NE 26 STREET,Wilton Manor,1,1,0,1,0,0,0,0,1,"[{'violation_type': 'General', 'risk_category': 'other', 'risk_points': 1}]"
1901 NORTH ANDREWS AVENUE 209,Wilton Manor,1,1,0,1,0,0,0,0,1,"[{'violation_type': 'Building Safety Inspection Program.', 'risk_category': 'other', 'risk_points': 1}]"
2748 NE 8 AVENUE,Wilton Manor,1,1,0,1,0,0,0,0,1,"[{'violation_type': 'Local Business Tax Receipts', 'risk_category': 'other', 'risk_points': 1}]"
2665 NE 8 AVE 1-4,Wilton Manor,1,1,0,1,0,0,0,0,1,"[{'violation_type': 'Outdoor Lighting', 'risk_category': 'other', 'risk_points': 1}]"
1901 NORTH ANDREWS AVENUE 213,Wilton Manor,1,1,0,1,0,0,0,0,1,"[{'violation_type': 'Code Out - No Violation/Misc./Referred/Unfounded', 'risk_category': 'other', 'risk_points': 1}]"
2164 NE 27 DRIVE,Wilton Manor,1,1,0,1,0,0,0,0,1,"[{'violation_type': 'Annual inspection and licensing of properties with RRL', 'risk_category': 'other', 'risk_points': 1}]"
2620 NORTH ANDREWS AVENUE,Wilton Manor,1,1,0,1,0,0,0,1,0,"[{'violation_type': 'Landscape maintenance', 'risk_category': 'nuisance_maintenance', 'risk_points': 1}]"
2821 NE 15 TERRACE,Wilton Manor,1,1,0,1,0,0,0,1,0,"[{'violation_type': 'Landscape maintenance', 'risk_category': 'nuisance_maintenance', 'risk_points': 1}]"
216 NW 25 STREET,Wilton Manor,1,1,0,1,0,0,0,1,0,"[{'violation_type': 'Maintenance requirements.', 'risk_category': 'nuisance_maintenance', 'risk_points': 1}]"
1528 NE 28 DRIVE,Wilton Manor,1,1,0,1,0,0,0,1,0,"[{'violation_type': 'Landscape maintenance', 'risk_category': 'nuisance_maintenance', 'risk_points': 1}]"
349 NE 29 STREET,Wilton Manor,1,1,0,1,0,0,0,0,1,"[{'violation_type': 'Residential bulk trash collection.', 'risk_category': 'other', 'risk_points': 1}]"
316 NW 28 CT,Wilton Manor,1,1,0,1,0,0,0,0,1,"[{'violation_type': 'Local Business Tax Receipts', 'risk_category': 'other', 'risk_points': 1}]"
2415 NORTH DIXIE HWY,Wilton Manor,1,1,0,1,0,0,0,0,1,"[{'violation_type': 'Prohibited signs', 'risk_category': 'other', 'risk_points': 1}]"
2850 NORTH ANDREWS AVENUE,Wilton Manor,1,1,0,1,0,0,0,0,1,"[{'violation_type': 'Local Business Tax Receipts', 'risk_category': 'other', 'risk_points': 1}]"
2731 NE 1 TERRACE,Wilton Manor,1,1,0,1,0,0,0,0,1,"[{'violation_type': 'Residential bulk trash collection.', 'risk_category': 'other', 'risk_points': 1}]"
2031 WILTON DRIVE,Wilton Manor,1,1,0,1,0,0,0,0,1,"[{'violation_type': 'Local Business Tax Receipts', 'risk_category': 'other', 'risk_points': 1}]"
2406 WILTON DRIVE,Wilton Manor,1,1,0,1,0,0,0,0,1,"[{'violation_type': 'Sandwich Board Signs', 'risk_category': 'other', 'risk_points': 1}]"
2410 WILTON DRIVE,Wilton Manor,1,1,0,1,0,0,0,0,1,"[{'violation_type': 'Sandwich Board Signs', 'risk_category': 'other', 'risk_points': 1}]"
900 NW 26 STREET,Wilton Manor,1,1,0,1,0,0,0,0,1,"[{'violation_type': 'Residential bulk trash collection.', 'risk_category': 'other', 'risk_points': 1}]"
2457 NW 9 TERRACE,Wilton Manor,1,1,0,1,0,0,0,0,1,"[{'violation_type': 'Rec. vehicles/trailers', 'risk_category': 'other', 'risk_points': 1}]"
1408 NE 23 STREET,Wilton Manor,1,1,0,1,0,0,0,0,1,"[{'violation_type': 'Trash/Recycle Receptacle Placement', 'risk_category': 'other', 'risk_points': 1}]"
1532 NE 28 DRIVE,Wilton Manor,1,1,0,1,0,0,0,1,0,"[{'violation_type': 'Landscape maintenance', 'risk_category': 'nuisance_maintenance', 'risk_points': 1}]"
2819 NW 12 AVENUE,Wilton Manor,1,1,0,1,0,0,0,1,0,"[{'violation_type': 'Landscape maintenance (overgrowth and all other)', 'risk_category': 'nuisance_maintenance', 'risk_points': 1}]"
25 NE 26 DRIVE,Wilton Manor,1,1,0,1,0,0,0,1,0,"[{'violation_type': 'Landscape maintenance (overgrowth and all other)', 'risk_category': 'nuisance_maintenance', 'risk_points': 1}]"
308 NE 22 STREET,Wilton Manor,1,1,0,1,0,0,0,1,0,"[{'violation_type': 'Landscape maintenance', 'risk_category': 'nuisance_maintenance', 'risk_points': 1}]"
2625 NE 2 AVENUE,Wilton Manor,1,1,0,1,0,0,0,0,1,"[{'violation_type': 'Building identification requirements', 'risk_category': 'other', 'risk_points': 1}]"
509 NW 30 CT,Wilton Manor,1,1,0,1,0,0,0,0,1,"[{'violation_type': 'Trash/Recycle Receptacle Placement', 'risk_category': 'other', 'risk_points': 1}]"
812 NE 22 DRIVE,Wilton Manor,1,1,0,1,0,0,0,0,1,"[{'violation_type': 'Boats/trailers', 'risk_category': 'other', 'risk_points': 1}]"
1909 NE 26 DR,Wilton Manor,1,1,0,1,0,0,0,0,1,"[{'violation_type': 'Noise - Amplified sound', 'risk_category': 'other', 'risk_points': 1}]"
1404 NE 23 STREET,Wilton Manor,1,1,0,1,0,0,0,0,1,"[{'violation_type': 'Trash/Recycle Receptacle Placement', 'risk_category': 'other', 'risk_points': 1}]"
508 NW 30 CT,Wilton Manor,1,1,0,1,0,0,0,0,1,"[{'violation_type': 'Trash/Recycle Receptacle Placement', 'risk_category': 'other', 'risk_points': 1}]"
204 EAST OAKLAND PARK BOULEVARD,Wilton Manor,1,1,0,1,0,0,0,0,1,"[{'violation_type': 'Prohibited signs', 'risk_category': 'other', 'risk_points': 1}]"
32 NE 26 DRIVE,Wilton Manor,1,1,0,1,0,0,0,0,1,"[{'violation_type': 'Residential bulk trash collection.', 'risk_category': 'other', 'risk_points': 1}]"
2370 WILTON DRIVE,Wilton Manor,1,1,0,1,0,0,0,0,1,"[{'violation_type': 'Sandwich Board Signs', 'risk_category': 'other', 'risk_points': 1}]"
206 NE 29 STREET,Wilton Manor,1,1,0,1,0,0,0,0,1,"[{'violation_type': 'Outdoor Storage', 'risk_category': 'other', 'risk_points': 1}]"
26 NE 27 DRIVE,Wilton Manor,1,1,0,1,0,0,0,0,1,"[{'violation_type': 'Residential bulk trash collection.', 'risk_category': 'other', 'risk_points': 1}]"
2001 NE 25 STREET,Wilton Manor,1,1,0,1,0,0,0,0,1,"[{'violation_type': 'Local Business Tax Receipts', 'risk_category': 'other', 'risk_points': 1}]"
300 NE 26 DRIVE,Wilton Manor,1,1,0,1,0,0,0,0,1,"[{'violation_type': 'Dumping in drains', 'risk_category': 'other', 'risk_points': 1}]"
2199 WILTON DRIVE,Wilton Manor,1,1,0,1,0,0,0,0,1,"[{'violation_type': 'Graffiti.', 'risk_category': 'other', 'risk_points': 1}]"
2307 NE 15 TERRACE,Wilton Manor,1,1,0,1,0,0,0,0,1,"[{'violation_type': 'Local Business Tax Receipts', 'risk_category': 'other', 'risk_points': 1}]"
2417 NE 19 AVENUE,Wilton Manor,1,1,0,1,0,0,0,0,1,"[{'violation_type': 'Local Business Tax Receipts', 'risk_category': 'other', 'risk_points': 1}]"
308 NE 27 DRIVE,Wilton Manor,1,1,0,1,0,0,0,0,1,"[{'violation_type': 'Local Business Tax Receipts', 'risk_category': 'other', 'risk_points': 1}]"
917 NE 23 DRIVE,Wilton Manor,1,1,0,1,0,0,0,0,1,"[{'violation_type': 'Local Business Tax Receipts', 'risk_category': 'other', 'risk_points': 1}]"
1432 NE 27 DRIVE,Wilton Manor,1,1,0,1,0,0,0,0,1,"[{'violation_type': 'Code Out - No Violation/Misc./Referred/Unfounded', 'risk_category': 'other', 'risk_points': 1}]"
707 NW 26 STREET,Wilton Manor,1,1,0,1,0,0,0,1,0,"[{'violation_type': 'Landscape maintenance (overgrowth and all other)', 'risk_category': 'nuisance_maintenance', 'risk_points': 1}]"
38 NE 26 DRIVE,Wilton Manor,1,1,0,1,0,0,0,0,1,"[{'violation_type': 'Residential bulk trash collection.', 'risk_category': 'other', 'risk_points': 1}]"
1732 CORAL GARDENS DRIVE,Wilton Manor,1,1,0,1,0,0,0,0,1,"[{'violation_type': 'Parking or storage of commercial vehicles, etc.', 'risk_category': 'other', 'risk_points': 1}]"
2725 NE 14 AVE,Wilton Manor,1,1,0,1,0,0,0,0,1,"[{'violation_type': 'Parking or storage of commercial vehicles, etc.', 'risk_category': 'other', 'risk_points': 1}]"
2308 NW 3 AVENUE,Wilton Manor,1,1,0,1,0,0,0,0,1,"[{'violation_type': 'Code Out - No Violation/Misc./Referred/Unfounded', 'risk_category': 'other', 'risk_points': 1}]"
216 EAST OAKLAND PARK BOULEVARD,Wilton Manor,1,1,0,1,0,0,0,0,1,"[{'violation_type': 'Sign general regulations - materials', 'risk_category': 'other', 'risk_points': 1}]"
2301 NE 17TH TERRACE,Wilton Manor,1,1,0,1,0,0,0,0,1,"[{'violation_type': 'Code Out - No Violation/Misc./Referred/Unfounded', 'risk_category': 'other', 'risk_points': 1}]"
50-100 WEST OAKLAND PARK BOULEVARD,Wilton Manor,1,1,0,1,0,0,0,0,1,"[{'violation_type': 'Sign general regulations - materials', 'risk_category': 'other', 'risk_points': 1}]"
1001 28 DR. 33334,Wilton Manor,1,1,0,1,0,0,0,0,1,"[{'violation_type': 'Outdoor Storage', 'risk_category': 'other', 'risk_points': 1}]"
109 ALMAR DRIVE,Wilton Manor,1,1,0,1,0,0,0,0,1,"[{'violation_type': 'Residential bulk trash collection.', 'risk_category': 'other', 'risk_points': 1}]"
2366 WILTON DRIVE,Wilton Manor,1,1,0,1,0,0,0,0,1,"[{'violation_type': 'Sandwich Board Signs', 'risk_category': 'other', 'risk_points': 1}]"
1951 NE 2 AVENUE UNIT 218-I,Wilton Manor,1,1,0,1,0,0,0,0,1,"[{'violation_type': 'Building Safety Inspection Program.', 'risk_category': 'other', 'risk_points': 1}]"
1901 NORTH ANDREWS AVENUE 200,Wilton Manor,1,1,0,1,0,0,0,0,1,"[{'violation_type': 'Building Safety Inspection Program.', 'risk_category': 'other', 'risk_points': 1}]"
2607 NE 8 AVENUE # 33,Wilton Manor,1,1,0,1,0,0,0,0,1,"[{'violation_type': 'Building Safety Inspection Program.', 'risk_category': 'other', 'risk_points': 1}]"
2607 NE 8 AVENUE # 51,Wilton Manor,1,1,0,1,0,0,0,0,1,"[{'violation_type': 'Building Safety Inspection Program.', 'risk_category': 'other', 'risk_points': 1}]"
2607 NE 8 AVENUE # 50,Wilton Manor,1,1,0,1,0,0,0,0,1,"[{'violation_type': 'Building Safety Inspection Program.', 'risk_category': 'other', 'risk_points': 1}]"
2607 NE 8 AVENUE # 53,Wilton Manor,1,1,0,1,0,0,0,0,1,"[{'violation_type': 'Building Safety Inspection Program.', 'risk_category': 'other', 'risk_points': 1}]"
2607 NE 8 AVENUE # 45,Wilton Manor,1,1,0,1,0,0,0,0,1,"[{'violation_type': 'Building Safety Inspection Program.', 'risk_category': 'other', 'risk_points': 1}]"
2607 NE 8 AVENUE # 57,Wilton Manor,1,1,0,1,0,0,0,0,1,"[{'violation_type': 'Building Safety Inspection Program.', 'risk_category': 'other', 'risk_points': 1}]"
2607 NE 8 AVENUE # 59,Wilton Manor,1,1,0,1,0,0,0,0,1,"[{'violation_type': 'Building Safety Inspection Program.', 'risk_category': 'other', 'risk_points': 1}]"
2607 NE 8 AVENUE # 54,Wilton Manor,1,1,0,1,0,0,0,0,1,"[{'violation_type': 'Building Safety Inspection Program.', 'risk_category': 'other', 'risk_points': 1}]"
2607 NE 8 AVENUE # 46,Wilton Manor,1,1,0,1,0,0,0,0,1,"[{'violation_type': 'Building Safety Inspection Program.', 'risk_category': 'other', 'risk_points': 1}]"
416 NW 24 STREET,Wilton Manor,1,1,0,1,0,0,0,0,1,"[{'violation_type': 'Dumping in drains', 'risk_category': 'other', 'risk_points': 1}]"
2607 NE 8 AVENUE # 35,Wilton Manor,1,1,0,1,0,0,0,0,1,"[{'violation_type': 'Building Safety Inspection Program.', 'risk_category': 'other', 'risk_points': 1}]"
2607 NE 8 AVENUE # 21,Wilton Manor,1,1,0,1,0,0,0,0,1,"[{'violation_type': 'Building Safety Inspection Program.', 'risk_category': 'other', 'risk_points': 1}]"
2607 NE 8 AVENUE # 26,Wilton Manor,1,1,0,1,0,0,0,0,1,"[{'violation_type': 'Building Safety Inspection Program.', 'risk_category': 'other', 'risk_points': 1}]"
2607 NE 8 AVENUE # 27,Wilton Manor,1,1,0,1,0,0,0,0,1,"[{'violation_type': 'Building Safety Inspection Program.', 'risk_category': 'other', 'risk_points': 1}]"
2607 NE 8 AVENUE # 30,Wilton Manor,1,1,0,1,0,0,0,0,1,"[{'violation_type': 'Building Safety Inspection Program.', 'risk_category': 'other', 'risk_points': 1}]"
2607 NE 8 AVENUE # 34,Wilton Manor,1,1,0,1,0,0,0,0,1,"[{'violation_type': 'Building Safety Inspection Program.', 'risk_category': 'other', 'risk_points': 1}]"
2607 NE 8 AVENUE # 31,Wilton Manor,1,1,0,1,0,0,0,0,1,"[{'violation_type': 'Building Safety Inspection Program.', 'risk_category': 'other', 'risk_points': 1}]"
2607 NE 8 AVENUE # 28,Wilton Manor,1,1,0,1,0,0,0,0,1,"[{'violation_type': 'Building Safety Inspection Program.', 'risk_category': 'other', 'risk_points': 1}]"
2607 NE 8 AVENUE # 29,Wilton Manor,1,1,0,1,0,0,0,0,1,"[{'violation_type': 'Building Safety Inspection Program.', 'risk_category': 'other', 'risk_points': 1}]"
2607 NE 8 AVENUE # 17,Wilton Manor,1,1,0,1,0,0,0,0,1,"[{'violation_type': 'Building Safety Inspection Program.', 'risk_category': 'other', 'risk_points': 1}]"
2607 NE 8 AVENUE # 25,Wilton Manor,1,1,0,1,0,0,0,0,1,"[{'violation_type': 'Building Safety Inspection Program.', 'risk_category': 'other', 'risk_points': 1}]"
2607 NE 8 AVENUE # 20,Wilton Manor,1,1,0,1,0,0,0,0,1,"[{'violation_type': 'Building Safety Inspection Program.', 'risk_category': 'other', 'risk_points': 1}]"
2607 NE 8 AVENUE # 55,Wilton Manor,1,1,0,1,0,0,0,0,1,"[{'violation_type': 'Building Safety Inspection Program.', 'risk_category': 'other', 'risk_points': 1}]"
2607 NE 8 AVENUE # 42,Wilton Manor,1,1,0,1,0,0,0,0,1,"[{'violation_type': 'Building Safety Inspection Program.', 'risk_category': 'other', 'risk_points': 1}]"
2607 NE 8 AVENUE # 37,Wilton Manor,1,1,0,1,0,0,0,0,1,"[{'violation_type': 'Building Safety Inspection Program.', 'risk_category': 'other', 'risk_points': 1}]"
2607 NE 8 AVENUE # 40,Wilton Manor,1,1,0,1,0,0,0,0,1,"[{'violation_type': 'Building Safety Inspection Program.', 'risk_category': 'other', 'risk_points': 1}]"
1951 NE 2 AVENUE UNIT 205 I,Wilton Manor,1,1,0,1,0,0,0,0,1,"[{'violation_type': 'Building Safety Inspection Program.', 'risk_category': 'other', 'risk_points': 1}]"
1951 NE 2 AVENUE APT 102-I,Wilton Manor,1,1,0,1,0,0,0,0,1,"[{'violation_type': 'Building Safety Inspection Program.', 'risk_category': 'other', 'risk_points': 1}]"
2607 NE 8 AVENUE # 63,Wilton Manor,1,1,0,1,0,0,0,0,1,"[{'violation_type': 'Building Safety Inspection Program.', 'risk_category': 'other', 'risk_points': 1}]"
1951 NE 2 AVENUE APT 103-1,Wilton Manor,1,1,0,1,0,0,0,0,1,"[{'violation_type': 'Building Safety Inspection Program.', 'risk_category': 'other', 'risk_points': 1}]"
2607 NE 8 AVENUE # 38,Wilton Manor,1,1,0,1,0,0,0,0,1,"[{'violation_type': 'Building Safety Inspection Program.', 'risk_category': 'other', 'risk_points': 1}]"
2607 NE 8 AVENUE # 48,Wilton Manor,1,1,0,1,0,0,0,0,1,"[{'violation_type': 'Building Safety Inspection Program.', 'risk_category': 'other', 'risk_points': 1}]"
2607 NE 8 AVENUE # 39,Wilton Manor,1,1,0,1,0,0,0,0,1,"[{'violation_type': 'Building Safety Inspection Program.', 'risk_category': 'other', 'risk_points': 1}]"
2607 NE 8 AVENUE # 52,Wilton Manor,1,1,0,1,0,0,0,0,1,"[{'violation_type': 'Building Safety Inspection Program.', 'risk_category': 'other', 'risk_points': 1}]"
2607 NE 8 AVENUE # 61,Wilton Manor,1,1,0,1,0,0,0,0,1,"[{'violation_type': 'Building Safety Inspection Program.', 'risk_category': 'other', 'risk_points': 1}]"
2607 NE 8 AVENUE # 49,Wilton Manor,1,1,0,1,0,0,0,0,1,"[{'violation_type': 'Building Safety Inspection Program.', 'risk_category': 'other', 'risk_points': 1}]"
2607 NE 8 AVENUE # 56,Wilton Manor,1,1,0,1,0,0,0,0,1,"[{'violation_type': 'Building Safety Inspection Program.', 'risk_category': 'other', 'risk_points': 1}]"
2607 NE 8 AVENUE # 60,Wilton Manor,1,1,0,1,0,0,0,0,1,"[{'violation_type': 'Building Safety Inspection Program.', 'risk_category': 'other', 'risk_points': 1}]"
2607 NE 8 AVENUE # 62,Wilton Manor,1,1,0,1,0,0,0,0,1,"[{'violation_type': 'Building Safety Inspection Program.', 'risk_category': 'other', 'risk_points': 1}]"
2607 NE 8 AVENUE # 64,Wilton Manor,1,1,0,1,0,0,0,0,1,"[{'violation_type': 'Building Safety Inspection Program.', 'risk_category': 'other', 'risk_points': 1}]"
1951 NE 2 AVENUE APT 101-1,Wilton Manor,1,1,0,1,0,0,0,0,1,"[{'violation_type': 'Building Safety Inspection Program.', 'risk_category': 'other', 'risk_points': 1}]"
2607 NE 8 AVENUE # 41,Wilton Manor,1,1,0,1,0,0,0,0,1,"[{'violation_type': 'Building Safety Inspection Program.', 'risk_category': 'other', 'risk_points': 1}]"
2607 NE 8 AVENUE # 58,Wilton Manor,1,1,0,1,0,0,0,0,1,"[{'violation_type': 'Building Safety Inspection Program.', 'risk_category': 'other', 'risk_points': 1}]"
2607 NE 8 AVENUE # 43,Wilton Manor,1,1,0,1,0,0,0,0,1,"[{'violation_type': 'Building Safety Inspection Program.', 'risk_category': 'other', 'risk_points': 1}]"
2607 NE 8 AVENUE # 47,Wilton Manor,1,1,0,1,0,0,0,0,1,"[{'violation_type': 'Building Safety Inspection Program.', 'risk_category': 'other', 'risk_points': 1}]"
2607 NE 8 AVENUE # 44,Wilton Manor,1,1,0,1,0,0,0,0,1,"[{'violation_type': 'Building Safety Inspection Program.', 'risk_category': 'other', 'risk_points': 1}]"
2607 NE 8 AVENUE # 19,Wilton Manor,1,1,0,1,0,0,0,0,1,"[{'violation_type': 'Building Safety Inspection Program.', 'risk_category': 'other', 'risk_points': 1}]"
2607 NE 8 AVENUE # 24,Wilton Manor,1,1,0,1,0,0,0,0,1,"[{'violation_type': 'Building Safety Inspection Program.', 'risk_category': 'other', 'risk_points': 1}]"
1951 NE 2 AVENUE UNIT 115-I,Wilton Manor,1,1,0,1,0,0,0,0,1,"[{'violation_type': 'Building Safety Inspection Program.', 'risk_category': 'other', 'risk_points': 1}]"
2607 NE 8 AVENUE # 23,Wilton Manor,1,1,0,1,0,0,0,0,1,"[{'violation_type': 'Building Safety Inspection Program.', 'risk_category': 'other', 'risk_points': 1}]"
1650 N RIVERSIDE DR,Pompano Beach,1,1,0,1,0,0,0,0,1,"[{'violation_type': '""City Ordinance"" 152.01 (B)', 'risk_category': 'other', 'risk_points': 1}]"
RIVERSIDE DR,Pompano Beach,1,1,0,1,0,0,0,0,1,"[{'violation_type': 'STATUES, ETC', 'risk_category': 'other', 'risk_points': 1}]"
1210 N,Pompano Beach,1,1,0,1,0,0,0,0,1,"[{'violation_type': 'LIGHTS; FLAGS,', 'risk_category': 'other', 'risk_points': 1}]"
4030 W PALM-AIRE DR,Pompano Beach,1,1,0,1,0,0,0,0,1,"[{'violation_type': 'MAX LIGHT HEIGHT; MULT & 200FT', 'risk_category': 'other', 'risk_points': 1}]"
4020 W PALM-AIRE DR,Pompano Beach,1,1,0,1,0,0,0,0,1,"[{'violation_type': 'MAX LIGHT HEIGHT; MULT & 200FT', 'risk_category': 'other', 'risk_points': 1}]"
3050 N PALM-AIRE DR,Pompano Beach,1,1,0,1,0,0,0,0,1,"[{'violation_type': '""City Ordinance"" 152.01 (B)', 'risk_category': 'other', 'risk_points': 1}]"
2500 N OCEAN BL,Pompano Beach,1,1,0,1,0,0,0,1,0,"[{'violation_type': 'NUISANCE; SIDEWALK OVERGROWTH', 'risk_category': 'nuisance_maintenance', 'risk_points': 1}]"
1406 N OCEAN BL,Pompano Beach,1,1,0,1,0,0,0,0,1,"[{'violation_type': 'SPECIFIC VIOL; OCCUPY STUCTURE', 'risk_category': 'other', 'risk_points': 1}]"
1115 S FEDERAL HY,Pompano Beach,1,1,0,1,0,0,0,0,1,"[{'violation_type': 'NOISE; CONSTRUCTION HOURS', 'risk_category': 'other', 'risk_points': 1}]"
777 S FEDERAL HY,Pompano Beach,1,1,0,1,0,0,0,0,1,"[{'violation_type': 'LANDSCAPING; TREE REMOVAL', 'risk_category': 'other', 'risk_points': 1}]"
491 S FEDERAL HY,Pompano Beach,1,1,0,1,0,0,0,0,1,"[{'violation_type': 'SPECIFIC VIOL; OCCUPY STUCTURE', 'risk_category': 'other', 'risk_points': 1}]"
3301 N FEDERAL HY,Pompano Beach,1,1,0,1,0,0,0,0,1,"[{'violation_type': 'Prohibited Signs; Portable', 'risk_category': 'other', 'risk_points': 1}]"
40 N FEDERAL HY,Pompano Beach,1,1,0,1,0,0,0,1,0,"[{'violation_type': 'Prohibited Signs; Disrepair', 'risk_category': 'nuisance_maintenance', 'risk_points': 1}]"
982 S DIXIE W HY,Pompano Beach,1,1,0,1,0,0,0,0,1,"[{'violation_type': 'OFF-STREET PARKING; SURFACING', 'risk_category': 'other', 'risk_points': 1}]"
509 S DIXIE E HY,Pompano Beach,1,1,0,1,0,0,0,0,1,"[{'violation_type': 'GRAFFITI; OWNER REMOVAL', 'risk_category': 'other', 'risk_points': 1}]"
707 DEL VISTA RD,Pompano Beach,1,1,0,1,0,0,0,0,1,"[{'violation_type': 'RENTAL; ELEC MAINTAINED', 'risk_category': 'other', 'risk_points': 1}]"
230 S CYPRESS RD,Pompano Beach,1,1,0,1,0,0,0,0,1,"[{'violation_type': 'Prohibited Signs; Attention', 'risk_category': 'other', 'risk_points': 1}]"
CYPRESS RD,Pompano Beach,1,1,0,1,0,0,0,0,1,"[{'violation_type': 'OR WEEDS', 'risk_category': 'other', 'risk_points': 1}]"
230 S,Pompano Beach,1,1,0,1,0,0,0,1,0,"[{'violation_type': 'NUISANCE; GRASS', 'risk_category': 'nuisance_maintenance', 'risk_points': 1}]"
771 W ATLANTIC BL,Pompano Beach,1,1,0,1,0,0,0,0,1,"[{'violation_type': 'SPECIFIC VIOL; OCCUPY STUCTURE', 'risk_category': 'other', 'risk_points': 1}]"
1803 NW 80TH AVE,Margate,1,1,0,1,0,0,0,0,1,"[{'violation_type': 'ANY THING NOT LISTED (BLDG)', 'risk_category': 'other', 'risk_points': 1}]"
210 S RIVERSIDE DR,Pompano Beach,1,1,0,1,0,0,0,0,1,"[{'violation_type': '""City Ordinance"" 152.01 (B)', 'risk_category': 'other', 'risk_points': 1}]"
1409 NW 58TH AVE,Margate,1,1,0,1,0,0,0,0,1,"[{'violation_type': 'CODE VIOLATION-MUNICIPAL (BLDG)', 'risk_category': 'other', 'risk_points': 1}]"
216 SW 1 CT,Pompano Beach,1,1,0,1,0,0,0,0,1,"[{'violation_type': 'BTR; RENTAL HOUSING', 'risk_category': 'other', 'risk_points': 1}]"
10 CT,Pompano Beach,1,1,0,1,0,0,0,0,1,"[{'violation_type': 'LICENSE PLATE', 'risk_category': 'other', 'risk_points': 1}]"
2607 NE 8 AVENUE # 32,Wilton Manor,1,1,0,1,0,0,0,0,1,"[{'violation_type': 'Building Safety Inspection Program.', 'risk_category': 'other', 'risk_points': 1}]"
2607 NE 8 AVENUE # 36,Wilton Manor,1,1,0,1,0,0,0,0,1,"[{'violation_type': 'Building Safety Inspection Program.', 'risk_category': 'other', 'risk_points': 1}]"
2607 NE 8 AVENUE # 22,Wilton Manor,1,1,0,1,0,0,0,0,1,"[{'violation_type': 'Building Safety Inspection Program.', 'risk_category': 'other', 'risk_points': 1}]"
140 SE 11 ST,Pompano Beach,1,1,0,1,0,0,0,0,1,"[{'violation_type': 'PARKING; RES DIST TRUCK SIZE', 'risk_category': 'other', 'risk_points': 1}]"
2792 NW 11 ST,Pompano Beach,1,1,0,1,0,0,0,0,1,"[{'violation_type': 'PARKING; VACANT LOT', 'risk_category': 'other', 'risk_points': 1}]"
2421 NW 11 ST,Pompano Beach,1,1,0,1,0,0,0,0,1,"[{'violation_type': 'COMM TRUCKS ON RES LOTS', 'risk_category': 'other', 'risk_points': 1}]"
2300 NW 11 CT,Pompano Beach,1,1,0,1,0,0,0,0,1,"[{'violation_type': 'SPECIFIC VIOL; OCCUPY STUCTURE', 'risk_category': 'other', 'risk_points': 1}]"
3210 SE 10 ST,Pompano Beach,1,1,0,1,0,0,0,0,1,"[{'violation_type': 'BACKFILLING TIDAL BARRIERS', 'risk_category': 'other', 'risk_points': 1}]"
901 SE 10 CT,Pompano Beach,1,1,0,1,0,0,0,0,1,"[{'violation_type': 'BULK TRASH; SCHEDULE', 'risk_category': 'other', 'risk_points': 1}]"
2281 NW,Pompano Beach,1,1,0,1,0,0,0,0,1,"[{'violation_type': 'PARKING; RES', 'risk_category': 'other', 'risk_points': 1}]"
475 NE 1 ST,Pompano Beach,1,1,0,1,0,0,0,0,1,"[{'violation_type': 'LANDSCAPING; TREE REMOVAL', 'risk_category': 'other', 'risk_points': 1}]"
709 NW 10,Pompano Beach,1,1,0,1,0,0,0,1,0,"[{'violation_type': 'NUISANCE;', 'risk_category': 'nuisance_maintenance', 'risk_points': 1}]"
700 NW 10,Pompano Beach,1,1,0,1,0,0,0,0,1,"[{'violation_type': 'STREET ADDRESS', 'risk_category': 'other', 'risk_points': 1}]"
508 NW 10 AV,Pompano Beach,1,1,0,1,0,0,0,1,0,"[{'violation_type': 'NUISANCE; GRASS OR WEEDS', 'risk_category': 'nuisance_maintenance', 'risk_points': 1}]"
504 NW 10 AV,Pompano Beach,1,1,0,1,0,0,0,1,0,"[{'violation_type': 'NUISANCE; GRASS OR WEEDS', 'risk_category': 'nuisance_maintenance', 'risk_points': 1}]"
500 NW 10,Pompano Beach,1,1,0,1,0,0,0,0,1,"[{'violation_type': 'PARKING; SURFACE', 'risk_category': 'other', 'risk_points': 1}]"
404 NW 10,Pompano Beach,1,1,0,1,0,0,0,0,1,"[{'violation_type': 'ABANDONED', 'risk_category': 'other', 'risk_points': 1}]"
404 NW 10 AV,Pompano Beach,1,1,0,1,0,0,0,0,1,"[{'violation_type': 'PARKING; SURFACE STANDARDS', 'risk_category': 'other', 'risk_points': 1}]"
2840 NE 10 AV,Pompano Beach,1,1,0,1,0,0,0,0,1,"[{'violation_type': 'PARKING; RES EXTEND OVER ROW', 'risk_category': 'other', 'risk_points': 1}]"
900 SE 1 ST,Pompano Beach,1,1,0,1,0,0,0,0,1,"[{'violation_type': 'GARBAGE; MULTI-FAM ROLL CARTS', 'risk_category': 'other', 'risk_points': 1}]"
1901 NORTH ANDREWS AVENUE 121,Wilton Manor,1,1,0,1,0,0,0,0,1,"[{'violation_type': 'Building Safety Inspection Program.', 'risk_category': 'other', 'risk_points': 1}]"
1951 NE 2 AVENUE UNIT 108-I,Wilton Manor,1,1,0,1,0,0,0,0,1,"[{'violation_type': 'Building Safety Inspection Program.', 'risk_category': 'other', 'risk_points': 1}]"
1951 NE 2 AVENUE UNIT 105-I,Wilton Manor,1,1,0,1,0,0,0,0,1,"[{'violation_type': 'Building Safety Inspection Program.', 'risk_category': 'other', 'risk_points': 1}]"
1940 NE 2 AVENUE UNIT 206-J,Wilton Manor,1,1,0,1,0,0,0,0,1,"[{'violation_type': 'Building Safety Inspection Program.', 'risk_category': 'other', 'risk_points': 1}]"
3004 NE 5 TERRACE BUILDING C,Wilton Manor,1,1,0,1,0,0,0,0,1,"[{'violation_type': 'Building Safety Inspection Program.', 'risk_category': 'other', 'risk_points': 1}]"
3002 NE 5 TERRACE BUILDING B,Wilton Manor,1,1,0,1,0,0,0,0,1,"[{'violation_type': 'Building Safety Inspection Program.', 'risk_category': 'other', 'risk_points': 1}]"
351 NE 19 PLACE UNIT104-K,Wilton Manor,1,1,0,1,0,0,0,0,1,"[{'violation_type': 'Building Safety Inspection Program.', 'risk_category': 'other', 'risk_points': 1}]"
351 NE 19 PLACE UNIT 102-K,Wilton Manor,1,1,0,1,0,0,0,0,1,"[{'violation_type': 'Building Safety Inspection Program.', 'risk_category': 'other', 'risk_points': 1}]"
351 NE 19 PLACE UNIT 101-K,Wilton Manor,1,1,0,1,0,0,0,0,1,"[{'violation_type': 'Building Safety Inspection Program.', 'risk_category': 'other', 'risk_points': 1}]"
500 NE 24 STREET,Wilton Manor,1,1,0,1,0,0,0,0,1,"[{'violation_type': 'Local Business Tax Receipts', 'risk_category': 'other', 'risk_points': 1}]"
1940 NE 2 AVENUE UNIT 215-J,Wilton Manor,1,1,0,1,0,0,0,0,1,"[{'violation_type': 'Building Safety Inspection Program.', 'risk_category': 'other', 'risk_points': 1}]"
1940 NE 2 AVENUE UNIT 211-J,Wilton Manor,1,1,0,1,0,0,0,0,1,"[{'violation_type': 'Building Safety Inspection Program.', 'risk_category': 'other', 'risk_points': 1}]"
1940 NE 2 AVENUE UNIT 217-J,Wilton Manor,1,1,0,1,0,0,0,0,1,"[{'violation_type': 'Building Safety Inspection Program.', 'risk_category': 'other', 'risk_points': 1}]"
1940 NE 2 AVENUE UNIT212-J,Wilton Manor,1,1,0,1,0,0,0,0,1,"[{'violation_type': 'Building Safety Inspection Program.', 'risk_category': 'other', 'risk_points': 1}]"
1940 NE 2 AVENUE UNIT 218-J,Wilton Manor,1,1,0,1,0,0,0,0,1,"[{'violation_type': 'Building Safety Inspection Program.', 'risk_category': 'other', 'risk_points': 1}]"
1940 NE 2 AVENUE UNIT 214-J,Wilton Manor,1,1,0,1,0,0,0,0,1,"[{'violation_type': 'Building Safety Inspection Program.', 'risk_category': 'other', 'risk_points': 1}]"
2660 NE 8 AVENUE 219,Wilton Manor,1,1,0,1,0,0,0,0,1,"[{'violation_type': 'Code Out - No Violation/Misc./Referred/Unfounded', 'risk_category': 'other', 'risk_points': 1}]"
102 NE 29 STREET,Wilton Manor,1,1,0,1,0,0,0,0,1,"[{'violation_type': 'Local Business Tax Receipts', 'risk_category': 'other', 'risk_points': 1}]"
1940 NE 2 AVENUE UNIT 216-J,Wilton Manor,1,1,0,1,0,0,0,0,1,"[{'violation_type': 'Building Safety Inspection Program.', 'risk_category': 'other', 'risk_points': 1}]"
1940 NE 2 AVENUE UNIT 210-J,Wilton Manor,1,1,0,1,0,0,0,0,1,"[{'violation_type': 'Building Safety Inspection Program.', 'risk_category': 'other', 'risk_points': 1}]"
1940 NE 2 AVENUE UNIT 208-J,Wilton Manor,1,1,0,1,0,0,0,0,1,"[{'violation_type': 'Building Safety Inspection Program.', 'risk_category': 'other', 'risk_points': 1}]"
1940 NE 2 AVENUE UNIT 118-J,Wilton Manor,1,1,0,1,0,0,0,0,1,"[{'violation_type': 'Building Safety Inspection Program.', 'risk_category': 'other', 'risk_points': 1}]"
1940 NE 2 AVENUE UNIT 201-J,Wilton Manor,1,1,0,1,0,0,0,0,1,"[{'violation_type': 'Building Safety Inspection Program.', 'risk_category': 'other', 'risk_points': 1}]"
1940 NE 2 AVENUE UNIT 203-J,Wilton Manor,1,1,0,1,0,0,0,0,1,"[{'violation_type': 'Building Safety Inspection Program.', 'risk_category': 'other', 'risk_points': 1}]"
1940 NE 2 AVENUE UNIT 209-J,Wilton Manor,1,1,0,1,0,0,0,0,1,"[{'violation_type': 'Building Safety Inspection Program.', 'risk_category': 'other', 'risk_points': 1}]"
235 NE 23 STREET,Wilton Manor,1,1,0,1,0,0,0,0,1,"[{'violation_type': 'Building Safety Inspection Program.', 'risk_category': 'other', 'risk_points': 1}]"
230 NE 24 STREET,Wilton Manor,1,1,0,1,0,0,0,0,1,"[{'violation_type': 'Building Safety Inspection Program.', 'risk_category': 'other', 'risk_points': 1}]"
210 NE 24 STREET,Wilton Manor,1,1,0,1,0,0,0,0,1,"[{'violation_type': 'Building Safety Inspection Program.', 'risk_category': 'other', 'risk_points': 1}]"
1901 NORTH ANDREWS AVENUE 120,Wilton Manor,1,1,0,1,0,0,0,0,1,"[{'violation_type': 'Building Safety Inspection Program.', 'risk_category': 'other', 'risk_points': 1}]"
2205 WILTON DRIVE,Wilton Manor,1,1,0,1,0,0,0,0,1,"[{'violation_type': 'Local Business Tax Receipts', 'risk_category': 'other', 'risk_points': 1}]"
677 KENSINGTON PLACE HOA,Wilton Manor,1,1,0,1,0,0,0,0,1,"[{'violation_type': 'Building Safety Inspection Program.', 'risk_category': 'other', 'risk_points': 1}]"
1901 NORTH ANDREWS AVENUE 115,Wilton Manor,1,1,0,1,0,0,0,0,1,"[{'violation_type': 'Building Safety Inspection Program.', 'risk_category': 'other', 'risk_points': 1}]"
1901 NORTH ANDREWS AVENUE 117,Wilton Manor,1,1,0,1,0,0,0,0,1,"[{'violation_type': 'Building Safety Inspection Program.', 'risk_category': 'other', 'risk_points': 1}]"
1901 NORTH ANDREWS AVENUE 113,Wilton Manor,1,1,0,1,0,0,0,0,1,"[{'violation_type': 'Building Safety Inspection Program.', 'risk_category': 'other', 'risk_points': 1}]"
1901 NORTH ANDREWS AVENUE 116,Wilton Manor,1,1,0,1,0,0,0,0,1,"[{'violation_type': 'Building Safety Inspection Program.', 'risk_category': 'other', 'risk_points': 1}]"
1901 NORTH ANDREWS AVENUE 118,Wilton Manor,1,1,0,1,0,0,0,0,1,"[{'violation_type': 'Building Safety Inspection Program.', 'risk_category': 'other', 'risk_points': 1}]"
1901 NORTH ANDREWS AVENUE HOA,Wilton Manor,1,1,0,1,0,0,0,0,1,"[{'violation_type': 'Building Safety Inspection Program.', 'risk_category': 'other', 'risk_points': 1}]"
1901 NORTH ANDREWS AVENUE 119,Wilton Manor,1,1,0,1,0,0,0,0,1,"[{'violation_type': 'Building Safety Inspection Program.', 'risk_category': 'other', 'risk_points': 1}]"
1901 NORTH ANDREWS AVENUE 112,Wilton Manor,1,1,0,1,0,0,0,0,1,"[{'violation_type': 'Building Safety Inspection Program.', 'risk_category': 'other', 'risk_points': 1}]"
1601 NE 26 STREET,Wilton Manor,1,1,0,1,0,0,0,0,1,"[{'violation_type': 'Building Safety Inspection Program.', 'risk_category': 'other', 'risk_points': 1}]"
1901 NORTH ANDREWS AVENUE 114,Wilton Manor,1,1,0,1,0,0,0,0,1,"[{'violation_type': 'Building Safety Inspection Program.', 'risk_category': 'other', 'risk_points': 1}]"
1901 NORTH ANDREWS AVENUE #110,Wilton Manor,1,1,0,1,0,0,0,0,1,"[{'violation_type': 'Building Safety Inspection Program.', 'risk_category': 'other', 'risk_points': 1}]"
1416 NE 22 STREET,Wilton Manor,1,1,0,1,0,0,0,0,1,"[{'violation_type': 'Rec. vehicles/trailers', 'risk_category': 'other', 'risk_points': 1}]"
1901 NORTH ANDREWS AVENUE #109,Wilton Manor,1,1,0,1,0,0,0,0,1,"[{'violation_type': 'Building Safety Inspection Program.', 'risk_category': 'other', 'risk_points': 1}]"
1901 NORTH ANDREWS AVENUE #111,Wilton Manor,1,1,0,1,0,0,0,0,1,"[{'violation_type': 'Building Safety Inspection Program.', 'risk_category': 'other', 'risk_points': 1}]"
2809 NW 7 AVENUE,Wilton Manor,1,1,0,1,0,0,0,0,1,"[{'violation_type': 'Local Business Tax Receipts', 'risk_category': 'other', 'risk_points': 1}]"
351 NE 19 PLACE UNIT 103-K,Wilton Manor,1,1,0,1,0,0,0,0,1,"[{'violation_type': 'Building Safety Inspection Program.', 'risk_category': 'other', 'risk_points': 1}]"
3000 NE 5 TERRACE BUILDING A,Wilton Manor,1,1,0,1,0,0,0,0,1,"[{'violation_type': 'Building Safety Inspection Program.', 'risk_category': 'other', 'risk_points': 1}]"
215 NE 23 STREET,Wilton Manor,1,1,0,1,0,0,0,0,1,"[{'violation_type': 'Building Safety Inspection Program.', 'risk_category': 'other', 'risk_points': 1}]"
2607 NE 8 AVENUE UNITS 1-64,Wilton Manor,1,1,0,1,0,0,0,0,1,"[{'violation_type': 'Building Safety Inspection Program.', 'risk_category': 'other', 'risk_points': 1}]"
1940 NE 2 AVENUE UNIT 202-J,Wilton Manor,1,1,0,1,0,0,0,0,1,"[{'violation_type': 'Building Safety Inspection Program.', 'risk_category': 'other', 'risk_points': 1}]"
1940 NE 2 AVENUE UNIT 207-J,Wilton Manor,1,1,0,1,0,0,0,0,1,"[{'violation_type': 'Building Safety Inspection Program.', 'risk_category': 'other', 'risk_points': 1}]"
1940 NE 2 AVENUE UNIT 204-J,Wilton Manor,1,1,0,1,0,0,0,0,1,"[{'violation_type': 'Building Safety Inspection Program.', 'risk_category': 'other', 'risk_points': 1}]"
1940 NE 2 AVENUE UNIT 105-J,Wilton Manor,1,1,0,1,0,0,0,0,1,"[{'violation_type': 'Building Safety Inspection Program.', 'risk_category': 'other', 'risk_points': 1}]"
1951 NE 2 AVENUE UNIT 112 I,Wilton Manor,1,1,0,1,0,0,0,0,1,"[{'violation_type': 'Building Safety Inspection Program.', 'risk_category': 'other', 'risk_points': 1}]"
1951 NE 2 AVENUE UNIT 204-1,Wilton Manor,1,1,0,1,0,0,0,0,1,"[{'violation_type': 'Building Safety Inspection Program.', 'risk_category': 'other', 'risk_points': 1}]"
1951 NE 2 AVENUE UNIT 201-1,Wilton Manor,1,1,0,1,0,0,0,0,1,"[{'violation_type': 'Building Safety Inspection Program.', 'risk_category': 'other', 'risk_points': 1}]"
1951 NE 2 AVENUE UNIT 107-1,Wilton Manor,1,1,0,1,0,0,0,0,1,"[{'violation_type': 'Building Safety Inspection Program.', 'risk_category': 'other', 'risk_points': 1}]"
1951 NE 2 AVENUE UNIT 202-1,Wilton Manor,1,1,0,1,0,0,0,0,1,"[{'violation_type': 'Building Safety Inspection Program.', 'risk_category': 'other', 'risk_points': 1}]"
1951 NE 2 AVENUE UNIT 207-1,Wilton Manor,1,1,0,1,0,0,0,0,1,"[{'violation_type': 'Building Safety Inspection Program.', 'risk_category': 'other', 'risk_points': 1}]"
1951 NE 2 AVENUE UNIT 208-1,Wilton Manor,1,1,0,1,0,0,0,0,1,"[{'violation_type': 'Building Safety Inspection Program.', 'risk_category': 'other', 'risk_points': 1}]"
1951 NE 2 AVENUE UNIT 117-1,Wilton Manor,1,1,0,1,0,0,0,0,1,"[{'violation_type': 'Building Safety Inspection Program.', 'risk_category': 'other', 'risk_points': 1}]"
1951 NE 2 AVENUE UNIT 106-I,Wilton Manor,1,1,0,1,0,0,0,0,1,"[{'violation_type': 'Building Safety Inspection Program.', 'risk_category': 'other', 'risk_points': 1}]"
1951 NE 2 AVENUE UNIT206-I,Wilton Manor,1,1,0,1,0,0,0,0,1,"[{'violation_type': 'Building Safety Inspection Program.', 'risk_category': 'other', 'risk_points': 1}]"
1951 NE 2 AVENUE UNIT 114-I,Wilton Manor,1,1,0,1,0,0,0,0,1,"[{'violation_type': 'Building Safety Inspection Program.', 'risk_category': 'other', 'risk_points': 1}]"
1951 NE 2 AVENUE UNIT 110I,Wilton Manor,1,1,0,1,0,0,0,0,1,"[{'violation_type': 'Building Safety Inspection Program.', 'risk_category': 'other', 'risk_points': 1}]"
1951 NE 2 AVENUE UNIT 104-I,Wilton Manor,1,1,0,1,0,0,0,0,1,"[{'violation_type': 'Building Safety Inspection Program.', 'risk_category': 'other', 'risk_points': 1}]"
1951 NE 2 AVENUE UNIT 210-1,Wilton Manor,1,1,0,1,0,0,0,0,1,"[{'violation_type': 'Building Safety Inspection Program.', 'risk_category': 'other', 'risk_points': 1}]"
1951 NE 2 AVENUE UNIT 118-1,Wilton Manor,1,1,0,1,0,0,0,0,1,"[{'violation_type': 'Building Safety Inspection Program.', 'risk_category': 'other', 'risk_points': 1}]"
1951 NE 2 AVENUE UNIT 109-1,Wilton Manor,1,1,0,1,0,0,0,0,1,"[{'violation_type': 'Building Safety Inspection Program.', 'risk_category': 'other', 'risk_points': 1}]"
1951 NE 2 AVENUE UNIT 209 I,Wilton Manor,1,1,0,1,0,0,0,0,1,"[{'violation_type': 'Building Safety Inspection Program.', 'risk_category': 'other', 'risk_points': 1}]"
1951 NE 2 AVENUE UNIT 203 I,Wilton Manor,1,1,0,1,0,0,0,0,1,"[{'violation_type': 'Building Safety Inspection Program.', 'risk_category': 'other', 'risk_points': 1}]"
1951 NE 2 AVENUE UNIT 111-1,Wilton Manor,1,1,0,1,0,0,0,0,1,"[{'violation_type': 'Building Safety Inspection Program.', 'risk_category': 'other', 'risk_points': 1}]"
1951 NE 2 AVENUE UNIT 116-1,Wilton Manor,1,1,0,1,0,0,0,0,1,"[{'violation_type': 'Building Safety Inspection Program.', 'risk_category': 'other', 'risk_points': 1}]"
1940 NE 2 AVENUE UNIT 102-J,Wilton Manor,1,1,0,1,0,0,0,0,1,"[{'violation_type': 'Building Safety Inspection Program.', 'risk_category': 'other', 'risk_points': 1}]"
1940 NE 2 AVENUE UNIT 101-J,Wilton Manor,1,1,0,1,0,0,0,0,1,"[{'violation_type': 'Building Safety Inspection Program.', 'risk_category': 'other', 'risk_points': 1}]"
1940 NE 2 AVENUE UNIT 103-J,Wilton Manor,1,1,0,1,0,0,0,0,1,"[{'violation_type': 'Building Safety Inspection Program.', 'risk_category': 'other', 'risk_points': 1}]"
1951 NE 2 AVENUE UNIT 216-1,Wilton Manor,1,1,0,1,0,0,0,0,1,"[{'violation_type': 'Building Safety Inspection Program.', 'risk_category': 'other', 'risk_points': 1}]"
1940 NE 2 AVENUE UNIT 205-J,Wilton Manor,1,1,0,1,0,0,0,0,1,"[{'violation_type': 'Building Safety Inspection Program.', 'risk_category': 'other', 'risk_points': 1}]"
1940 NE 2 AVENUE UNIT 112-J,Wilton Manor,1,1,0,1,0,0,0,0,1,"[{'violation_type': 'Building Safety Inspection Program.', 'risk_category': 'other', 'risk_points': 1}]"
1940 NE 2 AVENUE UNIT 115 J,Wilton Manor,1,1,0,1,0,0,0,0,1,"[{'violation_type': 'Building Safety Inspection Program.', 'risk_category': 'other', 'risk_points': 1}]"
1940 NE 2 AVENUE UNIT 116-J,Wilton Manor,1,1,0,1,0,0,0,0,1,"[{'violation_type': 'Building Safety Inspection Program.', 'risk_category': 'other', 'risk_points': 1}]"
1940 NE 2 AVENUE UNIT 114 J,Wilton Manor,1,1,0,1,0,0,0,0,1,"[{'violation_type': 'Building Safety Inspection Program.', 'risk_category': 'other', 'risk_points': 1}]"
1940 NE 2 AVENUE UNIT 117-J,Wilton Manor,1,1,0,1,0,0,0,0,1,"[{'violation_type': 'Building Safety Inspection Program.', 'risk_category': 'other', 'risk_points': 1}]"
"320 NE 19 CT MANOR GROVE VILLAGE 4 BLDGS I,J,K,L,M,N,",Wilton Manor,1,1,0,1,0,0,0,0,1,"[{'violation_type': 'Building Safety Inspection Program.', 'risk_category': 'other', 'risk_points': 1}]"
1940 NE 2 AVENUE UNIT 111-J,Wilton Manor,1,1,0,1,0,0,0,0,1,"[{'violation_type': 'Building Safety Inspection Program.', 'risk_category': 'other', 'risk_points': 1}]"
1940 NE 2 AVENUE UNIT 110-J,Wilton Manor,1,1,0,1,0,0,0,0,1,"[{'violation_type': 'Building Safety Inspection Program.', 'risk_category': 'other', 'risk_points': 1}]"
2666-2670 NORTH DIXIE HWY 2666,Wilton Manor,1,1,0,1,0,0,0,0,1,"[{'violation_type': 'Local Business Tax Receipts', 'risk_category': 'other', 'risk_points': 1}]"
1940 NE 2 AVENUE UNIT 107-J,Wilton Manor,1,1,0,1,0,0,0,0,1,"[{'violation_type': 'Building Safety Inspection Program.', 'risk_category': 'other', 'risk_points': 1}]"
1951 NE 2 AVENUE UNIT 215-I,Wilton Manor,1,1,0,1,0,0,0,0,1,"[{'violation_type': 'Building Safety Inspection Program.', 'risk_category': 'other', 'risk_points': 1}]"
1951 NE 2 AVENUE UNIT 212-I,Wilton Manor,1,1,0,1,0,0,0,0,1,"[{'violation_type': 'Building Safety Inspection Program.', 'risk_category': 'other', 'risk_points': 1}]"
1951 NE 2 AVENUE UNIT 214-I,Wilton Manor,1,1,0,1,0,0,0,0,1,"[{'violation_type': 'Building Safety Inspection Program.', 'risk_category': 'other', 'risk_points': 1}]"
1951 NE 2 AVENUE UNIT 211-I,Wilton Manor,1,1,0,1,0,0,0,0,1,"[{'violation_type': 'Building Safety Inspection Program.', 'risk_category': 'other', 'risk_points': 1}]"
1951 NE 2 AVENUE UNIT 217-I,Wilton Manor,1,1,0,1,0,0,0,0,1,"[{'violation_type': 'Building Safety Inspection Program.', 'risk_category': 'other', 'risk_points': 1}]"
1940 NE 2 AVENUE UNIT 104-J,Wilton Manor,1,1,0,1,0,0,0,0,1,"[{'violation_type': 'Building Safety Inspection Program.', 'risk_category': 'other', 'risk_points': 1}]"
1940 NE 2 AVENUE UNIT 106-J,Wilton Manor,1,1,0,1,0,0,0,0,1,"[{'violation_type': 'Building Safety Inspection Program.', 'risk_category': 'other', 'risk_points': 1}]"
1940 NE 2 AVENUE UNIT 109-J,Wilton Manor,1,1,0,1,0,0,0,0,1,"[{'violation_type': 'Building Safety Inspection Program.', 'risk_category': 'other', 'risk_points': 1}]"
1940 NE 2 AVENUE UNIT 108-J,Wilton Manor,1,1,0,1,0,0,0,0,1,"[{'violation_type': 'Building Safety Inspection Program.', 'risk_category': 'other', 'risk_points': 1}]"
HY,Pompano Beach,1,0,0,0,0,0,0,0,0,"[{'violation_type': nan, 'risk_category': 'unknown', 'risk_points': 0}]"
4071 SIENA CC,Pompano Beach,1,0,0,0,0,0,0,0,0,"[{'violation_type': nan, 'risk_category': 'unknown', 'risk_points': 0}]"
